,movie_id,studio_producer,directors,authors,production_company
0,1,,,,
1,2,,,,
2,3,,,,
3,4,,,,
4,5,,,,
5,6,,,,
6,7,,,,
7,8,,,,
8,9,,,,
9,10,,,,
10,11,,,,
11,12,,,,
12,13,,,,
13,14,,,,
14,15,,,,
15,16,,,,
16,17,,,,
17,18,,,,
18,19,,,,
19,20,,,,
20,21,,,,
21,22,,,,
22,23,,,,
23,24,,,,
24,25,,,,
25,26,,,,
26,27,,,,
27,28,,,,
28,29,,,,
29,30,,,,
30,31,,,,
31,32,,,,
32,33,,,,
33,34,,,,
34,35,,,,
35,36,,,,
36,37,,,,
37,38,,,,
38,39,,,,
39,40,,,,
40,41,,,,
41,42,,,,
42,43,,,,
43,44,,,,
44,45,,,,
45,46,,,,
46,47,,,,
47,48,,,,
48,49,,,,
49,50,,,,
50,51,,,,
51,52,,,,
52,53,,,,
53,54,,,,
54,55,,,,
55,56,,,,
56,57,,,,
57,58,,,,
58,59,,,,
59,60,,,,
60,61,,,,
61,62,,,,
62,63,,,,
63,64,,,,
64,65,,,,
65,66,,,,
66,67,,,,
67,68,,,,
68,69,,,,
69,70,,,,
70,71,,,,
71,72,,,,
72,73,,,,
73,74,,,,
74,75,,,,
75,76,,,,
76,77,,,,
77,78,,,,
78,79,,,,
79,80,,,,
80,81,,,,
81,82,,,,
82,83,,,,
83,84,,,,
84,85,,,,
85,86,,,,
86,87,,,,
87,88,,,,
88,89,,,,
89,90,,,,
90,91,,,,
91,92,,,,
92,93,,,,
93,94,,,,
94,95,,,,
95,96,,,,
96,97,,,,
97,98,"Brad Pitt, Dede Gardner, Jeremy Kleiner, Steve McQueen, and Anthony Katagas",Steve McQueen (III),John Ridley,Fox Searchlight
98,99,,,,
99,100,,,,
100,101,,,,
101,102,,,,
102,103,,,,
103,104,,,,
104,105,,,,
105,106,"Danny Boyle, John Smithson, and Christian Colson",Danny Boyle,"Danny Boyle, Simon Beaufoy",Fox Searchlight
106,107,,,,
107,108,,,,
108,109,,,,
109,110,,,,
110,111,,,,
111,112,,,,
112,113,,,,
113,114,,,,
114,115,,,,
115,116,,,,
116,117,,,,
117,118,,,,
118,119,,,,
119,120,,,,
120,121,,,,
121,122,,,,
122,123,,,,
123,124,,,,
124,125,,,,
125,126,,,,
126,127,,,,
127,128,,,,
128,129,,,,
129,130,,,,
130,131,,,,
131,132,,,,
132,133,,,,
133,134,,,,
134,135,,,,
135,136,,,,
136,137,,,,
137,138,,,,
138,139,,,,
139,140,,,,
140,141,,,,
141,142,,,,
142,143,,,,
143,144,,,,
144,145,,,,
145,146,,,,
146,147,,,,
147,148,,,,
148,149,,,,
149,150,,,,
150,151,,,,
151,152,,,,
152,153,,,,
153,154,,,,
154,155,,,,
155,156,,,,
156,157,,,,
157,158,,,,
158,159,,,,
159,160,,,,
160,161,,,,
161,162,,,,
162,163,,,,
163,164,,,,
164,165,,,,
165,166,,,,
166,167,,,,
167,168,,,,
168,169,,,,
169,170,,,,
170,171,,,,
171,172,,,,
172,173,,,,
173,174,,,,
174,175,,,,
175,176,,,,
176,177,,,,
177,178,,,,
178,179,,,,
179,180,,,,
180,181,,,,
181,182,,,,
182,183,,,,
183,184,,,,
184,185,,,,
185,186,,,,
186,187,,,,
187,188,,,,
188,189,,,,
189,190,,,,
190,191,,,,
191,192,,,,
192,193,,,,
193,194,,,,
194,195,,,,
195,196,,,,
196,197,,,,
197,198,,,,
198,199,,,,
199,200,,,,
200,201,,,,
201,202,,,,
202,203,,,,
203,204,,,,
204,205,,,,
205,206,,,,
206,207,,,,
207,208,,,,
208,209,,,,
209,210,,,,
210,211,,,,
211,212,,,,
212,213,,,,
213,214,,,,
214,215,,,,
215,216,,,,
216,217,,,,
217,218,,,,
218,219,,,,
219,220,,,,
220,221,,,,
221,222,,,,
222,223,,,,
223,224,,,,
224,225,,,,
225,226,,,,
226,227,,,,
227,228,,,,
228,229,,,,
229,230,,,,
230,231,,,,
231,232,,,,
232,233,,,,
233,234,,,,
234,235,,,,
235,236,,,,
236,237,,,,
237,238,,,,
238,239,,,,
239,240,,,,
240,241,,,,
241,242,,,,
242,243,,,,
243,244,,,,
244,245,,,,
245,246,,,,
246,247,,,,
247,248,,,,
248,249,,,,
249,250,,,,
250,251,,,,
251,252,,,,
252,253,,,,
253,254,,,,
254,255,,,,
255,256,,,,
256,257,,,,
257,258,,,,
258,259,,,,
259,260,,,,
260,261,,,,
261,262,,,,
262,263,,,,
263,264,,,,
264,265,,,,
265,266,,,,
266,267,,,,
267,268,,,,
268,269,,,,
269,270,,,,
270,271,,,,
271,272,,,,
272,273,,,,
273,274,,,,
274,275,,,,
275,276,,,,
276,277,,,,
277,278,,,,
278,279,,,,
279,280,,,,
280,281,,,,
281,282,,,,
282,283,,,,
283,284,,,,
284,285,,,,
285,286,,,,
286,287,,,,
287,288,,,,
288,289,,,,
289,290,,,,
290,291,,,,
291,292,,,,
292,293,,,,
293,294,,,,
294,295,,,,
295,296,,,,
296,297,,,,
297,298,,,,
298,299,,,,
299,300,,,,
300,301,Warner Bros.,Lloyd Bacon,"Rian James, James Seymour, Whitney Bolton",MGM Home Entertainment
301,302,,,,
302,303,,,,
303,304,,,,
304,305,,,,
305,306,,,,
306,307,,,,
307,308,,,,
308,309,,,,
309,310,,,,
310,311,,,,
311,312,,,,
312,313,,,,
313,314,,,,
314,315,,,,
315,316,,,,
316,317,,,,
317,318,,,,
318,319,,,,
319,320,,,,
320,321,,,,
321,322,,,,
322,323,,,,
323,324,,,,
324,325,,,,
325,326,,,,
326,327,,,,
327,328,,,,
328,329,,,,
329,330,,,,
330,331,,,,
331,332,,,,
332,333,,,,
333,334,,,,
334,335,,,,
335,336,,,,
336,337,,,,
337,338,,,,
338,339,,,,
339,340,,,,
340,341,,,,
341,342,,,,
342,343,,,,
343,344,,,,
344,345,,,,
345,346,,,,
346,347,,,,
347,348,,,,
348,349,,,,
349,350,,,,
350,351,,,,
351,352,,,,
352,353,,,,
353,354,,,,
354,355,,,,
355,356,,,,
356,357,,,,
357,358,,,,
358,359,,,,
359,360,,,,
360,361,,,,
361,362,,,,
362,363,,,,
363,364,,,,
364,365,,,,
365,366,,,,
366,367,,,,
367,368,,,,
368,369,,,,
369,370,,,,
370,371,,,,
371,372,,,,
372,373,,,,
373,374,,,,
374,375,,,,
375,376,,,,
376,377,,,,
377,378,,,,
378,379,,,,
379,380,,,,
380,381,,,,
381,382,,,,
382,383,,,,
383,384,,,,
384,385,,,,
385,386,,,,
386,387,,,,
387,388,,,,
388,389,,,,
389,390,,,,
390,391,,,,
391,392,,,,
392,393,,,,
393,394,,,,
394,395,,,,
395,396,,,,
396,397,,,,
397,398,,,,
398,399,,,,
399,400,,,,
400,401,,,,
401,402,,,,
402,403,,,,
403,404,,,,
404,405,,,,
405,406,,,,
406,407,,,,
407,408,,,,
408,409,,,,
409,410,,,,
410,411,,,,
411,412,,,,
412,413,,,,
413,414,,,,
414,415,,,,
415,416,,,,
416,417,,,,
417,418,,,,
418,419,,,,
419,420,,,,
420,421,,,,
421,422,,,,
422,423,,,,
423,424,,,,
424,425,,,,
425,426,,,,
426,427,,,,
427,428,,,,
428,429,,,,
429,430,,,,
430,431,,,,
431,432,Brian Grazer and Ron Howard,Ron Howard,Akiva Goldsman,Universal Pictures
432,433,,,,
433,434,,,,
434,435,,,,
435,436,,,,
436,437,,,,
437,438,,,,
438,439,,,,
439,440,,,,
440,441,,,,
441,442,,,,
442,443,,,,
443,444,,,,
444,445,,,,
445,446,,,,
446,447,,,,
447,448,,,,
448,449,,,,
449,450,,,,
450,451,,,,
451,452,,,,
452,453,,,,
453,454,,,,
454,455,,,,
455,456,,,,
456,457,,,,
457,458,,,,
458,459,,,,
459,460,,,,
460,461,,,,
461,462,,,,
462,463,,,,
463,464,,,,
464,465,,,,
465,466,,,,
466,467,,,,
467,468,,,,
468,469,,,,
469,470,,,,
470,471,,,,
471,472,,,,
472,473,,,,
473,474,,,,
474,475,,,,
475,476,,,,
476,477,,,,
477,478,,,,
478,479,,,,
479,480,,,,
480,481,,,,
481,482,Stanley Kubrick,Stanley Kubrick,Stanley Kubrick,Warner Bros.
482,483,,,,
483,484,,,,
484,485,,,,
485,486,,,,
486,487,,,,
487,488,,,,
488,489,,,,
489,490,,,,
490,491,,,,
491,492,,,,
492,493,,,,
493,494,,,,
494,495,,,,
495,496,,,,
496,497,,,,
497,498,,,,
498,499,,,,
499,500,,,,
500,501,,,,
501,502,,,,
502,503,,,,
503,504,,,,
504,505,,,,
505,506,,,,
506,507,,,,
507,508,,,,
508,509,,,,
509,510,,,,
510,511,,,,
511,512,,,,
512,513,,,,
513,514,,,,
514,515,,,,
515,516,,,,
516,517,,,,
517,518,,,,
518,519,,,,
519,520,,,,
520,521,,,,
521,522,,,,
522,523,,,,
523,524,,,,
524,525,,,,
525,526,,,,
526,527,,,,
527,528,,,,
528,529,,,,
529,530,,,,
530,531,,,,
531,532,,,,
532,533,,,,
533,534,Paramount,Frank Borzage,"Frank Borzage, Ernest Hemingway, Benjamin Glazer, Oliver H.P. Garrett",Gravitas
534,535,,,,
535,536,,,,
536,537,,,,
537,538,"David Brown, Rob Reiner, and Andrew Scheinman",Rob Reiner,"Aaron Sorkin, Rob Reiner",Columbia Pictures
538,539,,,,
539,540,,,,
540,541,,,,
541,542,,,,
542,543,,,,
543,544,,,,
544,545,,,,
545,546,,,,
546,547,,,,
547,548,,,,
548,549,,,,
549,550,,,,
550,551,,,,
551,552,,,,
552,553,,,,
553,554,,,,
554,555,,,,
555,556,,,,
556,557,,,,
557,558,,,,
558,559,,,,
559,560,,,,
560,561,,,,
561,562,,,,
562,563,,,,
563,564,,,,
564,565,,,,
565,566,,,,
566,567,,,,
567,568,,,,
568,569,,,,
569,570,,,,
570,571,,,,
571,572,,,,
572,573,,,,
573,574,,,,
574,575,,,,
575,576,,,,
576,577,,,,
577,578,,,,
578,579,,,,
579,580,,,,
580,581,,,,
581,582,,,,
582,583,,,,
583,584,,,,
584,585,,,,
585,586,,,,
586,587,,,,
587,588,,,,
588,589,,,,
589,590,,,,
590,591,,,,
591,592,,,,
592,593,,,,
593,594,,,,
594,595,,,,
595,596,,,,
596,597,,,,
597,598,,,,
598,599,,,,
599,600,,,,
600,601,,,,
601,602,,,,
602,603,,,,
603,604,,,,
604,605,,,,
605,606,,,,
606,607,,,,
607,608,,,,
608,609,,,,
609,610,,,,
610,611,,,,
611,612,,,,
612,613,,,,
613,614,,,,
614,615,,,,
615,616,,,,
616,617,,,,
617,618,,,,
618,619,,,,
619,620,,,,
620,621,,,,
621,622,,,,
622,623,,,,
623,624,,,,
624,625,,,,
625,626,,,,
626,627,,,,
627,628,,,,
628,629,,,,
629,630,,,,
630,631,,,,
631,632,20th Century-Fox,Joseph L. Mankiewicz,"Joseph L. Mankiewicz, Vera Caspary",Fox
632,633,,,,
633,634,,,,
634,635,,,,
635,636,,,,
636,637,,,,
637,638,,,,
638,639,,,,
639,640,,,,
640,641,,,,
641,642,,,,
642,643,,,,
643,644,,,,
644,645,,,,
645,646,,,,
646,647,,,,
647,648,,,,
648,649,,,,
649,650,,,,
650,651,,,,
651,652,,,,
652,653,,,,
653,654,,,,
654,655,,,,
655,656,Fred Zinnemann,Fred Zinnemann,"Robert Bolt, Constance Willis",Sony Pictures Home Entertainment
656,657,,,,
657,658,,,,
658,659,,,,
659,660,,,,
660,661,,,,
661,662,Warner Bros.,"William Dieterle, Max Reinhardt","Mary C. McCall Jr., Charles Kenyon",Warner Bros.
662,663,,,,
663,664,,,,
664,665,,,,
665,666,,,,
666,667,,,,
667,668,,,,
668,669,,,,
669,670,,,,
670,671,,,,
671,672,,,,
672,673,,,,
673,674,,,,
674,675,,,,
675,676,,,,
676,677,,,,
677,678,,,,
678,679,,,,
679,680,,,,
680,681,,,,
681,682,,,,
682,683,,,,
683,684,,,,
684,685,,,,
685,686,,,,
686,687,,,,
687,688,,,,
688,689,,,,
689,690,,,,
690,691,,,,
691,692,,,,
692,693,,,,
693,694,,,,
694,695,,,,
695,696,,,,
696,697,,,,
697,698,,,,
698,699,,,,
699,700,,,,
700,701,,,,
701,702,,,,
702,703,,,,
703,704,John Brabourne and Richard B. Goodwin,David Lean,"Santha Rama Rau, David Lean",Sony Pictures Entertainment
704,705,,,,
705,706,,,,
706,707,,,,
707,708,,,,
708,709,,,,
709,710,,,,
710,711,,,,
711,712,,,,
712,713,,,,
713,714,,,,
714,715,George Stevens,George Stevens,"Michael Wilson, Harry Brown",Paramount Pictures
715,716,,,,
716,717,,,,
717,718,,,,
718,719,,,,
719,720,,,,
720,721,,,,
721,722,,,,
722,723,,,,
723,724,,,,
724,725,,,,
725,726,,,,
726,727,,,,
727,728,,,,
728,729,,,,
729,730,,,,
730,731,,,,
731,732,,,,
732,733,,,,
733,734,,,,
734,735,,,,
735,736,,,,
736,737,,,,
737,738,,,,
738,739,,,,
739,740,,,,
740,741,,,,
741,742,,,,
742,743,,,,
743,744,,,,
744,745,,,,
745,746,,,,
746,747,,,,
747,748,Joel Coen and Ethan Coen,"Roger Deakins, Joel Coen, Ethan Coen","Joel Coen, Ethan Coen",Focus Features
748,749,,,,
749,750,,,,
750,751,,,,
751,752,,,,
752,753,,,,
753,754,,,,
754,755,,,,
755,756,,,,
756,757,,,,
757,758,,,,
758,759,,,,
759,760,,,,
760,761,,,,
761,762,"Norman Jewison, Ronald L. Schwary, and Patrick Palmer",Norman Jewison,Charles Fuller,Sony Pictures Home Entertainment
762,763,,,,
763,764,Selznick International Pictures,"William Wellman, Jack Conway","Dorothy Parker, Alan Campbell, Bob Carson, Ring Lardner Jr., Budd Schulberg, David O. Selznick, William Wellman, John Lee Mahin, Ben Hecht, Adela Rogers St. John, W. Howard Greene",Image Entertainment Inc.
764,764,"Bill Gerber, Bradley Cooper, and Lynette Howell Taylor",Bradley Cooper,"Will Fetters, Eric Roth, Bradley Cooper",Warner Bros. Pictures
765,765,,,,
766,766,,,,
767,767,,,,
768,768,,,,
769,769,,,,
770,770,,,,
771,771,,,,
772,772,Charles K. Feldman,Elia Kazan,"Tennessee Williams, Oscar Saul",Warner Bros. Pictures
773,773,,,,
774,774,,,,
775,775,,,,
776,776,,,,
777,777,,,,
778,778,Metro-Goldwyn-Mayer,Jack Conway,"S.N. Behrmann, W.P. Lipscomb",Warner Home Video
779,779,,,,
780,780,,,,
781,781,,,,
782,782,,,,
783,783,,,,
784,784,,,,
785,785,,,,
786,786,,,,
787,787,,,,
788,788,,,,
789,789,,,,
790,790,,,,
791,791,,,,
792,792,Melvin Frank,Melvin Frank,"Jack Rose, Melvin Frank",Media Home Entertainment
793,793,,,,
794,794,,,,
795,795,,,,
796,796,,,,
797,797,,,,
798,798,,,,
799,799,,,,
800,800,,,,
801,801,,,,
802,802,,,,
803,803,,,,
804,804,,,,
805,805,,,,
806,806,,,,
807,807,,,,
808,808,,,,
809,809,,,,
810,810,,,,
811,811,,,,
812,812,,,,
813,813,,,,
814,814,,,,
815,815,,,,
816,816,,,,
817,817,,,,
818,818,,,,
819,819,,,,
820,820,,,,
821,821,,,,
822,822,,,,
823,823,,,,
824,824,,,,
825,825,,,,
826,826,,,,
827,827,,,,
828,828,,,,
829,829,,,,
830,830,,,,
831,831,,,,
832,832,,,,
833,833,,,,
834,834,,,,
835,835,,,,
836,836,,,,
837,837,,,,
838,838,,,,
839,839,,,,
840,840,,,,
841,841,,,,
842,842,,,,
843,843,,,,
844,844,,,,
845,845,,,,
846,846,,,,
847,847,,,,
848,848,,,,
849,849,,,,
850,850,,,,
851,851,,,,
852,852,,,,
853,853,,,,
854,854,,,,
855,855,,,,
856,856,,,,
857,857,,,,
858,858,,,,
859,859,,,,
860,860,,,,
861,861,,,,
862,862,,,,
863,863,,,,
864,864,,,,
865,865,,,,
866,866,,,,
867,867,,,,
868,868,,,,
869,869,,,,
870,870,,,,
871,871,,,,
872,872,,,,
873,873,,,,
874,874,,,,
875,875,,,,
876,876,,,,
877,877,,,,
878,878,,,,
879,879,,,,
880,880,,,,
881,881,,,,
882,882,,,,
883,883,,,,
884,884,,,,
885,885,,,,
886,886,,,,
887,887,,,,
888,888,,,,
889,889,,,,
890,890,,,,
891,891,,,,
892,892,,,,
893,893,,,,
894,894,,,,
895,895,,,,
896,896,,,,
897,897,,,,
898,898,,,,
899,899,,,,
900,900,,,,
901,901,,,,
902,902,,,,
903,903,,,,
904,904,,,,
905,905,,,,
906,906,,,,
907,907,,,,
908,908,,,,
909,909,,,,
910,910,,,,
911,911,,,,
912,912,,,,
913,913,,,,
914,914,,,,
915,915,,,,
916,916,,,,
917,917,,,,
918,918,,,,
919,919,,,,
920,920,,,,
921,921,,,,
922,922,,,,
923,923,,,,
924,924,,,,
925,925,,,,
926,926,,,,
927,927,,,,
928,928,,,,
929,929,,,,
930,930,,,,
931,931,,,,
932,932,,,,
933,933,,,,
934,934,,,,
935,935,,,,
936,936,,,,
937,937,,,,
938,938,,,,
939,939,,,,
940,940,,,,
941,941,,,,
942,942,,,,
943,943,,,,
944,944,,,,
945,945,,,,
946,946,,,,
947,947,,,,
948,948,,,,
949,949,,,,
950,950,,,,
951,951,,,,
952,952,,,,
953,953,,,,
954,954,,,,
955,955,,,,
956,956,,,,
957,957,,,,
958,958,,,,
959,959,,,,
960,960,,,,
961,961,,,,
962,962,,,,
963,963,,,,
964,964,,,,
965,965,,,,
966,966,,,,
967,967,,,,
968,968,,,,
969,969,,,,
970,970,,,,
971,971,,,,
972,972,,,,
973,973,,,,
974,974,,,,
975,975,,,,
976,976,,,,
977,977,,,,
978,978,,,,
979,979,,,,
980,980,,,,
981,981,,,,
982,982,,,,
983,983,,,,
984,984,,,,
985,985,,,,
986,986,,,,
987,987,,,,
988,988,,,,
989,989,,,,
990,990,,,,
991,991,,,,
992,992,,,,
993,993,,,,
994,994,,,,
995,995,,,,
996,996,,,,
997,997,,,,
998,998,,,,
999,999,,,,
1000,1000,,,,
1001,1001,,,,
1002,1002,,,,
1003,1003,,,,
1004,1004,,,,
1005,1005,,,,
1006,1006,,,,
1007,1007,,,,
1008,1008,,,,
1009,1009,,,,
1010,1010,,,,
1011,1011,,,,
1012,1012,,,,
1013,1013,,,,
1014,1014,,,,
1015,1015,,,,
1016,1016,,,,
1017,1017,,,,
1018,1018,,,,
1019,1019,,,,
1020,1020,,,,
1021,1021,,,,
1022,1022,,,,
1023,1023,,,,
1024,1024,,,,
1025,1025,,,,
1026,1026,,,,
1027,1027,,,,
1028,1028,,,,
1029,1029,,,,
1030,1030,,,,
1031,1031,,,,
1032,1032,,,,
1033,1033,,,,
1034,1034,,,,
1035,1035,,,,
1036,1036,,,,
1037,1037,,,,
1038,1038,,,,
1039,1039,,,,
1040,1040,,,,
1041,1041,,,,
1042,1042,,,,
1043,1043,,,,
1044,1044,,,,
1045,1045,,,,
1046,1046,,,,
1047,1047,,,,
1048,1048,,,,
1049,1049,,,,
1050,1050,,,,
1051,1051,,,,
1052,1052,,,,
1053,1053,,,,
1054,1054,,,,
1055,1055,,,,
1056,1056,,,,
1057,1057,,,,
1058,1058,,,,
1059,1059,,,,
1060,1060,,,,
1061,1061,,,,
1062,1062,,,,
1063,1063,,,,
1064,1064,,,,
1065,1065,,,,
1066,1066,,,,
1067,1067,,,,
1068,1068,,,,
1069,1069,,,,
1070,1070,,,,
1071,1071,,,,
1072,1072,,,,
1073,1073,,,,
1074,1074,,,,
1075,1075,,,,
1076,1076,,,,
1077,1077,,,,
1078,1078,,,,
1079,1079,,,,
1080,1080,,,,
1081,1081,,,,
1082,1082,,,,
1083,1083,,,,
1084,1084,,,,
1085,1085,,,,
1086,1086,,,,
1087,1087,,,,
1088,1088,,,,
1089,1089,,,,
1090,1090,,,,
1091,1091,,,,
1092,1092,,,,
1093,1093,,,,
1094,1094,,,,
1095,1095,,,,
1096,1096,,,,
1097,1097,,,,
1098,1098,,,,
1099,1099,,,,
1100,1100,,,,
1101,1101,,,,
1102,1102,,,,
1103,1103,,,,
1104,1104,,,,
1105,1105,,,,
1106,1106,,,,
1107,1107,,,,
1108,1108,,,,
1109,1109,,,,
1110,1110,,,,
1111,1111,,,,
1112,1112,,,,
1113,1113,,,,
1114,1114,,,,
1115,1115,,,,
1116,1116,Ross Hunter,"George Seaton, Henry Hathaway",George Seaton,Universal Pictures
1117,1117,,,,
1118,1118,,,,
1119,1119,,,,
1120,1120,,,,
1121,1121,,,,
1122,1122,,,,
1123,1123,,,,
1124,1124,,,,
1125,1125,,,,
1126,1126,,,,
1127,1127,,,,
1128,1128,,,,
1129,1129,,,,
1130,1130,,,,
1131,1131,,,,
1132,1132,,,,
1133,1133,,,,
1134,1134,,,,
1135,1135,,,,
1136,1136,,,,
1137,1137,,,,
1138,1138,,,,
1139,1139,,,,
1140,1140,,,,
1141,1141,,,,
1142,1142,,,,
1143,1143,,,,
1144,1144,,,,
1145,1145,,,,
1146,1146,,,,
1147,1147,,,,
1148,1148,,,,
1149,1149,20th Century-Fox,Henry King,"Lamar Trotti, Kathryn Scola, Irving Berlin, Richard Sherman",20th Century Fox Film Corporation
1150,1150,,,,
1151,1151,Lewis Gilbert,Lewis Gilbert,Bill Naughton,Paramount Pictures
1152,1152,,,,
1153,1153,,,,
1154,1154,,,,
1155,1155,RKO Radio,George Stevens,"Mortimer Offner, Dorothy Yost",Turner Home Entertainment
1156,1156,,,,
1157,1157,,,,
1158,1158,,,,
1159,1159,,,,
1160,1160,,,,
1161,1161,,,,
1162,1162,,,,
1163,1163,,,,
1164,1164,,,,
1165,1165,,,,
1166,1166,,,,
1167,1167,,,,
1168,1168,,,,
1169,1169,,,,
1170,1170,,,,
1171,1171,,,,
1172,1172,,,,
1173,1173,,,,
1174,1174,,,,
1175,1175,,,,
1176,1176,,,,
1177,1177,,,,
1178,1178,,,,
1179,1179,,,,
1180,1180,,,,
1181,1181,,,,
1182,1182,,,,
1183,1183,,,,
1184,1184,,,,
1185,1185,,,,
1186,1186,,,,
1187,1187,,,,
1188,1188,,,,
1189,1189,,,,
1190,1190,,,,
1191,1191,,,,
1192,1192,,,,
1193,1193,,,,
1194,1194,,,,
1195,1195,,,,
1196,1196,,,,
1197,1197,,,,
1198,1198,,,,
1199,1199,,,,
1200,1200,,,,
1201,1201,,,,
1202,1202,,,,
1203,1203,,,,
1204,1204,,,,
1205,1205,,,,
1206,1206,,,,
1207,1207,,,,
1208,1208,,,,
1209,1209,,,,
1210,1210,,,,
1211,1211,,,,
1212,1212,,,,
1213,1213,,,,
1214,1214,,,,
1215,1215,,,,
1216,1216,,,,
1217,1217,,,,
1218,1218,,,,
1219,1219,,,,
1220,1220,,,,
1221,1221,,,,
1222,1222,,,,
1223,1223,,,,
1224,1224,,,,
1225,1225,,,,
1226,1226,,,,
1227,1227,,,,
1228,1228,,,,
1229,1229,,,,
1230,1230,,,,
1231,1231,,,,
1232,1232,,,,
1233,1233,,,,
1234,1234,,,,
1235,1235,20th Century-Fox,Joseph L. Mankiewicz,Joseph L. Mankiewicz,20th Century Fox
1236,1236,,,,
1237,1237,,,,
1238,1238,,,,
1239,1239,,,,
1240,1240,,,,
1241,1241,,,,
1242,1242,,,,
1243,1243,,,,
1244,1244,,,,
1245,1245,,,,
1246,1246,,,,
1247,1247,,,,
1248,1248,,,,
1249,1249,,,,
1250,1250,,,,
1251,1251,,,,
1252,1252,,,,
1253,1253,,,,
1254,1254,,,,
1255,1255,,,,
1256,1256,,,,
1257,1257,,,,
1258,1258,,,,
1259,1259,,,,
1260,1260,,,,
1261,1261,,,,
1262,1262,,,,
1263,1263,,,,
1264,1264,,,,
1265,1265,,,,
1266,1266,,,,
1267,1267,,,,
1268,1268,,,,
1269,1269,,,,
1270,1270,,,,
1271,1271,,,,
1272,1272,,,,
1273,1273,,,,
1274,1274,,,,
1275,1275,,,,
1276,1276,,,,
1277,1277,,,,
1278,1278,,,,
1279,1279,Warner Bros.,Anatole Litvak,Casey Robinson,Warner Bros. Pictures
1280,1280,,,,
1281,1281,,,,
1282,1282,,,,
1283,1283,,,,
1284,1284,,,,
1285,1285,,,,
1286,1286,,,,
1287,1287,,,,
1288,1288,,,,
1289,1289,,,,
1290,1290,,,,
1291,1291,,,,
1292,1292,,,,
1293,1293,,,,
1294,1294,,,,
1295,1295,Columbia,Robert Rossen,"Robert Rossen, Robert Penn Warren",Sony Pictures Home Entertainment
1296,1296,,,,
1297,1297,Walter Coblenz,Alan J. Pakula,William Goldman,Warner Home Video
1298,1298,,,,
1299,1299,,,,
1300,1300,,,,
1301,1301,,,,
1302,1302,,,,
1303,1303,,,,
1304,1304,,,,
1305,1305,,,,
1306,1306,,,,
1307,1307,,,,
1308,1308,,,,
1309,1309,,,,
1310,1310,,,,
1311,1311,,,,
1312,1312,,,,
1313,1313,,,,
1314,1314,,,,
1315,1315,,,,
1316,1316,,,,
1317,1317,,,,
1318,1318,,,,
1319,1319,,,,
1320,1320,,,,
1321,1321,,,,
1322,1322,,,,
1323,1323,,,,
1324,1324,,,,
1325,1325,,,,
1326,1326,,,,
1327,1327,,,,
1328,1328,,,,
1329,1329,,,,
1330,1330,,,,
1331,1331,,,,
1332,1332,,,,
1333,1333,,,,
1334,1334,,,,
1335,1335,,,,
1336,1336,,,,
1337,1337,,,,
1338,1338,,,,
1339,1339,,,,
1340,1340,,,,
1341,1341,,,,
1342,1342,,,,
1343,1343,,,,
1344,1344,,,,
1345,1345,,,,
1346,1346,,,,
1347,1347,,,,
1348,1348,,,,
1349,1349,,,,
1350,1350,,,,
1351,1351,,,,
1352,1352,,,,
1353,1353,,,,
1354,1354,,,,
1355,1355,,,,
1356,1356,,,,
1357,1357,,,,
1358,1358,,,,
1359,1359,,,,
1360,1360,Saul Zaentz,Milos Forman,Peter Shaffer,Warner Bros. Pictures
1361,1361,,,,
1362,1362,,,,
1363,1363,,,,
1364,1364,,,,
1365,1365,,,,
1366,1366,,,,
1367,1367,,,,
1368,1368,,,,
1369,1369,,,,
1370,1370,,,,
1371,1371,,,,
1372,1372,,,,
1373,1373,,,,
1374,1374,,,,
1375,1375,,,,
1376,1376,,,,
1377,1377,,,,
1378,1378,,,,
1379,1379,,,,
1380,1380,,,,
1381,1381,,,,
1382,1382,,,,
1383,1383,,,,
1384,1384,Elia Kazan,Elia Kazan,Elia Kazan,Warner Home Video
1385,1385,,,,
1386,1386,,,,
1387,1387,,,,
1388,1388,,,,
1389,1389,,,,
1390,1390,,,,
1391,1391,Bruce Cohen and Dan Jinks,Sam Mendes,Alan Ball,Dreamworks
1392,1392,,,,
1393,1393,,,,
1394,1394,,,,
1395,1395,,,,
1396,1396,,,,
1397,1397,,,,
1398,1398,,,,
1399,1399,,,,
1400,1400,,,,
1401,1401,,,,
1402,1402,,,,
1403,1403,,,,
1404,1404,Francis Ford Coppola and Gary Kurtz,George Lucas,"George Lucas, Gloria Katz, Willard Huyck",Universal Pictures
1405,1405,,,,
1406,1406,,,,
1407,1407,,,,
1408,1408,,,,
1409,1409,,,,
1410,1410,,,,
1411,1411,,,,
1412,1412,,,,
1413,1413,"Charles Roven, Richard Suckle, Megan Ellison, and Jonathan Gordon",David O. Russell,"Eric Warren Singer, David O. Russell",Sony Pictures
1414,1414,,,,
1415,1415,,,,
1416,1416,,,,
1417,1417,,,,
1418,1418,,,,
1419,1419,,,,
1420,1420,,,,
1421,1421,,,,
1422,1422,,,,
1423,1423,,,,
1424,1424,,,,
1425,1425,,,,
1426,1426,,,,
1427,1427,,,,
1428,1428,,,,
1429,1429,,,,
1430,1430,,,,
1431,1431,,,,
1432,1432,,,,
1433,1433,,,,
1434,1434,,,,
1435,1435,,,,
1436,1436,,,,
1437,1437,,,,
1438,1438,,,,
1439,1439,,,,
1440,1440,,,,
1441,1441,,,,
1442,1442,,,,
1443,1443,,,,
1444,1444,,,,
1445,1445,,,,
1446,1446,,,,
1447,1447,,,,
1448,1448,,,,
1449,1449,,,,
1450,1450,,,,
1451,1451,,,,
1452,1452,,,,
1453,1453,,,,
1454,1454,,,,
1455,1455,,,,
1456,1456,,,,
1457,1457,,,,
1458,1458,,,,
1459,1459,,,,
1460,1460,,,,
1461,1461,,,,
1462,1462,,,,
1463,1463,,,,
1464,1464,,,,
1465,1465,,,,
1466,1466,,,,
1467,1467,,,,
1468,1468,,,,
1469,1469,,,,
1470,1470,,,,
1471,1471,,,,
1472,1472,,,,
1473,1473,,,,
1474,1474,,,,
1475,1475,,,,
1476,1476,,,,
1477,1477,,,,
1478,1478,,,,
1479,1479,,,,
1480,1480,,,,
1481,1481,,,,
1482,1482,,,,
1483,1483,,,,
1484,1484,"Margaret Menegoz, Stefan Arndt, Veit Heiduschka, and Michael Katz","Michael Haneke, Michaelhaneke","Michael Haneke, Michaelhaneke",Sony Pictures Classics
1485,1485,,,,
1486,1486,,,,
1487,1487,,,,
1488,1488,,,,
1489,1489,,,,
1490,1490,,,,
1491,1491,,,,
1492,1492,,,,
1493,1493,,,,
1494,1494,,,,
1495,1495,,,,
1496,1496,,,,
1497,1497,,,,
1498,1498,,,,
1499,1499,,,,
1500,1500,,,,
1501,1501,,,,
1502,1502,,,,
1503,1503,,,,
1504,1504,,,,
1505,1505,,,,
1506,1506,,,,
1507,1507,,,,
1508,1508,,,,
1509,1509,Arthur Freed,Vincente Minnelli,"Alan Jay Lerner, Vincente Minnelli",MGM
1510,1510,,,,
1511,1511,,,,
1512,1512,,,,
1513,1513,,,,
1514,1514,,,,
1515,1515,Finola Dwyer and Amanda Posey,Lone Scherfig,Nick Hornby,Sony Classics
1516,1516,,,,
1517,1517,,,,
1518,1518,,,,
1519,1519,,,,
1520,1520,,,,
1521,1521,,,,
1522,1522,,,,
1523,1523,,,,
1524,1524,,,,
1525,1525,,,,
1526,1526,,,,
1527,1527,,,,
1528,1528,,,,
1529,1529,,,,
1530,1530,,,,
1531,1531,,,,
1532,1532,,,,
1533,1533,,,,
1534,1534,,,,
1535,1535,,,,
1536,1536,,,,
1537,1537,,,,
1538,1538,,,,
1539,1539,,,,
1540,1540,,,,
1541,1541,,,,
1542,1542,,,,
1543,1543,,,,
1544,1544,,,,
1545,1545,,,,
1546,1546,,,,
1547,1547,,,,
1548,1548,,,,
1549,1549,,,,
1550,1550,,,,
1551,1551,,,,
1552,1552,,,,
1553,1553,,,,
1554,1554,,,,
1555,1555,,,,
1556,1556,,,,
1557,1557,,,,
1558,1558,,,,
1559,1559,,,,
1560,1560,,,,
1561,1561,,,,
1562,1562,,,,
1563,1563,,,,
1564,1564,,,,
1565,1565,,,,
1566,1566,,,,
1567,1567,Otto Preminger,Otto Preminger,Wendell Mayes,Sony Pictures Home Entertainment
1568,1568,,,,
1569,1569,,,,
1570,1570,Metro-Goldwyn-Mayer,George Sidney,Isobel Lennart,MGM Home Entertainment
1571,1571,,,,
1572,1572,,,,
1573,1573,,,,
1574,1574,,,,
1575,1575,,,,
1576,1576,,,,
1577,1577,,,,
1578,1578,,,,
1579,1579,,,,
1580,1580,,,,
1581,1581,,,,
1582,1582,,,,
1583,1583,,,,
1584,1584,,,,
1585,1585,,,,
1586,1586,,,,
1587,1587,,,,
1588,1588,,,,
1589,1589,,,,
1590,1590,,,,
1591,1591,,,,
1592,1592,,,,
1593,1593,,,,
1594,1594,,,,
1595,1595,,,,
1596,1596,,,,
1597,1597,,,,
1598,1598,,,,
1599,1599,,,,
1600,1600,,,,
1601,1601,,,,
1602,1602,,,,
1603,1603,,,,
1604,1604,,,,
1605,1605,,,,
1606,1606,,,,
1607,1607,,,,
1608,1608,,,,
1609,1609,,,,
1610,1610,,,,
1611,1611,,,,
1612,1612,,,,
1613,1613,,,,
1614,1614,,,,
1615,1615,,,,
1616,1616,,,,
1617,1617,,,,
1618,1618,,,,
1619,1619,,,,
1620,1620,,,,
1621,1621,,,,
1622,1622,,,,
1623,1623,,,,
1624,1624,,,,
1625,1625,,,,
1626,1626,,,,
1627,1627,,,,
1628,1628,,,,
1629,1629,,,,
1630,1630,,,,
1631,1631,,,,
1632,1632,,,,
1633,1633,,,,
1634,1634,,,,
1635,1635,,,,
1636,1636,,,,
1637,1637,,,,
1638,1638,,,,
1639,1639,,,,
1640,1640,,,,
1641,1641,,,,
1642,1642,,,,
1643,1643,,,,
1644,1644,,,,
1645,1645,,,,
1646,1646,,,,
1647,1647,,,,
1648,1648,,,,
1649,1649,,,,
1650,1650,,,,
1651,1651,,,,
1652,1652,,,,
1653,1653,,,,
1654,1654,,,,
1655,1655,,,,
1656,1656,,,,
1657,1657,,,,
1658,1658,,,,
1659,1659,,,,
1660,1660,,,,
1661,1661,,,,
1662,1662,,,,
1663,1663,,,,
1664,1664,,,,
1665,1665,,,,
1666,1666,,,,
1667,1667,,,,
1668,1668,,,,
1669,1669,,,,
1670,1670,,,,
1671,1671,,,,
1672,1672,,,,
1673,1673,,,,
1674,1674,,,,
1675,1675,,,,
1676,1676,,,,
1677,1677,,,,
1678,1678,,,,
1679,1679,,,,
1680,1680,,,,
1681,1681,,,,
1682,1682,,,,
1683,1683,,,,
1684,1684,,,,
1685,1685,,,,
1686,1686,,,,
1687,1687,,,,
1688,1688,,,,
1689,1689,,,,
1690,1690,,,,
1691,1691,Hal B. Wallis,Charles Jarrott,"John Boland, Bridget Boland, John Hale, Richard Sokolove",Universal Pictures
1692,1692,,,,
1693,1693,Charles H. Joffe,Woody Allen,"Woody Allen, Marshall Brickman",United Artists
1694,1694,,,,
1695,1695,,,,
1696,1696,,,,
1697,1697,,,,
1698,1698,,,,
1699,1699,,,,
1700,1700,,,,
1701,1701,,,,
1702,1702,,,,
1703,1703,,,,
1704,1704,,,,
1705,1705,,,,
1706,1706,,,,
1707,1707,,,,
1708,1708,,,,
1709,1709,,,,
1710,1710,,,,
1711,1711,,,,
1712,1712,,,,
1713,1713,,,,
1714,1714,,,,
1715,1715,,,,
1716,1716,,,,
1717,1717,,,,
1718,1718,,,,
1719,1719,,,,
1720,1720,,,,
1721,1721,,,,
1722,1722,,,,
1723,1723,,,,
1724,1724,,,,
1725,1725,,,,
1726,1726,,,,
1727,1727,,,,
1728,1728,,,,
1729,1729,,,,
1730,1730,,,,
1731,1731,,,,
1732,1732,,,,
1733,1733,,,,
1734,1734,,,,
1735,1735,,,,
1736,1736,,,,
1737,1737,,,,
1738,1738,,,,
1739,1739,,,,
1740,1740,,,,
1741,1741,,,,
1742,1742,,,,
1743,1743,,,,
1744,1744,,,,
1745,1745,,,,
1746,1746,,,,
1747,1747,,,,
1748,1748,,,,
1749,1749,,,,
1750,1750,,,,
1751,1751,,,,
1752,1752,,,,
1753,1753,,,,
1754,1754,,,,
1755,1755,,,,
1756,1756,,,,
1757,1757,,,,
1758,1758,,,,
1759,1759,,,,
1760,1760,,,,
1761,1761,,,,
1762,1762,,,,
1763,1763,,,,
1764,1764,,,,
1765,1765,,,,
1766,1766,,,,
1767,1767,,,,
1768,1768,,,,
1769,1769,,,,
1770,1770,,,,
1771,1771,,,,
1772,1772,,,,
1773,1773,,,,
1774,1774,,,,
1775,1775,,,,
1776,1776,,,,
1777,1777,,,,
1778,1778,,,,
1779,1779,"Francis Ford Coppola, Fred Roos, Gray Frederickson, and Tom Sternberg",Francis Ford Coppola,"John Milius, Francis Ford Coppola, Michael Herr",United Artists
1780,1780,,,,
1781,1781,,,,
1782,1782,,,,
1783,1783,,,,
1784,1784,,,,
1785,1785,,,,
1786,1786,Brian Grazer,Ron Howard,"Al Reinert, William Broyles",Universal Pictures
1787,1787,,,,
1788,1788,,,,
1789,1789,,,,
1790,1790,,,,
1791,1791,,,,
1792,1792,,,,
1793,1793,,,,
1794,1794,,,,
1795,1795,,,,
1796,1796,,,,
1797,1797,,,,
1798,1798,,,,
1799,1799,,,,
1800,1800,,,,
1801,1801,,,,
1802,1802,,,,
1803,1803,,,,
1804,1804,,,,
1805,1805,,,,
1806,1806,,,,
1807,1807,,,,
1808,1808,,,,
1809,1809,,,,
1810,1810,,,,
1811,1811,,,,
1812,1812,,,,
1813,1813,,,,
1814,1814,,,,
1815,1815,,,,
1816,1816,,,,
1817,1817,,,,
1818,1818,,,,
1819,1819,,,,
1820,1820,,,,
1821,1821,,,,
1822,1822,,,,
1823,1823,,,,
1824,1824,,,,
1825,1825,,,,
1826,1826,,,,
1827,1827,,,,
1828,1828,,,,
1829,1829,,,,
1830,1830,,,,
1831,1831,,,,
1832,1832,,,,
1833,1833,,,,
1834,1834,,,,
1835,1835,,,,
1836,1836,,,,
1837,1837,,,,
1838,1838,,,,
1839,1839,,,,
1840,1840,,,,
1841,1841,,,,
1842,1842,,,,
1843,1843,,,,
1844,1844,,,,
1845,1845,,,,
1846,1846,,,,
1847,1847,,,,
1848,1848,,,,
1849,1849,,,,
1850,1850,,,,
1851,1851,,,,
1852,1852,,,,
1853,1853,,,,
1854,1854,,,,
1855,1855,,,,
1856,1856,,,,
1857,1857,,,,
1858,1858,,,,
1859,1859,,,,
1860,1860,,,,
1861,1861,,,,
1862,1862,,,,
1863,1863,,,,
1864,1864,,,,
1865,1865,,,,
1866,1866,,,,
1867,1867,,,,
1868,1868,,,,
1869,1869,,,,
1870,1870,"Grant Heslov, Ben Affleck, and George Clooney",Ben Affleck,Chris Terrio,Warner Bros. Pictures
1871,1871,,,,
1872,1872,,,,
1873,1873,,,,
1874,1874,,,,
1875,1875,,,,
1876,1876,,,,
1877,1877,,,,
1878,1878,,,,
1879,1879,,,,
1880,1880,,,,
1881,1881,,,,
1882,1882,,,,
1883,1883,,,,
1884,1884,,,,
1885,1885,,,,
1886,1886,Michael Todd,Michael Anderson,"John Farrow, James Poe, S.J. Perelman",United Artists
1887,1887,,,,
1888,1888,"Shawn Levy, Dan Levine, Aaron Ryder, and David Linde",Denis Villeneuve,Eric Heisserer,21 Laps Entertainment
1889,1889,,,,
1890,1890,,,,
1891,1891,,,,
1892,1892,,,,
1893,1893,,,,
1894,1894,,,,
1895,1895,,,,
1896,1896,,,,
1897,1897,,,,
1898,1898,,,,
1899,1899,,,,
1900,1900,,,,
1901,1901,,,,
1902,1902,,,,
1903,1903,,,,
1904,1904,,,,
1905,1905,,,,
1906,1906,,,,
1907,1907,,,,
1908,1908,,,,
1909,1909,,,,
1910,1910,,,,
1911,1911,,,,
1912,1912,,,,
1913,1913,,,,
1914,1914,,,,
1915,1915,,,,
1916,1916,"James L. Brooks, Bridget Johnson, and Kristi Zea",James L. Brooks,"Mark Andrus, James L. Brooks",TriStar Pictures
1917,1917,,,,
1918,1918,,,,
1919,1919,,,,
1920,1920,,,,
1921,1921,,,,
1922,1922,,,,
1923,1923,,,,
1924,1924,,,,
1925,1925,,,,
1926,1926,,,,
1927,1927,,,,
1928,1928,,,,
1929,1929,,,,
1930,1930,,,,
1931,1931,,,,
1932,1932,,,,
1933,1933,,,,
1934,1934,,,,
1935,1935,,,,
1936,1936,,,,
1937,1937,,,,
1938,1938,,,,
1939,1939,,,,
1940,1940,,,,
1941,1941,,,,
1942,1942,,,,
1943,1943,,,,
1944,1944,,,,
1945,1945,,,,
1946,1946,,,,
1947,1947,,,,
1948,1948,,,,
1949,1949,,,,
1950,1950,,,,
1951,1951,,,,
1952,1952,,,,
1953,1953,,,,
1954,1954,,,,
1955,1955,,,,
1956,1956,,,,
1957,1957,,,,
1958,1958,,,,
1959,1959,,,,
1960,1960,,,,
1961,1961,,,,
1962,1962,,,,
1963,1963,,,,
1964,1964,,,,
1965,1965,,,,
1966,1966,,,,
1967,1967,,,,
1968,1968,,,,
1969,1969,,,,
1970,1970,,,,
1971,1971,,,,
1972,1972,,,,
1973,1973,,,,
1974,1974,,,,
1975,1975,,,,
1976,1976,,,,
1977,1977,,,,
1978,1978,,,,
1979,1979,,,,
1980,1980,,,,
1981,1981,,,,
1982,1982,,,,
1983,1983,,,,
1984,1984,,,,
1985,1985,,,,
1986,1986,,,,
1987,1987,,,,
1988,1988,,,,
1989,1989,,,,
1990,1990,,,,
1991,1991,,,,
1992,1992,,,,
1993,1993,,,,
1994,1994,,,,
1995,1995,,,,
1996,1996,,,,
1997,1997,,,,
1998,1998,,,,
1999,1999,,,,
2000,2000,,,,
2001,2001,,,,
2002,2002,,,,
2003,2003,,,,
2004,2004,,,,
2005,2005,,,,
2006,2006,,,,
2007,2007,,,,
2008,2008,,,,
2009,2009,,,,
2010,2010,,,,
2011,2011,Denis Héroux,Louis Malle,John Guare,Paramount Home Video
2012,2012,,,,
2013,2013,,,,
2014,2014,,,,
2015,2015,,,,
2016,2016,,,,
2017,2017,,,,
2018,2018,,,,
2019,2019,"Tim Bevan, Eric Fellner, and Paul Webster",Joe Wright,"Ian McEwan, Christopher Hampton",Focus Features
2020,2020,,,,
2021,2021,,,,
2022,2022,,,,
2023,2023,,,,
2024,2024,,,,
2025,2025,,,,
2026,2026,,,,
2027,2027,,,,
2028,2028,,,,
2029,2029,,,,
2030,2030,,,,
2031,2031,,,,
2032,2032,,,,
2033,2033,,,,
2034,2034,,,,
2035,2035,,,,
2036,2036,,,,
2037,2037,,,,
2038,2038,,,,
2039,2039,,,,
2040,2040,,,,
2041,2041,,,,
2042,2042,,,,
2043,2043,,,,
2044,2044,,,,
2045,2045,,,,
2046,2046,,,,
2047,2047,,,,
2048,2048,,,,
2049,2049,,,,
2050,2050,,,,
2051,2051,,,,
2052,2052,,,,
2053,2053,,,,
2054,2054,,,,
2055,2055,,,,
2056,2056,,,,
2057,2057,,,,
2058,2058,,,,
2059,2059,,,,
2060,2060,,,,
2061,2061,,,,
2062,2062,,,,
2063,2063,,,,
2064,2064,,,,
2065,2065,,,,
2066,2066,,,,
2067,2067,,,,
2068,2068,,,,
2069,2069,,,,
2070,2070,,,,
2071,2071,,,,
2072,2072,,,,
2073,2073,,,,
2074,2074,,,,
2075,2075,,,,
2076,2076,,,,
2077,2077,,,,
2078,2078,,,,
2079,2079,,,,
2080,2080,,,,
2081,2081,,,,
2082,2082,,,,
2083,2083,,,,
2084,2084,,,,
2085,2085,,,,
2086,2086,,,,
2087,2087,,,,
2088,2088,,,,
2089,2089,,,,
2090,2090,,,,
2091,2091,,,,
2092,2092,,,,
2093,2093,,,,
2094,2094,,,,
2095,2095,Jack L. Warner,Morton DaCosta,"Betty Comden, Adolph Green, Robert E. Lee, Dennis Patrick",Warner Bros. Pictures
2096,2096,,,,
2097,2097,,,,
2098,2098,,,,
2099,2099,,,,
2100,2100,,,,
2101,2101,,,,
2102,2102,,,,
2103,2103,,,,
2104,2104,,,,
2105,2105,,,,
2106,2106,,,,
2107,2107,,,,
2108,2108,,,,
2109,2109,,,,
2110,2110,,,,
2111,2111,,,,
2112,2112,,,,
2113,2113,,,,
2114,2114,,,,
2115,2115,,,,
2116,2116,,,,
2117,2117,,,,
2118,2118,,,,
2119,2119,James Cameron and Jon Landau,James Cameron,James Cameron,20th Century Fox
2120,2120,,,,
2121,2121,,,,
2122,2122,,,,
2123,2123,,,,
2124,2124,,,,
2125,2125,,,,
2126,2126,,,,
2127,2127,,,,
2128,2128,,,,
2129,2129,,,,
2130,2130,,,,
2131,2131,,,,
2132,2132,,,,
2133,2133,,,,
2134,2134,,,,
2135,2135,,,,
2136,2136,,,,
2137,2137,,,,
2138,2138,,,,
2139,2139,,,,
2140,2140,,,,
2141,2141,,,,
2142,2142,Walter Parkes and Lawrence Lasker,Penny Marshall,"Steven Zaillian, Paul W. Shapiro",Columbia Pictures
2143,2143,,,,
2144,2144,,,,
2145,2145,,,,
2146,2146,,,,
2147,2147,,,,
2148,2148,,,,
2149,2149,,,,
2150,2150,,,,
2151,2151,,,,
2152,2152,,,,
2153,2153,,,,
2154,2154,,,,
2155,2155,,,,
2156,2156,,,,
2157,2157,,,,
2158,2158,,,,
2159,2159,,,,
2160,2160,,,,
2161,2161,,,,
2162,2162,,,,
2163,2163,,,,
2164,2164,,,,
2165,2165,,,,
2166,2166,,,,
2167,2167,,,,
2168,2168,,,,
2169,2169,,,,
2170,2170,,,,
2171,2171,,,,
2172,2172,,,,
2173,2173,,,,
2174,2174,,,,
2175,2175,,,,
2176,2176,,,,
2177,2177,,,,
2178,2178,,,,
2179,2179,,,,
2180,2180,,,,
2181,2181,,,,
2182,2182,,,,
2183,2183,,,,
2184,2184,,,,
2185,2185,,,,
2186,2186,,,,
2187,2187,,,,
2188,2188,,,,
2189,2189,,,,
2190,2190,,,,
2191,2191,,,,
2192,2192,,,,
2193,2193,,,,
2194,2194,,,,
2195,2195,,,,
2196,2196,,,,
2197,2197,,,,
2198,2198,,,,
2199,2199,"Bill Miller, George Miller, and Doug Mitchell",Chris Noonan,Chris Noonan,Universal Pictures
2200,2200,"Alejandro González Iñárritu, Steve Golin, and Jon Kilik",Alejandro González Iñárritu,"Guillermo Arriaga Jordan, Guillermo Arriaga",Paramount Classics
2201,2201,,,,
2202,2202,,,,
2203,2203,,,,
2204,2204,,,,
2205,2205,,,,
2206,2206,,,,
2207,2207,,,,
2208,2208,,,,
2209,2209,,,,
2210,2210,,,,
2211,2211,,,,
2212,2212,,,,
2213,2213,,,,
2214,2214,,,,
2215,2215,,,,
2216,2216,,,,
2217,2217,,,,
2218,2218,,,,
2219,2219,,,,
2220,2220,,,,
2221,2221,,,,
2222,2222,,,,
2223,2223,,,,
2224,2224,,,,
2225,2225,,,,
2226,2226,,,,
2227,2227,,,,
2228,2228,,,,
2229,2229,,,,
2230,2230,,,,
2231,2231,,,,
2232,2232,,,,
2233,2233,,,,
2234,2234,,,,
2235,2235,,,,
2236,2236,,,,
2237,2237,,,,
2238,2238,,,,
2239,2239,,,,
2240,2240,,,,
2241,2241,,,,
2242,2242,,,,
2243,2243,,,,
2244,2244,,,,
2245,2245,,,,
2246,2246,,,,
2247,2247,,,,
2248,2248,,,,
2249,2249,,,,
2250,2250,,,,
2251,2251,,,,
2252,2252,,,,
2253,2253,,,,
2254,2254,,,,
2255,2255,,,,
2256,2256,,,,
2257,2257,,,,
2258,2258,,,,
2259,2259,,,,
2260,2260,,,,
2261,2261,,,,
2262,2262,,,,
2263,2263,,,,
2264,2264,,,,
2265,2265,,,,
2266,2266,,,,
2267,2267,,,,
2268,2268,,,,
2269,2269,,,,
2270,2270,,,,
2271,2271,,,,
2272,2272,,,,
2273,2273,,,,
2274,2274,,,,
2275,2275,,,,
2276,2276,,,,
2277,2277,,,,
2278,2278,,,,
2279,2279,,,,
2280,2280,,,,
2281,2281,,,,
2282,2282,,,,
2283,2283,,,,
2284,2284,,,,
2285,2285,,,,
2286,2286,,,,
2287,2287,,,,
2288,2288,,,,
2289,2289,,,,
2290,2290,,,,
2291,2291,,,,
2292,2292,,,,
2293,2293,,,,
2294,2294,,,,
2295,2295,,,,
2296,2296,,,,
2297,2297,,,,
2298,2298,,,,
2299,2299,,,,
2300,2300,,,,
2301,2301,,,,
2302,2302,,,,
2303,2303,,,,
2304,2304,,,,
2305,2305,,,,
2306,2306,,,,
2307,2307,,,,
2308,2308,,,,
2309,2309,,,,
2310,2310,,,,
2311,2311,,,,
2312,2312,,,,
2313,2313,,,,
2314,2314,,,,
2315,2315,,,,
2316,2316,,,,
2317,2317,,,,
2318,2318,,,,
2319,2319,,,,
2320,2320,,,,
2321,2321,,,,
2322,2322,,,,
2323,2323,,,,
2324,2324,,,,
2325,2325,,,,
2326,2326,,,,
2327,2327,,,,
2328,2328,,,,
2329,2329,,,,
2330,2330,,,,
2331,2331,,,,
2332,2332,,,,
2333,2333,,,,
2334,2334,,,,
2335,2335,,,,
2336,2336,,,,
2337,2337,,,,
2338,2338,,,,
2339,2339,,,,
2340,2340,,,,
2341,2341,,,,
2342,2342,,,,
2343,2343,,,,
2344,2344,,,,
2345,2345,,,,
2346,2346,,,,
2347,2347,,,,
2348,2348,,,,
2349,2349,,,,
2350,2350,,,,
2351,2351,,,,
2352,2352,,,,
2353,2353,,,,
2354,2354,,,,
2355,2355,,,,
2356,2356,,,,
2357,2357,,,,
2358,2358,,,,
2359,2359,,,,
2360,2360,,,,
2361,2361,,,,
2362,2362,,,,
2363,2363,,,,
2364,2364,,,,
2365,2365,,,,
2366,2366,,,,
2367,2367,,,,
2368,2368,,,,
2369,2369,,,,
2370,2370,,,,
2371,2371,,,,
2372,2372,,,,
2373,2373,,,,
2374,2374,,,,
2375,2375,,,,
2376,2376,,,,
2377,2377,,,,
2378,2378,,,,
2379,2379,,,,
2380,2380,,,,
2381,2381,,,,
2382,2382,,,,
2383,2383,,,,
2384,2384,,,,
2385,2385,,,,
2386,2386,,,,
2387,2387,,,,
2388,2388,,,,
2389,2389,,,,
2390,2390,,,,
2391,2391,,,,
2392,2392,,,,
2393,2393,,,,
2394,2394,,,,
2395,2395,,,,
2396,2396,,,,
2397,2397,,,,
2398,2398,,,,
2399,2399,,,,
2400,2400,,,,
2401,2401,,,,
2402,2402,,,,
2403,2403,,,,
2404,2404,,,,
2405,2405,,,,
2406,2406,,,,
2407,2407,,,,
2408,2408,,,,
2409,2409,,,,
2410,2410,,,,
2411,2411,,,,
2412,2412,,,,
2413,2413,,,,
2414,2414,,,,
2415,2415,,,,
2416,2416,,,,
2417,2417,,,,
2418,2418,,,,
2419,2419,,,,
2420,2420,,,,
2421,2421,,,,
2422,2422,,,,
2423,2423,,,,
2424,2424,,,,
2425,2425,,,,
2426,2426,,,,
2427,2427,,,,
2428,2428,,,,
2429,2429,Stanley Kubrick,Stanley Kubrick,Stanley Kubrick,Warner Bros.
2430,2430,,,,
2431,2431,,,,
2432,2432,,,,
2433,2433,,,,
2434,2434,,,,
2435,2435,,,,
2436,2436,,,,
2437,2437,,,,
2438,2438,,,,
2439,2439,,,,
2440,2440,,,,
2441,2441,,,,
2442,2442,,,,
2443,2443,,,,
2444,2444,,,,
2445,2445,,,,
2446,2446,,,,
2447,2447,,,,
2448,2448,,,,
2449,2449,,,,
2450,2450,,,,
2451,2451,,,,
2452,2452,,,,
2453,2453,,,,
2454,2454,,,,
2455,2455,,,,
2456,2456,,,,
2457,2457,,,,
2458,2458,,,,
2459,2459,,,,
2460,2460,,,,
2461,2461,,,,
2462,2462,,,,
2463,2463,,,,
2464,2464,,,,
2465,2465,,,,
2466,2466,,,,
2467,2467,,,,
2468,2468,,,,
2469,2469,,,,
2470,2470,,,,
2471,2471,,,,
2472,2472,,,,
2473,2473,,,,
2474,2474,,,,
2475,2475,,,,
2476,2476,,,,
2477,2477,,,,
2478,2478,Metro-Goldwyn-Mayer,William Wellman,Robert Pirosh,MGM
2479,2479,,,,
2480,2480,,,,
2481,2481,,,,
2482,2482,,,,
2483,2483,,,,
2484,2484,,,,
2485,2485,,,,
2486,2486,,,,
2487,2487,,,,
2488,2488,,,,
2489,2489,,,,
2490,2490,,,,
2491,2491,,,,
2492,2492,,,,
2493,2493,,,,
2494,2494,,,,
2495,2495,,,,
2496,2496,,,,
2497,2497,,,,
2498,2498,,,,
2499,2499,,,,
2500,2500,,,,
2501,2501,,,,
2502,2502,,,,
2503,2503,,,,
2504,2504,,,,
2505,2505,,,,
2506,2506,,,,
2507,2507,,,,
2508,2508,,,,
2509,2509,,,,
2510,2510,,,,
2511,2511,,,,
2512,2512,,,,
2513,2513,,,,
2514,2514,,,,
2515,2515,,,,
2516,2516,,,,
2517,2517,,,,
2518,2518,,,,
2519,2519,,,,
2520,2520,,,,
2521,2521,,,,
2522,2522,,,,
2523,2523,,,,
2524,2524,,,,
2525,2525,"Dan Janvey, Josh Penn, and Michael Gottwald",Benh Zeitlin,"Benh Zeitlin, Lucy Alibar",Fox Searchlight
2526,2526,,,,
2527,2527,,,,
2528,2528,,,,
2529,2529,,,,
2530,2530,,,,
2531,2531,,,,
2532,2532,,,,
2533,2533,,,,
2534,2534,,,,
2535,2535,,,,
2536,2536,,,,
2537,2537,,,,
2538,2538,,,,
2539,2539,,,,
2540,2540,,,,
2541,2541,,,,
2542,2542,,,,
2543,2543,,,,
2544,2544,,,,
2545,2545,,,,
2546,2546,,,,
2547,2547,,,,
2548,2548,,,,
2549,2549,,,,
2550,2550,,,,
2551,2551,,,,
2552,2552,,,,
2553,2553,,,,
2554,2554,Don Hahn,Gary Trousdale,,Buena Vista
2555,2555,,,,
2556,2556,,,,
2557,2557,,,,
2558,2558,,,,
2559,2559,,,,
2560,2560,Hal B. Wallis,Peter Glenville,"Edward Anhalt, Jean Anouilh",Slowhand Releasing
2561,2561,,,,
2562,2562,,,,
2563,2563,,,,
2564,2564,,,,
2565,2565,,,,
2566,2566,,,,
2567,2567,,,,
2568,2568,,,,
2569,2569,,,,
2570,2570,,,,
2571,2571,,,,
2572,2572,,,,
2573,2573,,,,
2574,2574,,,,
2575,2575,,,,
2576,2576,,,,
2577,2577,,,,
2578,2578,,,,
2579,2579,,,,
2580,2580,,,,
2581,2581,,,,
2582,2582,,,,
2583,2583,,,,
2584,2584,,,,
2585,2585,,,,
2586,2586,,,,
2587,2587,,,,
2588,2588,,,,
2589,2589,,,,
2590,2590,,,,
2591,2591,,,,
2592,2592,,,,
2593,2593,,,,
2594,2594,,,,
2595,2595,,,,
2596,2596,,,,
2597,2597,,,,
2598,2598,,,,
2599,2599,,,,
2600,2600,,,,
2601,2601,,,,
2602,2602,,,,
2603,2603,,,,
2604,2604,,,,
2605,2605,,,,
2606,2606,,,,
2607,2607,,,,
2608,2608,,,,
2609,2609,,,,
2610,2610,,,,
2611,2611,,,,
2612,2612,,,,
2613,2613,,,,
2614,2614,,,,
2615,2615,,,,
2616,2616,,,,
2617,2617,,,,
2618,2618,,,,
2619,2619,,,,
2620,2620,,,,
2621,2621,,,,
2622,2622,,,,
2623,2623,,,,
2624,2624,,,,
2625,2625,,,,
2626,2626,,,,
2627,2627,,,,
2628,2628,,,,
2629,2629,,,,
2630,2630,,,,
2631,2631,,,,
2632,2632,,,,
2633,2633,,,,
2634,2634,,,,
2635,2635,,,,
2636,2636,,,,
2637,2637,,,,
2638,2638,,,,
2639,2639,,,,
2640,2640,,,,
2641,2641,,,,
2642,2642,,,,
2643,2643,,,,
2644,2644,,,,
2645,2645,,,,
2646,2646,,,,
2647,2647,,,,
2648,2648,,,,
2649,2649,,,,
2650,2650,,,,
2651,2651,,,,
2652,2652,,,,
2653,2653,,,,
2654,2654,,,,
2655,2655,,,,
2656,2656,,,,
2657,2657,,,,
2658,2658,,,,
2659,2659,,,,
2660,2660,,,,
2661,2661,,,,
2662,2662,,,,
2663,2663,,,,
2664,2664,Sam Zimbalist,William Wyler,Karl Tunberg,MGM
2665,2665,,,,
2666,2666,,,,
2667,2667,,,,
2668,2668,,,,
2669,2669,,,,
2670,2670,,,,
2671,2671,,,,
2672,2672,,,,
2673,2673,,,,
2674,2674,,,,
2675,2675,,,,
2676,2676,,,,
2677,2677,,,,
2678,2678,,,,
2679,2679,,,,
2680,2680,,,,
2681,2681,,,,
2682,2682,,,,
2683,2683,,,,
2684,2684,,,,
2685,2685,,,,
2686,2686,,,,
2687,2687,,,,
2688,2688,,,,
2689,2689,,,,
2690,2690,,,,
2691,2691,,,,
2692,2692,,,,
2693,2693,,,,
2694,2694,,,,
2695,2695,,,,
2696,2696,,,,
2697,2697,,,,
2698,2698,,,,
2699,2699,,,,
2700,2700,,,,
2701,2701,,,,
2702,2702,,,,
2703,2703,,,,
2704,2704,,,,
2705,2705,,,,
2706,2706,,,,
2707,2707,,,,
2708,2708,,,,
2709,2709,,,,
2710,2710,,,,
2711,2711,,,,
2712,2712,,,,
2713,2713,,,,
2714,2714,,,,
2715,2715,,,,
2716,2716,,,,
2717,2717,,,,
2718,2718,,,,
2719,2719,,,,
2720,2720,,,,
2721,2721,,,,
2722,2722,,,,
2723,2723,,,,
2724,2724,,,,
2725,2725,,,,
2726,2726,,,,
2727,2727,,,,
2728,2728,,,,
2729,2729,,,,
2730,2730,,,,
2731,2731,,,,
2732,2732,,,,
2733,2733,,,,
2734,2734,,,,
2735,2735,,,,
2736,2736,,,,
2737,2737,,,,
2738,2738,,,,
2739,2739,,,,
2740,2740,,,,
2741,2741,,,,
2742,2742,,,,
2743,2743,,,,
2744,2744,,,,
2745,2745,,,,
2746,2746,,,,
2747,2747,,,,
2748,2748,,,,
2749,2749,,,,
2750,2750,,,,
2751,2751,,,,
2752,2752,,,,
2753,2753,,,,
2754,2754,,,,
2755,2755,,,,
2756,2756,,,,
2757,2757,,,,
2758,2758,,,,
2759,2759,,,,
2760,2760,,,,
2761,2761,,,,
2762,2762,,,,
2763,2763,,,,
2764,2764,,,,
2765,2765,,,,
2766,2766,,,,
2767,2767,,,,
2768,2768,,,,
2769,2769,,,,
2770,2770,,,,
2771,2771,,,,
2772,2772,,,,
2773,2773,,,,
2774,2774,,,,
2775,2775,,,,
2776,2776,,,,
2777,2777,,,,
2778,2778,,,,
2779,2779,,,,
2780,2780,,,,
2781,2781,,,,
2782,2782,,,,
2783,2783,,,,
2784,2784,,,,
2785,2785,,,,
2786,2786,,,,
2787,2787,,,,
2788,2788,,,,
2789,2789,,,,
2790,2790,,,,
2791,2791,,,,
2792,2792,,,,
2793,2793,,,,
2794,2794,,,,
2795,2795,,,,
2796,2796,,,,
2797,2797,,,,
2798,2798,,,,
2799,2799,,,,
2800,2800,,,,
2801,2801,,,,
2802,2802,,,,
2803,2803,,,,
2804,2804,,,,
2805,2805,,,,
2806,2806,,,,
2807,2807,,,,
2808,2808,,,,
2809,2809,,,,
2810,2810,,,,
2811,2811,,,,
2812,2812,,,,
2813,2813,,,,
2814,2814,,,,
2815,2815,,,,
2816,2816,,,,
2817,2817,,,,
2818,2818,,,,
2819,2819,,,,
2820,2820,,,,
2821,2821,,,,
2822,2822,,,,
2823,2823,,,,
2824,2824,,,,
2825,2825,,,,
2826,2826,,,,
2827,2827,,,,
2828,2828,,,,
2829,2829,,,,
2830,2830,,,,
2831,2831,,,,
2832,2832,,,,
2833,2833,,,,
2834,2834,,,,
2835,2835,,,,
2836,2836,,,,
2837,2837,,,,
2838,2838,,,,
2839,2839,,,,
2840,2840,,,,
2841,2841,,,,
2842,2842,,,,
2843,2843,,,,
2844,2844,,,,
2845,2845,,,,
2846,2846,,,,
2847,2847,,,,
2848,2848,,,,
2849,2849,,,,
2850,2850,,,,
2851,2851,,,,
2852,2852,,,,
2853,2853,,,,
2854,2854,,,,
2855,2855,,,,
2856,2856,,,,
2857,2857,,,,
2858,2858,,,,
2859,2859,,,,
2860,2860,,,,
2861,2861,,,,
2862,2862,,,,
2863,2863,,,,
2864,2864,,,,
2865,2865,,,,
2866,2866,,,,
2867,2867,,,,
2868,2868,,,,
2869,2869,,,,
2870,2870,,,,
2871,2871,,,,
2872,2872,,,,
2873,2873,,,,
2874,2874,,,,
2875,2875,,,,
2876,2876,,,,
2877,2877,,,,
2878,2878,,,,
2879,2879,,,,
2880,2880,,,,
2881,2881,,,,
2882,2882,,,,
2883,2883,,,,
2884,2884,,,,
2885,2885,,,,
2886,2886,,,,
2887,2887,,,,
2888,2888,,,,
2889,2889,,,,
2890,2890,,,,
2891,2891,,,,
2892,2892,,,,
2893,2893,,,,
2894,2894,,,,
2895,2895,,,,
2896,2896,,,,
2897,2897,,,,
2898,2898,,,,
2899,2899,,,,
2900,2900,,,,
2901,2901,,,,
2902,2902,,,,
2903,2903,,,,
2904,2904,,,,
2905,2905,,,,
2906,2906,,,,
2907,2907,,,,
2908,2908,,,,
2909,2909,,,,
2910,2910,,,,
2911,2911,,,,
2912,2912,,,,
2913,2913,,,,
2914,2914,,,,
2915,2915,,,,
2916,2916,,,,
2917,2917,,,,
2918,2918,,,,
2919,2919,,,,
2920,2920,,,,
2921,2921,,,,
2922,2922,,,,
2923,2923,,,,
2924,2924,,,,
2925,2925,,,,
2926,2926,,,,
2927,2927,,,,
2928,2928,,,,
2929,2929,,,,
2930,2930,,,,
2931,2931,,,,
2932,2932,,,,
2933,2933,,,,
2934,2934,,,,
2935,2935,,,,
2936,2936,,,,
2937,2937,,,,
2938,2938,,,,
2939,2939,,,,
2940,2940,,,,
2941,2941,,,,
2942,2942,,,,
2943,2943,,,,
2944,2944,,,,
2945,2945,,,,
2946,2946,,,,
2947,2947,,,,
2948,2948,,,,
2949,2949,,,,
2950,2950,,,,
2951,2951,,,,
2952,2952,,,,
2953,2953,,,,
2954,2954,,,,
2955,2955,,,,
2956,2956,,,,
2957,2957,,,,
2958,2958,,,,
2959,2959,"Sean McKittrick, Jason Blum, Raymond Mansfield, Jordan Peele, and Spike Lee",Spike Lee,"Charlie Wachtel, David Rabinowitz, Kevin Willmott, Spike Lee",Focus Features
2960,2960,,,,
2961,2961,,,,
2962,2962,,,,
2963,2963,,,,
2964,2964,,,,
2965,2965,,,,
2966,2966,,,,
2967,2967,,,,
2968,2968,,,,
2969,2969,,,,
2970,2970,,,,
2971,2971,,,,
2972,2972,,,,
2973,2973,,,,
2974,2974,,,,
2975,2975,,,,
2976,2976,,,,
2977,2977,,,,
2978,2978,,,,
2979,2979,,,,
2980,2980,,,,
2981,2981,,,,
2982,2982,,,,
2983,2983,,,,
2984,2984,,,,
2985,2985,,,,
2986,2986,,,,
2987,2987,,,,
2988,2988,,,,
2989,2989,,,,
2990,2990,,,,
2991,2991,,,,
2992,2992,,,,
2993,2993,,,,
2994,2994,,,,
2995,2995,,,,
2996,2996,,,,
2997,2997,,,,
2998,2998,,,,
2999,2999,,,,
3000,3000,,,,
3001,3001,,,,
3002,3002,,,,
3003,3003,,,,
3004,3004,,,,
3005,3005,,,,
3006,3006,,,,
3007,3007,,,,
3008,3008,,,,
3009,3009,,,,
3010,3010,,,,
3011,3011,,,,
3012,3012,,,,
3013,3013,,,,
3014,3014,,,,
3015,3015,,,,
3016,3016,,,,
3017,3017,,,,
3018,3018,,,,
3019,3019,,,,
3020,3020,,,,
3021,3021,,,,
3022,3022,,,,
3023,3023,,,,
3024,3024,,,,
3025,3025,,,,
3026,3026,,,,
3027,3027,,,,
3028,3028,,,,
3029,3029,,,,
3030,3030,Kevin Feige,Ryan Coogler,"Joe Robert Cole, Ryan Coogler",Marvel Studios
3031,3031,,,,
3032,3032,,,,
3033,3033,,,,
3034,3034,,,,
3035,3035,,,,
3036,3036,,,,
3037,3037,,,,
3038,3038,,,,
3039,3039,,,,
3040,3040,,,,
3041,3041,,,,
3042,3042,,,,
3043,3043,,,,
3044,3044,,,,
3045,3045,,,,
3046,3046,,,,
3047,3047,,,,
3048,3048,,,,
3049,3049,,,,
3050,3050,"Scott Franklin, Mike Medavoy, and Brian Oliver",Darren Aronofsky,"Andres Heinz, Mark Heyman, John J. McLaughlin",Fox Searchlight
3051,3051,,,,
3052,3052,,,,
3053,3053,,,,
3054,3054,,,,
3055,3055,,,,
3056,3056,,,,
3057,3057,,,,
3058,3058,,,,
3059,3059,,,,
3060,3060,,,,
3061,3061,,,,
3062,3062,,,,
3063,3063,,,,
3064,3064,,,,
3065,3065,,,,
3066,3066,,,,
3067,3067,,,,
3068,3068,,,,
3069,3069,,,,
3070,3070,,,,
3071,3071,,,,
3072,3072,,,,
3073,3073,,,,
3074,3074,,,,
3075,3075,,,,
3076,3076,,,,
3077,3077,,,,
3078,3078,,,,
3079,3079,,,,
3080,3080,,,,
3081,3081,,,,
3082,3082,,,,
3083,3083,,,,
3084,3084,,,,
3085,3085,,,,
3086,3086,,,,
3087,3087,,,,
3088,3088,,,,
3089,3089,,,,
3090,3090,,,,
3091,3091,,,,
3092,3092,,,,
3093,3093,,,,
3094,3094,,,,
3095,3095,,,,
3096,3096,,,,
3097,3097,,,,
3098,3098,,,,
3099,3099,,,,
3100,3100,,,,
3101,3101,,,,
3102,3102,,,,
3103,3103,,,,
3104,3104,,,,
3105,3105,,,,
3106,3106,,,,
3107,3107,,,,
3108,3108,,,,
3109,3109,,,,
3110,3110,,,,
3111,3111,,,,
3112,3112,,,,
3113,3113,,,,
3114,3114,,,,
3115,3115,,,,
3116,3116,,,,
3117,3117,,,,
3118,3118,,,,
3119,3119,,,,
3120,3120,,,,
3121,3121,,,,
3122,3122,,,,
3123,3123,,,,
3124,3124,,,,
3125,3125,,,,
3126,3126,,,,
3127,3127,,,,
3128,3128,,,,
3129,3129,,,,
3130,3130,,,,
3131,3131,,,,
3132,3132,,,,
3133,3133,,,,
3134,3134,,,,
3135,3135,,,,
3136,3136,,,,
3137,3137,,,,
3138,3138,,,,
3139,3139,,,,
3140,3140,,,,
3141,3141,,,,
3142,3142,,,,
3143,3143,,,,
3144,3144,,,,
3145,3145,,,,
3146,3146,,,,
3147,3147,,,,
3148,3148,,,,
3149,3149,,,,
3150,3150,,,,
3151,3151,,,,
3152,3152,,,,
3153,3153,,,,
3154,3154,,,,
3155,3155,,,,
3156,3156,,,,
3157,3157,,,,
3158,3158,,,,
3159,3159,,,,
3160,3160,,,,
3161,3161,,,,
3162,3162,,,,
3163,3163,,,,
3164,3164,,,,
3165,3165,,,,
3166,3166,,,,
3167,3167,,,,
3168,3168,,,,
3169,3169,,,,
3170,3170,,,,
3171,3171,,,,
3172,3172,,,,
3173,3173,,,,
3174,3174,,,,
3175,3175,,,,
3176,3176,,,,
3177,3177,,,,
3178,3178,,,,
3179,3179,,,,
3180,3180,,,,
3181,3181,,,,
3182,3182,,,,
3183,3183,,,,
3184,3184,,,,
3185,3185,,,,
3186,3186,,,,
3187,3187,,,,
3188,3188,,,,
3189,3189,,,,
3190,3190,,,,
3191,3191,,,,
3192,3192,,,,
3193,3193,,,,
3194,3194,,,,
3195,3195,,,,
3196,3196,,,,
3197,3197,,,,
3198,3198,,,,
3199,3199,,,,
3200,3200,,,,
3201,3201,,,,
3202,3202,,,,
3203,3203,,,,
3204,3204,,,,
3205,3205,,,,
3206,3206,,,,
3207,3207,,,,
3208,3208,,,,
3209,3209,,,,
3210,3210,,,,
3211,3211,,,,
3212,3212,,,,
3213,3213,,,,
3214,3214,,,,
3215,3215,,,,
3216,3216,,,,
3217,3217,,,,
3218,3218,,,,
3219,3219,,,,
3220,3220,,,,
3221,3221,,,,
3222,3222,,,,
3223,3223,,,,
3224,3224,,,,
3225,3225,,,,
3226,3226,,,,
3227,3227,,,,
3228,3228,,,,
3229,3229,,,,
3230,3230,,,,
3231,3231,,,,
3232,3232,,,,
3233,3233,,,,
3234,3234,,,,
3235,3235,,,,
3236,3236,,,,
3237,3237,,,,
3238,3238,,,,
3239,3239,,,,
3240,3240,,,,
3241,3241,,,,
3242,3242,,,,
3243,3243,,,,
3244,3244,,,,
3245,3245,,,,
3246,3246,,,,
3247,3247,,,,
3248,3248,,,,
3249,3249,,,,
3250,3250,,,,
3251,3251,,,,
3252,3252,,,,
3253,3253,,,,
3254,3254,,,,
3255,3255,,,,
3256,3256,,,,
3257,3257,,,,
3258,3258,,,,
3259,3259,,,,
3260,3260,,,,
3261,3261,,,,
3262,3262,,,,
3263,3263,,,,
3264,3264,,,,
3265,3265,,,,
3266,3266,,,,
3267,3267,,,,
3268,3268,,,,
3269,3269,,,,
3270,3270,,,,
3271,3271,,,,
3272,3272,,,,
3273,3273,,,,
3274,3274,,,,
3275,3275,,,,
3276,3276,,,,
3277,3277,,,,
3278,3278,,,,
3279,3279,,,,
3280,3280,,,,
3281,3281,,,,
3282,3282,,,,
3283,3283,,,,
3284,3284,,,,
3285,3285,,,,
3286,3286,,,,
3287,3287,,,,
3288,3288,,,,
3289,3289,,,,
3290,3290,,,,
3291,3291,,,,
3292,3292,,,,
3293,3293,,,,
3294,3294,,,,
3295,3295,,,,
3296,3296,,,,
3297,3297,,,,
3298,3298,,,,
3299,3299,,,,
3300,3300,,,,
3301,3301,,,,
3302,3302,,,,
3303,3303,,,,
3304,3304,,,,
3305,3305,,,,
3306,3306,,,,
3307,3307,,,,
3308,3308,,,,
3309,3309,,,,
3310,3310,,,,
3311,3311,,,,
3312,3312,,,,
3313,3313,,,,
3314,3314,,,,
3315,3315,,,,
3316,3316,,,,
3317,3317,,,,
3318,3318,,,,
3319,3319,,,,
3320,3320,,,,
3321,3321,,,,
3322,3322,,,,
3323,3323,,,,
3324,3324,,,,
3325,3325,,,,
3326,3326,,,,
3327,3327,,,,
3328,3328,,,,
3329,3329,,,,
3330,3330,,,,
3331,3331,,,,
3332,3332,,,,
3333,3333,,,,
3334,3334,,,,
3335,3335,,,,
3336,3336,,,,
3337,3337,,,,
3338,3338,,,,
3339,3339,,,,
3340,3340,,,,
3341,3341,,,,
3342,3342,,,,
3343,3343,,,,
3344,3344,,,,
3345,3345,,,,
3346,3346,,,,
3347,3347,,,,
3348,3348,,,,
3349,3349,,,,
3350,3350,,,,
3351,3351,,,,
3352,3352,,,,
3353,3353,,,,
3354,3354,,,,
3355,3355,,,,
3356,3356,,,,
3357,3357,,,,
3358,3358,,,,
3359,3359,,,,
3360,3360,,,,
3361,3361,,,,
3362,3362,,,,
3363,3363,,,,
3364,3364,,,,
3365,3365,,,,
3366,3366,,,,
3367,3367,,,,
3368,3368,,,,
3369,3369,,,,
3370,3370,,,,
3371,3371,,,,
3372,3372,,,,
3373,3373,,,,
3374,3374,,,,
3375,3375,,,,
3376,3376,,,,
3377,3377,,,,
3378,3378,,,,
3379,3379,,,,
3380,3380,,,,
3381,3381,,,,
3382,3382,,,,
3383,3383,,,,
3384,3384,,,,
3385,3385,,,,
3386,3386,,,,
3387,3387,,,,
3388,3388,,,,
3389,3389,,,,
3390,3390,,,,
3391,3391,,,,
3392,3392,,,,
3393,3393,,,,
3394,3394,,,,
3395,3395,,,,
3396,3396,,,,
3397,3397,,,,
3398,3398,,,,
3399,3399,,,,
3400,3400,,,,
3401,3401,,,,
3402,3402,,,,
3403,3403,,,,
3404,3404,,,,
3405,3405,,,,
3406,3406,,,,
3407,3407,,,,
3408,3408,,,,
3409,3409,,,,
3410,3410,,,,
3411,3411,,,,
3412,3412,,,,
3413,3413,,,,
3414,3414,,,,
3415,3415,,,,
3416,3416,,,,
3417,3417,,,,
3418,3418,,,,
3419,3419,,,,
3420,3420,,,,
3421,3421,,,,
3422,3422,,,,
3423,3423,,,,
3424,3424,,,,
3425,3425,,,,
3426,3426,,,,
3427,3427,,,,
3428,3428,,,,
3429,3429,,,,
3430,3430,,,,
3431,3431,,,,
3432,3432,,,,
3433,3433,,,,
3434,3434,,,,
3435,3435,,,,
3436,3436,,,,
3437,3437,,,,
3438,3438,,,,
3439,3439,,,,
3440,3440,,,,
3441,3441,,,,
3442,3442,,,,
3443,3443,,,,
3444,3444,,,,
3445,3445,,,,
3446,3446,,,,
3447,3447,,,,
3448,3448,,,,
3449,3449,,,,
3450,3450,,,,
3451,3451,,,,
3452,3452,,,,
3453,3453,,,,
3454,3454,,,,
3455,3455,,,,
3456,3456,,,,
3457,3457,,,,
3458,3458,,,,
3459,3459,,,,
3460,3460,,,,
3461,3461,,,,
3462,3462,,,,
3463,3463,,,,
3464,3464,,,,
3465,3465,,,,
3466,3466,,,,
3467,3467,,,,
3468,3468,,,,
3469,3469,,,,
3470,3470,,,,
3471,3471,,,,
3472,3472,,,,
3473,3473,,,,
3474,3474,,,,
3475,3475,,,,
3476,3476,,,,
3477,3477,,,,
3478,3478,,,,
3479,3479,,,,
3480,3480,,,,
3481,3481,,,,
3482,3482,,,,
3483,3483,,,,
3484,3484,,,,
3485,3485,,,,
3486,3486,,,,
3487,3487,,,,
3488,3488,,,,
3489,3489,,,,
3490,3490,,,,
3491,3491,,,,
3492,3492,,,,
3493,3493,,,,
3494,3494,,,,
3495,3495,,,,
3496,3496,Metro-Goldwyn-Mayer,Mervyn LeRoy,"Anita Loos, Ralph Wheelwright",WARNER BROTHERS PICTURES
3497,3497,,,,
3498,3498,,,,
3499,3499,,,,
3500,3500,,,,
3501,3501,,,,
3502,3502,,,,
3503,3503,,,,
3504,3504,,,,
3505,3505,,,,
3506,3506,,,,
3507,3507,,,,
3508,3508,,,,
3509,3509,,,,
3510,3510,,,,
3511,3511,,,,
3512,3512,,,,
3513,3513,,,,
3514,3514,,,,
3515,3515,,,,
3516,3516,,,,
3517,3517,,,,
3518,3518,,,,
3519,3519,,,,
3520,3520,,,,
3521,3521,,,,
3522,3522,,,,
3523,3523,,,,
3524,3524,,,,
3525,3525,,,,
3526,3526,,,,
3527,3527,,,,
3528,3528,,,,
3529,3529,,,,
3530,3530,,,,
3531,3531,,,,
3532,3532,,,,
3533,3533,,,,
3534,3534,,,,
3535,3535,,,,
3536,3536,,,,
3537,3537,,,,
3538,3538,,,,
3539,3539,,,,
3540,3540,,,,
3541,3541,,,,
3542,3542,,,,
3543,3543,,,,
3544,3544,,,,
3545,3545,,,,
3546,3546,,,,
3547,3547,,,,
3548,3548,,,,
3549,3549,,,,
3550,3550,,,,
3551,3551,,,,
3552,3552,,,,
3553,3553,,,,
3554,3554,,,,
3555,3555,,,,
3556,3556,,,,
3557,3557,,,,
3558,3558,,,,
3559,3559,,,,
3560,3560,,,,
3561,3561,,,,
3562,3562,,,,
3563,3563,,,,
3564,3564,,,,
3565,3565,,,,
3566,3566,,,,
3567,3567,,,,
3568,3568,,,,
3569,3569,,,,
3570,3570,Graham King,Bryan Singer,Anthony McCarten,20th Century Fox
3571,3571,,,,
3572,3572,,,,
3573,3573,,,,
3574,3574,,,,
3575,3575,,,,
3576,3576,,,,
3577,3577,,,,
3578,3578,,,,
3579,3579,,,,
3580,3580,,,,
3581,3581,,,,
3582,3582,,,,
3583,3583,,,,
3584,3584,,,,
3585,3585,,,,
3586,3586,,,,
3587,3587,,,,
3588,3588,,,,
3589,3589,,,,
3590,3590,,,,
3591,3591,,,,
3592,3592,,,,
3593,3593,,,,
3594,3594,,,,
3595,3595,,,,
3596,3596,,,,
3597,3597,,,,
3598,3598,,,,
3599,3599,,,,
3600,3600,,,,
3601,3601,,,,
3602,3602,,,,
3603,3603,Warren Beatty,Arthur Penn,"David Newman, Robert Benton",Warner Brothers/Seven Arts
3604,3604,,,,
3605,3605,,,,
3606,3606,,,,
3607,3607,,,,
3608,3608,,,,
3609,3609,,,,
3610,3610,,,,
3611,3611,,,,
3612,3612,,,,
3613,3613,,,,
3614,3614,,,,
3615,3615,,,,
3616,3616,,,,
3617,3617,,,,
3618,3618,,,,
3619,3619,,,,
3620,3620,,,,
3621,3621,,,,
3622,3622,,,,
3623,3623,,,,
3624,3624,,,,
3625,3625,,,,
3626,3626,,,,
3627,3627,,,,
3628,3628,,,,
3629,3629,,,,
3630,3630,,,,
3631,3631,,,,
3632,3632,,,,
3633,3633,,,,
3634,3634,,,,
3635,3635,,,,
3636,3636,,,,
3637,3637,,,,
3638,3638,,,,
3639,3639,,,,
3640,3640,,,,
3641,3641,,,,
3642,3642,,,,
3643,3643,,,,
3644,3644,,,,
3645,3645,,,,
3646,3646,,,,
3647,3647,Columbia,George Cukor,Albert Mannheimer,Columbia Pictures
3648,3648,,,,
3649,3649,,,,
3650,3650,,,,
3651,3651,,,,
3652,3652,A. Kitman Ho and Oliver Stone,Oliver Stone,"Oliver Stone, Ron Kovic, Dave Freeman",Universal Pictures
3653,3653,,,,
3654,3654,,,,
3655,3655,,,,
3656,3656,,,,
3657,3657,,,,
3658,3658,,,,
3659,3659,,,,
3660,3660,,,,
3661,3661,,,,
3662,3662,,,,
3663,3663,,,,
3664,3664,,,,
3665,3665,,,,
3666,3666,,,,
3667,3667,,,,
3668,3668,,,,
3669,3669,,,,
3670,3670,,,,
3671,3671,,,,
3672,3672,,,,
3673,3673,,,,
3674,3674,,,,
3675,3675,,,,
3676,3676,,,,
3677,3677,,,,
3678,3678,,,,
3679,3679,,,,
3680,3680,,,,
3681,3681,,,,
3682,3682,,,,
3683,3683,Richard Linklater and Cathleen Sutherland,Richard Linklater,Richard Linklater,IFC Films
3684,3684,,,,
3685,3685,,,,
3686,3686,,,,
3687,3687,Metro-Goldwyn-Mayer,Norman Taurog,"Dore Schary, Eleanore Griffin, John Meehan",MGM Home Entertainment
3688,3688,,,,
3689,3689,,,,
3690,3690,,,,
3691,3691,,,,
3692,3692,,,,
3693,3693,,,,
3694,3694,,,,
3695,3695,,,,
3696,3696,,,,
3697,3697,,,,
3698,3698,,,,
3699,3699,,,,
3700,3700,,,,
3701,3701,,,,
3702,3702,,,,
3703,3703,,,,
3704,3704,,,,
3705,3705,,,,
3706,3706,,,,
3707,3707,,,,
3708,3708,,,,
3709,3709,,,,
3710,3710,,,,
3711,3711,,,,
3712,3712,,,,
3713,3713,,,,
3714,3714,,,,
3715,3715,,,,
3716,3716,,,,
3717,3717,,,,
3718,3718,,,,
3719,3719,,,,
3720,3720,"Mel Gibson, Alan Ladd Jr., and Bruce Davey",Mel Gibson,Randall Wallace,Paramount Pictures
3721,3721,,,,
3722,3722,,,,
3723,3723,,,,
3724,3724,,,,
3725,3725,,,,
3726,3726,,,,
3727,3727,,,,
3728,3728,,,,
3729,3729,,,,
3730,3730,,,,
3731,3731,,,,
3732,3732,,,,
3733,3733,,,,
3734,3734,,,,
3735,3735,,,,
3736,3736,Peter Yates,Peter Yates,Steve Tesich,Twentieth Century Fox
3737,3737,,,,
3738,3738,,,,
3739,3739,,,,
3740,3740,,,,
3741,3741,,,,
3742,3742,,,,
3743,3743,,,,
3744,3744,,,,
3745,3745,,,,
3746,3746,,,,
3747,3747,,,,
3748,3748,,,,
3749,3749,,,,
3750,3750,,,,
3751,3751,,,,
3752,3752,,,,
3753,3753,,,,
3754,3754,,,,
3755,3755,,,,
3756,3756,,,,
3757,3757,,,,
3758,3758,,,,
3759,3759,,,,
3760,3760,,,,
3761,3761,,,,
3762,3762,,,,
3763,3763,,,,
3764,3764,,,,
3765,3765,,,,
3766,3766,,,,
3767,3767,,,,
3768,3768,,,,
3769,3769,,,,
3770,3770,,,,
3771,3771,,,,
3772,3772,,,,
3773,3773,"Steven Spielberg, Marc Platt, and Kristie Macosko Krieger",Steven Spielberg,"Matthew Charman, Steven Spielberg, Matt Charman, Ethan Coen, Joel Coen",Dreamworks Pictures
3774,3774,,,,
3775,3775,,,,
3776,3776,,,,
3777,3777,,,,
3778,3778,,,,
3779,3779,,,,
3780,3780,,,,
3781,3781,,,,
3782,3782,,,,
3783,3783,,,,
3784,3784,,,,
3785,3785,,,,
3786,3786,,,,
3787,3787,,,,
3788,3788,,,,
3789,3789,,,,
3790,3790,,,,
3791,3791,,,,
3792,3792,,,,
3793,3793,,,,
3794,3794,,,,
3795,3795,,,,
3796,3796,,,,
3797,3797,James L. Brooks,"James L. Brooks, James A. Brooks",James L. Brooks,Twentieth Century Fox Home Entertainment
3798,3798,,,,
3799,3799,,,,
3800,3800,,,,
3801,3801,,,,
3802,3802,Diana Ossana and James Schamus,Ang Lee,"Larry McMurtry, Diana Ossana, Ang Lee",Focus Features
3803,3803,,,,
3804,3804,,,,
3805,3805,,,,
3806,3806,,,,
3807,3807,,,,
3808,3808,,,,
3809,3809,,,,
3810,3810,,,,
3811,3811,,,,
3812,3812,,,,
3813,3813,,,,
3814,3814,Finola Dwyer and Amanda Posey,John Crowley,Nick Hornby,Fox Searchlight Pictures
3815,3815,,,,
3816,3816,,,,
3817,3817,,,,
3818,3818,,,,
3819,3819,,,,
3820,3820,,,,
3821,3821,,,,
3822,3822,,,,
3823,3823,,,,
3824,3824,,,,
3825,3825,,,,
3826,3826,,,,
3827,3827,,,,
3828,3828,,,,
3829,3829,,,,
3830,3830,,,,
3831,3831,,,,
3832,3832,,,,
3833,3833,,,,
3834,3834,,,,
3835,3835,,,,
3836,3836,,,,
3837,3837,,,,
3838,3838,,,,
3839,3839,,,,
3840,3840,,,,
3841,3841,,,,
3842,3842,,,,
3843,3843,,,,
3844,3844,,,,
3845,3845,,,,
3846,3846,,,,
3847,3847,,,,
3848,3848,,,,
3849,3849,,,,
3850,3850,,,,
3851,3851,,,,
3852,3852,,,,
3853,3853,,,,
3854,3854,,,,
3855,3855,,,,
3856,3856,"Mark Johnson, Barry Levinson and Warren Beatty",Barry Levinson,James Toback,Sony Pictures Home Entertainment
3857,3857,,,,
3858,3858,,,,
3859,3859,,,,
3860,3860,,,,
3861,3861,,,,
3862,3862,,,,
3863,3863,,,,
3864,3864,,,,
3865,3865,,,,
3866,3866,,,,
3867,3867,,,,
3868,3868,,,,
3869,3869,,,,
3870,3870,,,,
3871,3871,,,,
3872,3872,,,,
3873,3873,,,,
3874,3874,,,,
3875,3875,,,,
3876,3876,,,,
3877,3877,,,,
3878,3878,,,,
3879,3879,,,,
3880,3880,,,,
3881,3881,,,,
3882,3882,,,,
3883,3883,,,,
3884,3884,,,,
3885,3885,,,,
3886,3886,,,,
3887,3887,,,,
3888,3888,,,,
3889,3889,,,,
3890,3890,,,,
3891,3891,,,,
3892,3892,,,,
3893,3893,,,,
3894,3894,,,,
3895,3895,,,,
3896,3896,,,,
3897,3897,,,,
3898,3898,,,,
3899,3899,,,,
3900,3900,,,,
3901,3901,,,,
3902,3902,,,,
3903,3903,,,,
3904,3904,,,,
3905,3905,,,,
3906,3906,,,,
3907,3907,,,,
3908,3908,,,,
3909,3909,,,,
3910,3910,,,,
3911,3911,,,,
3912,3912,,,,
3913,3913,,,,
3914,3914,,,,
3915,3915,,,,
3916,3916,,,,
3917,3917,,,,
3918,3918,,,,
3919,3919,,,,
3920,3920,,,,
3921,3921,,,,
3922,3922,,,,
3923,3923,,,,
3924,3924,,,,
3925,3925,,,,
3926,3926,,,,
3927,3927,,,,
3928,3928,,,,
3929,3929,,,,
3930,3930,John Foreman,George Roy Hill,"William Goldman, George Roy Hill",20th Century Fox
3931,3931,,,,
3932,3932,,,,
3933,3933,,,,
3934,3934,,,,
3935,3935,,,,
3936,3936,,,,
3937,3937,,,,
3938,3938,,,,
3939,3939,,,,
3940,3940,,,,
3941,3941,,,,
3942,3942,,,,
3943,3943,,,,
3944,3944,,,,
3945,3945,,,,
3946,3946,,,,
3947,3947,,,,
3948,3948,,,,
3949,3949,,,,
3950,3950,,,,
3951,3951,,,,
3952,3952,,,,
3953,3953,,,,
3954,3954,,,,
3955,3955,,,,
3956,3956,,,,
3957,3957,,,,
3958,3958,,,,
3959,3959,,,,
3960,3960,,,,
3961,3961,,,,
3962,3962,,,,
3963,3963,,,,
3964,3964,,,,
3965,3965,,,,
3966,3966,,,,
3967,3967,,,,
3968,3968,,,,
3969,3969,,,,
3970,3970,,,,
3971,3971,,,,
3972,3972,,,,
3973,3973,,,,
3974,3974,,,,
3975,3975,,,,
3976,3976,,,,
3977,3977,,,,
3978,3978,,,,
3979,3979,,,,
3980,3980,,,,
3981,3981,,,,
3982,3982,,,,
3983,3983,,,,
3984,3984,,,,
3985,3985,,,,
3986,3986,,,,
3987,3987,,,,
3988,3988,,,,
3989,3989,,,,
3990,3990,,,,
3991,3991,,,,
3992,3992,,,,
3993,3993,,,,
3994,3994,,,,
3995,3995,,,,
3996,3996,,,,
3997,3997,,,,
3998,3998,,,,
3999,3999,,,,
4000,4000,,,,
4001,4001,,,,
4002,4002,,,,
4003,4003,Cy Feuer,Bob Fosse,"Jay Presson Allen, Hugh Wheeler",Twentieth Century Fox Home Entertainment
4004,4004,,,,
4005,4005,,,,
4006,4006,,,,
4007,4007,,,,
4008,4008,,,,
4009,4009,,,,
4010,4010,,,,
4011,4011,,,,
4012,4012,,,,
4013,4013,,,,
4014,4014,,,,
4015,4015,,,,
4016,4016,,,,
4017,4017,,,,
4018,4018,,,,
4019,4019,,,,
4020,4020,,,,
4021,4021,,,,
4022,4022,,,,
4023,4023,,,,
4024,4024,,,,
4025,4025,,,,
4026,4026,,,,
4027,4027,,,,
4028,4028,,,,
4029,4029,,,,
4030,4030,,,,
4031,4031,,,,
4032,4032,,,,
4033,4033,,,,
4034,4034,,,,
4035,4035,,,,
4036,4036,,,,
4037,4037,,,,
4038,4038,,,,
4039,4039,,,,
4040,4040,,,,
4041,4041,,,,
4042,4042,,,,
4043,4043,,,,
4044,4044,,,,
4045,4045,,,,
4046,4046,,,,
4047,4047,,,,
4048,4048,,,,
4049,4049,,,,
4050,4050,,,,
4051,4051,,,,
4052,4052,,,,
4053,4053,,,,
4054,4054,,,,
4055,4055,,,,
4056,4056,,,,
4057,4057,,,,
4058,4058,,,,
4059,4059,,,,
4060,4060,,,,
4061,4061,,,,
4062,4062,,,,
4063,4063,,,,
4064,4064,,,,
4065,4065,,,,
4066,4066,,,,
4067,4067,,,,
4068,4068,,,,
4069,4069,,,,
4070,4070,,,,
4071,4071,,,,
4072,4072,,,,
4073,4073,,,,
4074,4074,,,,
4075,4075,,,,
4076,4076,,,,
4077,4077,,,,
4078,4078,,,,
4079,4079,,,,
4080,4080,,,,
4081,4081,,,,
4082,4082,,,,
4083,4083,,,,
4084,4084,,,,
4085,4085,,,,
4086,4086,,,,
4087,4087,,,,
4088,4088,,,,
4089,4089,,,,
4090,4090,,,,
4091,4091,,,,
4092,4092,,,,
4093,4093,,,,
4094,4094,,,,
4095,4095,,,,
4096,4096,,,,
4097,4097,,,,
4098,4098,,,,
4099,4099,,,,
4100,4100,,,,
4101,4101,,,,
4102,4102,,,,
4103,4103,,,,
4104,4104,,,,
4105,4105,,,,
4106,4106,,,,
4107,4107,,,,
4108,4108,,,,
4109,4109,,,,
4110,4110,,,,
4111,4111,,,,
4112,4112,,,,
4113,4113,,,,
4114,4114,,,,
4115,4115,,,,
4116,4116,,,,
4117,4117,,,,
4118,4118,,,,
4119,4119,,,,
4120,4120,,,,
4121,4121,,,,
4122,4122,,,,
4123,4123,,,,
4124,4124,,,,
4125,4125,,,,
4126,4126,,,,
4127,4127,,,,
4128,4128,,,,
4129,4129,,,,
4130,4130,,,,
4131,4131,,,,
4132,4132,,,,
4133,4133,,,,
4134,4134,,,,
4135,4135,,,,
4136,4136,,,,
4137,4137,,,,
4138,4138,,,,
4139,4139,,,,
4140,4140,,,,
4141,4141,,,,
4142,4142,,,,
4143,4143,,,,
4144,4144,,,,
4145,4145,,,,
4146,4146,,,,
4147,4147,,,,
4148,4148,,,,
4149,4149,,,,
4150,4150,,,,
4151,4151,,,,
4152,4152,,,,
4153,4153,,,,
4154,4154,,,,
4155,4155,,,,
4156,4156,,,,
4157,4157,,,,
4158,4158,,,,
4159,4159,,,,
4160,4160,,,,
4161,4161,,,,
4162,4162,,,,
4163,4163,,,,
4164,4164,,,,
4165,4165,,,,
4166,4166,,,,
4167,4167,,,,
4168,4168,,,,
4169,4169,,,,
4170,4170,"Caroline Baron, William Vince, and Michael Ohoven",Bennett Miller,Dan Futterman,Sony Pictures Classics
4171,4171,,,,
4172,4172,,,,
4173,4173,,,,
4174,4174,,,,
4175,4175,,,,
4176,4176,Cosmopolitan,Michael Curtiz,Casey Robinson,Twentieth Century Fox Home Entertainment
4177,4177,,,,
4178,4178,,,,
4179,4179,,,,
4180,4180,"Scott Rudin, Dana Brunetti, and Michael De Luca",Paul Greengrass,Billy Ray,Sony Pictures
4181,4181,,,,
4182,4182,Metro-Goldwyn-Mayer,Victor Fleming,"John Lee Mahin, Marc Connelly, Dale Van Every, Marc Connolly",MGM Home Entertainment
4183,4183,,,,
4184,4184,,,,
4185,4185,,,,
4186,4186,,,,
4187,4187,,,,
4188,4188,,,,
4189,4189,,,,
4190,4190,,,,
4191,4191,,,,
4192,4192,,,,
4193,4193,,,,
4194,4194,,,,
4195,4195,,,,
4196,4196,,,,
4197,4197,,,,
4198,4198,,,,
4199,4199,,,,
4200,4200,,,,
4201,4201,,,,
4202,4202,,,,
4203,4203,,,,
4204,4204,,,,
4205,4205,,,,
4206,4206,,,,
4207,4207,,,,
4208,4208,,,,
4209,4209,,,,
4210,4210,,,,
4211,4211,,,,
4212,4212,,,,
4213,4213,,,,
4214,4214,,,,
4215,4215,,,,
4216,4216,,,,
4217,4217,,,,
4218,4218,,,,
4219,4219,,,,
4220,4220,,,,
4221,4221,,,,
4222,4222,,,,
4223,4223,,,,
4224,4224,,,,
4225,4225,,,,
4226,4226,,,,
4227,4227,,,,
4228,4228,,,,
4229,4229,,,,
4230,4230,,,,
4231,4231,,,,
4232,4232,,,,
4233,4233,,,,
4234,4234,,,,
4235,4235,,,,
4236,4236,,,,
4237,4237,,,,
4238,4238,,,,
4239,4239,,,,
4240,4240,,,,
4241,4241,,,,
4242,4242,,,,
4243,4243,,,,
4244,4244,,,,
4245,4245,,,,
4246,4246,,,,
4247,4247,,,,
4248,4248,,,,
4249,4249,,,,
4250,4250,,,,
4251,4251,,,,
4252,4252,,,,
4253,4253,,,,
4254,4254,,,,
4255,4255,,,,
4256,4256,,,,
4257,4257,,,,
4258,4258,,,,
4259,4259,,,,
4260,4260,,,,
4261,4261,,,,
4262,4262,,,,
4263,4263,,,,
4264,4264,,,,
4265,4265,,,,
4266,4266,Warner Bros.,Michael Curtiz,"Julius J. Epstein, Philip G. Epstein, Howard Koch, Michael Curtiz",Warner Bros. Pictures
4267,4267,,,,
4268,4268,,,,
4269,4269,,,,
4270,4270,,,,
4271,4271,,,,
4272,4272,,,,
4273,4273,,,,
4274,4274,,,,
4275,4275,,,,
4276,4276,,,,
4277,4277,,,,
4278,4278,,,,
4279,4279,,,,
4280,4280,,,,
4281,4281,,,,
4282,4282,,,,
4283,4283,,,,
4284,4284,,,,
4285,4285,,,,
4286,4286,,,,
4287,4287,,,,
4288,4288,,,,
4289,4289,,,,
4290,4290,,,,
4291,4291,,,,
4292,4292,,,,
4293,4293,,,,
4294,4294,,,,
4295,4295,,,,
4296,4296,,,,
4297,4297,,,,
4298,4298,,,,
4299,4299,,,,
4300,4300,,,,
4301,4301,,,,
4302,4302,,,,
4303,4303,,,,
4304,4304,,,,
4305,4305,,,,
4306,4306,,,,
4307,4307,,,,
4308,4308,,,,
4309,4309,,,,
4310,4310,,,,
4311,4311,,,,
4312,4312,,,,
4313,4313,,,,
4314,4314,,,,
4315,4315,,,,
4316,4316,,,,
4317,4317,,,,
4318,4318,,,,
4319,4319,,,,
4320,4320,,,,
4321,4321,,,,
4322,4322,,,,
4323,4323,,,,
4324,4324,,,,
4325,4325,,,,
4326,4326,,,,
4327,4327,,,,
4328,4328,,,,
4329,4329,,,,
4330,4330,,,,
4331,4331,,,,
4332,4332,,,,
4333,4333,,,,
4334,4334,,,,
4335,4335,,,,
4336,4336,,,,
4337,4337,,,,
4338,4338,Fox,Frank Lloyd,Reginald Berkeley,20th Century Fox Film Corporation
4339,4339,,,,
4340,4340,,,,
4341,4341,,,,
4342,4342,,,,
4343,4343,,,,
4344,4344,,,,
4345,4345,,,,
4346,4346,,,,
4347,4347,,,,
4348,4348,,,,
4349,4349,,,,
4350,4350,,,,
4351,4351,,,,
4352,4352,,,,
4353,4353,,,,
4354,4354,,,,
4355,4355,,,,
4356,4356,,,,
4357,4357,,,,
4358,4358,,,,
4359,4359,,,,
4360,4360,,,,
4361,4361,,,,
4362,4362,,,,
4363,4363,,,,
4364,4364,,,,
4365,4365,,,,
4366,4366,,,,
4367,4367,,,,
4368,4368,,,,
4369,4369,,,,
4370,4370,,,,
4371,4371,,,,
4372,4372,,,,
4373,4373,,,,
4374,4374,,,,
4375,4375,,,,
4376,4376,,,,
4377,4377,,,,
4378,4378,,,,
4379,4379,,,,
4380,4380,,,,
4381,4381,,,,
4382,4382,,,,
4383,4383,,,,
4384,4384,,,,
4385,4385,,,,
4386,4386,,,,
4387,4387,,,,
4388,4388,,,,
4389,4389,,,,
4390,4390,,,,
4391,4391,,,,
4392,4392,,,,
4393,4393,,,,
4394,4394,,,,
4395,4395,,,,
4396,4396,,,,
4397,4397,,,,
4398,4398,,,,
4399,4399,,,,
4400,4400,,,,
4401,4401,,,,
4402,4402,,,,
4403,4403,,,,
4404,4404,,,,
4405,4405,,,,
4406,4406,,,,
4407,4407,,,,
4408,4408,,,,
4409,4409,,,,
4410,4410,,,,
4411,4411,,,,
4412,4412,,,,
4413,4413,,,,
4414,4414,,,,
4415,4415,,,,
4416,4416,,,,
4417,4417,,,,
4418,4418,,,,
4419,4419,,,,
4420,4420,,,,
4421,4421,,,,
4422,4422,,,,
4423,4423,,,,
4424,4424,,,,
4425,4425,,,,
4426,4426,,,,
4427,4427,,,,
4428,4428,,,,
4429,4429,,,,
4430,4430,,,,
4431,4431,,,,
4432,4432,,,,
4433,4433,,,,
4434,4434,David Puttnam,Hugh Hudson,Colin Welland,20th Century Fox
4435,4435,,,,
4436,4436,,,,
4437,4437,,,,
4438,4438,,,,
4439,4439,,,,
4440,4440,,,,
4441,4441,,,,
4442,4442,,,,
4443,4443,,,,
4444,4444,,,,
4445,4445,,,,
4446,4446,,,,
4447,4447,,,,
4448,4448,,,,
4449,4449,,,,
4450,4450,,,,
4451,4451,,,,
4452,4452,,,,
4453,4453,,,,
4454,4454,,,,
4455,4455,,,,
4456,4456,,,,
4457,4457,,,,
4458,4458,,,,
4459,4459,,,,
4460,4460,,,,
4461,4461,,,,
4462,4462,,,,
4463,4463,,,,
4464,4464,,,,
4465,4465,,,,
4466,4466,,,,
4467,4467,,,,
4468,4468,,,,
4469,4469,,,,
4470,4470,,,,
4471,4471,,,,
4472,4472,,,,
4473,4473,,,,
4474,4474,,,,
4475,4475,,,,
4476,4476,,,,
4477,4477,,,,
4478,4478,,,,
4479,4479,,,,
4480,4480,,,,
4481,4481,,,,
4482,4482,,,,
4483,4483,,,,
4484,4484,,,,
4485,4485,,,,
4486,4486,Martin Richards,Rob Marshall,Bill Condon,Miramax Films
4487,4487,,,,
4488,4488,,,,
4489,4489,,,,
4490,4490,,,,
4491,4491,,,,
4492,4492,,,,
4493,4493,,,,
4494,4494,,,,
4495,4495,,,,
4496,4496,,,,
4497,4497,,,,
4498,4498,,,,
4499,4499,,,,
4500,4500,,,,
4501,4501,,,,
4502,4502,,,,
4503,4503,,,,
4504,4504,,,,
4505,4505,,,,
4506,4506,,,,
4507,4507,,,,
4508,4508,,,,
4509,4509,,,,
4510,4510,,,,
4511,4511,,,,
4512,4512,,,,
4513,4513,,,,
4514,4514,,,,
4515,4515,,,,
4516,4516,,,,
4517,4517,,,,
4518,4518,Burt Sugarman and Patrick J. Palmer,Randa Haines,"Mark Medoff, Hesper Anderson, Lloyd Fonvielle",Paramount Pictures
4519,4519,,,,
4520,4520,,,,
4521,4521,,,,
4522,4522,,,,
4523,4523,,,,
4524,4524,,,,
4525,4525,,,,
4526,4526,,,,
4527,4527,,,,
4528,4528,,,,
4529,4529,,,,
4530,4530,,,,
4531,4531,,,,
4532,4532,,,,
4533,4533,,,,
4534,4534,,,,
4535,4535,,,,
4536,4536,,,,
4537,4537,,,,
4538,4538,,,,
4539,4539,,,,
4540,4540,,,,
4541,4541,,,,
4542,4542,,,,
4543,4543,,,,
4544,4544,,,,
4545,4545,,,,
4546,4546,,,,
4547,4547,,,,
4548,4548,,,,
4549,4549,,,,
4550,4550,,,,
4551,4551,,,,
4552,4552,,,,
4553,4553,,,,
4554,4554,,,,
4555,4555,,,,
4556,4556,,,,
4557,4557,,,,
4558,4558,Robert Evans,Roman Polanski,Robert Towne,Paramount Pictures
4559,4559,,,,
4560,4560,,,,
4561,4561,,,,
4562,4562,,,,
4563,4563,,,,
4564,4564,,,,
4565,4565,,,,
4566,4566,,,,
4567,4567,,,,
4568,4568,,,,
4569,4569,,,,
4570,4570,,,,
4571,4571,"David Brown, Kit Golden, and Leslie Holleran",Lasse Hallstrom,Robert Nelson Jacobs,Miramax
4572,4572,,,,
4573,4573,,,,
4574,4574,,,,
4575,4575,,,,
4576,4576,,,,
4577,4577,,,,
4578,4578,,,,
4579,4579,,,,
4580,4580,,,,
4581,4581,,,,
4582,4582,,,,
4583,4583,,,,
4584,4584,,,,
4585,4585,,,,
4586,4586,,,,
4587,4587,,,,
4588,4588,,,,
4589,4589,,,,
4590,4590,,,,
4591,4591,,,,
4592,4592,,,,
4593,4593,,,,
4594,4594,,,,
4595,4595,,,,
4596,4596,,,,
4597,4597,,,,
4598,4598,,,,
4599,4599,,,,
4600,4600,,,,
4601,4601,,,,
4602,4602,,,,
4603,4603,,,,
4604,4604,,,,
4605,4605,,,,
4606,4606,,,,
4607,4607,,,,
4608,4608,,,,
4609,4609,,,,
4610,4610,,,,
4611,4611,,,,
4612,4612,,,,
4613,4613,,,,
4614,4614,,,,
4615,4615,,,,
4616,4616,,,,
4617,4617,,,,
4618,4618,,,,
4619,4619,,,,
4620,4620,,,,
4621,4621,,,,
4622,4622,,,,
4623,4623,,,,
4624,4624,,,,
4625,4625,,,,
4626,4626,,,,
4627,4627,,,,
4628,4628,,,,
4629,4629,,,,
4630,4630,,,,
4631,4631,,,,
4632,4632,,,,
4633,4633,,,,
4634,4634,,,,
4635,4635,,,,
4636,4636,,,,
4637,4637,,,,
4638,4638,,,,
4639,4639,,,,
4640,4640,,,,
4641,4641,RKO Radio,Wesley Ruggles,"Howard Estabrook, Edna Ferber",MGM Home Entertainment
4642,4642,,,,
4643,4643,,,,
4644,4644,,,,
4645,4645,,,,
4646,4646,,,,
4647,4647,,,,
4648,4648,,,,
4649,4649,,,,
4650,4650,,,,
4651,4651,,,,
4652,4652,,,,
4653,4653,,,,
4654,4654,,,,
4655,4655,,,,
4656,4656,,,,
4657,4657,,,,
4658,4658,,,,
4659,4659,,,,
4660,4660,,,,
4661,4661,,,,
4662,4662,,,,
4663,4663,,,,
4664,4664,,,,
4665,4665,,,,
4666,4666,,,,
4667,4667,Mercury,Orson Welles,"Herman J. Mankiewicz, Orson Welles",RKO Radio Pictures
4668,4668,,,,
4669,4669,,,,
4670,4670,,,,
4671,4671,,,,
4672,4672,,,,
4673,4673,,,,
4674,4674,,,,
4675,4675,,,,
4676,4676,,,,
4677,4677,,,,
4678,4678,,,,
4679,4679,,,,
4680,4680,,,,
4681,4681,,,,
4682,4682,,,,
4683,4683,,,,
4684,4684,,,,
4685,4685,,,,
4686,4686,,,,
4687,4687,,,,
4688,4688,,,,
4689,4689,,,,
4690,4690,,,,
4691,4691,,,,
4692,4692,,,,
4693,4693,,,,
4694,4694,,,,
4695,4695,,,,
4696,4696,,,,
4697,4697,,,,
4698,4698,,,,
4699,4699,,,,
4700,4700,,,,
4701,4701,,,,
4702,4702,,,,
4703,4703,,,,
4704,4704,,,,
4705,4705,,,,
4706,4706,,,,
4707,4707,,,,
4708,4708,,,,
4709,4709,,,,
4710,4710,,,,
4711,4711,,,,
4712,4712,,,,
4713,4713,,,,
4714,4714,,,,
4715,4715,,,,
4716,4716,,,,
4717,4717,,,,
4718,4718,,,,
4719,4719,,,,
4720,4720,,,,
4721,4721,Walter Wanger,Joseph L. Mankiewicz,"Joseph L. Mankiewicz, Ranald MacDougall, Sidney Buchman",20th Century Fox
4722,4722,,,,
4723,4723,,,,
4724,4724,,,,
4725,4725,,,,
4726,4726,,,,
4727,4727,,,,
4728,4728,,,,
4729,4729,,,,
4730,4730,,,,
4731,4731,,,,
4732,4732,,,,
4733,4733,,,,
4734,4734,,,,
4735,4735,,,,
4736,4736,,,,
4737,4737,,,,
4738,4738,,,,
4739,4739,,,,
4740,4740,,,,
4741,4741,,,,
4742,4742,,,,
4743,4743,,,,
4744,4744,,,,
4745,4745,,,,
4746,4746,,,,
4747,4747,,,,
4748,4748,,,,
4749,4749,,,,
4750,4750,,,,
4751,4751,,,,
4752,4752,,,,
4753,4753,,,,
4754,4754,,,,
4755,4755,,,,
4756,4756,,,,
4757,4757,,,,
4758,4758,,,,
4759,4759,,,,
4760,4760,,,,
4761,4761,,,,
4762,4762,,,,
4763,4763,,,,
4764,4764,,,,
4765,4765,,,,
4766,4766,,,,
4767,4767,,,,
4768,4768,,,,
4769,4769,,,,
4770,4770,,,,
4771,4771,,,,
4772,4772,,,,
4773,4773,,,,
4774,4774,,,,
4775,4775,,,,
4776,4776,,,,
4777,4777,,,,
4778,4778,,,,
4779,4779,,,,
4780,4780,,,,
4781,4781,,,,
4782,4782,,,,
4783,4783,,,,
4784,4784,,,,
4785,4785,,,,
4786,4786,,,,
4787,4787,,,,
4788,4788,,,,
4789,4789,,,,
4790,4790,,,,
4791,4791,,,,
4792,4792,,,,
4793,4793,,,,
4794,4794,Bernard Schwartz,Michael Apted,"Tom Rickman, Thomas Rickman",MCA Universal Home Video
4795,4795,,,,
4796,4796,,,,
4797,4797,,,,
4798,4798,,,,
4799,4799,,,,
4800,4800,,,,
4801,4801,,,,
4802,4802,,,,
4803,4803,,,,
4804,4804,,,,
4805,4805,,,,
4806,4806,,,,
4807,4807,,,,
4808,4808,,,,
4809,4809,,,,
4810,4810,,,,
4811,4811,,,,
4812,4812,,,,
4813,4813,,,,
4814,4814,,,,
4815,4815,,,,
4816,4816,,,,
4817,4817,,,,
4818,4818,,,,
4819,4819,,,,
4820,4820,,,,
4821,4821,,,,
4822,4822,,,,
4823,4823,,,,
4824,4824,,,,
4825,4825,,,,
4826,4826,,,,
4827,4827,,,,
4828,4828,,,,
4829,4829,,,,
4830,4830,,,,
4831,4831,,,,
4832,4832,,,,
4833,4833,,,,
4834,4834,,,,
4835,4835,,,,
4836,4836,,,,
4837,4837,,,,
4838,4838,,,,
4839,4839,,,,
4840,4840,,,,
4841,4841,,,,
4842,4842,,,,
4843,4843,,,,
4844,4844,,,,
4845,4845,,,,
4846,4846,,,,
4847,4847,,,,
4848,4848,,,,
4849,4849,,,,
4850,4850,,,,
4851,4851,,,,
4852,4852,,,,
4853,4853,,,,
4854,4854,,,,
4855,4855,,,,
4856,4856,,,,
4857,4857,,,,
4858,4858,,,,
4859,4859,,,,
4860,4860,,,,
4861,4861,,,,
4862,4862,,,,
4863,4863,,,,
4864,4864,,,,
4865,4865,,,,
4866,4866,,,,
4867,4867,,,,
4868,4868,,,,
4869,4869,,,,
4870,4870,,,,
4871,4871,,,,
4872,4872,,,,
4873,4873,,,,
4874,4874,,,,
4875,4875,,,,
4876,4876,,,,
4877,4877,,,,
4878,4878,,,,
4879,4879,,,,
4880,4880,,,,
4881,4881,,,,
4882,4882,,,,
4883,4883,,,,
4884,4884,,,,
4885,4885,,,,
4886,4886,,,,
4887,4887,,,,
4888,4888,,,,
4889,4889,,,,
4890,4890,,,,
4891,4891,,,,
4892,4892,,,,
4893,4893,,,,
4894,4894,,,,
4895,4895,,,,
4896,4896,,,,
4897,4897,,,,
4898,4898,,,,
4899,4899,,,,
4900,4900,,,,
4901,4901,,,,
4902,4902,,,,
4903,4903,,,,
4904,4904,,,,
4905,4905,,,,
4906,4906,,,,
4907,4907,,,,
4908,4908,,,,
4909,4909,,,,
4910,4910,,,,
4911,4911,,,,
4912,4912,,,,
4913,4913,,,,
4914,4914,,,,
4915,4915,,,,
4916,4916,,,,
4917,4917,,,,
4918,4918,,,,
4919,4919,,,,
4920,4920,,,,
4921,4921,,,,
4922,4922,,,,
4923,4923,,,,
4924,4924,,,,
4925,4925,,,,
4926,4926,,,,
4927,4927,,,,
4928,4928,,,,
4929,4929,,,,
4930,4930,,,,
4931,4931,,,,
4932,4932,,,,
4933,4933,,,,
4934,4934,,,,
4935,4935,,,,
4936,4936,,,,
4937,4937,,,,
4938,4938,,,,
4939,4939,,,,
4940,4940,,,,
4941,4941,,,,
4942,4942,,,,
4943,4943,,,,
4944,4944,,,,
4945,4945,,,,
4946,4946,,,,
4947,4947,,,,
4948,4948,,,,
4949,4949,,,,
4950,4950,,,,
4951,4951,,,,
4952,4952,,,,
4953,4953,,,,
4954,4954,,,,
4955,4955,,,,
4956,4956,,,,
4957,4957,,,,
4958,4958,,,,
4959,4959,,,,
4960,4960,,,,
4961,4961,,,,
4962,4962,,,,
4963,4963,,,,
4964,4964,,,,
4965,4965,,,,
4966,4966,,,,
4967,4967,,,,
4968,4968,,,,
4969,4969,,,,
4970,4970,,,,
4971,4971,,,,
4972,4972,,,,
4973,4973,,,,
4974,4974,,,,
4975,4975,,,,
4976,4976,,,,
4977,4977,,,,
4978,4978,,,,
4979,4979,,,,
4980,4980,,,,
4981,4981,,,,
4982,4982,,,,
4983,4983,,,,
4984,4984,,,,
4985,4985,,,,
4986,4986,,,,
4987,4987,,,,
4988,4988,,,,
4989,4989,,,,
4990,4990,,,,
4991,4991,,,,
4992,4992,,,,
4993,4993,,,,
4994,4994,,,,
4995,4995,,,,
4996,4996,,,,
4997,4997,,,,
4998,4998,,,,
4999,4999,,,,
5000,5000,,,,
5001,5001,,,,
5002,5002,,,,
5003,5003,,,,
5004,5004,,,,
5005,5005,,,,
5006,5006,,,,
5007,5007,,,,
5008,5008,,,,
5009,5009,,,,
5010,5010,,,,
5011,5011,,,,
5012,5012,,,,
5013,5013,,,,
5014,5014,,,,
5015,5015,,,,
5016,5016,,,,
5017,5017,,,,
5018,5018,,,,
5019,5019,,,,
5020,5020,,,,
5021,5021,,,,
5022,5022,,,,
5023,5023,,,,
5024,5024,,,,
5025,5025,,,,
5026,5026,,,,
5027,5027,,,,
5028,5028,,,,
5029,5029,,,,
5030,5030,,,,
5031,5031,,,,
5032,5032,,,,
5033,5033,,,,
5034,5034,,,,
5035,5035,,,,
5036,5036,,,,
5037,5037,,,,
5038,5038,,,,
5039,5039,,,,
5040,5040,,,,
5041,5041,,,,
5042,5042,,,,
5043,5043,,,,
5044,5044,,,,
5045,5045,,,,
5046,5046,,,,
5047,5047,,,,
5048,5048,,,,
5049,5049,,,,
5050,5050,,,,
5051,5051,,,,
5052,5052,,,,
5053,5053,,,,
5054,5054,,,,
5055,5055,,,,
5056,5056,,,,
5057,5057,,,,
5058,5058,,,,
5059,5059,,,,
5060,5060,,,,
5061,5061,,,,
5062,5062,,,,
5063,5063,,,,
5064,5064,,,,
5065,5065,,,,
5066,5066,,,,
5067,5067,,,,
5068,5068,,,,
5069,5069,,,,
5070,5070,,,,
5071,5071,,,,
5072,5072,,,,
5073,5073,,,,
5074,5074,,,,
5075,5075,,,,
5076,5076,,,,
5077,5077,,,,
5078,5078,Paul Haggis and Cathy Schulman,Paul Haggis,"Bobby Moresco, Paul Haggis",Lions Gate Films
5079,5079,,,,
5080,5080,,,,
5081,5081,,,,
5082,5082,,,,
5083,5083,,,,
5084,5084,,,,
5085,5085,,,,
5086,5086,,,,
5087,5087,,,,
5088,5088,,,,
5089,5089,,,,
5090,5090,,,,
5091,5091,,,,
5092,5092,,,,
5093,5093,,,,
5094,5094,,,,
5095,5095,,,,
5096,5096,,,,
5097,5097,,,,
5098,5098,,,,
5099,5099,,,,
5100,5100,,,,
5101,5101,,,,
5102,5102,,,,
5103,5103,,,,
5104,5104,,,,
5105,5105,,,,
5106,5106,,,,
5107,5107,,,,
5108,5108,,,,
5109,5109,,,,
5110,5110,,,,
5111,5111,,,,
5112,5112,,,,
5113,5113,,,,
5114,5114,,,,
5115,5115,,,,
5116,5116,,,,
5117,5117,,,,
5118,5118,,,,
5119,5119,,,,
5120,5120,,,,
5121,5121,,,,
5122,5122,,,,
5123,5123,,,,
5124,5124,,,,
5125,5125,,,,
5126,5126,,,,
5127,5127,,,,
5128,5128,,,,
5129,5129,,,,
5130,5130,,,,
5131,5131,,,,
5132,5132,,,,
5133,5133,,,,
5134,5134,,,,
5135,5135,,,,
5136,5136,,,,
5137,5137,,,,
5138,5138,,,,
5139,5139,,,,
5140,5140,,,,
5141,5141,,,,
5142,5142,,,,
5143,5143,,,,
5144,5144,,,,
5145,5145,,,,
5146,5146,,,,
5147,5147,,,,
5148,5148,,,,
5149,5149,,,,
5150,5150,,,,
5151,5151,,,,
5152,5152,,,,
5153,5153,,,,
5154,5154,,,,
5155,5155,,,,
5156,5156,,,,
5157,5157,,,,
5158,5158,,,,
5159,5159,,,,
5160,5160,,,,
5161,5161,,,,
5162,5162,,,,
5163,5163,,,,
5164,5164,,,,
5165,5165,,,,
5166,5166,,,,
5167,5167,,,,
5168,5168,,,,
5169,5169,,,,
5170,5170,,,,
5171,5171,,,,
5172,5172,,,,
5173,5173,,,,
5174,5174,,,,
5175,5175,,,,
5176,5176,Ingmar Bergman,Ingmar Bergman,Ingmar Bergman,Criterion Collection
5177,5177,,,,
5178,5178,,,,
5179,5179,,,,
5180,5180,,,,
5181,5181,,,,
5182,5182,,,,
5183,5183,,,,
5184,5184,,,,
5185,5185,,,,
5186,5186,,,,
5187,5187,,,,
5188,5188,,,,
5189,5189,,,,
5190,5190,,,,
5191,5191,,,,
5192,5192,,,,
5193,5193,,,,
5194,5194,,,,
5195,5195,,,,
5196,5196,,,,
5197,5197,,,,
5198,5198,,,,
5199,5199,,,,
5200,5200,,,,
5201,5201,,,,
5202,5202,,,,
5203,5203,,,,
5204,5204,,,,
5205,5205,,,,
5206,5206,,,,
5207,5207,,,,
5208,5208,,,,
5209,5209,,,,
5210,5210,,,,
5211,5211,,,,
5212,5212,,,,
5213,5213,,,,
5214,5214,,,,
5215,5215,,,,
5216,5216,,,,
5217,5217,,,,
5218,5218,,,,
5219,5219,,,,
5220,5220,,,,
5221,5221,,,,
5222,5222,,,,
5223,5223,,,,
5224,5224,,,,
5225,5225,,,,
5226,5226,,,,
5227,5227,,,,
5228,5228,,,,
5229,5229,,,,
5230,5230,,,,
5231,5231,,,,
5232,5232,,,,
5233,5233,,,,
5234,5234,RKO Radio,Edward Dmytryk,John Paxton,WARNER BROTHERS PICTURES
5235,5235,,,,
5236,5236,,,,
5237,5237,,,,
5238,5238,,,,
5239,5239,,,,
5240,5240,,,,
5241,5241,,,,
5242,5242,,,,
5243,5243,,,,
5244,5244,,,,
5245,5245,,,,
5246,5246,,,,
5247,5247,,,,
5248,5248,,,,
5249,5249,,,,
5250,5250,,,,
5251,5251,,,,
5252,5252,,,,
5253,5253,,,,
5254,5254,,,,
5255,5255,,,,
5256,5256,,,,
5257,5257,,,,
5258,5258,,,,
5259,5259,,,,
5260,5260,,,,
5261,5261,,,,
5262,5262,,,,
5263,5263,,,,
5264,5264,,,,
5265,5265,,,,
5266,5266,,,,
5267,5267,,,,
5268,5268,,,,
5269,5269,,,,
5270,5270,,,,
5271,5271,,,,
5272,5272,,,,
5273,5273,,,,
5274,5274,,,,
5275,5275,,,,
5276,5276,,,,
5277,5277,,,,
5278,5278,,,,
5279,5279,,,,
5280,5280,,,,
5281,5281,,,,
5282,5282,,,,
5283,5283,,,,
5284,5284,,,,
5285,5285,,,,
5286,5286,,,,
5287,5287,,,,
5288,5288,,,,
5289,5289,,,,
5290,5290,,,,
5291,5291,,,,
5292,5292,,,,
5293,5293,,,,
5294,5294,,,,
5295,5295,,,,
5296,5296,,,,
5297,5297,,,,
5298,5298,,,,
5299,5299,,,,
5300,5300,,,,
5301,5301,,,,
5302,5302,,,,
5303,5303,,,,
5304,5304,,,,
5305,5305,,,,
5306,5306,,,,
5307,5307,,,,
5308,5308,,,,
5309,5309,,,,
5310,5310,,,,
5311,5311,,,,
5312,5312,,,,
5313,5313,,,,
5314,5314,,,,
5315,5315,,,,
5316,5316,,,,
5317,5317,,,,
5318,5318,,,,
5319,5319,,,,
5320,5320,,,,
5321,5321,,,,
5322,5322,,,,
5323,5323,,,,
5324,5324,,,,
5325,5325,,,,
5326,5326,,,,
5327,5327,,,,
5328,5328,,,,
5329,5329,,,,
5330,5330,,,,
5331,5331,,,,
5332,5332,,,,
5333,5333,,,,
5334,5334,,,,
5335,5335,,,,
5336,5336,,,,
5337,5337,,,,
5338,5338,,,,
5339,5339,,,,
5340,5340,,,,
5341,5341,,,,
5342,5342,,,,
5343,5343,,,,
5344,5344,,,,
5345,5345,,,,
5346,5346,,,,
5347,5347,,,,
5348,5348,,,,
5349,5349,,,,
5350,5350,,,,
5351,5351,,,,
5352,5352,,,,
5353,5353,,,,
5354,5354,,,,
5355,5355,,,,
5356,5356,,,,
5357,5357,,,,
5358,5358,,,,
5359,5359,,,,
5360,5360,,,,
5361,5361,,,,
5362,5362,,,,
5363,5363,,,,
5364,5364,,,,
5365,5365,,,,
5366,5366,,,,
5367,5367,,,,
5368,5368,,,,
5369,5369,,,,
5370,5370,,,,
5371,5371,,,,
5372,5372,,,,
5373,5373,,,,
5374,5374,,,,
5375,5375,,,,
5376,5376,,,,
5377,5377,,,,
5378,5378,,,,
5379,5379,,,,
5380,5380,,,,
5381,5381,,,,
5382,5382,,,,
5383,5383,,,,
5384,5384,,,,
5385,5385,,,,
5386,5386,,,,
5387,5387,,,,
5388,5388,,,,
5389,5389,,,,
5390,5390,,,,
5391,5391,,,,
5392,5392,,,,
5393,5393,,,,
5394,5394,,,,
5395,5395,,,,
5396,5396,,,,
5397,5397,,,,
5398,5398,,,,
5399,5399,,,,
5400,5400,,,,
5401,5401,,,,
5402,5402,,,,
5403,5403,,,,
5404,5404,,,,
5405,5405,,,,
5406,5406,,,,
5407,5407,,,,
5408,5408,,,,
5409,5409,,,,
5410,5410,,,,
5411,5411,,,,
5412,5412,,,,
5413,5413,,,,
5414,5414,,,,
5415,5415,,,,
5416,5416,,,,
5417,5417,,,,
5418,5418,,,,
5419,5419,,,,
5420,5420,,,,
5421,5421,,,,
5422,5422,,,,
5423,5423,,,,
5424,5424,,,,
5425,5425,,,,
5426,5426,,,,
5427,5427,,,,
5428,5428,,,,
5429,5429,,,,
5430,5430,,,,
5431,5431,,,,
5432,5432,,,,
5433,5433,,,,
5434,5434,,,,
5435,5435,,,,
5436,5436,,,,
5437,5437,,,,
5438,5438,,,,
5439,5439,,,,
5440,5440,,,,
5441,5441,,,,
5442,5442,,,,
5443,5443,,,,
5444,5444,,,,
5445,5445,,,,
5446,5446,,,,
5447,5447,,,,
5448,5448,,,,
5449,5449,,,,
5450,5450,,,,
5451,5451,,,,
5452,5452,,,,
5453,5453,,,,
5454,5454,,,,
5455,5455,,,,
5456,5456,,,,
5457,5457,,,,
5458,5458,,,,
5459,5459,,,,
5460,5460,,,,
5461,5461,,,,
5462,5462,,,,
5463,5463,,,,
5464,5464,,,,
5465,5465,,,,
5466,5466,,,,
5467,5467,,,,
5468,5468,,,,
5469,5469,,,,
5470,5470,,,,
5471,5471,,,,
5472,5472,,,,
5473,5473,,,,
5474,5474,,,,
5475,5475,,,,
5476,5476,,,,
5477,5477,,,,
5478,5478,,,,
5479,5479,,,,
5480,5480,,,,
5481,5481,,,,
5482,5482,,,,
5483,5483,,,,
5484,5484,,,,
5485,5485,,,,
5486,5486,,,,
5487,5487,,,,
5488,5488,,,,
5489,5489,,,,
5490,5490,,,,
5491,5491,,,,
5492,5492,,,,
5493,5493,,,,
5494,5494,,,,
5495,5495,,,,
5496,5496,,,,
5497,5497,,,,
5498,5498,,,,
5499,5499,,,,
5500,5500,,,,
5501,5501,,,,
5502,5502,,,,
5503,5503,,,,
5504,5504,,,,
5505,5505,,,,
5506,5506,,,,
5507,5507,,,,
5508,5508,,,,
5509,5509,,,,
5510,5510,,,,
5511,5511,,,,
5512,5512,,,,
5513,5513,,,,
5514,5514,,,,
5515,5515,,,,
5516,5516,,,,
5517,5517,,,,
5518,5518,,,,
5519,5519,,,,
5520,5520,,,,
5521,5521,,,,
5522,5522,,,,
5523,5523,,,,
5524,5524,,,,
5525,5525,,,,
5526,5526,,,,
5527,5527,Robbie Brenner and Rachel Winter,Jean-Marc Vallée,"Craig Borten, Melisa Wallack",Focus Features
5528,5528,,,,
5529,5529,,,,
5530,5530,,,,
5531,5531,,,,
5532,5532,,,,
5533,5533,,,,
5534,5534,,,,
5535,5535,,,,
5536,5536,,,,
5537,5537,,,,
5538,5538,,,,
5539,5539,,,,
5540,5540,,,,
5541,5541,,,,
5542,5542,,,,
5543,5543,,,,
5544,5544,,,,
5545,5545,,,,
5546,5546,,,,
5547,5547,,,,
5548,5548,,,,
5549,5549,,,,
5550,5550,,,,
5551,5551,,,,
5552,5552,,,,
5553,5553,,,,
5554,5554,,,,
5555,5555,,,,
5556,5556,,,,
5557,5557,,,,
5558,5558,,,,
5559,5559,,,,
5560,5560,,,,
5561,5561,,,,
5562,5562,,,,
5563,5563,,,,
5564,5564,,,,
5565,5565,,,,
5566,5566,,,,
5567,5567,,,,
5568,5568,,,,
5569,5569,Norma Heyman and Hank Moonjean,Stephen Frears,Christopher Hampton,Warner Home Video
5570,5570,,,,
5571,5571,,,,
5572,5572,,,,
5573,5573,,,,
5574,5574,,,,
5575,5575,,,,
5576,5576,,,,
5577,5577,,,,
5578,5578,,,,
5579,5579,,,,
5580,5580,,,,
5581,5581,,,,
5582,5582,,,,
5583,5583,,,,
5584,5584,,,,
5585,5585,,,,
5586,5586,,,,
5587,5587,,,,
5588,5588,,,,
5589,5589,,,,
5590,5590,,,,
5591,5591,,,,
5592,5592,,,,
5593,5593,,,,
5594,5594,,,,
5595,5595,,,,
5596,5596,,,,
5597,5597,,,,
5598,5598,,,,
5599,5599,,,,
5600,5600,,,,
5601,5601,,,,
5602,5602,,,,
5603,5603,,,,
5604,5604,,,,
5605,5605,,,,
5606,5606,,,,
5607,5607,,,,
5608,5608,,,,
5609,5609,,,,
5610,5610,,,,
5611,5611,,,,
5612,5612,,,,
5613,5613,,,,
5614,5614,,,,
5615,5615,,,,
5616,5616,,,,
5617,5617,,,,
5618,5618,,,,
5619,5619,,,,
5620,5620,,,,
5621,5621,,,,
5622,5622,,,,
5623,5623,,,,
5624,5624,,,,
5625,5625,,,,
5626,5626,,,,
5627,5627,,,,
5628,5628,,,,
5629,5629,,,,
5630,5630,,,,
5631,5631,,,,
5632,5632,,,,
5633,5633,,,,
5634,5634,,,,
5635,5635,,,,
5636,5636,,,,
5637,5637,,,,
5638,5638,,,,
5639,5639,,,,
5640,5640,,,,
5641,5641,,,,
5642,5642,,,,
5643,5643,,,,
5644,5644,,,,
5645,5645,,,,
5646,5646,,,,
5647,5647,,,,
5648,5648,,,,
5649,5649,,,,
5650,5650,,,,
5651,5651,,,,
5652,5652,,,,
5653,5653,,,,
5654,5654,,,,
5655,5655,,,,
5656,5656,,,,
5657,5657,,,,
5658,5658,,,,
5659,5659,,,,
5660,5660,,,,
5661,5661,,,,
5662,5662,,,,
5663,5663,,,,
5664,5664,,,,
5665,5665,,,,
5666,5666,,,,
5667,5667,,,,
5668,5668,,,,
5669,5669,,,,
5670,5670,,,,
5671,5671,,,,
5672,5672,,,,
5673,5673,,,,
5674,5674,,,,
5675,5675,,,,
5676,5676,,,,
5677,5677,,,,
5678,5678,,,,
5679,5679,,,,
5680,5680,,,,
5681,5681,,,,
5682,5682,,,,
5683,5683,,,,
5684,5684,,,,
5685,5685,,,,
5686,5686,,,,
5687,5687,,,,
5688,5688,,,,
5689,5689,,,,
5690,5690,,,,
5691,5691,,,,
5692,5692,,,,
5693,5693,,,,
5694,5694,,,,
5695,5695,,,,
5696,5696,,,,
5697,5697,,,,
5698,5698,,,,
5699,5699,,,,
5700,5700,,,,
5701,5701,,,,
5702,5702,,,,
5703,5703,,,,
5704,5704,,,,
5705,5705,,,,
5706,5706,,,,
5707,5707,,,,
5708,5708,Warner Bros.-First National,Edmund Goulding,"Casey Robinson, Bertram Bloch",Twentieth Century Fox Home Entertainment
5709,5709,,,,
5710,5710,,,,
5711,5711,,,,
5712,5712,,,,
5713,5713,,,,
5714,5714,,,,
5715,5715,,,,
5716,5716,,,,
5717,5717,,,,
5718,5718,,,,
5719,5719,,,,
5720,5720,,,,
5721,5721,,,,
5722,5722,,,,
5723,5723,,,,
5724,5724,,,,
5725,5725,,,,
5726,5726,,,,
5727,5727,,,,
5728,5728,,,,
5729,5729,,,,
5730,5730,,,,
5731,5731,,,,
5732,5732,,,,
5733,5733,,,,
5734,5734,"Tim Bevan, Eric Fellner, Lisa Bruce, Anthony McCarten, and Douglas Urbanski",Joe Wright,Anthony McCarten,Focus Features
5735,5735,,,,
5736,5736,,,,
5737,5737,,,,
5738,5738,,,,
5739,5739,,,,
5740,5740,,,,
5741,5741,,,,
5742,5742,,,,
5743,5743,,,,
5744,5744,,,,
5745,5745,,,,
5746,5746,,,,
5747,5747,,,,
5748,5748,,,,
5749,5749,,,,
5750,5750,,,,
5751,5751,,,,
5752,5752,,,,
5753,5753,,,,
5754,5754,,,,
5755,5755,,,,
5756,5756,,,,
5757,5757,,,,
5758,5758,,,,
5759,5759,,,,
5760,5760,,,,
5761,5761,,,,
5762,5762,Joseph Janni,John Schlesinger,Frederic Raphael,Lionsgate
5763,5763,,,,
5764,5764,,,,
5765,5765,,,,
5766,5766,,,,
5767,5767,,,,
5768,5768,,,,
5769,5769,,,,
5770,5770,,,,
5771,5771,,,,
5772,5772,,,,
5773,5773,,,,
5774,5774,,,,
5775,5775,,,,
5776,5776,,,,
5777,5777,,,,
5778,5778,,,,
5779,5779,,,,
5780,5780,,,,
5781,5781,,,,
5782,5782,,,,
5783,5783,,,,
5784,5784,,,,
5785,5785,,,,
5786,5786,,,,
5787,5787,,,,
5788,5788,,,,
5789,5789,,,,
5790,5790,,,,
5791,5791,,,,
5792,5792,,,,
5793,5793,,,,
5794,5794,,,,
5795,5795,,,,
5796,5796,,,,
5797,5797,,,,
5798,5798,,,,
5799,5799,,,,
5800,5800,,,,
5801,5801,,,,
5802,5802,,,,
5803,5803,,,,
5804,5804,,,,
5805,5805,,,,
5806,5806,,,,
5807,5807,,,,
5808,5808,,,,
5809,5809,,,,
5810,5810,,,,
5811,5811,,,,
5812,5812,,,,
5813,5813,,,,
5814,5814,,,,
5815,5815,,,,
5816,5816,,,,
5817,5817,,,,
5818,5818,,,,
5819,5819,,,,
5820,5820,,,,
5821,5821,,,,
5822,5822,,,,
5823,5823,,,,
5824,5824,,,,
5825,5825,,,,
5826,5826,,,,
5827,5827,,,,
5828,5828,,,,
5829,5829,,,,
5830,5830,,,,
5831,5831,,,,
5832,5832,,,,
5833,5833,,,,
5834,5834,,,,
5835,5835,,,,
5836,5836,,,,
5837,5837,,,,
5838,5838,,,,
5839,5839,,,,
5840,5840,,,,
5841,5841,,,,
5842,5842,,,,
5843,5843,,,,
5844,5844,,,,
5845,5845,,,,
5846,5846,,,,
5847,5847,,,,
5848,5848,,,,
5849,5849,,,,
5850,5850,,,,
5851,5851,,,,
5852,5852,,,,
5853,5853,,,,
5854,5854,,,,
5855,5855,,,,
5856,5856,,,,
5857,5857,,,,
5858,5858,,,,
5859,5859,,,,
5860,5860,,,,
5861,5861,,,,
5862,5862,,,,
5863,5863,,,,
5864,5864,,,,
5865,5865,,,,
5866,5866,,,,
5867,5867,,,,
5868,5868,,,,
5869,5869,,,,
5870,5870,,,,
5871,5871,,,,
5872,5872,,,,
5873,5873,,,,
5874,5874,,,,
5875,5875,,,,
5876,5876,,,,
5877,5877,,,,
5878,5878,,,,
5879,5879,,,,
5880,5880,,,,
5881,5881,,,,
5882,5882,,,,
5883,5883,,,,
5884,5884,,,,
5885,5885,,,,
5886,5886,,,,
5887,5887,,,,
5888,5888,,,,
5889,5889,,,,
5890,5890,,,,
5891,5891,,,,
5892,5892,,,,
5893,5893,,,,
5894,5894,,,,
5895,5895,,,,
5896,5896,,,,
5897,5897,,,,
5898,5898,,,,
5899,5899,,,,
5900,5900,,,,
5901,5901,Samuel Goldwyn Productions,William Wyler,Lillian Hellman,MGM
5902,5902,,,,
5903,5903,,,,
5904,5904,,,,
5905,5905,,,,
5906,5906,,,,
5907,5907,,,,
5908,5908,,,,
5909,5909,,,,
5910,5910,,,,
5911,5911,,,,
5912,5912,,,,
5913,5913,,,,
5914,5914,,,,
5915,5915,,,,
5916,5916,,,,
5917,5917,,,,
5918,5918,,,,
5919,5919,,,,
5920,5920,,,,
5921,5921,,,,
5922,5922,,,,
5923,5923,,,,
5924,5924,,,,
5925,5925,,,,
5926,5926,,,,
5927,5927,,,,
5928,5928,,,,
5929,5929,,,,
5930,5930,,,,
5931,5931,,,,
5932,5932,,,,
5933,5933,,,,
5934,5934,,,,
5935,5935,,,,
5936,5936,,,,
5937,5937,,,,
5938,5938,,,,
5939,5939,,,,
5940,5940,,,,
5941,5941,,,,
5942,5942,,,,
5943,5943,,,,
5944,5944,,,,
5945,5945,,,,
5946,5946,,,,
5947,5947,,,,
5948,5948,,,,
5949,5949,,,,
5950,5950,,,,
5951,5951,,,,
5952,5952,,,,
5953,5953,,,,
5954,5954,,,,
5955,5955,,,,
5956,5956,,,,
5957,5957,,,,
5958,5958,,,,
5959,5959,,,,
5960,5960,,,,
5961,5961,"Steven Haft, Paul Junger Witt, and Tony Thomas",Peter Weir,Tom Schulman,Buena Vista Pictures
5962,5962,,,,
5963,5963,,,,
5964,5964,,,,
5965,5965,,,,
5966,5966,,,,
5967,5967,,,,
5968,5968,,,,
5969,5969,,,,
5970,5970,,,,
5971,5971,,,,
5972,5972,,,,
5973,5973,,,,
5974,5974,,,,
5975,5975,,,,
5976,5976,,,,
5977,5977,,,,
5978,5978,,,,
5979,5979,,,,
5980,5980,,,,
5981,5981,,,,
5982,5982,,,,
5983,5983,,,,
5984,5984,,,,
5985,5985,,,,
5986,5986,,,,
5987,5987,,,,
5988,5988,,,,
5989,5989,,,,
5990,5990,,,,
5991,5991,,,,
5992,5992,,,,
5993,5993,,,,
5994,5994,,,,
5995,5995,,,,
5996,5996,,,,
5997,5997,,,,
5998,5998,,,,
5999,5999,,,,
6000,6000,,,,
6001,6001,,,,
6002,6002,,,,
6003,6003,,,,
6004,6004,,,,
6005,6005,,,,
6006,6006,,,,
6007,6007,,,,
6008,6008,,,,
6009,6009,,,,
6010,6010,,,,
6011,6011,,,,
6012,6012,,,,
6013,6013,,,,
6014,6014,,,,
6015,6015,,,,
6016,6016,,,,
6017,6017,,,,
6018,6018,,,,
6019,6019,,,,
6020,6020,,,,
6021,6021,,,,
6022,6022,,,,
6023,6023,,,,
6024,6024,,,,
6025,6025,,,,
6026,6026,,,,
6027,6027,,,,
6028,6028,,,,
6029,6029,,,,
6030,6030,,,,
6031,6031,,,,
6032,6032,,,,
6033,6033,,,,
6034,6034,,,,
6035,6035,,,,
6036,6036,,,,
6037,6037,,,,
6038,6038,,,,
6039,6039,,,,
6040,6040,,,,
6041,6041,,,,
6042,6042,,,,
6043,6043,,,,
6044,6044,,,,
6045,6045,,,,
6046,6046,,,,
6047,6047,,,,
6048,6048,,,,
6049,6049,,,,
6050,6050,,,,
6051,6051,,,,
6052,6052,,,,
6053,6053,,,,
6054,6054,,,,
6055,6055,,,,
6056,6056,,,,
6057,6057,,,,
6058,6058,,,,
6059,6059,,,,
6060,6060,,,,
6061,6061,,,,
6062,6062,,,,
6063,6063,,,,
6064,6064,,,,
6065,6065,,,,
6066,6066,,,,
6067,6067,,,,
6068,6068,,,,
6069,6069,,,,
6070,6070,,,,
6071,6071,,,,
6072,6072,,,,
6073,6073,,,,
6074,6074,,,,
6075,6075,,,,
6076,6076,,,,
6077,6077,,,,
6078,6078,,,,
6079,6079,,,,
6080,6080,,,,
6081,6081,,,,
6082,6082,,,,
6083,6083,,,,
6084,6084,,,,
6085,6085,,,,
6086,6086,,,,
6087,6087,,,,
6088,6088,,,,
6089,6089,,,,
6090,6090,,,,
6091,6091,,,,
6092,6092,,,,
6093,6093,,,,
6094,6094,,,,
6095,6095,,,,
6096,6096,,,,
6097,6097,,,,
6098,6098,,,,
6099,6099,,,,
6100,6100,,,,
6101,6101,,,,
6102,6102,,,,
6103,6103,,,,
6104,6104,,,,
6105,6105,,,,
6106,6106,,,,
6107,6107,,,,
6108,6108,,,,
6109,6109,,,,
6110,6110,,,,
6111,6111,,,,
6112,6112,,,,
6113,6113,,,,
6114,6114,,,,
6115,6115,,,,
6116,6116,,,,
6117,6117,,,,
6118,6118,,,,
6119,6119,,,,
6120,6120,,,,
6121,6121,,,,
6122,6122,,,,
6123,6123,,,,
6124,6124,,,,
6125,6125,,,,
6126,6126,,,,
6127,6127,,,,
6128,6128,,,,
6129,6129,,,,
6130,6130,,,,
6131,6131,,,,
6132,6132,,,,
6133,6133,,,,
6134,6134,,,,
6135,6135,,,,
6136,6136,,,,
6137,6137,,,,
6138,6138,,,,
6139,6139,,,,
6140,6140,,,,
6141,6141,,,,
6142,6142,,,,
6143,6143,,,,
6144,6144,,,,
6145,6145,,,,
6146,6146,,,,
6147,6147,,,,
6148,6148,,,,
6149,6149,,,,
6150,6150,,,,
6151,6151,,,,
6152,6152,,,,
6153,6153,,,,
6154,6154,,,,
6155,6155,,,,
6156,6156,,,,
6157,6157,,,,
6158,6158,,,,
6159,6159,,,,
6160,6160,,,,
6161,6161,,,,
6162,6162,,,,
6163,6163,,,,
6164,6164,,,,
6165,6165,,,,
6166,6166,,,,
6167,6167,,,,
6168,6168,,,,
6169,6169,,,,
6170,6170,,,,
6171,6171,,,,
6172,6172,,,,
6173,6173,,,,
6174,6174,,,,
6175,6175,,,,
6176,6176,,,,
6177,6177,,,,
6178,6178,,,,
6179,6179,,,,
6180,6180,,,,
6181,6181,,,,
6182,6182,,,,
6183,6183,,,,
6184,6184,,,,
6185,6185,,,,
6186,6186,,,,
6187,6187,,,,
6188,6188,,,,
6189,6189,,,,
6190,6190,,,,
6191,6191,,,,
6192,6192,,,,
6193,6193,,,,
6194,6194,,,,
6195,6195,,,,
6196,6196,,,,
6197,6197,,,,
6198,6198,,,,
6199,6199,,,,
6200,6200,,,,
6201,6201,,,,
6202,6202,,,,
6203,6203,,,,
6204,6204,,,,
6205,6205,,,,
6206,6206,,,,
6207,6207,,,,
6208,6208,,,,
6209,6209,,,,
6210,6210,,,,
6211,6211,,,,
6212,6212,,,,
6213,6213,,,,
6214,6214,,,,
6215,6215,,,,
6216,6216,,,,
6217,6217,,,,
6218,6218,,,,
6219,6219,,,,
6220,6220,,,,
6221,6221,,,,
6222,6222,,,,
6223,6223,,,,
6224,6224,,,,
6225,6225,,,,
6226,6226,,,,
6227,6227,,,,
6228,6228,,,,
6229,6229,,,,
6230,6230,,,,
6231,6231,,,,
6232,6232,,,,
6233,6233,,,,
6234,6234,,,,
6235,6235,,,,
6236,6236,,,,
6237,6237,,,,
6238,6238,,,,
6239,6239,,,,
6240,6240,,,,
6241,6241,,,,
6242,6242,,,,
6243,6243,,,,
6244,6244,,,,
6245,6245,,,,
6246,6246,,,,
6247,6247,,,,
6248,6248,,,,
6249,6249,,,,
6250,6250,,,,
6251,6251,,,,
6252,6252,,,,
6253,6253,,,,
6254,6254,,,,
6255,6255,,,,
6256,6256,,,,
6257,6257,,,,
6258,6258,,,,
6259,6259,,,,
6260,6260,,,,
6261,6261,,,,
6262,6262,,,,
6263,6263,,,,
6264,6264,,,,
6265,6265,,,,
6266,6266,,,,
6267,6267,,,,
6268,6268,,,,
6269,6269,,,,
6270,6270,,,,
6271,6271,,,,
6272,6272,,,,
6273,6273,,,,
6274,6274,,,,
6275,6275,,,,
6276,6276,,,,
6277,6277,,,,
6278,6278,,,,
6279,6279,,,,
6280,6280,,,,
6281,6281,,,,
6282,6282,,,,
6283,6283,,,,
6284,6284,,,,
6285,6285,,,,
6286,6286,,,,
6287,6287,,,,
6288,6288,,,,
6289,6289,,,,
6290,6290,,,,
6291,6291,,,,
6292,6292,,,,
6293,6293,,,,
6294,6294,,,,
6295,6295,,,,
6296,6296,,,,
6297,6297,,,,
6298,6298,,,,
6299,6299,,,,
6300,6300,,,,
6301,6301,,,,
6302,6302,,,,
6303,6303,,,,
6304,6304,,,,
6305,6305,,,,
6306,6306,,,,
6307,6307,,,,
6308,6308,,,,
6309,6309,,,,
6310,6310,,,,
6311,6311,,,,
6312,6312,,,,
6313,6313,,,,
6314,6314,,,,
6315,6315,,,,
6316,6316,,,,
6317,6317,,,,
6318,6318,,,,
6319,6319,Anatole Litvak and Frank McCarthy,Anatole Litvak,Peter Viertel,20th Century Fox Film Corporation
6320,6320,,,,
6321,6321,,,,
6322,6322,,,,
6323,6323,,,,
6324,6324,,,,
6325,6325,,,,
6326,6326,,,,
6327,6327,,,,
6328,6328,,,,
6329,6329,,,,
6330,6330,,,,
6331,6331,,,,
6332,6332,,,,
6333,6333,,,,
6334,6334,,,,
6335,6335,,,,
6336,6336,,,,
6337,6337,,,,
6338,6338,,,,
6339,6339,,,,
6340,6340,,,,
6341,6341,,,,
6342,6342,,,,
6343,6343,,,,
6344,6344,,,,
6345,6345,,,,
6346,6346,,,,
6347,6347,,,,
6348,6348,,,,
6349,6349,,,,
6350,6350,,,,
6351,6351,,,,
6352,6352,,,,
6353,6353,,,,
6354,6354,,,,
6355,6355,,,,
6356,6356,,,,
6357,6357,,,,
6358,6358,,,,
6359,6359,,,,
6360,6360,,,,
6361,6361,,,,
6362,6362,,,,
6363,6363,,,,
6364,6364,,,,
6365,6365,,,,
6366,6366,,,,
6367,6367,,,,
6368,6368,,,,
6369,6369,,,,
6370,6370,,,,
6371,6371,,,,
6372,6372,,,,
6373,6373,,,,
6374,6374,,,,
6375,6375,,,,
6376,6376,,,,
6377,6377,,,,
6378,6378,,,,
6379,6379,,,,
6380,6380,,,,
6381,6381,,,,
6382,6382,,,,
6383,6383,,,,
6384,6384,,,,
6385,6385,,,,
6386,6386,,,,
6387,6387,,,,
6388,6388,,,,
6389,6389,John Boorman,John Boorman,"James Dickey, Dale Dye",Warner Bros.
6390,6390,,,,
6391,6391,,,,
6392,6392,,,,
6393,6393,,,,
6394,6394,,,,
6395,6395,,,,
6396,6396,,,,
6397,6397,,,,
6398,6398,,,,
6399,6399,,,,
6400,6400,,,,
6401,6401,,,,
6402,6402,,,,
6403,6403,,,,
6404,6404,,,,
6405,6405,,,,
6406,6406,,,,
6407,6407,,,,
6408,6408,,,,
6409,6409,,,,
6410,6410,,,,
6411,6411,,,,
6412,6412,,,,
6413,6413,,,,
6414,6414,,,,
6415,6415,,,,
6416,6416,,,,
6417,6417,,,,
6418,6418,,,,
6419,6419,,,,
6420,6420,,,,
6421,6421,,,,
6422,6422,,,,
6423,6423,,,,
6424,6424,,,,
6425,6425,,,,
6426,6426,,,,
6427,6427,,,,
6428,6428,,,,
6429,6429,,,,
6430,6430,,,,
6431,6431,,,,
6432,6432,,,,
6433,6433,,,,
6434,6434,,,,
6435,6435,,,,
6436,6436,,,,
6437,6437,,,,
6438,6438,,,,
6439,6439,,,,
6440,6440,,,,
6441,6441,,,,
6442,6442,,,,
6443,6443,,,,
6444,6444,,,,
6445,6445,,,,
6446,6446,,,,
6447,6447,,,,
6448,6448,,,,
6449,6449,,,,
6450,6450,,,,
6451,6451,,,,
6452,6452,,,,
6453,6453,,,,
6454,6454,,,,
6455,6455,,,,
6456,6456,,,,
6457,6457,,,,
6458,6458,,,,
6459,6459,,,,
6460,6460,,,,
6461,6461,,,,
6462,6462,,,,
6463,6463,,,,
6464,6464,,,,
6465,6465,,,,
6466,6466,,,,
6467,6467,,,,
6468,6468,,,,
6469,6469,,,,
6470,6470,,,,
6471,6471,,,,
6472,6472,,,,
6473,6473,,,,
6474,6474,,,,
6475,6475,,,,
6476,6476,,,,
6477,6477,,,,
6478,6478,,,,
6479,6479,,,,
6480,6480,,,,
6481,6481,,,,
6482,6482,,,,
6483,6483,,,,
6484,6484,,,,
6485,6485,,,,
6486,6486,,,,
6487,6487,,,,
6488,6488,,,,
6489,6489,,,,
6490,6490,,,,
6491,6491,,,,
6492,6492,,,,
6493,6493,,,,
6494,6494,,,,
6495,6495,,,,
6496,6496,,,,
6497,6497,,,,
6498,6498,,,,
6499,6499,,,,
6500,6500,,,,
6501,6501,,,,
6502,6502,,,,
6503,6503,,,,
6504,6504,,,,
6505,6505,,,,
6506,6506,,,,
6507,6507,,,,
6508,6508,,,,
6509,6509,,,,
6510,6510,,,,
6511,6511,,,,
6512,6512,,,,
6513,6513,,,,
6514,6514,,,,
6515,6515,,,,
6516,6516,,,,
6517,6517,,,,
6518,6518,,,,
6519,6519,,,,
6520,6520,,,,
6521,6521,,,,
6522,6522,,,,
6523,6523,,,,
6524,6524,,,,
6525,6525,,,,
6526,6526,,,,
6527,6527,,,,
6528,6528,,,,
6529,6529,,,,
6530,6530,,,,
6531,6531,,,,
6532,6532,,,,
6533,6533,,,,
6534,6534,,,,
6535,6535,,,,
6536,6536,,,,
6537,6537,,,,
6538,6538,,,,
6539,6539,,,,
6540,6540,,,,
6541,6541,,,,
6542,6542,,,,
6543,6543,,,,
6544,6544,,,,
6545,6545,,,,
6546,6546,,,,
6547,6547,,,,
6548,6548,,,,
6549,6549,,,,
6550,6550,,,,
6551,6551,,,,
6552,6552,,,,
6553,6553,,,,
6554,6554,,,,
6555,6555,,,,
6556,6556,,,,
6557,6557,,,,
6558,6558,,,,
6559,6559,,,,
6560,6560,,,,
6561,6561,,,,
6562,6562,,,,
6563,6563,,,,
6564,6564,,,,
6565,6565,,,,
6566,6566,,,,
6567,6567,,,,
6568,6568,,,,
6569,6569,,,,
6570,6570,,,,
6571,6571,,,,
6572,6572,,,,
6573,6573,,,,
6574,6574,,,,
6575,6575,,,,
6576,6576,,,,
6577,6577,,,,
6578,6578,,,,
6579,6579,,,,
6580,6580,,,,
6581,6581,,,,
6582,6582,,,,
6583,6583,,,,
6584,6584,,,,
6585,6585,,,,
6586,6586,,,,
6587,6587,,,,
6588,6588,,,,
6589,6589,,,,
6590,6590,,,,
6591,6591,,,,
6592,6592,,,,
6593,6593,,,,
6594,6594,,,,
6595,6595,,,,
6596,6596,,,,
6597,6597,,,,
6598,6598,,,,
6599,6599,,,,
6600,6600,,,,
6601,6601,,,,
6602,6602,,,,
6603,6603,,,,
6604,6604,,,,
6605,6605,,,,
6606,6606,,,,
6607,6607,,,,
6608,6608,,,,
6609,6609,,,,
6610,6610,,,,
6611,6611,,,,
6612,6612,,,,
6613,6613,,,,
6614,6614,,,,
6615,6615,,,,
6616,6616,,,,
6617,6617,,,,
6618,6618,,,,
6619,6619,,,,
6620,6620,,,,
6621,6621,,,,
6622,6622,,,,
6623,6623,,,,
6624,6624,,,,
6625,6625,,,,
6626,6626,,,,
6627,6627,,,,
6628,6628,,,,
6629,6629,,,,
6630,6630,,,,
6631,6631,,,,
6632,6632,,,,
6633,6633,,,,
6634,6634,,,,
6635,6635,,,,
6636,6636,,,,
6637,6637,,,,
6638,6638,,,,
6639,6639,,,,
6640,6640,,,,
6641,6641,,,,
6642,6642,,,,
6643,6643,,,,
6644,6644,,,,
6645,6645,,,,
6646,6646,,,,
6647,6647,,,,
6648,6648,,,,
6649,6649,,,,
6650,6650,,,,
6651,6651,,,,
6652,6652,,,,
6653,6653,,,,
6654,6654,,,,
6655,6655,,,,
6656,6656,,,,
6657,6657,,,,
6658,6658,,,,
6659,6659,,,,
6660,6660,,,,
6661,6661,,,,
6662,6662,,,,
6663,6663,,,,
6664,6664,,,,
6665,6665,,,,
6666,6666,,,,
6667,6667,,,,
6668,6668,,,,
6669,6669,,,,
6670,6670,,,,
6671,6671,,,,
6672,6672,,,,
6673,6673,,,,
6674,6674,,,,
6675,6675,,,,
6676,6676,,,,
6677,6677,,,,
6678,6678,,,,
6679,6679,,,,
6680,6680,,,,
6681,6681,,,,
6682,6682,,,,
6683,6683,,,,
6684,6684,,,,
6685,6685,,,,
6686,6686,,,,
6687,6687,,,,
6688,6688,,,,
6689,6689,,,,
6690,6690,,,,
6691,6691,,,,
6692,6692,,,,
6693,6693,,,,
6694,6694,,,,
6695,6695,,,,
6696,6696,,,,
6697,6697,,,,
6698,6698,,,,
6699,6699,,,,
6700,6700,,,,
6701,6701,,,,
6702,6702,,,,
6703,6703,,,,
6704,6704,,,,
6705,6705,,,,
6706,6706,,,,
6707,6707,,,,
6708,6708,,,,
6709,6709,,,,
6710,6710,,,,
6711,6711,,,,
6712,6712,,,,
6713,6713,,,,
6714,6714,,,,
6715,6715,,,,
6716,6716,,,,
6717,6717,,,,
6718,6718,,,,
6719,6719,,,,
6720,6720,,,,
6721,6721,,,,
6722,6722,,,,
6723,6723,,,,
6724,6724,,,,
6725,6725,,,,
6726,6726,,,,
6727,6727,,,,
6728,6728,,,,
6729,6729,,,,
6730,6730,,,,
6731,6731,,,,
6732,6732,,,,
6733,6733,,,,
6734,6734,,,,
6735,6735,,,,
6736,6736,,,,
6737,6737,,,,
6738,6738,,,,
6739,6739,,,,
6740,6740,,,,
6741,6741,,,,
6742,6742,,,,
6743,6743,,,,
6744,6744,,,,
6745,6745,,,,
6746,6746,,,,
6747,6747,,,,
6748,6748,,,,
6749,6749,,,,
6750,6750,,,,
6751,6751,,,,
6752,6752,,,,
6753,6753,,,,
6754,6754,,,,
6755,6755,,,,
6756,6756,,,,
6757,6757,,,,
6758,6758,,,,
6759,6759,,,,
6760,6760,,,,
6761,6761,,,,
6762,6762,,,,
6763,6763,,,,
6764,6764,,,,
6765,6765,,,,
6766,6766,,,,
6767,6767,,,,
6768,6768,,,,
6769,6769,,,,
6770,6770,,,,
6771,6771,,,,
6772,6772,,,,
6773,6773,,,,
6774,6774,,,,
6775,6775,,,,
6776,6776,,,,
6777,6777,,,,
6778,6778,,,,
6779,6779,,,,
6780,6780,,,,
6781,6781,,,,
6782,6782,,,,
6783,6783,,,,
6784,6784,,,,
6785,6785,,,,
6786,6786,,,,
6787,6787,,,,
6788,6788,,,,
6789,6789,,,,
6790,6790,,,,
6791,6791,,,,
6792,6792,,,,
6793,6793,,,,
6794,6794,,,,
6795,6795,,,,
6796,6796,,,,
6797,6797,,,,
6798,6798,,,,
6799,6799,,,,
6800,6800,,,,
6801,6801,,,,
6802,6802,,,,
6803,6803,,,,
6804,6804,,,,
6805,6805,,,,
6806,6806,,,,
6807,6807,,,,
6808,6808,,,,
6809,6809,,,,
6810,6810,,,,
6811,6811,,,,
6812,6812,,,,
6813,6813,,,,
6814,6814,,,,
6815,6815,,,,
6816,6816,,,,
6817,6817,,,,
6818,6818,,,,
6819,6819,,,,
6820,6820,,,,
6821,6821,,,,
6822,6822,,,,
6823,6823,,,,
6824,6824,,,,
6825,6825,,,,
6826,6826,,,,
6827,6827,,,,
6828,6828,,,,
6829,6829,,,,
6830,6830,,,,
6831,6831,,,,
6832,6832,,,,
6833,6833,,,,
6834,6834,,,,
6835,6835,,,,
6836,6836,,,,
6837,6837,,,,
6838,6838,,,,
6839,6839,,,,
6840,6840,,,,
6841,6841,,,,
6842,6842,,,,
6843,6843,,,,
6844,6844,,,,
6845,6845,,,,
6846,6846,,,,
6847,6847,,,,
6848,6848,,,,
6849,6849,,,,
6850,6850,,,,
6851,6851,,,,
6852,6852,,,,
6853,6853,,,,
6854,6854,,,,
6855,6855,,,,
6856,6856,,,,
6857,6857,,,,
6858,6858,,,,
6859,6859,,,,
6860,6860,,,,
6861,6861,,,,
6862,6862,,,,
6863,6863,,,,
6864,6864,,,,
6865,6865,,,,
6866,6866,,,,
6867,6867,,,,
6868,6868,,,,
6869,6869,,,,
6870,6870,,,,
6871,6871,,,,
6872,6872,,,,
6873,6873,,,,
6874,6874,,,,
6875,6875,,,,
6876,6876,,,,
6877,6877,,,,
6878,6878,,,,
6879,6879,,,,
6880,6880,Peter Jackson and Carolynne Cunningham,Neill Blomkamp,"Neill Blomkamp, Terri Tatchell",Sony Pictures/Screen Gems
6881,6881,,,,
6882,6882,,,,
6883,6883,,,,
6884,6884,,,,
6885,6885,,,,
6886,6886,,,,
6887,6887,,,,
6888,6888,,,,
6889,6889,,,,
6890,6890,,,,
6891,6891,,,,
6892,6892,,,,
6893,6893,,,,
6894,6894,,,,
6895,6895,,,,
6896,6896,"Stacey Sher, Reginald Hudlin, and Pilar Savone",Quentin Tarantino,Quentin Tarantino,The Weinstein Co.
6897,6897,,,,
6898,6898,,,,
6899,6899,,,,
6900,6900,,,,
6901,6901,,,,
6902,6902,,,,
6903,6903,,,,
6904,6904,,,,
6905,6905,,,,
6906,6906,,,,
6907,6907,,,,
6908,6908,,,,
6909,6909,,,,
6910,6910,,,,
6911,6911,,,,
6912,6912,,,,
6913,6913,,,,
6914,6914,,,,
6915,6915,,,,
6916,6916,,,,
6917,6917,,,,
6918,6918,,,,
6919,6919,,,,
6920,6920,,,,
6921,6921,,,,
6922,6922,,,,
6923,6923,,,,
6924,6924,,,,
6925,6925,,,,
6926,6926,,,,
6927,6927,Arthur P. Jacobs,Richard Fleischer,Leslie Bricusse,20th Century Fox
6928,6928,,,,
6929,6929,,,,
6930,6930,,,,
6931,6931,,,,
6932,6932,,,,
6933,6933,,,,
6934,6934,,,,
6935,6935,,,,
6936,6936,,,,
6937,6937,,,,
6938,6938,,,,
6939,6939,,,,
6940,6940,,,,
6941,6941,Carlo Ponti,David Lean,Robert Bolt,MGM
6942,6942,,,,
6943,6943,,,,
6944,6944,,,,
6945,6945,,,,
6946,6946,Samuel Goldwyn Productions,William Wyler,Sidney Howard,Samuel Goldwyn Films
6947,6947,,,,
6948,6948,Martin Bregman and Martin Elfand,Sidney Lumet,"Frank Pierson, P.F. Kluge",WARNER BROTHERS PICTURES
6949,6949,,,,
6950,6950,,,,
6951,6951,,,,
6952,6952,,,,
6953,6953,,,,
6954,6954,,,,
6955,6955,,,,
6956,6956,,,,
6957,6957,,,,
6958,6958,,,,
6959,6959,,,,
6960,6960,,,,
6961,6961,,,,
6962,6962,,,,
6963,6963,,,,
6964,6964,,,,
6965,6965,,,,
6966,6966,,,,
6967,6967,,,,
6968,6968,,,,
6969,6969,,,,
6970,6970,,,,
6971,6971,,,,
6972,6972,,,,
6973,6973,,,,
6974,6974,,,,
6975,6975,,,,
6976,6976,,,,
6977,6977,,,,
6978,6978,,,,
6979,6979,,,,
6980,6980,,,,
6981,6981,,,,
6982,6982,,,,
6983,6983,,,,
6984,6984,,,,
6985,6985,,,,
6986,6986,,,,
6987,6987,,,,
6988,6988,,,,
6989,6989,,,,
6990,6990,,,,
6991,6991,,,,
6992,6992,,,,
6993,6993,,,,
6994,6994,,,,
6995,6995,,,,
6996,6996,,,,
6997,6997,,,,
6998,6998,,,,
6999,6999,,,,
7000,7000,,,,
7001,7001,,,,
7002,7002,,,,
7003,7003,,,,
7004,7004,,,,
7005,7005,,,,
7006,7006,,,,
7007,7007,,,,
7008,7008,,,,
7009,7009,,,,
7010,7010,,,,
7011,7011,,,,
7012,7012,,,,
7013,7013,,,,
7014,7014,,,,
7015,7015,,,,
7016,7016,,,,
7017,7017,,,,
7018,7018,,,,
7019,7019,,,,
7020,7020,,,,
7021,7021,,,,
7022,7022,,,,
7023,7023,,,,
7024,7024,,,,
7025,7025,,,,
7026,7026,,,,
7027,7027,,,,
7028,7028,,,,
7029,7029,,,,
7030,7030,,,,
7031,7031,,,,
7032,7032,,,,
7033,7033,,,,
7034,7034,,,,
7035,7035,,,,
7036,7036,,,,
7037,7037,,,,
7038,7038,,,,
7039,7039,,,,
7040,7040,,,,
7041,7041,,,,
7042,7042,,,,
7043,7043,,,,
7044,7044,,,,
7045,7045,,,,
7046,7046,,,,
7047,7047,,,,
7048,7048,,,,
7049,7049,,,,
7050,7050,,,,
7051,7051,,,,
7052,7052,,,,
7053,7053,,,,
7054,7054,,,,
7055,7055,,,,
7056,7056,,,,
7057,7057,,,,
7058,7058,,,,
7059,7059,,,,
7060,7060,,,,
7061,7061,,,,
7062,7062,,,,
7063,7063,,,,
7064,7064,,,,
7065,7065,,,,
7066,7066,,,,
7067,7067,,,,
7068,7068,,,,
7069,7069,,,,
7070,7070,,,,
7071,7071,,,,
7072,7072,,,,
7073,7073,,,,
7074,7074,,,,
7075,7075,,,,
7076,7076,,,,
7077,7077,,,,
7078,7078,,,,
7079,7079,,,,
7080,7080,,,,
7081,7081,,,,
7082,7082,,,,
7083,7083,,,,
7084,7084,,,,
7085,7085,,,,
7086,7086,,,,
7087,7087,,,,
7088,7088,,,,
7089,7089,,,,
7090,7090,,,,
7091,7091,,,,
7092,7092,,,,
7093,7093,,,,
7094,7094,,,,
7095,7095,,,,
7096,7096,,,,
7097,7097,,,,
7098,7098,,,,
7099,7099,,,,
7100,7100,,,,
7101,7101,,,,
7102,7102,,,,
7103,7103,,,,
7104,7104,,,,
7105,7105,,,,
7106,7106,,,,
7107,7107,,,,
7108,7108,,,,
7109,7109,,,,
7110,7110,,,,
7111,7111,,,,
7112,7112,,,,
7113,7113,,,,
7114,7114,,,,
7115,7115,,,,
7116,7116,,,,
7117,7117,,,,
7118,7118,,,,
7119,7119,,,,
7120,7120,,,,
7121,7121,,,,
7122,7122,,,,
7123,7123,,,,
7124,7124,,,,
7125,7125,,,,
7126,7126,,,,
7127,7127,,,,
7128,7128,,,,
7129,7129,,,,
7130,7130,,,,
7131,7131,,,,
7132,7132,,,,
7133,7133,,,,
7134,7134,,,,
7135,7135,,,,
7136,7136,,,,
7137,7137,,,,
7138,7138,,,,
7139,7139,,,,
7140,7140,,,,
7141,7141,,,,
7142,7142,,,,
7143,7143,,,,
7144,7144,,,,
7145,7145,,,,
7146,7146,,,,
7147,7147,,,,
7148,7148,,,,
7149,7149,,,,
7150,7150,,,,
7151,7151,,,,
7152,7152,,,,
7153,7153,,,,
7154,7154,,,,
7155,7155,,,,
7156,7156,,,,
7157,7157,,,,
7158,7158,,,,
7159,7159,,,,
7160,7160,,,,
7161,7161,,,,
7162,7162,,,,
7163,7163,Paramount,Billy Wilder,"Raymond Chandler, Billy Wilder",Paramount Pictures
7164,7164,,,,
7165,7165,,,,
7166,7166,,,,
7167,7167,,,,
7168,7168,,,,
7169,7169,,,,
7170,7170,,,,
7171,7171,,,,
7172,7172,,,,
7173,7173,,,,
7174,7174,,,,
7175,7175,,,,
7176,7176,,,,
7177,7177,,,,
7178,7178,,,,
7179,7179,,,,
7180,7180,,,,
7181,7181,,,,
7182,7182,,,,
7183,7183,,,,
7184,7184,,,,
7185,7185,,,,
7186,7186,,,,
7187,7187,,,,
7188,7188,,,,
7189,7189,,,,
7190,7190,,,,
7191,7191,,,,
7192,7192,,,,
7193,7193,,,,
7194,7194,,,,
7195,7195,,,,
7196,7196,,,,
7197,7197,,,,
7198,7198,,,,
7199,7199,,,,
7200,7200,,,,
7201,7201,,,,
7202,7202,,,,
7203,7203,,,,
7204,7204,,,,
7205,7205,,,,
7206,7206,,,,
7207,7207,,,,
7208,7208,,,,
7209,7209,,,,
7210,7210,,,,
7211,7211,,,,
7212,7212,,,,
7213,7213,,,,
7214,7214,,,,
7215,7215,,,,
7216,7216,,,,
7217,7217,,,,
7218,7218,,,,
7219,7219,,,,
7220,7220,,,,
7221,7221,,,,
7222,7222,,,,
7223,7223,,,,
7224,7224,,,,
7225,7225,,,,
7226,7226,,,,
7227,7227,,,,
7228,7228,,,,
7229,7229,,,,
7230,7230,,,,
7231,7231,,,,
7232,7232,,,,
7233,7233,,,,
7234,7234,,,,
7235,7235,,,,
7236,7236,,,,
7237,7237,,,,
7238,7238,,,,
7239,7239,,,,
7240,7240,,,,
7241,7241,,,,
7242,7242,,,,
7243,7243,,,,
7244,7244,,,,
7245,7245,,,,
7246,7246,,,,
7247,7247,,,,
7248,7248,,,,
7249,7249,,,,
7250,7250,,,,
7251,7251,,,,
7252,7252,,,,
7253,7253,,,,
7254,7254,,,,
7255,7255,,,,
7256,7256,,,,
7257,7257,,,,
7258,7258,,,,
7259,7259,,,,
7260,7260,,,,
7261,7261,,,,
7262,7262,,,,
7263,7263,,,,
7264,7264,,,,
7265,7265,,,,
7266,7266,,,,
7267,7267,,,,
7268,7268,,,,
7269,7269,,,,
7270,7270,,,,
7271,7271,,,,
7272,7272,,,,
7273,7273,,,,
7274,7274,,,,
7275,7275,,,,
7276,7276,,,,
7277,7277,,,,
7278,7278,,,,
7279,7279,,,,
7280,7280,,,,
7281,7281,,,,
7282,7282,,,,
7283,7283,,,,
7284,7284,,,,
7285,7285,,,,
7286,7286,,,,
7287,7287,,,,
7288,7288,,,,
7289,7289,,,,
7290,7290,,,,
7291,7291,,,,
7292,7292,,,,
7293,7293,,,,
7294,7294,,,,
7295,7295,,,,
7296,7296,,,,
7297,7297,,,,
7298,7298,,,,
7299,7299,,,,
7300,7300,,,,
7301,7301,,,,
7302,7302,,,,
7303,7303,,,,
7304,7304,,,,
7305,7305,,,,
7306,7306,,,,
7307,7307,,,,
7308,7308,,,,
7309,7309,,,,
7310,7310,,,,
7311,7311,,,,
7312,7312,,,,
7313,7313,,,,
7314,7314,,,,
7315,7315,,,,
7316,7316,,,,
7317,7317,,,,
7318,7318,,,,
7319,7319,,,,
7320,7320,,,,
7321,7321,,,,
7322,7322,,,,
7323,7323,,,,
7324,7324,,,,
7325,7325,,,,
7326,7326,,,,
7327,7327,,,,
7328,7328,,,,
7329,7329,,,,
7330,7330,,,,
7331,7331,,,,
7332,7332,,,,
7333,7333,,,,
7334,7334,,,,
7335,7335,,,,
7336,7336,,,,
7337,7337,,,,
7338,7338,,,,
7339,7339,,,,
7340,7340,,,,
7341,7341,,,,
7342,7342,,,,
7343,7343,,,,
7344,7344,,,,
7345,7345,,,,
7346,7346,,,,
7347,7347,,,,
7348,7348,,,,
7349,7349,,,,
7350,7350,,,,
7351,7351,,,,
7352,7352,,,,
7353,7353,,,,
7354,7354,,,,
7355,7355,,,,
7356,7356,,,,
7357,7357,,,,
7358,7358,,,,
7359,7359,,,,
7360,7360,,,,
7361,7361,,,,
7362,7362,,,,
7363,7363,,,,
7364,7364,,,,
7365,7365,,,,
7366,7366,,,,
7367,7367,,,,
7368,7368,,,,
7369,7369,,,,
7370,7370,,,,
7371,7371,,,,
7372,7372,,,,
7373,7373,,,,
7374,7374,,,,
7375,7375,,,,
7376,7376,,,,
7377,7377,,,,
7378,7378,,,,
7379,7379,,,,
7380,7380,,,,
7381,7381,,,,
7382,7382,,,,
7383,7383,,,,
7384,7384,,,,
7385,7385,,,,
7386,7386,,,,
7387,7387,,,,
7388,7388,,,,
7389,7389,,,,
7390,7390,,,,
7391,7391,,,,
7392,7392,,,,
7393,7393,,,,
7394,7394,,,,
7395,7395,,,,
7396,7396,Emma Thomas and Christopher Nolan,Christopher Nolan,Christopher Nolan,Warner Bros. Pictures
7397,7397,,,,
7398,7398,,,,
7399,7399,,,,
7400,7400,,,,
7401,7401,,,,
7402,7402,,,,
7403,7403,,,,
7404,7404,,,,
7405,7405,,,,
7406,7406,,,,
7407,7407,,,,
7408,7408,,,,
7409,7409,,,,
7410,7410,,,,
7411,7411,,,,
7412,7412,,,,
7413,7413,,,,
7414,7414,,,,
7415,7415,,,,
7416,7416,,,,
7417,7417,,,,
7418,7418,,,,
7419,7419,,,,
7420,7420,,,,
7421,7421,,,,
7422,7422,,,,
7423,7423,,,,
7424,7424,,,,
7425,7425,,,,
7426,7426,,,,
7427,7427,,,,
7428,7428,,,,
7429,7429,,,,
7430,7430,,,,
7431,7431,,,,
7432,7432,,,,
7433,7433,,,,
7434,7434,,,,
7435,7435,,,,
7436,7436,,,,
7437,7437,,,,
7438,7438,,,,
7439,7439,,,,
7440,7440,,,,
7441,7441,,,,
7442,7442,,,,
7443,7443,,,,
7444,7444,,,,
7445,7445,,,,
7446,7446,,,,
7447,7447,,,,
7448,7448,,,,
7449,7449,,,,
7450,7450,,,,
7451,7451,,,,
7452,7452,,,,
7453,7453,,,,
7454,7454,,,,
7455,7455,,,,
7456,7456,,,,
7457,7457,,,,
7458,7458,,,,
7459,7459,,,,
7460,7460,,,,
7461,7461,,,,
7462,7462,,,,
7463,7463,,,,
7464,7464,,,,
7465,7465,,,,
7466,7466,,,,
7467,7467,,,,
7468,7468,,,,
7469,7469,,,,
7470,7470,,,,
7471,7471,,,,
7472,7472,,,,
7473,7473,,,,
7474,7474,,,,
7475,7475,,,,
7476,7476,,,,
7477,7477,,,,
7478,7478,,,,
7479,7479,,,,
7480,7480,,,,
7481,7481,,,,
7482,7482,,,,
7483,7483,,,,
7484,7484,,,,
7485,7485,,,,
7486,7486,,,,
7487,7487,,,,
7488,7488,,,,
7489,7489,,,,
7490,7490,,,,
7491,7491,,,,
7492,7492,,,,
7493,7493,,,,
7494,7494,,,,
7495,7495,,,,
7496,7496,,,,
7497,7497,,,,
7498,7498,,,,
7499,7499,,,,
7500,7500,,,,
7501,7501,,,,
7502,7502,,,,
7503,7503,,,,
7504,7504,,,,
7505,7505,,,,
7506,7506,,,,
7507,7507,,,,
7508,7508,,,,
7509,7509,,,,
7510,7510,,,,
7511,7511,,,,
7512,7512,,,,
7513,7513,,,,
7514,7514,,,,
7515,7515,,,,
7516,7516,,,,
7517,7517,,,,
7518,7518,,,,
7519,7519,,,,
7520,7520,,,,
7521,7521,,,,
7522,7522,,,,
7523,7523,,,,
7524,7524,,,,
7525,7525,,,,
7526,7526,,,,
7527,7527,,,,
7528,7528,,,,
7529,7529,,,,
7530,7530,,,,
7531,7531,,,,
7532,7532,,,,
7533,7533,,,,
7534,7534,,,,
7535,7535,,,,
7536,7536,,,,
7537,7537,,,,
7538,7538,,,,
7539,7539,,,,
7540,7540,,,,
7541,7541,,,,
7542,7542,,,,
7543,7543,,,,
7544,7544,,,,
7545,7545,,,,
7546,7546,,,,
7547,7547,,,,
7548,7548,,,,
7549,7549,,,,
7550,7550,,,,
7551,7551,,,,
7552,7552,,,,
7553,7553,,,,
7554,7554,,,,
7555,7555,,,,
7556,7556,,,,
7557,7557,,,,
7558,7558,,,,
7559,7559,,,,
7560,7560,,,,
7561,7561,,,,
7562,7562,,,,
7563,7563,,,,
7564,7564,,,,
7565,7565,,,,
7566,7566,,,,
7567,7567,,,,
7568,7568,,,,
7569,7569,,,,
7570,7570,,,,
7571,7571,,,,
7572,7572,,,,
7573,7573,,,,
7574,7574,,,,
7575,7575,,,,
7576,7576,,,,
7577,7577,,,,
7578,7578,,,,
7579,7579,,,,
7580,7580,,,,
7581,7581,,,,
7582,7582,,,,
7583,7583,,,,
7584,7584,,,,
7585,7585,,,,
7586,7586,,,,
7587,7587,,,,
7588,7588,,,,
7589,7589,,,,
7590,7590,,,,
7591,7591,,,,
7592,7592,,,,
7593,7593,,,,
7594,7594,,,,
7595,7595,,,,
7596,7596,,,,
7597,7597,,,,
7598,7598,,,,
7599,7599,,,,
7600,7600,,,,
7601,7601,,,,
7602,7602,,,,
7603,7603,,,,
7604,7604,,,,
7605,7605,,,,
7606,7606,,,,
7607,7607,,,,
7608,7608,,,,
7609,7609,,,,
7610,7610,,,,
7611,7611,,,,
7612,7612,,,,
7613,7613,,,,
7614,7614,,,,
7615,7615,,,,
7616,7616,,,,
7617,7617,,,,
7618,7618,,,,
7619,7619,,,,
7620,7620,,,,
7621,7621,,,,
7622,7622,,,,
7623,7623,,,,
7624,7624,,,,
7625,7625,,,,
7626,7626,,,,
7627,7627,,,,
7628,7628,,,,
7629,7629,,,,
7630,7630,,,,
7631,7631,,,,
7632,7632,,,,
7633,7633,,,,
7634,7634,,,,
7635,7635,,,,
7636,7636,,,,
7637,7637,,,,
7638,7638,,,,
7639,7639,,,,
7640,7640,,,,
7641,7641,,,,
7642,7642,,,,
7643,7643,,,,
7644,7644,,,,
7645,7645,,,,
7646,7646,,,,
7647,7647,,,,
7648,7648,,,,
7649,7649,,,,
7650,7650,,,,
7651,7651,,,,
7652,7652,,,,
7653,7653,,,,
7654,7654,,,,
7655,7655,,,,
7656,7656,,,,
7657,7657,,,,
7658,7658,,,,
7659,7659,,,,
7660,7660,,,,
7661,7661,,,,
7662,7662,,,,
7663,7663,,,,
7664,7664,,,,
7665,7665,,,,
7666,7666,,,,
7667,7667,,,,
7668,7668,,,,
7669,7669,,,,
7670,7670,,,,
7671,7671,,,,
7672,7672,"Alison Owen, Eric Fellner and Tim Bevan",Shekhar Kapur,Michael Hirst,Gramercy
7673,7673,,,,
7674,7674,,,,
7675,7675,,,,
7676,7676,,,,
7677,7677,,,,
7678,7678,,,,
7679,7679,,,,
7680,7680,,,,
7681,7681,,,,
7682,7682,,,,
7683,7683,,,,
7684,7684,,,,
7685,7685,,,,
7686,7686,,,,
7687,7687,,,,
7688,7688,,,,
7689,7689,,,,
7690,7690,,,,
7691,7691,,,,
7692,7692,,,,
7693,7693,,,,
7694,7694,,,,
7695,7695,,,,
7696,7696,,,,
7697,7697,,,,
7698,7698,,,,
7699,7699,,,,
7700,7700,,,,
7701,7701,,,,
7702,7702,,,,
7703,7703,,,,
7704,7704,,,,
7705,7705,,,,
7706,7706,,,,
7707,7707,,,,
7708,7708,,,,
7709,7709,,,,
7710,7710,,,,
7711,7711,,,,
7712,7712,,,,
7713,7713,,,,
7714,7714,,,,
7715,7715,,,,
7716,7716,,,,
7717,7717,,,,
7718,7718,,,,
7719,7719,,,,
7720,7720,,,,
7721,7721,,,,
7722,7722,,,,
7723,7723,,,,
7724,7724,,,,
7725,7725,,,,
7726,7726,,,,
7727,7727,,,,
7728,7728,,,,
7729,7729,,,,
7730,7730,,,,
7731,7731,,,,
7732,7732,,,,
7733,7733,,,,
7734,7734,,,,
7735,7735,,,,
7736,7736,,,,
7737,7737,,,,
7738,7738,,,,
7739,7739,,,,
7740,7740,,,,
7741,7741,,,,
7742,7742,,,,
7743,7743,,,,
7744,7744,,,,
7745,7745,,,,
7746,7746,,,,
7747,7747,,,,
7748,7748,,,,
7749,7749,,,,
7750,7750,,,,
7751,7751,,,,
7752,7752,,,,
7753,7753,,,,
7754,7754,,,,
7755,7755,,,,
7756,7756,,,,
7757,7757,,,,
7758,7758,,,,
7759,7759,,,,
7760,7760,,,,
7761,7761,,,,
7762,7762,,,,
7763,7763,,,,
7764,7764,,,,
7765,7765,,,,
7766,7766,,,,
7767,7767,,,,
7768,7768,,,,
7769,7769,,,,
7770,7770,,,,
7771,7771,,,,
7772,7772,,,,
7773,7773,,,,
7774,7774,,,,
7775,7775,,,,
7776,7776,,,,
7777,7777,,,,
7778,7778,,,,
7779,7779,,,,
7780,7780,,,,
7781,7781,,,,
7782,7782,,,,
7783,7783,,,,
7784,7784,,,,
7785,7785,,,,
7786,7786,,,,
7787,7787,,,,
7788,7788,,,,
7789,7789,,,,
7790,7790,,,,
7791,7791,,,,
7792,7792,,,,
7793,7793,,,,
7794,7794,,,,
7795,7795,,,,
7796,7796,,,,
7797,7797,,,,
7798,7798,,,,
7799,7799,,,,
7800,7800,"Danny DeVito, Michael Shamberg, and Stacey Sher",Steven Soderbergh,"Richard LaGravenese, Steven Soderbergh, Susannah Grant",Universal Pictures
7801,7801,,,,
7802,7802,,,,
7803,7803,,,,
7804,7804,,,,
7805,7805,,,,
7806,7806,,,,
7807,7807,,,,
7808,7808,,,,
7809,7809,,,,
7810,7810,,,,
7811,7811,,,,
7812,7812,,,,
7813,7813,,,,
7814,7814,,,,
7815,7815,,,,
7816,7816,,,,
7817,7817,,,,
7818,7818,,,,
7819,7819,,,,
7820,7820,,,,
7821,7821,,,,
7822,7822,,,,
7823,7823,,,,
7824,7824,,,,
7825,7825,,,,
7826,7826,,,,
7827,7827,,,,
7828,7828,,,,
7829,7829,,,,
7830,7830,,,,
7831,7831,,,,
7832,7832,,,,
7833,7833,,,,
7834,7834,,,,
7835,7835,,,,
7836,7836,,,,
7837,7837,,,,
7838,7838,,,,
7839,7839,,,,
7840,7840,,,,
7841,7841,,,,
7842,7842,,,,
7843,7843,,,,
7844,7844,,,,
7845,7845,,,,
7846,7846,,,,
7847,7847,,,,
7848,7848,,,,
7849,7849,,,,
7850,7850,,,,
7851,7851,,,,
7852,7852,,,,
7853,7853,,,,
7854,7854,,,,
7855,7855,,,,
7856,7856,,,,
7857,7857,,,,
7858,7858,,,,
7859,7859,,,,
7860,7860,,,,
7861,7861,,,,
7862,7862,,,,
7863,7863,,,,
7864,7864,,,,
7865,7865,,,,
7866,7866,,,,
7867,7867,,,,
7868,7868,,,,
7869,7869,,,,
7870,7870,,,,
7871,7871,,,,
7872,7872,,,,
7873,7873,,,,
7874,7874,,,,
7875,7875,,,,
7876,7876,,,,
7877,7877,,,,
7878,7878,,,,
7879,7879,,,,
7880,7880,,,,
7881,7881,,,,
7882,7882,,,,
7883,7883,,,,
7884,7884,,,,
7885,7885,,,,
7886,7886,,,,
7887,7887,,,,
7888,7888,,,,
7889,7889,,,,
7890,7890,,,,
7891,7891,,,,
7892,7892,,,,
7893,7893,,,,
7894,7894,,,,
7895,7895,,,,
7896,7896,,,,
7897,7897,,,,
7898,7898,,,,
7899,7899,,,,
7900,7900,,,,
7901,7901,,,,
7902,7902,,,,
7903,7903,,,,
7904,7904,,,,
7905,7905,,,,
7906,7906,,,,
7907,7907,,,,
7908,7908,,,,
7909,7909,,,,
7910,7910,,,,
7911,7911,,,,
7912,7912,,,,
7913,7913,,,,
7914,7914,,,,
7915,7915,,,,
7916,7916,,,,
7917,7917,,,,
7918,7918,,,,
7919,7919,,,,
7920,7920,,,,
7921,7921,,,,
7922,7922,,,,
7923,7923,,,,
7924,7924,,,,
7925,7925,,,,
7926,7926,,,,
7927,7927,,,,
7928,7928,,,,
7929,7929,,,,
7930,7930,,,,
7931,7931,,,,
7932,7932,,,,
7933,7933,,,,
7934,7934,,,,
7935,7935,,,,
7936,7936,,,,
7937,7937,,,,
7938,7938,,,,
7939,7939,,,,
7940,7940,,,,
7941,7941,,,,
7942,7942,,,,
7943,7943,,,,
7944,7944,,,,
7945,7945,,,,
7946,7946,,,,
7947,7947,,,,
7948,7948,,,,
7949,7949,,,,
7950,7950,,,,
7951,7951,,,,
7952,7952,,,,
7953,7953,,,,
7954,7954,,,,
7955,7955,,,,
7956,7956,,,,
7957,7957,,,,
7958,7958,,,,
7959,7959,,,,
7960,7960,,,,
7961,7961,,,,
7962,7962,,,,
7963,7963,,,,
7964,7964,,,,
7965,7965,,,,
7966,7966,,,,
7967,7967,,,,
7968,7968,,,,
7969,7969,,,,
7970,7970,,,,
7971,7971,,,,
7972,7972,,,,
7973,7973,,,,
7974,7974,,,,
7975,7975,,,,
7976,7976,,,,
7977,7977,,,,
7978,7978,,,,
7979,7979,,,,
7980,7980,,,,
7981,7981,,,,
7982,7982,,,,
7983,7983,,,,
7984,7984,,,,
7985,7985,,,,
7986,7986,,,,
7987,7987,,,,
7988,7988,,,,
7989,7989,,,,
7990,7990,,,,
7991,7991,,,,
7992,7992,,,,
7993,7993,,,,
7994,7994,,,,
7995,7995,,,,
7996,7996,,,,
7997,7997,,,,
7998,7998,,,,
7999,7999,,,,
8000,8000,,,,
8001,8001,,,,
8002,8002,,,,
8003,8003,,,,
8004,8004,,,,
8005,8005,,,,
8006,8006,,,,
8007,8007,,,,
8008,8008,,,,
8009,8009,,,,
8010,8010,,,,
8011,8011,,,,
8012,8012,,,,
8013,8013,,,,
8014,8014,,,,
8015,8015,,,,
8016,8016,,,,
8017,8017,,,,
8018,8018,,,,
8019,8019,,,,
8020,8020,,,,
8021,8021,,,,
8022,8022,,,,
8023,8023,,,,
8024,8024,,,,
8025,8025,,,,
8026,8026,,,,
8027,8027,,,,
8028,8028,,,,
8029,8029,,,,
8030,8030,,,,
8031,8031,,,,
8032,8032,,,,
8033,8033,,,,
8034,8034,,,,
8035,8035,,,,
8036,8036,,,,
8037,8037,,,,
8038,8038,,,,
8039,8039,,,,
8040,8040,,,,
8041,8041,,,,
8042,8042,,,,
8043,8043,,,,
8044,8044,,,,
8045,8045,,,,
8046,8046,,,,
8047,8047,,,,
8048,8048,,,,
8049,8049,,,,
8050,8050,,,,
8051,8051,,,,
8052,8052,,,,
8053,8053,,,,
8054,8054,,,,
8055,8055,,,,
8056,8056,,,,
8057,8057,,,,
8058,8058,,,,
8059,8059,,,,
8060,8060,,,,
8061,8061,,,,
8062,8062,,,,
8063,8063,,,,
8064,8064,,,,
8065,8065,,,,
8066,8066,,,,
8067,8067,,,,
8068,8068,,,,
8069,8069,,,,
8070,8070,,,,
8071,8071,,,,
8072,8072,,,,
8073,8073,,,,
8074,8074,,,,
8075,8075,,,,
8076,8076,,,,
8077,8077,,,,
8078,8078,,,,
8079,8079,,,,
8080,8080,,,,
8081,8081,,,,
8082,8082,,,,
8083,8083,,,,
8084,8084,,,,
8085,8085,,,,
8086,8086,,,,
8087,8087,,,,
8088,8088,,,,
8089,8089,,,,
8090,8090,,,,
8091,8091,,,,
8092,8092,,,,
8093,8093,,,,
8094,8094,,,,
8095,8095,,,,
8096,8096,,,,
8097,8097,,,,
8098,8098,,,,
8099,8099,,,,
8100,8100,,,,
8101,8101,,,,
8102,8102,,,,
8103,8103,,,,
8104,8104,,,,
8105,8105,,,,
8106,8106,,,,
8107,8107,,,,
8108,8108,,,,
8109,8109,,,,
8110,8110,,,,
8111,8111,,,,
8112,8112,,,,
8113,8113,,,,
8114,8114,,,,
8115,8115,,,,
8116,8116,,,,
8117,8117,,,,
8118,8118,,,,
8119,8119,,,,
8120,8120,,,,
8121,8121,,,,
8122,8122,,,,
8123,8123,,,,
8124,8124,,,,
8125,8125,,,,
8126,8126,,,,
8127,8127,,,,
8128,8128,,,,
8129,8129,,,,
8130,8130,,,,
8131,8131,,,,
8132,8132,,,,
8133,8133,,,,
8134,8134,,,,
8135,8135,,,,
8136,8136,,,,
8137,8137,,,,
8138,8138,,,,
8139,8139,,,,
8140,8140,,,,
8141,8141,,,,
8142,8142,,,,
8143,8143,,,,
8144,8144,,,,
8145,8145,,,,
8146,8146,,,,
8147,8147,,,,
8148,8148,,,,
8149,8149,,,,
8150,8150,,,,
8151,8151,,,,
8152,8152,,,,
8153,8153,,,,
8154,8154,,,,
8155,8155,,,,
8156,8156,,,,
8157,8157,,,,
8158,8158,,,,
8159,8159,,,,
8160,8160,,,,
8161,8161,,,,
8162,8162,,,,
8163,8163,,,,
8164,8164,,,,
8165,8165,,,,
8166,8166,,,,
8167,8167,,,,
8168,8168,,,,
8169,8169,,,,
8170,8170,,,,
8171,8171,,,,
8172,8172,,,,
8173,8173,,,,
8174,8174,,,,
8175,8175,,,,
8176,8176,,,,
8177,8177,,,,
8178,8178,,,,
8179,8179,,,,
8180,8180,,,,
8181,8181,,,,
8182,8182,,,,
8183,8183,,,,
8184,8184,,,,
8185,8185,,,,
8186,8186,,,,
8187,8187,,,,
8188,8188,,,,
8189,8189,,,,
8190,8190,,,,
8191,8191,,,,
8192,8192,,,,
8193,8193,,,,
8194,8194,,,,
8195,8195,,,,
8196,8196,,,,
8197,8197,,,,
8198,8198,,,,
8199,8199,,,,
8200,8200,,,,
8201,8201,,,,
8202,8202,,,,
8203,8203,,,,
8204,8204,,,,
8205,8205,,,,
8206,8206,,,,
8207,8207,,,,
8208,8208,,,,
8209,8209,,,,
8210,8210,,,,
8211,8211,,,,
8212,8212,,,,
8213,8213,,,,
8214,8214,,,,
8215,8215,,,,
8216,8216,,,,
8217,8217,,,,
8218,8218,,,,
8219,8219,,,,
8220,8220,,,,
8221,8221,,,,
8222,8222,,,,
8223,8223,,,,
8224,8224,,,,
8225,8225,,,,
8226,8226,,,,
8227,8227,,,,
8228,8228,,,,
8229,8229,,,,
8230,8230,,,,
8231,8231,,,,
8232,8232,,,,
8233,8233,,,,
8234,8234,,,,
8235,8235,,,,
8236,8236,,,,
8237,8237,,,,
8238,8238,,,,
8239,8239,,,,
8240,8240,,,,
8241,8241,,,,
8242,8242,,,,
8243,8243,,,,
8244,8244,,,,
8245,8245,,,,
8246,8246,,,,
8247,8247,,,,
8248,8248,,,,
8249,8249,,,,
8250,8250,,,,
8251,8251,,,,
8252,8252,,,,
8253,8253,,,,
8254,8254,,,,
8255,8255,,,,
8256,8256,,,,
8257,8257,,,,
8258,8258,,,,
8259,8259,,,,
8260,8260,,,,
8261,8261,,,,
8262,8262,,,,
8263,8263,,,,
8264,8264,,,,
8265,8265,,,,
8266,8266,,,,
8267,8267,,,,
8268,8268,,,,
8269,8269,,,,
8270,8270,,,,
8271,8271,,,,
8272,8272,,,,
8273,8273,,,,
8274,8274,,,,
8275,8275,Ethan Coen,"Joel Coen, Ethan Coen","Joel Coen, Ethan Coen",Gramercy Pictures
8276,8276,,,,
8277,8277,,,,
8278,8278,,,,
8279,8279,,,,
8280,8280,,,,
8281,8281,,,,
8282,8282,,,,
8283,8283,,,,
8284,8284,,,,
8285,8285,,,,
8286,8286,,,,
8287,8287,,,,
8288,8288,,,,
8289,8289,,,,
8290,8290,,,,
8291,8291,Stanley R. Jaffe and Sherry Lansing,Adrian Lyne,"James Dearden, Nicholas Meyer",Paramount Pictures
8292,8292,,,,
8293,8293,,,,
8294,8294,,,,
8295,8295,,,,
8296,8296,,,,
8297,8297,,,,
8298,8298,,,,
8299,8299,,,,
8300,8300,,,,
8301,8301,,,,
8302,8302,,,,
8303,8303,,,,
8304,8304,,,,
8305,8305,,,,
8306,8306,,,,
8307,8307,,,,
8308,8308,,,,
8309,8309,,,,
8310,8310,,,,
8311,8311,,,,
8312,8312,,,,
8313,8313,,,,
8314,8314,Metro-Goldwyn-Mayer,Vincente Minnelli,"Frances Goodrich, Albert Hackett",MGM
8315,8315,,,,
8316,8316,,,,
8317,8317,,,,
8318,8318,,,,
8319,8319,,,,
8320,8320,,,,
8321,8321,,,,
8322,8322,,,,
8323,8323,,,,
8324,8324,,,,
8325,8325,,,,
8326,8326,,,,
8327,8327,,,,
8328,8328,,,,
8329,8329,,,,
8330,8330,,,,
8331,8331,,,,
8332,8332,,,,
8333,8333,,,,
8334,8334,,,,
8335,8335,,,,
8336,8336,,,,
8337,8337,,,,
8338,8338,,,,
8339,8339,,,,
8340,8340,,,,
8341,8341,,,,
8342,8342,,,,
8343,8343,,,,
8344,8344,,,,
8345,8345,,,,
8346,8346,,,,
8347,8347,,,,
8348,8348,,,,
8349,8349,,,,
8350,8350,,,,
8351,8351,,,,
8352,8352,,,,
8353,8353,,,,
8354,8354,,,,
8355,8355,,,,
8356,8356,,,,
8357,8357,,,,
8358,8358,,,,
8359,8359,,,,
8360,8360,,,,
8361,8361,,,,
8362,8362,,,,
8363,8363,,,,
8364,8364,,,,
8365,8365,,,,
8366,8366,,,,
8367,8367,,,,
8368,8368,,,,
8369,8369,,,,
8370,8370,,,,
8371,8371,,,,
8372,8372,,,,
8373,8373,,,,
8374,8374,,,,
8375,8375,,,,
8376,8376,,,,
8377,8377,,,,
8378,8378,,,,
8379,8379,,,,
8380,8380,,,,
8381,8381,,,,
8382,8382,,,,
8383,8383,,,,
8384,8384,,,,
8385,8385,,,,
8386,8386,,,,
8387,8387,,,,
8388,8388,,,,
8389,8389,,,,
8390,8390,,,,
8391,8391,,,,
8392,8392,,,,
8393,8393,,,,
8394,8394,,,,
8395,8395,,,,
8396,8396,,,,
8397,8397,,,,
8398,8398,,,,
8399,8399,,,,
8400,8400,,,,
8401,8401,,,,
8402,8402,,,,
8403,8403,,,,
8404,8404,,,,
8405,8405,,,,
8406,8406,,,,
8407,8407,,,,
8408,8408,,,,
8409,8409,,,,
8410,8410,,,,
8411,8411,,,,
8412,8412,,,,
8413,8413,,,,
8414,8414,,,,
8415,8415,,,,
8416,8416,"Scott Rudin, Denzel Washington, and Todd Black",Denzel Washington,August Wilson,Paramount Pictures
8417,8417,,,,
8418,8418,,,,
8419,8419,,,,
8420,8420,,,,
8421,8421,,,,
8422,8422,,,,
8423,8423,,,,
8424,8424,,,,
8425,8425,,,,
8426,8426,,,,
8427,8427,,,,
8428,8428,,,,
8429,8429,,,,
8430,8430,,,,
8431,8431,,,,
8432,8432,,,,
8433,8433,,,,
8434,8434,,,,
8435,8435,,,,
8436,8436,,,,
8437,8437,,,,
8438,8438,,,,
8439,8439,,,,
8440,8440,Norman Jewison,Norman Jewison,Joseph Stein,United Artists
8441,8441,,,,
8442,8442,,,,
8443,8443,,,,
8444,8444,Lawrence Gordon and Charles Gordon,Phil Alden Robinson,Phil Alden Robinson,Universal Pictures
8445,8445,,,,
8446,8446,,,,
8447,8447,,,,
8448,8448,,,,
8449,8449,,,,
8450,8450,,,,
8451,8451,,,,
8452,8452,,,,
8453,8453,,,,
8454,8454,,,,
8455,8455,,,,
8456,8456,,,,
8457,8457,,,,
8458,8458,,,,
8459,8459,,,,
8460,8460,,,,
8461,8461,,,,
8462,8462,,,,
8463,8463,,,,
8464,8464,,,,
8465,8465,,,,
8466,8466,,,,
8467,8467,,,,
8468,8468,,,,
8469,8469,,,,
8470,8470,,,,
8471,8471,,,,
8472,8472,,,,
8473,8473,,,,
8474,8474,,,,
8475,8475,,,,
8476,8476,,,,
8477,8477,,,,
8478,8478,,,,
8479,8479,,,,
8480,8480,,,,
8481,8481,,,,
8482,8482,,,,
8483,8483,,,,
8484,8484,,,,
8485,8485,,,,
8486,8486,,,,
8487,8487,,,,
8488,8488,,,,
8489,8489,,,,
8490,8490,,,,
8491,8491,,,,
8492,8492,,,,
8493,8493,,,,
8494,8494,,,,
8495,8495,,,,
8496,8496,,,,
8497,8497,,,,
8498,8498,,,,
8499,8499,,,,
8500,8500,,,,
8501,8501,,,,
8502,8502,,,,
8503,8503,,,,
8504,8504,Richard N. Gladstein and Nellie Bellflower,Marc Forster,"David Magee, Marc Forster",Miramax Films
8505,8505,,,,
8506,8506,,,,
8507,8507,,,,
8508,8508,,,,
8509,8509,,,,
8510,8510,,,,
8511,8511,,,,
8512,8512,,,,
8513,8513,,,,
8514,8514,,,,
8515,8515,,,,
8516,8516,,,,
8517,8517,,,,
8518,8518,,,,
8519,8519,,,,
8520,8520,,,,
8521,8521,,,,
8522,8522,,,,
8523,8523,,,,
8524,8524,,,,
8525,8525,,,,
8526,8526,,,,
8527,8527,,,,
8528,8528,,,,
8529,8529,,,,
8530,8530,,,,
8531,8531,,,,
8532,8532,,,,
8533,8533,,,,
8534,8534,,,,
8535,8535,,,,
8536,8536,,,,
8537,8537,,,,
8538,8538,,,,
8539,8539,,,,
8540,8540,,,,
8541,8541,,,,
8542,8542,,,,
8543,8543,,,,
8544,8544,,,,
8545,8545,,,,
8546,8546,,,,
8547,8547,,,,
8548,8548,,,,
8549,8549,,,,
8550,8550,,,,
8551,8551,,,,
8552,8552,Bob Rafelson and Richard Wechsler,"Bob Rafelson, Dennis Hopper","Adrien Joyce, Carole Eastman, Bob Rafelson",Columbia Pictures
8553,8553,,,,
8554,8554,,,,
8555,8555,,,,
8556,8556,,,,
8557,8557,,,,
8558,8558,,,,
8559,8559,,,,
8560,8560,,,,
8561,8561,,,,
8562,8562,,,,
8563,8563,,,,
8564,8564,,,,
8565,8565,,,,
8566,8566,,,,
8567,8567,,,,
8568,8568,,,,
8569,8569,,,,
8570,8570,,,,
8571,8571,,,,
8572,8572,,,,
8573,8573,,,,
8574,8574,,,,
8575,8575,,,,
8576,8576,,,,
8577,8577,,,,
8578,8578,,,,
8579,8579,,,,
8580,8580,,,,
8581,8581,,,,
8582,8582,,,,
8583,8583,,,,
8584,8584,,,,
8585,8585,,,,
8586,8586,,,,
8587,8587,,,,
8588,8588,,,,
8589,8589,,,,
8590,8590,,,,
8591,8591,,,,
8592,8592,,,,
8593,8593,,,,
8594,8594,,,,
8595,8595,,,,
8596,8596,,,,
8597,8597,,,,
8598,8598,,,,
8599,8599,,,,
8600,8600,,,,
8601,8601,,,,
8602,8602,,,,
8603,8603,,,,
8604,8604,,,,
8605,8605,,,,
8606,8606,,,,
8607,8607,,,,
8608,8608,,,,
8609,8609,,,,
8610,8610,,,,
8611,8611,,,,
8612,8612,,,,
8613,8613,,,,
8614,8614,,,,
8615,8615,,,,
8616,8616,,,,
8617,8617,,,,
8618,8618,,,,
8619,8619,,,,
8620,8620,,,,
8621,8621,,,,
8622,8622,,,,
8623,8623,,,,
8624,8624,,,,
8625,8625,,,,
8626,8626,,,,
8627,8627,,,,
8628,8628,,,,
8629,8629,,,,
8630,8630,,,,
8631,8631,,,,
8632,8632,,,,
8633,8633,,,,
8634,8634,,,,
8635,8635,,,,
8636,8636,,,,
8637,8637,,,,
8638,8638,,,,
8639,8639,,,,
8640,8640,,,,
8641,8641,,,,
8642,8642,,,,
8643,8643,,,,
8644,8644,,,,
8645,8645,,,,
8646,8646,,,,
8647,8647,,,,
8648,8648,,,,
8649,8649,,,,
8650,8650,,,,
8651,8651,,,,
8652,8652,,,,
8653,8653,,,,
8654,8654,,,,
8655,8655,,,,
8656,8656,,,,
8657,8657,,,,
8658,8658,,,,
8659,8659,,,,
8660,8660,,,,
8661,8661,,,,
8662,8662,,,,
8663,8663,,,,
8664,8664,,,,
8665,8665,,,,
8666,8666,,,,
8667,8667,,,,
8668,8668,,,,
8669,8669,,,,
8670,8670,,,,
8671,8671,,,,
8672,8672,,,,
8673,8673,,,,
8674,8674,,,,
8675,8675,,,,
8676,8676,,,,
8677,8677,,,,
8678,8678,,,,
8679,8679,,,,
8680,8680,,,,
8681,8681,,,,
8682,8682,,,,
8683,8683,Paramount,Sam Wood,Dudley Nichols,MCA Universal Home Video
8684,8684,,,,
8685,8685,,,,
8686,8686,,,,
8687,8687,,,,
8688,8688,,,,
8689,8689,,,,
8690,8690,,,,
8691,8691,,,,
8692,8692,,,,
8693,8693,,,,
8694,8694,,,,
8695,8695,,,,
8696,8696,,,,
8697,8697,,,,
8698,8698,,,,
8699,8699,,,,
8700,8700,,,,
8701,8701,,,,
8702,8702,,,,
8703,8703,,,,
8704,8704,Walter Wanger (production company),Alfred Hitchcock,"Charles Bennett, James Hilton, Joan Harrison, Richard Maibaum, Robert Benchley",Warner Home Video
8705,8705,,,,
8706,8706,,,,
8707,8707,,,,
8708,8708,,,,
8709,8709,,,,
8710,8710,,,,
8711,8711,,,,
8712,8712,,,,
8713,8713,,,,
8714,8714,,,,
8715,8715,,,,
8716,8716,,,,
8717,8717,,,,
8718,8718,,,,
8719,8719,,,,
8720,8720,,,,
8721,8721,,,,
8722,8722,,,,
8723,8723,,,,
8724,8724,,,,
8725,8725,,,,
8726,8726,,,,
8727,8727,,,,
8728,8728,,,,
8729,8729,,,,
8730,8730,,,,
8731,8731,,,,
8732,8732,,,,
8733,8733,,,,
8734,8734,,,,
8735,8735,,,,
8736,8736,"Wendy Finerman, Steve Tisch, and Steve Starkey",Robert Zemeckis,Eric Roth,Paramount Pictures
8737,8737,,,,
8738,8738,,,,
8739,8739,,,,
8740,8740,,,,
8741,8741,,,,
8742,8742,,,,
8743,8743,,,,
8744,8744,,,,
8745,8745,,,,
8746,8746,,,,
8747,8747,,,,
8748,8748,,,,
8749,8749,,,,
8750,8750,,,,
8751,8751,,,,
8752,8752,,,,
8753,8753,,,,
8754,8754,,,,
8755,8755,,,,
8756,8756,,,,
8757,8757,Duncan Kenworthy,Mike Newell,"Richard Curtis, Mike Newell",Gramercy Pictures
8758,8758,,,,
8759,8759,,,,
8760,8760,,,,
8761,8761,,,,
8762,8762,,,,
8763,8763,,,,
8764,8764,,,,
8765,8765,,,,
8766,8766,,,,
8767,8767,,,,
8768,8768,,,,
8769,8769,,,,
8770,8770,,,,
8771,8771,,,,
8772,8772,,,,
8773,8773,,,,
8774,8774,,,,
8775,8775,,,,
8776,8776,,,,
8777,8777,,,,
8778,8778,,,,
8779,8779,,,,
8780,8780,,,,
8781,8781,,,,
8782,8782,,,,
8783,8783,,,,
8784,8784,,,,
8785,8785,,,,
8786,8786,,,,
8787,8787,,,,
8788,8788,,,,
8789,8789,,,,
8790,8790,,,,
8791,8791,,,,
8792,8792,,,,
8793,8793,,,,
8794,8794,,,,
8795,8795,,,,
8796,8796,,,,
8797,8797,,,,
8798,8798,,,,
8799,8799,,,,
8800,8800,,,,
8801,8801,,,,
8802,8802,,,,
8803,8803,,,,
8804,8804,,,,
8805,8805,,,,
8806,8806,,,,
8807,8807,,,,
8808,8808,,,,
8809,8809,,,,
8810,8810,,,,
8811,8811,,,,
8812,8812,,,,
8813,8813,,,,
8814,8814,,,,
8815,8815,,,,
8816,8816,,,,
8817,8817,,,,
8818,8818,,,,
8819,8819,,,,
8820,8820,,,,
8821,8821,,,,
8822,8822,,,,
8823,8823,,,,
8824,8824,,,,
8825,8825,,,,
8826,8826,,,,
8827,8827,,,,
8828,8828,,,,
8829,8829,,,,
8830,8830,,,,
8831,8831,,,,
8832,8832,,,,
8833,8833,,,,
8834,8834,,,,
8835,8835,,,,
8836,8836,,,,
8837,8837,,,,
8838,8838,,,,
8839,8839,,,,
8840,8840,,,,
8841,8841,,,,
8842,8842,,,,
8843,8843,,,,
8844,8844,,,,
8845,8845,,,,
8846,8846,,,,
8847,8847,,,,
8848,8848,,,,
8849,8849,,,,
8850,8850,,,,
8851,8851,,,,
8852,8852,,,,
8853,8853,,,,
8854,8854,,,,
8855,8855,,,,
8856,8856,,,,
8857,8857,,,,
8858,8858,,,,
8859,8859,,,,
8860,8860,,,,
8861,8861,,,,
8862,8862,,,,
8863,8863,,,,
8864,8864,,,,
8865,8865,,,,
8866,8866,,,,
8867,8867,,,,
8868,8868,,,,
8869,8869,,,,
8870,8870,,,,
8871,8871,,,,
8872,8872,,,,
8873,8873,,,,
8874,8874,,,,
8875,8875,,,,
8876,8876,,,,
8877,8877,,,,
8878,8878,,,,
8879,8879,,,,
8880,8880,,,,
8881,8881,,,,
8882,8882,,,,
8883,8883,,,,
8884,8884,,,,
8885,8885,,,,
8886,8886,,,,
8887,8887,,,,
8888,8888,,,,
8889,8889,,,,
8890,8890,,,,
8891,8891,,,,
8892,8892,,,,
8893,8893,,,,
8894,8894,,,,
8895,8895,,,,
8896,8896,,,,
8897,8897,,,,
8898,8898,,,,
8899,8899,,,,
8900,8900,William Wyler,William Wyler,Michael Wilson,Twentieth Century Fox Home Entertainment
8901,8901,,,,
8902,8902,,,,
8903,8903,,,,
8904,8904,,,,
8905,8905,,,,
8906,8906,,,,
8907,8907,,,,
8908,8908,,,,
8909,8909,,,,
8910,8910,,,,
8911,8911,,,,
8912,8912,,,,
8913,8913,,,,
8914,8914,,,,
8915,8915,,,,
8916,8916,,,,
8917,8917,,,,
8918,8918,,,,
8919,8919,,,,
8920,8920,,,,
8921,8921,,,,
8922,8922,,,,
8923,8923,,,,
8924,8924,,,,
8925,8925,,,,
8926,8926,,,,
8927,8927,,,,
8928,8928,,,,
8929,8929,,,,
8930,8930,,,,
8931,8931,,,,
8932,8932,,,,
8933,8933,,,,
8934,8934,,,,
8935,8935,,,,
8936,8936,,,,
8937,8937,,,,
8938,8938,,,,
8939,8939,Buddy Adler,Fred Zinnemann,Daniel Taradash,NCM Fathom
8940,8940,,,,
8941,8941,,,,
8942,8942,,,,
8943,8943,,,,
8944,8944,,,,
8945,8945,,,,
8946,8946,,,,
8947,8947,,,,
8948,8948,,,,
8949,8949,,,,
8950,8950,,,,
8951,8951,,,,
8952,8952,,,,
8953,8953,,,,
8954,8954,,,,
8955,8955,,,,
8956,8956,,,,
8957,8957,,,,
8958,8958,,,,
8959,8959,,,,
8960,8960,,,,
8961,8961,,,,
8962,8962,,,,
8963,8963,,,,
8964,8964,,,,
8965,8965,"Ron Howard, Brian Grazer, and Eric Fellner",Ron Howard,Peter Morgan,Universal Pictures
8966,8966,,,,
8967,8967,,,,
8968,8968,,,,
8969,8969,,,,
8970,8970,,,,
8971,8971,,,,
8972,8972,,,,
8973,8973,,,,
8974,8974,,,,
8975,8975,,,,
8976,8976,,,,
8977,8977,,,,
8978,8978,,,,
8979,8979,,,,
8980,8980,,,,
8981,8981,,,,
8982,8982,,,,
8983,8983,,,,
8984,8984,,,,
8985,8985,,,,
8986,8986,,,,
8987,8987,,,,
8988,8988,,,,
8989,8989,,,,
8990,8990,,,,
8991,8991,,,,
8992,8992,,,,
8993,8993,,,,
8994,8994,,,,
8995,8995,,,,
8996,8996,,,,
8997,8997,,,,
8998,8998,,,,
8999,8999,,,,
9000,9000,,,,
9001,9001,,,,
9002,9002,,,,
9003,9003,,,,
9004,9004,,,,
9005,9005,,,,
9006,9006,,,,
9007,9007,,,,
9008,9008,,,,
9009,9009,,,,
9010,9010,Ray Stark,William Wyler,"Isobel Lennart, Jule Styne, Bob Merrill",Columbia Pictures
9011,9011,,,,
9012,9012,,,,
9013,9013,,,,
9014,9014,,,,
9015,9015,,,,
9016,9016,,,,
9017,9017,,,,
9018,9018,,,,
9019,9019,,,,
9020,9020,,,,
9021,9021,,,,
9022,9022,,,,
9023,9023,,,,
9024,9024,,,,
9025,9025,,,,
9026,9026,,,,
9027,9027,,,,
9028,9028,,,,
9029,9029,,,,
9030,9030,,,,
9031,9031,,,,
9032,9032,,,,
9033,9033,,,,
9034,9034,,,,
9035,9035,,,,
9036,9036,,,,
9037,9037,,,,
9038,9038,,,,
9039,9039,,,,
9040,9040,,,,
9041,9041,,,,
9042,9042,,,,
9043,9043,,,,
9044,9044,,,,
9045,9045,,,,
9046,9046,,,,
9047,9047,,,,
9048,9048,,,,
9049,9049,,,,
9050,9050,,,,
9051,9051,,,,
9052,9052,,,,
9053,9053,,,,
9054,9054,,,,
9055,9055,,,,
9056,9056,,,,
9057,9057,,,,
9058,9058,,,,
9059,9059,,,,
9060,9060,,,,
9061,9061,,,,
9062,9062,,,,
9063,9063,,,,
9064,9064,,,,
9065,9065,,,,
9066,9066,,,,
9067,9067,,,,
9068,9068,,,,
9069,9069,,,,
9070,9070,,,,
9071,9071,,,,
9072,9072,,,,
9073,9073,,,,
9074,9074,,,,
9075,9075,,,,
9076,9076,,,,
9077,9077,,,,
9078,9078,,,,
9079,9079,,,,
9080,9080,,,,
9081,9081,,,,
9082,9082,,,,
9083,9083,,,,
9084,9084,,,,
9085,9085,,,,
9086,9086,,,,
9087,9087,,,,
9088,9088,,,,
9089,9089,,,,
9090,9090,,,,
9091,9091,,,,
9092,9092,,,,
9093,9093,,,,
9094,9094,,,,
9095,9095,,,,
9096,9096,,,,
9097,9097,,,,
9098,9098,,,,
9099,9099,,,,
9100,9100,Richard Attenborough,Richard Attenborough,"John Briley, Robert Bolt",Columbia Pictures
9101,9101,,,,
9102,9102,,,,
9103,9103,Alberto Grimaldi and Harvey Weinstein,Martin Scorsese,"Jay Cocks, Steven Zaillian, Kenneth Lonergan",Miramax Films
9104,9104,,,,
9105,9105,,,,
9106,9106,,,,
9107,9107,,,,
9108,9108,,,,
9109,9109,,,,
9110,9110,,,,
9111,9111,,,,
9112,9112,,,,
9113,9113,,,,
9114,9114,,,,
9115,9115,,,,
9116,9116,,,,
9117,9117,,,,
9118,9118,,,,
9119,9119,,,,
9120,9120,,,,
9121,9121,,,,
9122,9122,,,,
9123,9123,,,,
9124,9124,,,,
9125,9125,,,,
9126,9126,,,,
9127,9127,,,,
9128,9128,,,,
9129,9129,,,,
9130,9130,,,,
9131,9131,Metro-Goldwyn-Mayer,George Cukor,"John Van Druten, Walter Reisch, John L. Balderston",MGM
9132,9132,,,,
9133,9133,,,,
9134,9134,,,,
9135,9135,,,,
9136,9136,,,,
9137,9137,,,,
9138,9138,,,,
9139,9139,,,,
9140,9140,,,,
9141,9141,,,,
9142,9142,,,,
9143,9143,,,,
9144,9144,,,,
9145,9145,,,,
9146,9146,,,,
9147,9147,,,,
9148,9148,,,,
9149,9149,,,,
9150,9150,,,,
9151,9151,,,,
9152,9152,,,,
9153,9153,,,,
9154,9154,,,,
9155,9155,,,,
9156,9156,,,,
9157,9157,,,,
9158,9158,,,,
9159,9159,,,,
9160,9160,,,,
9161,9161,,,,
9162,9162,,,,
9163,9163,,,,
9164,9164,,,,
9165,9165,,,,
9166,9166,,,,
9167,9167,,,,
9168,9168,,,,
9169,9169,,,,
9170,9170,,,,
9171,9171,,,,
9172,9172,20th Century-Fox,Elia Kazan,Moss Hart,Twentieth Century Fox Home Entertainment
9173,9173,,,,
9174,9174,,,,
9175,9175,,,,
9176,9176,,,,
9177,9177,,,,
9178,9178,,,,
9179,9179,,,,
9180,9180,,,,
9181,9181,,,,
9182,9182,,,,
9183,9183,,,,
9184,9184,,,,
9185,9185,,,,
9186,9186,,,,
9187,9187,,,,
9188,9188,,,,
9189,9189,,,,
9190,9190,,,,
9191,9191,,,,
9192,9192,"Sean McKittrick, Jason Blum, Edward H. Hamm Jr., and Jordan Peele",Jordan Peele,Jordan Peele,Universal Pictures
9193,9193,,,,
9194,9194,,,,
9195,9195,,,,
9196,9196,,,,
9197,9197,,,,
9198,9198,,,,
9199,9199,,,,
9200,9200,,,,
9201,9201,,,,
9202,9202,,,,
9203,9203,,,,
9204,9204,,,,
9205,9205,,,,
9206,9206,,,,
9207,9207,Lisa Weinstein,Jerry Zucker,Bruce Joel Rubin,Paramount Pictures
9208,9208,,,,
9209,9209,,,,
9210,9210,,,,
9211,9211,,,,
9212,9212,,,,
9213,9213,,,,
9214,9214,,,,
9215,9215,,,,
9216,9216,,,,
9217,9217,,,,
9218,9218,,,,
9219,9219,,,,
9220,9220,,,,
9221,9221,,,,
9222,9222,,,,
9223,9223,,,,
9224,9224,,,,
9225,9225,,,,
9226,9226,,,,
9227,9227,,,,
9228,9228,,,,
9229,9229,,,,
9230,9230,,,,
9231,9231,,,,
9232,9232,,,,
9233,9233,,,,
9234,9234,,,,
9235,9235,,,,
9236,9236,,,,
9237,9237,,,,
9238,9238,,,,
9239,9239,,,,
9240,9240,,,,
9241,9241,,,,
9242,9242,,,,
9243,9243,,,,
9244,9244,,,,
9245,9245,,,,
9246,9246,,,,
9247,9247,,,,
9248,9248,,,,
9249,9249,,,,
9250,9250,,,,
9251,9251,,,,
9252,9252,,,,
9253,9253,,,,
9254,9254,,,,
9255,9255,,,,
9256,9256,,,,
9257,9257,,,,
9258,9258,,,,
9259,9259,,,,
9260,9260,,,,
9261,9261,,,,
9262,9262,,,,
9263,9263,,,,
9264,9264,,,,
9265,9265,,,,
9266,9266,,,,
9267,9267,,,,
9268,9268,,,,
9269,9269,,,,
9270,9270,,,,
9271,9271,,,,
9272,9272,,,,
9273,9273,,,,
9274,9274,,,,
9275,9275,,,,
9276,9276,,,,
9277,9277,,,,
9278,9278,,,,
9279,9279,,,,
9280,9280,,,,
9281,9281,,,,
9282,9282,,,,
9283,9283,,,,
9284,9284,,,,
9285,9285,,,,
9286,9286,,,,
9287,9287,,,,
9288,9288,,,,
9289,9289,,,,
9290,9290,,,,
9291,9291,,,,
9292,9292,,,,
9293,9293,,,,
9294,9294,,,,
9295,9295,,,,
9296,9296,,,,
9297,9297,,,,
9298,9298,,,,
9299,9299,,,,
9300,9300,,,,
9301,9301,,,,
9302,9302,,,,
9303,9303,,,,
9304,9304,,,,
9305,9305,,,,
9306,9306,,,,
9307,9307,,,,
9308,9308,,,,
9309,9309,,,,
9310,9310,,,,
9311,9311,,,,
9312,9312,,,,
9313,9313,,,,
9314,9314,,,,
9315,9315,,,,
9316,9316,,,,
9317,9317,,,,
9318,9318,,,,
9319,9319,,,,
9320,9320,,,,
9321,9321,,,,
9322,9322,,,,
9323,9323,,,,
9324,9324,,,,
9325,9325,,,,
9326,9326,,,,
9327,9327,,,,
9328,9328,,,,
9329,9329,,,,
9330,9330,,,,
9331,9331,,,,
9332,9332,,,,
9333,9333,,,,
9334,9334,,,,
9335,9335,,,,
9336,9336,,,,
9337,9337,,,,
9338,9338,,,,
9339,9339,,,,
9340,9340,,,,
9341,9341,,,,
9342,9342,,,,
9343,9343,,,,
9344,9344,,,,
9345,9345,,,,
9346,9346,,,,
9347,9347,,,,
9348,9348,,,,
9349,9349,,,,
9350,9350,,,,
9351,9351,,,,
9352,9352,,,,
9353,9353,,,,
9354,9354,,,,
9355,9355,,,,
9356,9356,,,,
9357,9357,,,,
9358,9358,,,,
9359,9359,,,,
9360,9360,,,,
9361,9361,,,,
9362,9362,,,,
9363,9363,,,,
9364,9364,,,,
9365,9365,,,,
9366,9366,,,,
9367,9367,,,,
9368,9368,,,,
9369,9369,,,,
9370,9370,,,,
9371,9371,,,,
9372,9372,,,,
9373,9373,,,,
9374,9374,,,,
9375,9375,,,,
9376,9376,,,,
9377,9377,,,,
9378,9378,,,,
9379,9379,,,,
9380,9380,,,,
9381,9381,,,,
9382,9382,,,,
9383,9383,,,,
9384,9384,,,,
9385,9385,,,,
9386,9386,,,,
9387,9387,,,,
9388,9388,,,,
9389,9389,,,,
9390,9390,,,,
9391,9391,,,,
9392,9392,,,,
9393,9393,,,,
9394,9394,,,,
9395,9395,,,,
9396,9396,,,,
9397,9397,,,,
9398,9398,,,,
9399,9399,,,,
9400,9400,,,,
9401,9401,,,,
9402,9402,,,,
9403,9403,,,,
9404,9404,,,,
9405,9405,,,,
9406,9406,,,,
9407,9407,,,,
9408,9408,,,,
9409,9409,,,,
9410,9410,,,,
9411,9411,,,,
9412,9412,,,,
9413,9413,,,,
9414,9414,,,,
9415,9415,,,,
9416,9416,,,,
9417,9417,,,,
9418,9418,,,,
9419,9419,,,,
9420,9420,,,,
9421,9421,,,,
9422,9422,,,,
9423,9423,,,,
9424,9424,,,,
9425,9425,,,,
9426,9426,,,,
9427,9427,,,,
9428,9428,,,,
9429,9429,,,,
9430,9430,,,,
9431,9431,,,,
9432,9432,,,,
9433,9433,,,,
9434,9434,,,,
9435,9435,George Stevens and Henry Ginsberg,George Stevens,"Fred Guiol, Ivan Moffat",Warner Bros. Pictures
9436,9436,,,,
9437,9437,,,,
9438,9438,,,,
9439,9439,,,,
9440,9440,,,,
9441,9441,,,,
9442,9442,,,,
9443,9443,,,,
9444,9444,Arthur Freed,Vincente Minnelli,"Alan Jay Lerner, Frederick Loewe",MGM Home Entertainment
9445,9445,,,,
9446,9446,,,,
9447,9447,,,,
9448,9448,,,,
9449,9449,,,,
9450,9450,,,,
9451,9451,,,,
9452,9452,,,,
9453,9453,,,,
9454,9454,,,,
9455,9455,,,,
9456,9456,,,,
9457,9457,,,,
9458,9458,,,,
9459,9459,,,,
9460,9460,,,,
9461,9461,,,,
9462,9462,,,,
9463,9463,,,,
9464,9464,,,,
9465,9465,,,,
9466,9466,,,,
9467,9467,,,,
9468,9468,,,,
9469,9469,,,,
9470,9470,,,,
9471,9471,,,,
9472,9472,,,,
9473,9473,,,,
9474,9474,,,,
9475,9475,,,,
9476,9476,,,,
9477,9477,,,,
9478,9478,,,,
9479,9479,,,,
9480,9480,,,,
9481,9481,,,,
9482,9482,,,,
9483,9483,,,,
9484,9484,,,,
9485,9485,,,,
9486,9486,,,,
9487,9487,,,,
9488,9488,,,,
9489,9489,,,,
9490,9490,,,,
9491,9491,,,,
9492,9492,,,,
9493,9493,,,,
9494,9494,,,,
9495,9495,,,,
9496,9496,"Douglas Wick, David Franzoni, and Branko Lustig",Ridley Scott,"David H. Franzoni, William Nicholson, John Logan",Dreamworks Distribution LLC
9497,9497,,,,
9498,9498,,,,
9499,9499,,,,
9500,9500,,,,
9501,9501,,,,
9502,9502,,,,
9503,9503,,,,
9504,9504,,,,
9505,9505,,,,
9506,9506,,,,
9507,9507,,,,
9508,9508,,,,
9509,9509,,,,
9510,9510,,,,
9511,9511,,,,
9512,9512,,,,
9513,9513,,,,
9514,9514,,,,
9515,9515,,,,
9516,9516,,,,
9517,9517,,,,
9518,9518,,,,
9519,9519,,,,
9520,9520,,,,
9521,9521,,,,
9522,9522,,,,
9523,9523,,,,
9524,9524,,,,
9525,9525,,,,
9526,9526,,,,
9527,9527,,,,
9528,9528,,,,
9529,9529,,,,
9530,9530,,,,
9531,9531,,,,
9532,9532,,,,
9533,9533,,,,
9534,9534,,,,
9535,9535,,,,
9536,9536,,,,
9537,9537,,,,
9538,9538,,,,
9539,9539,,,,
9540,9540,,,,
9541,9541,,,,
9542,9542,,,,
9543,9543,,,,
9544,9544,,,,
9545,9545,,,,
9546,9546,,,,
9547,9547,,,,
9548,9548,,,,
9549,9549,,,,
9550,9550,,,,
9551,9551,,,,
9552,9552,,,,
9553,9553,,,,
9554,9554,,,,
9555,9555,,,,
9556,9556,,,,
9557,9557,,,,
9558,9558,,,,
9559,9559,,,,
9560,9560,,,,
9561,9561,,,,
9562,9562,,,,
9563,9563,Paramount,Leo McCarey,"Frank Corvett, Frank Butler, Frank Cavett, Leo McCarey",Paramount Pictures
9564,9564,,,,
9565,9565,,,,
9566,9566,,,,
9567,9567,,,,
9568,9568,,,,
9569,9569,,,,
9570,9570,,,,
9571,9571,,,,
9572,9572,,,,
9573,9573,,,,
9574,9574,,,,
9575,9575,,,,
9576,9576,,,,
9577,9577,,,,
9578,9578,,,,
9579,9579,,,,
9580,9580,,,,
9581,9581,,,,
9582,9582,,,,
9583,9583,,,,
9584,9584,,,,
9585,9585,,,,
9586,9586,,,,
9587,9587,,,,
9588,9588,,,,
9589,9589,,,,
9590,9590,,,,
9591,9591,,,,
9592,9592,,,,
9593,9593,,,,
9594,9594,,,,
9595,9595,,,,
9596,9596,,,,
9597,9597,,,,
9598,9598,,,,
9599,9599,,,,
9600,9600,,,,
9601,9601,,,,
9602,9602,,,,
9603,9603,,,,
9604,9604,,,,
9605,9605,,,,
9606,9606,,,,
9607,9607,,,,
9608,9608,,,,
9609,9609,,,,
9610,9610,,,,
9611,9611,,,,
9612,9612,,,,
9613,9613,,,,
9614,9614,,,,
9615,9615,,,,
9616,9616,,,,
9617,9617,,,,
9618,9618,,,,
9619,9619,,,,
9620,9620,Lawrence Bender,Gus Van Sant,"Ben Affleck, Matt Damon, Gus Van Sant",Miramax Films
9621,9621,,,,
9622,9622,,,,
9623,9623,,,,
9624,9624,,,,
9625,9625,,,,
9626,9626,,,,
9627,9627,Metro-Goldwyn-Mayer,Sam Wood,"R.C. Sherriff, Eric Maschwitz, Claudine West, James Hilton, Sidney Franklin",MGM Home Entertainment
9628,9628,,,,
9629,9629,,,,
9630,9630,,,,
9631,9631,,,,
9632,9632,,,,
9633,9633,,,,
9634,9634,,,,
9635,9635,,,,
9636,9636,,,,
9637,9637,,,,
9638,9638,,,,
9639,9639,,,,
9640,9640,,,,
9641,9641,,,,
9642,9642,,,,
9643,9643,,,,
9644,9644,,,,
9645,9645,,,,
9646,9646,,,,
9647,9647,,,,
9648,9648,,,,
9649,9649,,,,
9650,9650,,,,
9651,9651,,,,
9652,9652,,,,
9653,9653,,,,
9654,9654,,,,
9655,9655,,,,
9656,9656,,,,
9657,9657,,,,
9658,9658,,,,
9659,9659,,,,
9660,9660,,,,
9661,9661,,,,
9662,9662,,,,
9663,9663,,,,
9664,9664,,,,
9665,9665,"Robert Altman, Bob Balaban, and David Levy",Robert Altman,"Julian Fellowes, James Fellowes",USA Films
9666,9666,,,,
9667,9667,,,,
9668,9668,,,,
9669,9669,,,,
9670,9670,,,,
9671,9671,,,,
9672,9672,,,,
9673,9673,,,,
9674,9674,,,,
9675,9675,,,,
9676,9676,,,,
9677,9677,,,,
9678,9678,,,,
9679,9679,,,,
9680,9680,,,,
9681,9681,,,,
9682,9682,,,,
9683,9683,,,,
9684,9684,,,,
9685,9685,,,,
9686,9686,,,,
9687,9687,,,,
9688,9688,,,,
9689,9689,,,,
9690,9690,,,,
9691,9691,,,,
9692,9692,Metro-Goldwyn-Mayer,Edmund Goulding,William A. Drake,MGM Home Entertainment
9693,9693,,,,
9694,9694,,,,
9695,9695,,,,
9696,9696,,,,
9697,9697,,,,
9698,9698,,,,
9699,9699,,,,
9700,9700,,,,
9701,9701,,,,
9702,9702,,,,
9703,9703,,,,
9704,9704,,,,
9705,9705,,,,
9706,9706,,,,
9707,9707,,,,
9708,9708,,,,
9709,9709,,,,
9710,9710,,,,
9711,9711,,,,
9712,9712,,,,
9713,9713,,,,
9714,9714,,,,
9715,9715,,,,
9716,9716,,,,
9717,9717,,,,
9718,9718,,,,
9719,9719,,,,
9720,9720,,,,
9721,9721,,,,
9722,9722,,,,
9723,9723,,,,
9724,9724,,,,
9725,9725,,,,
9726,9726,,,,
9727,9727,,,,
9728,9728,,,,
9729,9729,,,,
9730,9730,,,,
9731,9731,,,,
9732,9732,Alfonso Cuarón and David Heyman,Alfonso Cuarón,"Alfonso Cuarón, Jonás Cuarón",Warner Bros. Pictures
9733,9733,,,,
9734,9734,,,,
9735,9735,,,,
9736,9736,,,,
9737,9737,,,,
9738,9738,,,,
9739,9739,,,,
9740,9740,,,,
9741,9741,,,,
9742,9742,,,,
9743,9743,,,,
9744,9744,,,,
9745,9745,"Jim Burke, Charles B. Wessler, Brian Currie, Peter Farrelly, and Nick Vallelonga",Peter Farrelly,"Nick Vallelonga, Peter Farrelly, Brian Currie",Universal Pictures
9746,9746,,,,
9747,9747,,,,
9748,9748,,,,
9749,9749,,,,
9750,9750,,,,
9751,9751,,,,
9752,9752,,,,
9753,9753,,,,
9754,9754,,,,
9755,9755,,,,
9756,9756,,,,
9757,9757,,,,
9758,9758,,,,
9759,9759,,,,
9760,9760,,,,
9761,9761,,,,
9762,9762,,,,
9763,9763,,,,
9764,9764,,,,
9765,9765,,,,
9766,9766,,,,
9767,9767,,,,
9768,9768,,,,
9769,9769,,,,
9770,9770,,,,
9771,9771,,,,
9772,9772,,,,
9773,9773,,,,
9774,9774,,,,
9775,9775,,,,
9776,9776,,,,
9777,9777,,,,
9778,9778,,,,
9779,9779,,,,
9780,9780,,,,
9781,9781,,,,
9782,9782,,,,
9783,9783,,,,
9784,9784,,,,
9785,9785,,,,
9786,9786,,,,
9787,9787,,,,
9788,9788,,,,
9789,9789,,,,
9790,9790,,,,
9791,9791,,,,
9792,9792,,,,
9793,9793,,,,
9794,9794,,,,
9795,9795,,,,
9796,9796,,,,
9797,9797,,,,
9798,9798,,,,
9799,9799,,,,
9800,9800,,,,
9801,9801,,,,
9802,9802,,,,
9803,9803,,,,
9804,9804,,,,
9805,9805,,,,
9806,9806,,,,
9807,9807,,,,
9808,9808,,,,
9809,9809,,,,
9810,9810,,,,
9811,9811,,,,
9812,9812,,,,
9813,9813,,,,
9814,9814,,,,
9815,9815,,,,
9816,9816,,,,
9817,9817,,,,
9818,9818,,,,
9819,9819,,,,
9820,9820,,,,
9821,9821,,,,
9822,9822,,,,
9823,9823,,,,
9824,9824,,,,
9825,9825,,,,
9826,9826,,,,
9827,9827,,,,
9828,9828,,,,
9829,9829,,,,
9830,9830,,,,
9831,9831,Stanley Kramer,Stanley Kramer,William Rose,Columbia Pictures Corporation
9832,9832,,,,
9833,9833,,,,
9834,9834,,,,
9835,9835,,,,
9836,9836,,,,
9837,9837,,,,
9838,9838,,,,
9839,9839,,,,
9840,9840,,,,
9841,9841,,,,
9842,9842,,,,
9843,9843,,,,
9844,9844,,,,
9845,9845,,,,
9846,9846,,,,
9847,9847,,,,
9848,9848,,,,
9849,9849,,,,
9850,9850,,,,
9851,9851,,,,
9852,9852,,,,
9853,9853,,,,
9854,9854,,,,
9855,9855,,,,
9856,9856,,,,
9857,9857,,,,
9858,9858,,,,
9859,9859,,,,
9860,9860,,,,
9861,9861,,,,
9862,9862,,,,
9863,9863,,,,
9864,9864,,,,
9865,9865,,,,
9866,9866,,,,
9867,9867,,,,
9868,9868,,,,
9869,9869,,,,
9870,9870,,,,
9871,9871,,,,
9872,9872,,,,
9873,9873,,,,
9874,9874,,,,
9875,9875,,,,
9876,9876,,,,
9877,9877,,,,
9878,9878,,,,
9879,9879,,,,
9880,9880,,,,
9881,9881,,,,
9882,9882,,,,
9883,9883,,,,
9884,9884,,,,
9885,9885,,,,
9886,9886,,,,
9887,9887,,,,
9888,9888,,,,
9889,9889,,,,
9890,9890,,,,
9891,9891,,,,
9892,9892,,,,
9893,9893,,,,
9894,9894,,,,
9895,9895,,,,
9896,9896,,,,
9897,9897,,,,
9898,9898,,,,
9899,9899,,,,
9900,9900,,,,
9901,9901,,,,
9902,9902,,,,
9903,9903,,,,
9904,9904,,,,
9905,9905,,,,
9906,9906,,,,
9907,9907,,,,
9908,9908,,,,
9909,9909,,,,
9910,9910,,,,
9911,9911,,,,
9912,9912,,,,
9913,9913,,,,
9914,9914,Bill Mechanic and David Permut,Mel Gibson,"Andrew Knight, Robert Schenkkan",Summit Entertainment
9915,9915,,,,
9916,9916,,,,
9917,9917,,,,
9918,9918,,,,
9919,9919,,,,
9920,9920,,,,
9921,9921,,,,
9922,9922,,,,
9923,9923,,,,
9924,9924,,,,
9925,9925,,,,
9926,9926,,,,
9927,9927,,,,
9928,9928,,,,
9929,9929,,,,
9930,9930,,,,
9931,9931,,,,
9932,9932,,,,
9933,9933,,,,
9934,9934,,,,
9935,9935,,,,
9936,9936,,,,
9937,9937,,,,
9938,9938,,,,
9939,9939,,,,
9940,9940,,,,
9941,9941,,,,
9942,9942,,,,
9943,9943,,,,
9944,9944,,,,
9945,9945,,,,
9946,9946,,,,
9947,9947,,,,
9948,9948,,,,
9949,9949,,,,
9950,9950,,,,
9951,9951,,,,
9952,9952,,,,
9953,9953,,,,
9954,9954,,,,
9955,9955,,,,
9956,9956,,,,
9957,9957,,,,
9958,9958,,,,
9959,9959,,,,
9960,9960,,,,
9961,9961,,,,
9962,9962,,,,
9963,9963,,,,
9964,9964,,,,
9965,9965,,,,
9966,9966,,,,
9967,9967,,,,
9968,9968,,,,
9969,9969,,,,
9970,9970,,,,
9971,9971,,,,
9972,9972,,,,
9973,9973,,,,
9974,9974,,,,
9975,9975,,,,
9976,9976,,,,
9977,9977,,,,
9978,9978,,,,
9979,9979,,,,
9980,9980,,,,
9981,9981,,,,
9982,9982,,,,
9983,9983,,,,
9984,9984,,,,
9985,9985,,,,
9986,9986,,,,
9987,9987,,,,
9988,9988,,,,
9989,9989,,,,
9990,9990,,,,
9991,9991,,,,
9992,9992,,,,
9993,9993,,,,
9994,9994,,,,
9995,9995,,,,
9996,9996,,,,
9997,9997,,,,
9998,9998,,,,
9999,9999,,,,
10000,10000,,,,
10001,10001,,,,
10002,10002,,,,
10003,10003,J. Arthur Rank-Two Cities Films,Laurence Olivier,"Laurence Olivier, Alan Dent",Universal
10004,10004,,,,
10005,10005,,,,
10006,10006,,,,
10007,10007,,,,
10008,10008,,,,
10009,10009,,,,
10010,10010,,,,
10011,10011,,,,
10012,10012,,,,
10013,10013,,,,
10014,10014,,,,
10015,10015,,,,
10016,10016,,,,
10017,10017,,,,
10018,10018,,,,
10019,10019,,,,
10020,10020,,,,
10021,10021,,,,
10022,10022,,,,
10023,10023,,,,
10024,10024,,,,
10025,10025,,,,
10026,10026,,,,
10027,10027,,,,
10028,10028,,,,
10029,10029,,,,
10030,10030,,,,
10031,10031,,,,
10032,10032,,,,
10033,10033,,,,
10034,10034,,,,
10035,10035,Robert Greenhut,Woody Allen,Woody Allen,Orion Pictures
10036,10036,,,,
10037,10037,,,,
10038,10038,,,,
10039,10039,,,,
10040,10040,,,,
10041,10041,,,,
10042,10042,,,,
10043,10043,,,,
10044,10044,,,,
10045,10045,,,,
10046,10046,,,,
10047,10047,,,,
10048,10048,,,,
10049,10049,,,,
10050,10050,,,,
10051,10051,,,,
10052,10052,,,,
10053,10053,,,,
10054,10054,,,,
10055,10055,,,,
10056,10056,,,,
10057,10057,,,,
10058,10058,,,,
10059,10059,,,,
10060,10060,,,,
10061,10061,,,,
10062,10062,,,,
10063,10063,,,,
10064,10064,,,,
10065,10065,,,,
10066,10066,,,,
10067,10067,,,,
10068,10068,,,,
10069,10069,,,,
10070,10070,,,,
10071,10071,,,,
10072,10072,,,,
10073,10073,,,,
10074,10074,,,,
10075,10075,,,,
10076,10076,,,,
10077,10077,,,,
10078,10078,,,,
10079,10079,,,,
10080,10080,,,,
10081,10081,,,,
10082,10082,,,,
10083,10083,,,,
10084,10084,,,,
10085,10085,,,,
10086,10086,,,,
10087,10087,,,,
10088,10088,,,,
10089,10089,,,,
10090,10090,,,,
10091,10091,,,,
10092,10092,,,,
10093,10093,,,,
10094,10094,,,,
10095,10095,,,,
10096,10096,,,,
10097,10097,,,,
10098,10098,,,,
10099,10099,,,,
10100,10100,,,,
10101,10101,,,,
10102,10102,,,,
10103,10103,,,,
10104,10104,,,,
10105,10105,,,,
10106,10106,,,,
10107,10107,,,,
10108,10108,,,,
10109,10109,,,,
10110,10110,,,,
10111,10111,,,,
10112,10112,,,,
10113,10113,,,,
10114,10114,,,,
10115,10115,,,,
10116,10116,,,,
10117,10117,,,,
10118,10118,,,,
10119,10119,,,,
10120,10120,,,,
10121,10121,,,,
10122,10122,,,,
10123,10123,,,,
10124,10124,,,,
10125,10125,,,,
10126,10126,,,,
10127,10127,,,,
10128,10128,,,,
10129,10129,,,,
10130,10130,,,,
10131,10131,,,,
10132,10132,,,,
10133,10133,,,,
10134,10134,,,,
10135,10135,,,,
10136,10136,,,,
10137,10137,,,,
10138,10138,,,,
10139,10139,,,,
10140,10140,,,,
10141,10141,,,,
10142,10142,,,,
10143,10143,,,,
10144,10144,,,,
10145,10145,,,,
10146,10146,,,,
10147,10147,,,,
10148,10148,,,,
10149,10149,,,,
10150,10150,,,,
10151,10151,,,,
10152,10152,,,,
10153,10153,,,,
10154,10154,,,,
10155,10155,,,,
10156,10156,,,,
10157,10157,,,,
10158,10158,,,,
10159,10159,,,,
10160,10160,,,,
10161,10161,,,,
10162,10162,,,,
10163,10163,,,,
10164,10164,,,,
10165,10165,,,,
10166,10166,,,,
10167,10167,,,,
10168,10168,,,,
10169,10169,,,,
10170,10170,,,,
10171,10171,,,,
10172,10172,,,,
10173,10173,,,,
10174,10174,,,,
10175,10175,,,,
10176,10176,,,,
10177,10177,,,,
10178,10178,,,,
10179,10179,,,,
10180,10180,,,,
10181,10181,,,,
10182,10182,,,,
10183,10183,,,,
10184,10184,,,,
10185,10185,,,,
10186,10186,,,,
10187,10187,,,,
10188,10188,,,,
10189,10189,,,,
10190,10190,,,,
10191,10191,,,,
10192,10192,,,,
10193,10193,,,,
10194,10194,,,,
10195,10195,,,,
10196,10196,,,,
10197,10197,,,,
10198,10198,,,,
10199,10199,,,,
10200,10200,,,,
10201,10201,,,,
10202,10202,,,,
10203,10203,,,,
10204,10204,,,,
10205,10205,,,,
10206,10206,,,,
10207,10207,,,,
10208,10208,,,,
10209,10209,,,,
10210,10210,,,,
10211,10211,,,,
10212,10212,,,,
10213,10213,,,,
10214,10214,,,,
10215,10215,,,,
10216,10216,,,,
10217,10217,,,,
10218,10218,,,,
10219,10219,,,,
10220,10220,,,,
10221,10221,,,,
10222,10222,,,,
10223,10223,,,,
10224,10224,,,,
10225,10225,,,,
10226,10226,,,,
10227,10227,,,,
10228,10228,,,,
10229,10229,,,,
10230,10230,,,,
10231,10231,,,,
10232,10232,,,,
10233,10233,,,,
10234,10234,,,,
10235,10235,,,,
10236,10236,,,,
10237,10237,,,,
10238,10238,,,,
10239,10239,,,,
10240,10240,,,,
10241,10241,,,,
10242,10242,,,,
10243,10243,,,,
10244,10244,,,,
10245,10245,,,,
10246,10246,,,,
10247,10247,,,,
10248,10248,,,,
10249,10249,,,,
10250,10250,,,,
10251,10251,,,,
10252,10252,,,,
10253,10253,,,,
10254,10254,,,,
10255,10255,,,,
10256,10256,,,,
10257,10257,,,,
10258,10258,,,,
10259,10259,,,,
10260,10260,,,,
10261,10261,,,,
10262,10262,,,,
10263,10263,,,,
10264,10264,,,,
10265,10265,,,,
10266,10266,,,,
10267,10267,,,,
10268,10268,,,,
10269,10269,,,,
10270,10270,,,,
10271,10271,,,,
10272,10272,,,,
10273,10273,,,,
10274,10274,,,,
10275,10275,,,,
10276,10276,,,,
10277,10277,,,,
10278,10278,,,,
10279,10279,,,,
10280,10280,,,,
10281,10281,,,,
10282,10282,,,,
10283,10283,,,,
10284,10284,,,,
10285,10285,,,,
10286,10286,,,,
10287,10287,,,,
10288,10288,,,,
10289,10289,,,,
10290,10290,,,,
10291,10291,,,,
10292,10292,,,,
10293,10293,,,,
10294,10294,,,,
10295,10295,,,,
10296,10296,,,,
10297,10297,,,,
10298,10298,,,,
10299,10299,,,,
10300,10300,,,,
10301,10301,,,,
10302,10302,,,,
10303,10303,,,,
10304,10304,,,,
10305,10305,,,,
10306,10306,,,,
10307,10307,,,,
10308,10308,,,,
10309,10309,,,,
10310,10310,,,,
10311,10311,,,,
10312,10312,,,,
10313,10313,,,,
10314,10314,,,,
10315,10315,,,,
10316,10316,,,,
10317,10317,,,,
10318,10318,,,,
10319,10319,,,,
10320,10320,,,,
10321,10321,,,,
10322,10322,,,,
10323,10323,,,,
10324,10324,,,,
10325,10325,,,,
10326,10326,,,,
10327,10327,,,,
10328,10328,,,,
10329,10329,,,,
10330,10330,,,,
10331,10331,,,,
10332,10332,,,,
10333,10333,,,,
10334,10334,,,,
10335,10335,,,,
10336,10336,,,,
10337,10337,,,,
10338,10338,20th Century-Fox,Ernst Lubitsch,Samson Raphaelson,20th Century Fox Film Corporation
10339,10338,Warren Beatty,"Warren Beatty, Buck Henry","Elaine May, Warren Beatty",Paramount Home Video
10340,10339,,,,
10341,10340,,,,
10342,10341,,,,
10343,10342,,,,
10344,10343,,,,
10345,10344,,,,
10346,10345,,,,
10347,10346,,,,
10348,10347,,,,
10349,10348,,,,
10350,10349,,,,
10351,10350,,,,
10352,10351,,,,
10353,10352,,,,
10354,10353,,,,
10355,10354,,,,
10356,10355,,,,
10357,10356,,,,
10358,10357,,,,
10359,10358,,,,
10360,10359,,,,
10361,10360,,,,
10362,10361,,,,
10363,10362,,,,
10364,10363,,,,
10365,10364,,,,
10366,10365,,,,
10367,10366,,,,
10368,10367,,,,
10369,10368,,,,
10370,10369,,,,
10371,10370,,,,
10372,10371,,,,
10373,10372,,,,
10374,10373,,,,
10375,10374,,,,
10376,10375,,,,
10377,10376,,,,
10378,10377,,,,
10379,10378,,,,
10380,10379,,,,
10381,10380,,,,
10382,10381,,,,
10383,10382,,,,
10384,10383,,,,
10385,10384,,,,
10386,10385,,,,
10387,10386,,,,
10388,10387,,,,
10389,10388,,,,
10390,10389,,,,
10391,10390,,,,
10392,10391,,,,
10393,10392,,,,
10394,10393,,,,
10395,10394,,,,
10396,10395,,,,
10397,10396,,,,
10398,10397,,,,
10399,10398,,,,
10400,10399,,,,
10401,10400,,,,
10402,10401,,,,
10403,10402,,,,
10404,10403,Carla Hacken and Julie Yorn,David Mackenzie,Taylor Sheridan,Film 44
10405,10404,,,,
10406,10405,,,,
10407,10406,,,,
10408,10407,,,,
10409,10408,,,,
10410,10409,,,,
10411,10410,,,,
10412,10411,,,,
10413,10412,,,,
10414,10413,,,,
10415,10414,,,,
10416,10415,,,,
10417,10416,,,,
10418,10417,,,,
10419,10418,,,,
10420,10419,,,,
10421,10420,,,,
10422,10421,,,,
10423,10422,,,,
10424,10423,,,,
10425,10424,,,,
10426,10425,,,,
10427,10426,,,,
10428,10427,,,,
10429,10428,,,,
10430,10429,,,,
10431,10430,,,,
10432,10431,,,,
10433,10432,,,,
10434,10433,,,,
10435,10434,,,,
10436,10435,,,,
10437,10436,,,,
10438,10437,,,,
10439,10438,,,,
10440,10439,,,,
10441,10440,,,,
10442,10441,,,,
10443,10442,,,,
10444,10443,,,,
10445,10444,,,,
10446,10445,,,,
10447,10446,,,,
10448,10447,,,,
10449,10448,,,,
10450,10449,,,,
10451,10450,,,,
10452,10451,,,,
10453,10452,,,,
10454,10453,,,,
10455,10454,,,,
10456,10455,,,,
10457,10456,,,,
10458,10457,Ernest Lehman,Gene Kelly,Ernest Lehman,20th Century Fox
10459,10458,,,,
10460,10459,,,,
10461,10460,,,,
10462,10461,,,,
10463,10462,,,,
10464,10463,,,,
10465,10464,,,,
10466,10465,,,,
10467,10466,,,,
10468,10467,,,,
10469,10468,,,,
10470,10469,,,,
10471,10470,,,,
10472,10471,,,,
10473,10472,,,,
10474,10473,,,,
10475,10474,,,,
10476,10475,,,,
10477,10476,,,,
10478,10477,,,,
10479,10478,,,,
10480,10479,,,,
10481,10480,,,,
10482,10481,,,,
10483,10482,,,,
10484,10483,,,,
10485,10484,,,,
10486,10485,,,,
10487,10486,,,,
10488,10487,,,,
10489,10488,,,,
10490,10489,,,,
10491,10490,,,,
10492,10491,,,,
10493,10492,,,,
10494,10493,,,,
10495,10494,,,,
10496,10495,,,,
10497,10496,,,,
10498,10497,"Megan Ellison, Spike Jonze, and Vincent Landay",Spike Jonze,Spike Jonze,Warner Bros. Pictures
10499,10498,,,,
10500,10499,,,,
10501,10500,,,,
10502,10501,,,,
10503,10502,,,,
10504,10503,,,,
10505,10504,,,,
10506,10505,,,,
10507,10506,,,,
10508,10507,,,,
10509,10508,,,,
10510,10509,,,,
10511,10510,,,,
10512,10511,,,,
10513,10512,,,,
10514,10513,,,,
10515,10514,,,,
10516,10515,,,,
10517,10516,,,,
10518,10517,,,,
10519,10518,,,,
10520,10519,Columbia,Alexander Hall,"Sidney Buchman, Harry Segall, Seton I. Miller",Sony Pictures Entertainment
10521,10520,,,,
10522,10521,,,,
10523,10522,,,,
10524,10523,,,,
10525,10524,,,,
10526,10525,,,,
10527,10526,,,,
10528,10527,,,,
10529,10528,,,,
10530,10529,,,,
10531,10530,,,,
10532,10531,,,,
10533,10532,,,,
10534,10533,,,,
10535,10534,,,,
10536,10535,,,,
10537,10536,,,,
10538,10537,,,,
10539,10538,,,,
10540,10539,,,,
10541,10540,,,,
10542,10541,,,,
10543,10542,,,,
10544,10543,,,,
10545,10544,,,,
10546,10545,,,,
10547,10546,,,,
10548,10547,,,,
10549,10548,,,,
10550,10549,,,,
10551,10550,,,,
10552,10551,,,,
10553,10552,,,,
10554,10553,,,,
10555,10554,,,,
10556,10555,,,,
10557,10556,,,,
10558,10557,,,,
10559,10558,,,,
10560,10559,,,,
10561,10560,,,,
10562,10561,,,,
10563,10562,,,,
10564,10563,,,,
10565,10564,,,,
10566,10565,,,,
10567,10566,,,,
10568,10567,,,,
10569,10568,,,,
10570,10569,,,,
10571,10570,,,,
10572,10571,,,,
10573,10572,,,,
10574,10573,,,,
10575,10574,,,,
10576,10575,,,,
10577,10576,,,,
10578,10577,,,,
10579,10578,,,,
10580,10579,,,,
10581,10580,,,,
10582,10581,,,,
10583,10582,,,,
10584,10583,,,,
10585,10584,,,,
10586,10585,,,,
10587,10586,,,,
10588,10587,,,,
10589,10588,,,,
10590,10589,,,,
10591,10590,,,,
10592,10591,,,,
10593,10592,,,,
10594,10593,,,,
10595,10594,,,,
10596,10595,,,,
10597,10596,,,,
10598,10597,,,,
10599,10598,,,,
10600,10599,,,,
10601,10600,,,,
10602,10601,Stanley Kramer,Fred Zinnemann,Carl Foreman,United Artists
10603,10602,,,,
10604,10603,,,,
10605,10604,,,,
10606,10605,,,,
10607,10606,,,,
10608,10607,,,,
10609,10608,,,,
10610,10609,,,,
10611,10610,,,,
10612,10611,,,,
10613,10612,,,,
10614,10613,,,,
10615,10614,,,,
10616,10615,,,,
10617,10616,,,,
10618,10617,,,,
10619,10618,,,,
10620,10619,,,,
10621,10620,,,,
10622,10621,,,,
10623,10622,,,,
10624,10623,,,,
10625,10624,,,,
10626,10625,,,,
10627,10626,,,,
10628,10627,,,,
10629,10628,,,,
10630,10629,,,,
10631,10630,,,,
10632,10631,,,,
10633,10632,,,,
10634,10633,,,,
10635,10634,,,,
10636,10635,,,,
10637,10636,,,,
10638,10637,,,,
10639,10638,,,,
10640,10639,,,,
10641,10640,,,,
10642,10641,,,,
10643,10642,,,,
10644,10643,,,,
10645,10644,,,,
10646,10645,,,,
10647,10646,,,,
10648,10647,,,,
10649,10648,,,,
10650,10649,,,,
10651,10650,,,,
10652,10651,,,,
10653,10652,,,,
10654,10653,,,,
10655,10654,,,,
10656,10655,,,,
10657,10656,,,,
10658,10657,,,,
10659,10658,,,,
10660,10659,,,,
10661,10660,,,,
10662,10661,,,,
10663,10662,,,,
10664,10663,,,,
10665,10664,,,,
10666,10665,,,,
10667,10666,,,,
10668,10667,,,,
10669,10668,,,,
10670,10669,,,,
10671,10670,,,,
10672,10671,,,,
10673,10672,,,,
10674,10673,,,,
10675,10674,,,,
10676,10675,,,,
10677,10676,,,,
10678,10677,,,,
10679,10678,,,,
10680,10679,,,,
10681,10680,,,,
10682,10681,,,,
10683,10682,,,,
10684,10683,,,,
10685,10684,,,,
10686,10685,,,,
10687,10686,,,,
10688,10687,,,,
10689,10688,,,,
10690,10689,,,,
10691,10690,,,,
10692,10691,,,,
10693,10692,,,,
10694,10693,,,,
10695,10694,,,,
10696,10695,,,,
10697,10696,,,,
10698,10697,,,,
10699,10698,,,,
10700,10699,,,,
10701,10700,,,,
10702,10701,,,,
10703,10702,,,,
10704,10703,,,,
10705,10704,,,,
10706,10705,,,,
10707,10706,,,,
10708,10707,,,,
10709,10708,,,,
10710,10709,,,,
10711,10710,,,,
10712,10711,,,,
10713,10712,,,,
10714,10713,,,,
10715,10714,,,,
10716,10715,,,,
10717,10716,,,,
10718,10717,,,,
10719,10718,,,,
10720,10719,,,,
10721,10720,,,,
10722,10721,,,,
10723,10722,,,,
10724,10723,,,,
10725,10724,,,,
10726,10725,,,,
10727,10726,,,,
10728,10727,,,,
10729,10728,,,,
10730,10729,,,,
10731,10730,,,,
10732,10731,,,,
10733,10732,,,,
10734,10733,,,,
10735,10734,,,,
10736,10735,,,,
10737,10736,,,,
10738,10737,,,,
10739,10738,,,,
10740,10739,,,,
10741,10740,,,,
10742,10741,,,,
10743,10742,,,,
10744,10743,,,,
10745,10744,,,,
10746,10745,,,,
10747,10746,,,,
10748,10747,,,,
10749,10748,,,,
10750,10749,,,,
10751,10750,,,,
10752,10751,,,,
10753,10752,,,,
10754,10753,,,,
10755,10754,,,,
10756,10755,,,,
10757,10756,,,,
10758,10757,,,,
10759,10758,,,,
10760,10759,,,,
10761,10760,,,,
10762,10761,,,,
10763,10762,,,,
10764,10763,,,,
10765,10764,,,,
10766,10765,,,,
10767,10766,,,,
10768,10767,,,,
10769,10768,,,,
10770,10769,,,,
10771,10770,,,,
10772,10771,,,,
10773,10772,,,,
10774,10773,,,,
10775,10774,,,,
10776,10775,,,,
10777,10776,,,,
10778,10777,,,,
10779,10778,,,,
10780,10779,,,,
10781,10780,,,,
10782,10781,,,,
10783,10782,,,,
10784,10783,,,,
10785,10784,,,,
10786,10785,,,,
10787,10786,,,,
10788,10787,,,,
10789,10788,,,,
10790,10789,,,,
10791,10790,,,,
10792,10791,,,,
10793,10792,,,,
10794,10793,,,,
10795,10794,,,,
10796,10795,,,,
10797,10796,,,,
10798,10797,,,,
10799,10798,,,,
10800,10799,,,,
10801,10800,,,,
10802,10801,,,,
10803,10802,,,,
10804,10803,,,,
10805,10804,,,,
10806,10805,,,,
10807,10806,,,,
10808,10807,,,,
10809,10808,,,,
10810,10809,,,,
10811,10810,,,,
10812,10811,,,,
10813,10812,,,,
10814,10813,,,,
10815,10814,,,,
10816,10815,,,,
10817,10816,,,,
10818,10817,,,,
10819,10818,,,,
10820,10819,,,,
10821,10820,,,,
10822,10821,,,,
10823,10822,,,,
10824,10823,,,,
10825,10824,,,,
10826,10825,,,,
10827,10826,,,,
10828,10827,,,,
10829,10828,,,,
10830,10829,,,,
10831,10830,,,,
10832,10831,,,,
10833,10832,,,,
10834,10833,,,,
10835,10834,,,,
10836,10835,,,,
10837,10836,,,,
10838,10837,,,,
10839,10838,,,,
10840,10839,,,,
10841,10840,,,,
10842,10841,,,,
10843,10842,,,,
10844,10843,,,,
10845,10844,,,,
10846,10845,,,,
10847,10846,,,,
10848,10847,,,,
10849,10848,,,,
10850,10849,,,,
10851,10850,,,,
10852,10851,,,,
10853,10852,,,,
10854,10853,,,,
10855,10854,,,,
10856,10855,,,,
10857,10856,,,,
10858,10857,,,,
10859,10858,,,,
10860,10859,,,,
10861,10860,,,,
10862,10861,,,,
10863,10862,,,,
10864,10863,,,,
10865,10864,,,,
10866,10865,,,,
10867,10866,,,,
10868,10867,,,,
10869,10868,,,,
10870,10869,,,,
10871,10870,,,,
10872,10871,,,,
10873,10872,,,,
10874,10873,,,,
10875,10874,,,,
10876,10875,,,,
10877,10876,,,,
10878,10877,,,,
10879,10878,,,,
10880,10879,,,,
10881,10880,,,,
10882,10881,,,,
10883,10882,,,,
10884,10883,,,,
10885,10884,,,,
10886,10885,,,,
10887,10886,,,,
10888,10887,,,,
10889,10888,,,,
10890,10889,,,,
10891,10890,,,,
10892,10891,,,,
10893,10892,,,,
10894,10893,,,,
10895,10894,,,,
10896,10895,,,,
10897,10896,,,,
10898,10897,,,,
10899,10898,,,,
10900,10899,,,,
10901,10900,,,,
10902,10901,,,,
10903,10902,,,,
10904,10903,,,,
10905,10904,,,,
10906,10905,,,,
10907,10906,,,,
10908,10907,,,,
10909,10908,,,,
10910,10909,,,,
10911,10910,,,,
10912,10911,,,,
10913,10912,,,,
10914,10913,,,,
10915,10914,,,,
10916,10915,,,,
10917,10916,,,,
10918,10917,,,,
10919,10918,,,,
10920,10919,,,,
10921,10920,,,,
10922,10921,,,,
10923,10922,,,,
10924,10923,,,,
10925,10924,,,,
10926,10925,,,,
10927,10926,,,,
10928,10927,,,,
10929,10928,,,,
10930,10929,,,,
10931,10930,,,,
10932,10931,,,,
10933,10932,,,,
10934,10933,,,,
10935,10934,,,,
10936,10935,,,,
10937,10936,,,,
10938,10937,,,,
10939,10938,,,,
10940,10939,,,,
10941,10940,,,,
10942,10941,,,,
10943,10942,,,,
10944,10943,,,,
10945,10944,,,,
10946,10945,,,,
10947,10946,,,,
10948,10947,,,,
10949,10948,,,,
10950,10949,,,,
10951,10950,,,,
10952,10951,,,,
10953,10952,,,,
10954,10953,,,,
10955,10954,,,,
10956,10955,,,,
10957,10956,,,,
10958,10957,,,,
10959,10958,,,,
10960,10959,,,,
10961,10960,,,,
10962,10961,,,,
10963,10962,,,,
10964,10963,,,,
10965,10964,,,,
10966,10965,,,,
10967,10966,,,,
10968,10967,,,,
10969,10968,,,,
10970,10969,,,,
10971,10970,,,,
10972,10971,,,,
10973,10972,,,,
10974,10973,,,,
10975,10974,,,,
10976,10975,,,,
10977,10976,,,,
10978,10977,,,,
10979,10978,,,,
10980,10979,,,,
10981,10980,,,,
10982,10981,,,,
10983,10982,,,,
10984,10983,,,,
10985,10984,,,,
10986,10985,,,,
10987,10986,,,,
10988,10987,,,,
10989,10988,,,,
10990,10989,,,,
10991,10990,,,,
10992,10991,,,,
10993,10992,,,,
10994,10993,,,,
10995,10994,,,,
10996,10995,,,,
10997,10996,,,,
10998,10997,,,,
10999,10998,,,,
11000,10999,,,,
11001,11000,,,,
11002,11001,,,,
11003,11002,,,,
11004,11003,,,,
11005,11004,,,,
11006,11005,,,,
11007,11006,,,,
11008,11007,,,,
11009,11008,,,,
11010,11009,,,,
11011,11010,,,,
11012,11011,,,,
11013,11012,,,,
11014,11013,,,,
11015,11014,,,,
11016,11015,,,,
11017,11016,,,,
11018,11017,,,,
11019,11018,,,,
11020,11019,,,,
11021,11020,,,,
11022,11021,,,,
11023,11022,,,,
11024,11023,,,,
11025,11024,,,,
11026,11025,,,,
11027,11026,,,,
11028,11027,,,,
11029,11028,,,,
11030,11029,,,,
11031,11030,,,,
11032,11031,,,,
11033,11032,,,,
11034,11033,,,,
11035,11034,,,,
11036,11035,,,,
11037,11036,,,,
11038,11037,,,,
11039,11038,,,,
11040,11039,,,,
11041,11040,,,,
11042,11041,,,,
11043,11042,,,,
11044,11043,,,,
11045,11044,,,,
11046,11045,,,,
11047,11046,,,,
11048,11047,,,,
11049,11048,,,,
11050,11049,,,,
11051,11050,,,,
11052,11051,,,,
11053,11052,,,,
11054,11053,,,,
11055,11054,,,,
11056,11055,,,,
11057,11056,,,,
11058,11057,,,,
11059,11058,,,,
11060,11059,,,,
11061,11060,,,,
11062,11061,,,,
11063,11062,,,,
11064,11063,,,,
11065,11064,,,,
11066,11065,,,,
11067,11066,,,,
11068,11067,,,,
11069,11068,,,,
11070,11069,,,,
11071,11070,,,,
11072,11071,,,,
11073,11072,,,,
11074,11073,,,,
11075,11074,,,,
11076,11075,,,,
11077,11076,,,,
11078,11077,,,,
11079,11078,,,,
11080,11079,,,,
11081,11080,,,,
11082,11081,,,,
11083,11082,,,,
11084,11083,,,,
11085,11084,,,,
11086,11085,,,,
11087,11086,,,,
11088,11087,,,,
11089,11088,,,,
11090,11089,,,,
11091,11090,,,,
11092,11091,,,,
11093,11092,,,,
11094,11093,,,,
11095,11094,20th Century-Fox,John Ford,"Richard Llewellyn, Philip Dunne",Twentieth Century Fox Home Entertainment
11096,11095,,,,
11097,11096,,,,
11098,11097,,,,
11099,11098,,,,
11100,11099,,,,
11101,11100,,,,
11102,11101,,,,
11103,11102,,,,
11104,11103,,,,
11105,11104,,,,
11106,11105,,,,
11107,11106,,,,
11108,11107,,,,
11109,11108,,,,
11110,11109,,,,
11111,11110,,,,
11112,11111,,,,
11113,11112,,,,
11114,11113,,,,
11115,11114,,,,
11116,11115,,,,
11117,11116,,,,
11118,11117,,,,
11119,11118,,,,
11120,11119,Ismail Merchant,James Ivory,Ruth Prawer Jhabvala,Sony Pictures Home Entertainment
11121,11120,,,,
11122,11121,,,,
11123,11122,,,,
11124,11123,,,,
11125,11124,,,,
11126,11125,,,,
11127,11126,,,,
11128,11127,,,,
11129,11128,,,,
11130,11129,,,,
11131,11130,,,,
11132,11131,,,,
11133,11132,,,,
11134,11133,,,,
11135,11134,,,,
11136,11135,,,,
11137,11136,,,,
11138,11137,,,,
11139,11138,,,,
11140,11139,,,,
11141,11140,Graham King and Martin Scorsese,Martin Scorsese,John Logan,Paramount Studios
11142,11141,,,,
11143,11142,,,,
11144,11143,,,,
11145,11144,,,,
11146,11145,,,,
11147,11146,,,,
11148,11147,,,,
11149,11148,,,,
11150,11149,,,,
11151,11150,,,,
11152,11151,,,,
11153,11152,,,,
11154,11153,,,,
11155,11154,,,,
11156,11155,,,,
11157,11156,,,,
11158,11157,,,,
11159,11158,,,,
11160,11159,,,,
11161,11160,,,,
11162,11161,,,,
11163,11162,,,,
11164,11163,,,,
11165,11164,,,,
11166,11165,,,,
11167,11166,,,,
11168,11167,,,,
11169,11168,,,,
11170,11169,,,,
11171,11170,,,,
11172,11171,,,,
11173,11172,,,,
11174,11173,,,,
11175,11174,,,,
11176,11175,,,,
11177,11176,,,,
11178,11177,,,,
11179,11178,,,,
11180,11179,,,,
11181,11180,,,,
11182,11181,,,,
11183,11182,,,,
11184,11183,,,,
11185,11184,,,,
11186,11185,,,,
11187,11186,,,,
11188,11187,,,,
11189,11188,,,,
11190,11189,,,,
11191,11190,,,,
11192,11191,,,,
11193,11192,,,,
11194,11193,,,,
11195,11194,,,,
11196,11195,,,,
11197,11196,,,,
11198,11197,,,,
11199,11198,,,,
11200,11199,,,,
11201,11200,,,,
11202,11201,,,,
11203,11202,,,,
11204,11203,,,,
11205,11204,,,,
11206,11205,,,,
11207,11206,,,,
11208,11207,,,,
11209,11208,,,,
11210,11209,,,,
11211,11210,,,,
11212,11211,,,,
11213,11212,,,,
11214,11213,,,,
11215,11214,,,,
11216,11215,,,,
11217,11216,,,,
11218,11217,,,,
11219,11218,,,,
11220,11219,,,,
11221,11220,,,,
11222,11221,,,,
11223,11222,,,,
11224,11223,,,,
11225,11224,,,,
11226,11225,,,,
11227,11226,,,,
11228,11227,,,,
11229,11228,,,,
11230,11229,,,,
11231,11230,,,,
11232,11231,,,,
11233,11232,,,,
11234,11233,,,,
11235,11234,,,,
11236,11235,,,,
11237,11236,,,,
11238,11237,,,,
11239,11238,,,,
11240,11239,,,,
11241,11240,,,,
11242,11241,,,,
11243,11242,,,,
11244,11243,,,,
11245,11244,,,,
11246,11245,,,,
11247,11246,,,,
11248,11247,,,,
11249,11248,,,,
11250,11249,,,,
11251,11250,,,,
11252,11251,,,,
11253,11252,,,,
11254,11253,,,,
11255,11254,,,,
11256,11255,,,,
11257,11256,,,,
11258,11257,,,,
11259,11258,,,,
11260,11259,,,,
11261,11260,,,,
11262,11261,,,,
11263,11262,,,,
11264,11263,,,,
11265,11264,,,,
11266,11265,,,,
11267,11266,,,,
11268,11267,,,,
11269,11268,,,,
11270,11269,,,,
11271,11270,,,,
11272,11271,,,,
11273,11272,,,,
11274,11273,,,,
11275,11274,,,,
11276,11275,,,,
11277,11276,,,,
11278,11277,,,,
11279,11278,,,,
11280,11279,,,,
11281,11280,,,,
11282,11281,,,,
11283,11282,,,,
11284,11283,,,,
11285,11284,,,,
11286,11285,,,,
11287,11286,,,,
11288,11287,,,,
11289,11288,,,,
11290,11289,,,,
11291,11290,,,,
11292,11291,,,,
11293,11292,,,,
11294,11293,,,,
11295,11294,,,,
11296,11295,,,,
11297,11296,,,,
11298,11297,,,,
11299,11298,,,,
11300,11299,,,,
11301,11300,,,,
11302,11301,,,,
11303,11302,,,,
11304,11303,,,,
11305,11304,,,,
11306,11305,,,,
11307,11306,,,,
11308,11307,,,,
11309,11308,,,,
11310,11309,,,,
11311,11310,,,,
11312,11311,,,,
11313,11312,,,,
11314,11313,,,,
11315,11314,,,,
11316,11315,,,,
11317,11316,,,,
11318,11317,,,,
11319,11318,,,,
11320,11319,,,,
11321,11320,,,,
11322,11321,,,,
11323,11322,,,,
11324,11323,,,,
11325,11324,,,,
11326,11325,,,,
11327,11326,,,,
11328,11327,,,,
11329,11328,,,,
11330,11329,,,,
11331,11330,,,,
11332,11331,,,,
11333,11332,,,,
11334,11333,,,,
11335,11334,,,,
11336,11335,,,,
11337,11336,,,,
11338,11337,,,,
11339,11338,,,,
11340,11339,,,,
11341,11340,,,,
11342,11341,,,,
11343,11342,,,,
11344,11343,,,,
11345,11344,,,,
11346,11345,,,,
11347,11346,,,,
11348,11347,,,,
11349,11348,,,,
11350,11349,,,,
11351,11350,,,,
11352,11351,,,,
11353,11352,,,,
11354,11353,,,,
11355,11354,,,,
11356,11355,,,,
11357,11356,,,,
11358,11357,,,,
11359,11358,,,,
11360,11359,,,,
11361,11360,,,,
11362,11361,,,,
11363,11362,,,,
11364,11363,,,,
11365,11364,,,,
11366,11365,,,,
11367,11366,,,,
11368,11367,,,,
11369,11368,,,,
11370,11369,,,,
11371,11370,,,,
11372,11371,,,,
11373,11372,,,,
11374,11373,,,,
11375,11374,,,,
11376,11375,,,,
11377,11376,,,,
11378,11377,,,,
11379,11378,,,,
11380,11379,,,,
11381,11380,,,,
11382,11381,,,,
11383,11382,,,,
11384,11383,,,,
11385,11384,,,,
11386,11385,,,,
11387,11386,,,,
11388,11387,,,,
11389,11388,,,,
11390,11389,,,,
11391,11390,,,,
11392,11391,,,,
11393,11392,,,,
11394,11393,,,,
11395,11394,,,,
11396,11395,,,,
11397,11396,,,,
11398,11397,,,,
11399,11398,,,,
11400,11399,,,,
11401,11400,,,,
11402,11401,,,,
11403,11402,,,,
11404,11403,,,,
11405,11404,,,,
11406,11405,,,,
11407,11406,,,,
11408,11407,,,,
11409,11408,,,,
11410,11409,,,,
11411,11410,,,,
11412,11411,,,,
11413,11412,,,,
11414,11413,,,,
11415,11414,,,,
11416,11415,,,,
11417,11416,,,,
11418,11417,,,,
11419,11418,,,,
11420,11419,,,,
11421,11420,,,,
11422,11421,,,,
11423,11422,,,,
11424,11423,,,,
11425,11424,,,,
11426,11425,,,,
11427,11426,,,,
11428,11427,,,,
11429,11428,,,,
11430,11429,,,,
11431,11430,,,,
11432,11431,,,,
11433,11432,,,,
11434,11433,,,,
11435,11434,,,,
11436,11435,,,,
11437,11436,,,,
11438,11437,,,,
11439,11438,,,,
11440,11439,,,,
11441,11440,,,,
11442,11441,,,,
11443,11442,,,,
11444,11443,,,,
11445,11444,,,,
11446,11445,,,,
11447,11446,,,,
11448,11447,,,,
11449,11448,,,,
11450,11449,,,,
11451,11450,,,,
11452,11451,,,,
11453,11452,,,,
11454,11453,,,,
11455,11454,,,,
11456,11455,,,,
11457,11456,,,,
11458,11457,,,,
11459,11458,,,,
11460,11459,,,,
11461,11460,,,,
11462,11461,,,,
11463,11462,,,,
11464,11463,,,,
11465,11464,,,,
11466,11465,,,,
11467,11466,,,,
11468,11467,,,,
11469,11468,,,,
11470,11469,,,,
11471,11470,,,,
11472,11471,,,,
11473,11472,,,,
11474,11473,,,,
11475,11474,,,,
11476,11475,,,,
11477,11476,,,,
11478,11477,,,,
11479,11478,,,,
11480,11479,,,,
11481,11480,,,,
11482,11481,,,,
11483,11482,,,,
11484,11483,,,,
11485,11484,,,,
11486,11485,,,,
11487,11486,,,,
11488,11487,,,,
11489,11488,,,,
11490,11489,,,,
11491,11490,,,,
11492,11491,,,,
11493,11492,,,,
11494,11493,,,,
11495,11494,,,,
11496,11495,,,,
11497,11496,,,,
11498,11497,,,,
11499,11498,,,,
11500,11499,,,,
11501,11500,Universal,John M. Stahl,William Hurlbut,Universal Studios
11502,11501,,,,
11503,11502,,,,
11504,11503,,,,
11505,11504,,,,
11506,11505,,,,
11507,11506,,,,
11508,11507,,,,
11509,11508,,,,
11510,11509,,,,
11511,11510,,,,
11512,11511,,,,
11513,11512,,,,
11514,11513,,,,
11515,11514,,,,
11516,11515,,,,
11517,11516,,,,
11518,11517,,,,
11519,11518,,,,
11520,11519,,,,
11521,11520,,,,
11522,11521,,,,
11523,11522,,,,
11524,11523,,,,
11525,11524,,,,
11526,11525,,,,
11527,11526,,,,
11528,11527,,,,
11529,11528,,,,
11530,11529,,,,
11531,11530,,,,
11532,11531,,,,
11533,11532,,,,
11534,11533,,,,
11535,11534,,,,
11536,11535,,,,
11537,11536,,,,
11538,11537,,,,
11539,11538,,,,
11540,11539,,,,
11541,11540,,,,
11542,11541,,,,
11543,11542,,,,
11544,11543,Fox,"Irving Cummings, Raoul Walsh",Tom Barry,20th Century Fox Film Corporation
11545,11544,,,,
11546,11545,,,,
11547,11546,,,,
11548,11547,,,,
11549,11548,,,,
11550,11549,,,,
11551,11550,,,,
11552,11551,,,,
11553,11552,,,,
11554,11553,,,,
11555,11554,,,,
11556,11555,,,,
11557,11556,,,,
11558,11557,,,,
11559,11558,,,,
11560,11559,,,,
11561,11560,,,,
11562,11561,,,,
11563,11562,,,,
11564,11563,,,,
11565,11564,,,,
11566,11565,,,,
11567,11566,,,,
11568,11567,,,,
11569,11568,,,,
11570,11569,,,,
11571,11570,,,,
11572,11571,,,,
11573,11572,,,,
11574,11573,,,,
11575,11574,,,,
11576,11575,,,,
11577,11576,,,,
11578,11577,,,,
11579,11578,,,,
11580,11579,Two Cities Films,"David Lean, Noel Coward",Noel Coward,MCA Universal Home Video
11581,11580,,,,
11582,11581,,,,
11583,11582,,,,
11584,11583,,,,
11585,11584,,,,
11586,11585,,,,
11587,11586,,,,
11588,11587,,,,
11589,11588,,,,
11590,11589,,,,
11591,11590,,,,
11592,11591,,,,
11593,11592,,,,
11594,11593,,,,
11595,11594,,,,
11596,11595,,,,
11597,11596,"Graham Leader, Ross Katz, and Todd Field",Todd Field,"Rob Festinger, Todd Field",Miramax Films
11598,11597,,,,
11599,11598,,,,
11600,11599,,,,
11601,11600,,,,
11602,11601,,,,
11603,11602,,,,
11604,11603,,,,
11605,11604,,,,
11606,11605,,,,
11607,11606,Walter Mirisch,Norman Jewison,"Stirling Silliphant, Sterling Silliphant",MGM
11608,11607,,,,
11609,11608,,,,
11610,11609,,,,
11611,11610,,,,
11612,11611,,,,
11613,11612,,,,
11614,11613,,,,
11615,11614,,,,
11616,11615,,,,
11617,11616,Jim Sheridan,Jim Sheridan,"Terry George, Jim Sheridan",Universal Pictures
11618,11617,,,,
11619,11618,,,,
11620,11619,,,,
11621,11620,,,,
11622,11621,,,,
11623,11622,,,,
11624,11623,,,,
11625,11624,,,,
11626,11625,,,,
11627,11626,,,,
11628,11627,,,,
11629,11628,,,,
11630,11629,,,,
11631,11630,,,,
11632,11631,,,,
11633,11632,,,,
11634,11633,,,,
11635,11634,,,,
11636,11635,,,,
11637,11636,,,,
11638,11637,,,,
11639,11638,,,,
11640,11639,,,,
11641,11640,,,,
11642,11641,,,,
11643,11642,,,,
11644,11643,,,,
11645,11644,,,,
11646,11645,,,,
11647,11646,Christopher Nolan and Emma Thomas,Christopher Nolan,Christopher Nolan,Warner Bros. Pictures
11648,11647,,,,
11649,11648,,,,
11650,11649,,,,
11651,11650,,,,
11652,11651,,,,
11653,11652,,,,
11654,11653,,,,
11655,11654,,,,
11656,11655,,,,
11657,11656,,,,
11658,11657,,,,
11659,11658,,,,
11660,11659,,,,
11661,11660,,,,
11662,11661,,,,
11663,11662,,,,
11664,11663,,,,
11665,11664,,,,
11666,11665,,,,
11667,11666,,,,
11668,11667,,,,
11669,11668,,,,
11670,11669,,,,
11671,11670,,,,
11672,11671,,,,
11673,11672,,,,
11674,11673,,,,
11675,11674,,,,
11676,11675,,,,
11677,11676,,,,
11678,11677,,,,
11679,11678,,,,
11680,11679,,,,
11681,11680,,,,
11682,11681,,,,
11683,11682,,,,
11684,11683,,,,
11685,11684,,,,
11686,11685,,,,
11687,11686,,,,
11688,11687,,,,
11689,11688,,,,
11690,11689,,,,
11691,11690,,,,
11692,11691,,,,
11693,11692,,,,
11694,11693,,,,
11695,11694,,,,
11696,11695,,,,
11697,11696,,,,
11698,11697,,,,
11699,11698,,,,
11700,11699,,,,
11701,11700,,,,
11702,11701,,,,
11703,11702,,,,
11704,11703,,,,
11705,11704,,,,
11706,11705,,,,
11707,11706,,,,
11708,11707,,,,
11709,11708,,,,
11710,11709,,,,
11711,11710,,,,
11712,11711,,,,
11713,11712,,,,
11714,11713,,,,
11715,11714,Lawrence Bender,Quentin Tarantino,Quentin Tarantino,The Weinstein Company
11716,11715,,,,
11717,11716,,,,
11718,11717,,,,
11719,11718,,,,
11720,11719,,,,
11721,11720,,,,
11722,11721,,,,
11723,11722,,,,
11724,11723,,,,
11725,11724,,,,
11726,11725,,,,
11727,11726,,,,
11728,11727,,,,
11729,11728,,,,
11730,11729,,,,
11731,11730,,,,
11732,11731,,,,
11733,11732,,,,
11734,11733,,,,
11735,11734,,,,
11736,11735,,,,
11737,11736,,,,
11738,11737,,,,
11739,11738,,,,
11740,11739,,,,
11741,11740,,,,
11742,11741,,,,
11743,11742,,,,
11744,11743,,,,
11745,11744,,,,
11746,11745,,,,
11747,11746,,,,
11748,11747,,,,
11749,11748,,,,
11750,11749,,,,
11751,11750,,,,
11752,11751,,,,
11753,11752,,,,
11754,11753,,,,
11755,11754,,,,
11756,11755,,,,
11757,11756,,,,
11758,11757,,,,
11759,11758,,,,
11760,11759,,,,
11761,11760,,,,
11762,11761,,,,
11763,11762,,,,
11764,11763,,,,
11765,11764,,,,
11766,11765,,,,
11767,11766,,,,
11768,11767,,,,
11769,11768,,,,
11770,11769,,,,
11771,11770,,,,
11772,11771,,,,
11773,11772,,,,
11774,11773,,,,
11775,11774,,,,
11776,11775,,,,
11777,11776,,,,
11778,11777,,,,
11779,11778,,,,
11780,11779,,,,
11781,11780,,,,
11782,11781,,,,
11783,11782,,,,
11784,11783,,,,
11785,11784,,,,
11786,11785,,,,
11787,11786,,,,
11788,11787,,,,
11789,11788,,,,
11790,11789,,,,
11791,11790,,,,
11792,11791,,,,
11793,11792,,,,
11794,11793,,,,
11795,11794,,,,
11796,11795,,,,
11797,11796,,,,
11798,11797,,,,
11799,11798,,,,
11800,11799,,,,
11801,11800,,,,
11802,11801,,,,
11803,11802,,,,
11804,11803,,,,
11805,11804,,,,
11806,11805,,,,
11807,11806,,,,
11808,11807,,,,
11809,11808,,,,
11810,11809,,,,
11811,11810,,,,
11812,11811,,,,
11813,11812,,,,
11814,11813,,,,
11815,11814,,,,
11816,11815,,,,
11817,11816,,,,
11818,11817,,,,
11819,11818,,,,
11820,11819,,,,
11821,11820,,,,
11822,11821,,,,
11823,11822,,,,
11824,11823,,,,
11825,11824,,,,
11826,11825,,,,
11827,11826,,,,
11828,11827,,,,
11829,11828,,,,
11830,11829,,,,
11831,11830,,,,
11832,11831,,,,
11833,11832,,,,
11834,11833,,,,
11835,11834,,,,
11836,11835,,,,
11837,11836,,,,
11838,11837,,,,
11839,11838,,,,
11840,11839,,,,
11841,11840,,,,
11842,11841,,,,
11843,11842,,,,
11844,11843,,,,
11845,11844,,,,
11846,11845,,,,
11847,11846,,,,
11848,11847,,,,
11849,11848,,,,
11850,11849,,,,
11851,11850,,,,
11852,11851,,,,
11853,11852,,,,
11854,11853,,,,
11855,11854,,,,
11856,11855,,,,
11857,11856,,,,
11858,11857,,,,
11859,11858,,,,
11860,11859,,,,
11861,11860,,,,
11862,11861,,,,
11863,11862,,,,
11864,11863,,,,
11865,11864,,,,
11866,11865,,,,
11867,11866,,,,
11868,11867,,,,
11869,11868,,,,
11870,11869,,,,
11871,11870,,,,
11872,11871,,,,
11873,11872,,,,
11874,11873,,,,
11875,11874,,,,
11876,11875,,,,
11877,11876,,,,
11878,11877,,,,
11879,11878,,,,
11880,11879,,,,
11881,11880,,,,
11882,11881,,,,
11883,11882,,,,
11884,11883,,,,
11885,11884,,,,
11886,11885,,,,
11887,11886,,,,
11888,11887,,,,
11889,11888,,,,
11890,11889,,,,
11891,11890,,,,
11892,11891,,,,
11893,11892,,,,
11894,11893,,,,
11895,11894,,,,
11896,11895,,,,
11897,11896,,,,
11898,11897,,,,
11899,11898,,,,
11900,11899,,,,
11901,11900,,,,
11902,11901,,,,
11903,11902,,,,
11904,11903,,,,
11905,11904,,,,
11906,11905,,,,
11907,11906,,,,
11908,11907,,,,
11909,11908,,,,
11910,11909,,,,
11911,11910,,,,
11912,11911,,,,
11913,11912,,,,
11914,11913,,,,
11915,11914,,,,
11916,11915,,,,
11917,11916,,,,
11918,11917,,,,
11919,11918,,,,
11920,11919,,,,
11921,11920,,,,
11922,11921,,,,
11923,11922,,,,
11924,11923,,,,
11925,11924,,,,
11926,11925,,,,
11927,11926,,,,
11928,11927,,,,
11929,11928,,,,
11930,11929,,,,
11931,11930,,,,
11932,11931,,,,
11933,11932,,,,
11934,11933,,,,
11935,11934,,,,
11936,11935,,,,
11937,11936,,,,
11938,11937,,,,
11939,11938,,,,
11940,11939,,,,
11941,11940,,,,
11942,11941,,,,
11943,11942,,,,
11944,11943,,,,
11945,11944,,,,
11946,11945,,,,
11947,11946,,,,
11948,11947,,,,
11949,11948,,,,
11950,11949,,,,
11951,11950,,,,
11952,11951,,,,
11953,11952,,,,
11954,11953,,,,
11955,11954,,,,
11956,11955,,,,
11957,11956,,,,
11958,11957,,,,
11959,11958,,,,
11960,11959,,,,
11961,11960,,,,
11962,11961,,,,
11963,11962,,,,
11964,11963,,,,
11965,11964,,,,
11966,11965,Columbia,Frank Capra,Robert Riskin,Sony Pictures Home Entertainment
11967,11966,,,,
11968,11967,,,,
11969,11968,,,,
11970,11969,,,,
11971,11970,,,,
11972,11971,,,,
11973,11972,,,,
11974,11973,,,,
11975,11974,,,,
11976,11975,,,,
11977,11976,,,,
11978,11977,,,,
11979,11978,,,,
11980,11979,,,,
11981,11980,,,,
11982,11981,,,,
11983,11982,,,,
11984,11983,,,,
11985,11984,,,,
11986,11985,,,,
11987,11986,,,,
11988,11987,,,,
11989,11988,,,,
11990,11989,,,,
11991,11990,,,,
11992,11991,,,,
11993,11992,,,,
11994,11993,,,,
11995,11994,,,,
11996,11995,,,,
11997,11996,,,,
11998,11997,,,,
11999,11998,,,,
12000,11999,,,,
12001,12000,,,,
12002,12001,,,,
12003,12002,,,,
12004,12003,,,,
12005,12004,,,,
12006,12005,,,,
12007,12006,,,,
12008,12007,,,,
12009,12008,,,,
12010,12009,,,,
12011,12010,,,,
12012,12011,,,,
12013,12012,Liberty Films,Frank Capra,"Frank Capra, Frances Goodrich, Albert Hackett",Liberty Films
12014,12013,,,,
12015,12014,,,,
12016,12015,,,,
12017,12016,,,,
12018,12017,,,,
12019,12018,,,,
12020,12019,,,,
12021,12020,,,,
12022,12021,,,,
12023,12022,Pandro S. Berman,Richard Thorpe,"Noel Langley, Aeneas MacKenzie",MGM Home Entertainment
12024,12023,,,,
12025,12024,,,,
12026,12025,,,,
12027,12026,,,,
12028,12027,,,,
12029,12028,,,,
12030,12029,,,,
12031,12030,,,,
12032,12031,,,,
12033,12032,A. Kitman Ho and Oliver Stone,Oliver Stone,"Oliver Stone, Zachary Sklar",Warner Bros.
12034,12033,,,,
12035,12034,,,,
12036,12035,,,,
12037,12036,,,,
12038,12037,,,,
12039,12038,,,,
12040,12039,,,,
12041,12040,,,,
12042,12041,,,,
12043,12042,,,,
12044,12043,,,,
12045,12044,,,,
12046,12045,,,,
12047,12046,,,,
12048,12047,,,,
12049,12048,,,,
12050,12049,,,,
12051,12050,,,,
12052,12051,,,,
12053,12052,,,,
12054,12053,,,,
12055,12054,,,,
12056,12055,,,,
12057,12056,,,,
12058,12057,,,,
12059,12058,,,,
12060,12059,,,,
12061,12060,,,,
12062,12061,,,,
12063,12062,,,,
12064,12063,,,,
12065,12064,,,,
12066,12065,,,,
12067,12066,,,,
12068,12067,,,,
12069,12068,,,,
12070,12069,,,,
12071,12070,,,,
12072,12071,,,,
12073,12072,,,,
12074,12073,,,,
12075,12074,,,,
12076,12075,,,,
12077,12076,,,,
12078,12077,,,,
12079,12078,,,,
12080,12079,,,,
12081,12080,,,,
12082,12081,,,,
12083,12082,,,,
12084,12083,,,,
12085,12084,,,,
12086,12085,,,,
12087,12086,,,,
12088,12087,,,,
12089,12088,,,,
12090,12089,,,,
12091,12090,,,,
12092,12091,,,,
12093,12092,,,,
12094,12093,,,,
12095,12094,,,,
12096,12095,,,,
12097,12096,,,,
12098,12097,,,,
12099,12098,,,,
12100,12099,,,,
12101,12100,,,,
12102,12101,,,,
12103,12102,,,,
12104,12103,,,,
12105,12104,,,,
12106,12105,,,,
12107,12106,,,,
12108,12107,,,,
12109,12108,,,,
12110,12109,,,,
12111,12110,,,,
12112,12111,Richard D. Zanuck and David Brown,Steven Spielberg,"Howard Sackler, Carl Gottlieb, Peter Benchley",Universal Pictures
12113,12112,,,,
12114,12113,,,,
12115,12114,,,,
12116,12115,,,,
12117,12116,,,,
12118,12117,,,,
12119,12118,,,,
12120,12119,,,,
12121,12120,,,,
12122,12121,,,,
12123,12122,,,,
12124,12123,,,,
12125,12124,,,,
12126,12125,,,,
12127,12126,,,,
12128,12127,,,,
12129,12128,,,,
12130,12129,,,,
12131,12130,,,,
12132,12131,,,,
12133,12132,,,,
12134,12133,,,,
12135,12134,,,,
12136,12135,,,,
12137,12136,,,,
12138,12137,,,,
12139,12138,,,,
12140,12139,,,,
12141,12140,,,,
12142,12141,,,,
12143,12142,,,,
12144,12143,,,,
12145,12144,,,,
12146,12145,,,,
12147,12146,,,,
12148,12147,,,,
12149,12148,,,,
12150,12149,,,,
12151,12150,,,,
12152,12151,,,,
12153,12152,,,,
12154,12153,,,,
12155,12154,,,,
12156,12155,,,,
12157,12156,,,,
12158,12157,,,,
12159,12158,,,,
12160,12159,,,,
12161,12160,,,,
12162,12161,,,,
12163,12162,,,,
12164,12163,,,,
12165,12164,,,,
12166,12165,,,,
12167,12166,,,,
12168,12167,,,,
12169,12168,,,,
12170,12169,,,,
12171,12170,,,,
12172,12171,,,,
12173,12172,,,,
12174,12173,,,,
12175,12174,,,,
12176,12175,,,,
12177,12176,,,,
12178,12177,,,,
12179,12178,,,,
12180,12179,,,,
12181,12180,,,,
12182,12181,,,,
12183,12182,,,,
12184,12183,,,,
12185,12184,,,,
12186,12185,,,,
12187,12186,,,,
12188,12187,,,,
12189,12188,,,,
12190,12189,,,,
12191,12190,,,,
12192,12191,,,,
12193,12192,,,,
12194,12193,,,,
12195,12194,,,,
12196,12195,,,,
12197,12196,,,,
12198,12197,,,,
12199,12198,,,,
12200,12199,,,,
12201,12200,,,,
12202,12201,,,,
12203,12202,,,,
12204,12203,,,,
12205,12204,,,,
12206,12205,,,,
12207,12206,Warner Bros.,Jean Negulesco,"Allen Vincent, Irma von Cube",Warner Bros. Pictures
12208,12207,,,,
12209,12208,,,,
12210,12209,,,,
12211,12210,,,,
12212,12211,,,,
12213,12212,,,,
12214,12213,"Todd Phillips, Bradley Cooper, and Emma Tillinger Koskoff",Todd Phillips,"Todd Phillips, Scott Silver",Warner Bros. Pictures
12215,12214,,,,
12216,12215,,,,
12217,12216,,,,
12218,12217,,,,
12219,12218,,,,
12220,12219,,,,
12221,12220,,,,
12222,12221,,,,
12223,12222,,,,
12224,12223,,,,
12225,12224,,,,
12226,12225,,,,
12227,12226,,,,
12228,12227,,,,
12229,12228,,,,
12230,12229,,,,
12231,12230,,,,
12232,12231,,,,
12233,12232,,,,
12234,12233,,,,
12235,12234,,,,
12236,12235,,,,
12237,12236,,,,
12238,12237,,,,
12239,12238,,,,
12240,12239,,,,
12241,12240,,,,
12242,12241,,,,
12243,12242,,,,
12244,12243,,,,
12245,12244,,,,
12246,12245,,,,
12247,12246,,,,
12248,12247,,,,
12249,12248,,,,
12250,12249,,,,
12251,12250,,,,
12252,12251,,,,
12253,12252,,,,
12254,12253,,,,
12255,12254,,,,
12256,12255,,,,
12257,12256,,,,
12258,12257,,,,
12259,12258,,,,
12260,12259,,,,
12261,12260,,,,
12262,12261,,,,
12263,12262,,,,
12264,12263,,,,
12265,12264,,,,
12266,12265,,,,
12267,12266,,,,
12268,12267,,,,
12269,12268,,,,
12270,12269,,,,
12271,12270,,,,
12272,12271,,,,
12273,12272,,,,
12274,12273,,,,
12275,12274,,,,
12276,12275,,,,
12277,12276,John Houseman,Joseph L. Mankiewicz,Joseph L. Mankiewicz,MGM Home Entertainment
12278,12277,,,,
12279,12278,,,,
12280,12279,,,,
12281,12280,,,,
12282,12281,,,,
12283,12282,,,,
12284,12283,,,,
12285,12284,,,,
12286,12285,,,,
12287,12286,,,,
12288,12287,,,,
12289,12288,,,,
12290,12289,,,,
12291,12290,,,,
12292,12291,,,,
12293,12292,,,,
12294,12293,,,,
12295,12294,,,,
12296,12295,,,,
12297,12296,,,,
12298,12297,,,,
12299,12298,,,,
12300,12299,"Lianne Halfon, Mason Novick, and Russell Smith",Jason Reitman,Diablo Cody,Fox Searchlight
12301,12300,,,,
12302,12301,,,,
12303,12302,,,,
12304,12303,,,,
12305,12304,,,,
12306,12305,,,,
12307,12306,,,,
12308,12307,,,,
12309,12308,,,,
12310,12309,,,,
12311,12310,,,,
12312,12311,,,,
12313,12312,,,,
12314,12313,,,,
12315,12314,,,,
12316,12315,,,,
12317,12316,,,,
12318,12317,,,,
12319,12318,,,,
12320,12319,,,,
12321,12320,,,,
12322,12321,,,,
12323,12322,,,,
12324,12323,,,,
12325,12324,,,,
12326,12325,,,,
12327,12326,,,,
12328,12327,,,,
12329,12328,,,,
12330,12329,,,,
12331,12330,,,,
12332,12331,,,,
12333,12332,,,,
12334,12333,,,,
12335,12334,,,,
12336,12335,,,,
12337,12336,,,,
12338,12337,,,,
12339,12338,,,,
12340,12339,,,,
12341,12340,,,,
12342,12341,,,,
12343,12342,,,,
12344,12343,,,,
12345,12344,,,,
12346,12345,,,,
12347,12346,,,,
12348,12347,,,,
12349,12348,,,,
12350,12349,,,,
12351,12350,,,,
12352,12351,,,,
12353,12352,,,,
12354,12353,,,,
12355,12354,,,,
12356,12355,,,,
12357,12356,,,,
12358,12357,,,,
12359,12358,,,,
12360,12359,,,,
12361,12360,,,,
12362,12361,,,,
12363,12362,,,,
12364,12363,,,,
12365,12364,,,,
12366,12365,,,,
12367,12366,,,,
12368,12367,,,,
12369,12368,,,,
12370,12369,,,,
12371,12370,,,,
12372,12371,,,,
12373,12372,,,,
12374,12373,,,,
12375,12374,,,,
12376,12375,,,,
12377,12376,,,,
12378,12377,,,,
12379,12378,,,,
12380,12379,,,,
12381,12380,,,,
12382,12381,,,,
12383,12382,,,,
12384,12383,,,,
12385,12384,,,,
12386,12385,,,,
12387,12386,,,,
12388,12387,,,,
12389,12388,,,,
12390,12389,,,,
12391,12390,,,,
12392,12391,,,,
12393,12392,,,,
12394,12393,,,,
12395,12394,,,,
12396,12395,,,,
12397,12396,,,,
12398,12397,,,,
12399,12398,,,,
12400,12399,,,,
12401,12400,,,,
12402,12401,,,,
12403,12402,,,,
12404,12403,,,,
12405,12404,,,,
12406,12405,,,,
12407,12406,,,,
12408,12407,,,,
12409,12408,,,,
12410,12409,,,,
12411,12410,,,,
12412,12411,,,,
12413,12412,,,,
12414,12413,,,,
12415,12414,,,,
12416,12415,,,,
12417,12416,,,,
12418,12417,,,,
12419,12418,,,,
12420,12419,,,,
12421,12420,,,,
12422,12421,,,,
12423,12422,,,,
12424,12423,,,,
12425,12424,,,,
12426,12425,,,,
12427,12426,,,,
12428,12427,,,,
12429,12428,,,,
12430,12429,,,,
12431,12430,,,,
12432,12431,,,,
12433,12432,,,,
12434,12433,,,,
12435,12434,,,,
12436,12435,,,,
12437,12436,,,,
12438,12437,,,,
12439,12438,,,,
12440,12439,,,,
12441,12440,,,,
12442,12441,,,,
12443,12442,,,,
12444,12443,,,,
12445,12444,,,,
12446,12445,,,,
12447,12446,,,,
12448,12447,,,,
12449,12448,,,,
12450,12449,,,,
12451,12450,,,,
12452,12451,,,,
12453,12452,,,,
12454,12453,,,,
12455,12454,,,,
12456,12455,,,,
12457,12456,,,,
12458,12457,,,,
12459,12458,,,,
12460,12459,,,,
12461,12460,,,,
12462,12461,,,,
12463,12462,,,,
12464,12463,,,,
12465,12464,,,,
12466,12465,,,,
12467,12466,,,,
12468,12467,,,,
12469,12468,,,,
12470,12469,,,,
12471,12470,,,,
12472,12471,,,,
12473,12472,,,,
12474,12473,,,,
12475,12474,,,,
12476,12475,,,,
12477,12476,,,,
12478,12477,,,,
12479,12478,,,,
12480,12479,,,,
12481,12480,,,,
12482,12481,,,,
12483,12482,,,,
12484,12483,,,,
12485,12484,,,,
12486,12485,,,,
12487,12486,,,,
12488,12487,,,,
12489,12488,,,,
12490,12489,,,,
12491,12490,,,,
12492,12491,,,,
12493,12492,,,,
12494,12493,,,,
12495,12494,,,,
12496,12495,,,,
12497,12496,,,,
12498,12497,,,,
12499,12498,,,,
12500,12499,,,,
12501,12500,,,,
12502,12501,,,,
12503,12502,,,,
12504,12503,,,,
12505,12504,,,,
12506,12505,,,,
12507,12506,,,,
12508,12507,,,,
12509,12508,,,,
12510,12509,,,,
12511,12510,,,,
12512,12511,,,,
12513,12512,,,,
12514,12513,,,,
12515,12514,,,,
12516,12515,,,,
12517,12516,,,,
12518,12517,,,,
12519,12518,,,,
12520,12519,,,,
12521,12520,,,,
12522,12521,,,,
12523,12522,,,,
12524,12523,,,,
12525,12524,,,,
12526,12525,,,,
12527,12526,,,,
12528,12527,,,,
12529,12528,,,,
12530,12529,,,,
12531,12530,,,,
12532,12531,,,,
12533,12532,,,,
12534,12533,,,,
12535,12534,,,,
12536,12535,,,,
12537,12536,,,,
12538,12537,,,,
12539,12538,,,,
12540,12539,,,,
12541,12540,,,,
12542,12541,,,,
12543,12542,,,,
12544,12543,,,,
12545,12544,,,,
12546,12545,,,,
12547,12546,,,,
12548,12547,,,,
12549,12548,,,,
12550,12549,,,,
12551,12550,,,,
12552,12551,,,,
12553,12552,,,,
12554,12553,,,,
12555,12554,,,,
12556,12555,,,,
12557,12556,,,,
12558,12557,,,,
12559,12558,,,,
12560,12559,,,,
12561,12560,,,,
12562,12561,,,,
12563,12562,,,,
12564,12563,,,,
12565,12564,,,,
12566,12565,,,,
12567,12566,,,,
12568,12567,,,,
12569,12568,,,,
12570,12569,,,,
12571,12570,,,,
12572,12571,,,,
12573,12572,,,,
12574,12573,,,,
12575,12574,,,,
12576,12575,,,,
12577,12576,,,,
12578,12577,,,,
12579,12578,,,,
12580,12579,,,,
12581,12580,,,,
12582,12581,,,,
12583,12582,,,,
12584,12583,,,,
12585,12584,,,,
12586,12585,,,,
12587,12586,,,,
12588,12587,,,,
12589,12588,,,,
12590,12589,,,,
12591,12590,,,,
12592,12591,,,,
12593,12592,,,,
12594,12593,,,,
12595,12594,,,,
12596,12595,,,,
12597,12596,,,,
12598,12597,,,,
12599,12598,,,,
12600,12599,,,,
12601,12600,,,,
12602,12601,,,,
12603,12602,,,,
12604,12603,,,,
12605,12604,,,,
12606,12605,,,,
12607,12606,,,,
12608,12607,,,,
12609,12608,,,,
12610,12609,,,,
12611,12610,,,,
12612,12611,,,,
12613,12612,,,,
12614,12613,,,,
12615,12614,,,,
12616,12615,,,,
12617,12616,,,,
12618,12617,,,,
12619,12618,,,,
12620,12619,,,,
12621,12620,,,,
12622,12621,,,,
12623,12622,,,,
12624,12623,,,,
12625,12624,,,,
12626,12625,,,,
12627,12626,,,,
12628,12627,,,,
12629,12628,,,,
12630,12629,,,,
12631,12630,,,,
12632,12631,,,,
12633,12632,,,,
12634,12633,,,,
12635,12634,,,,
12636,12635,,,,
12637,12636,,,,
12638,12637,,,,
12639,12638,,,,
12640,12639,,,,
12641,12640,,,,
12642,12641,,,,
12643,12642,,,,
12644,12643,,,,
12645,12644,,,,
12646,12645,,,,
12647,12646,,,,
12648,12647,,,,
12649,12648,,,,
12650,12649,,,,
12651,12650,,,,
12652,12651,,,,
12653,12652,,,,
12654,12653,,,,
12655,12654,,,,
12656,12655,,,,
12657,12656,,,,
12658,12657,,,,
12659,12658,,,,
12660,12659,,,,
12661,12660,,,,
12662,12661,,,,
12663,12662,,,,
12664,12663,,,,
12665,12664,,,,
12666,12665,,,,
12667,12666,,,,
12668,12667,,,,
12669,12668,,,,
12670,12669,,,,
12671,12670,,,,
12672,12671,,,,
12673,12672,,,,
12674,12673,,,,
12675,12674,,,,
12676,12675,,,,
12677,12676,,,,
12678,12677,,,,
12679,12678,,,,
12680,12679,,,,
12681,12680,,,,
12682,12681,,,,
12683,12682,,,,
12684,12683,,,,
12685,12684,,,,
12686,12685,,,,
12687,12686,,,,
12688,12687,,,,
12689,12688,,,,
12690,12689,,,,
12691,12690,,,,
12692,12691,,,,
12693,12692,,,,
12694,12693,,,,
12695,12694,,,,
12696,12695,,,,
12697,12696,,,,
12698,12697,,,,
12699,12698,,,,
12700,12699,,,,
12701,12700,,,,
12702,12701,,,,
12703,12702,,,,
12704,12703,,,,
12705,12704,,,,
12706,12705,,,,
12707,12706,,,,
12708,12707,Metro-Goldwyn-Mayer,"Compton Bennett, Andrew Marton","Helen Deutsch, Compton Bennett, Andrew Marton",MGM Home Entertainment
12709,12708,,,,
12710,12709,,,,
12711,12710,,,,
12712,12711,,,,
12713,12712,,,,
12714,12713,,,,
12715,12714,,,,
12716,12715,,,,
12717,12716,,,,
12718,12717,,,,
12719,12718,,,,
12720,12719,,,,
12721,12720,,,,
12722,12721,Warner Bros.,Sam Wood,Casey Robinson,Warner Home Video
12723,12722,,,,
12724,12723,,,,
12725,12724,,,,
12726,12725,,,,
12727,12726,,,,
12728,12727,,,,
12729,12728,,,,
12730,12729,,,,
12731,12730,,,,
12732,12731,,,,
12733,12732,,,,
12734,12733,,,,
12735,12734,,,,
12736,12735,,,,
12737,12736,,,,
12738,12737,,,,
12739,12738,,,,
12740,12739,,,,
12741,12740,,,,
12742,12741,,,,
12743,12742,,,,
12744,12743,,,,
12745,12744,,,,
12746,12745,David Weisman,Hector Babenco,Leonard Schrader,Strand Releasing
12747,12746,,,,
12748,12747,,,,
12749,12748,,,,
12750,12749,,,,
12751,12750,,,,
12752,12751,,,,
12753,12752,,,,
12754,12753,,,,
12755,12754,,,,
12756,12755,,,,
12757,12756,RKO Radio,Sam Wood,"Dalton Trumbo, Donald Ogden Stewart",Media Home Entertainment
12758,12757,,,,
12759,12758,,,,
12760,12759,,,,
12761,12760,,,,
12762,12761,,,,
12763,12762,,,,
12764,12763,,,,
12765,12764,,,,
12766,12765,,,,
12767,12766,,,,
12768,12767,,,,
12769,12768,,,,
12770,12769,,,,
12771,12770,,,,
12772,12771,,,,
12773,12772,,,,
12774,12773,,,,
12775,12774,,,,
12776,12775,,,,
12777,12776,,,,
12778,12777,,,,
12779,12778,,,,
12780,12779,,,,
12781,12780,,,,
12782,12781,,,,
12783,12782,,,,
12784,12783,,,,
12785,12784,,,,
12786,12785,,,,
12787,12786,,,,
12788,12787,,,,
12789,12788,,,,
12790,12789,,,,
12791,12790,,,,
12792,12791,,,,
12793,12792,,,,
12794,12793,,,,
12795,12794,,,,
12796,12795,,,,
12797,12796,,,,
12798,12797,,,,
12799,12798,,,,
12800,12799,,,,
12801,12800,,,,
12802,12801,,,,
12803,12802,,,,
12804,12803,,,,
12805,12804,,,,
12806,12805,,,,
12807,12806,,,,
12808,12807,,,,
12809,12808,,,,
12810,12809,,,,
12811,12810,,,,
12812,12811,,,,
12813,12812,,,,
12814,12813,,,,
12815,12814,,,,
12816,12815,,,,
12817,12816,,,,
12818,12817,,,,
12819,12818,,,,
12820,12819,,,,
12821,12820,,,,
12822,12821,,,,
12823,12822,,,,
12824,12823,,,,
12825,12824,,,,
12826,12825,,,,
12827,12826,,,,
12828,12827,,,,
12829,12828,,,,
12830,12829,,,,
12831,12830,,,,
12832,12831,,,,
12833,12832,,,,
12834,12833,Stanley R. Jaffe,Robert Benton,Robert Benton,Sony Pictures Home Entertainment
12835,12834,,,,
12836,12835,,,,
12837,12836,,,,
12838,12837,,,,
12839,12838,,,,
12840,12839,,,,
12841,12840,,,,
12842,12841,,,,
12843,12842,,,,
12844,12843,,,,
12845,12844,,,,
12846,12845,,,,
12847,12846,,,,
12848,12847,,,,
12849,12848,,,,
12850,12849,,,,
12851,12850,,,,
12852,12851,,,,
12853,12852,,,,
12854,12853,,,,
12855,12854,,,,
12856,12855,,,,
12857,12856,,,,
12858,12857,,,,
12859,12858,,,,
12860,12859,,,,
12861,12860,,,,
12862,12861,,,,
12863,12862,,,,
12864,12863,,,,
12865,12864,,,,
12866,12865,,,,
12867,12866,,,,
12868,12867,,,,
12869,12868,,,,
12870,12869,,,,
12871,12870,,,,
12872,12871,,,,
12873,12872,,,,
12874,12873,,,,
12875,12874,,,,
12876,12875,,,,
12877,12876,,,,
12878,12877,,,,
12879,12878,,,,
12880,12879,,,,
12881,12880,,,,
12882,12881,,,,
12883,12882,,,,
12884,12883,,,,
12885,12884,,,,
12886,12885,,,,
12887,12886,,,,
12888,12887,,,,
12889,12888,,,,
12890,12889,,,,
12891,12890,,,,
12892,12891,,,,
12893,12892,,,,
12894,12893,,,,
12895,12894,,,,
12896,12895,,,,
12897,12896,,,,
12898,12897,,,,
12899,12898,,,,
12900,12899,,,,
12901,12900,,,,
12902,12901,,,,
12903,12902,,,,
12904,12903,,,,
12905,12904,,,,
12906,12905,,,,
12907,12906,,,,
12908,12907,,,,
12909,12908,,,,
12910,12909,,,,
12911,12910,,,,
12912,12911,,,,
12913,12912,,,,
12914,12913,,,,
12915,12914,,,,
12916,12915,,,,
12917,12916,,,,
12918,12917,,,,
12919,12918,,,,
12920,12919,,,,
12921,12920,,,,
12922,12921,"Curtis Hanson, Arnon Milchan, and Michael Nathanson",Curtis Hanson,"Curtis Hanson, Brian Helgeland",Warner Bros. Pictures
12923,12922,,,,
12924,12923,,,,
12925,12924,,,,
12926,12925,,,,
12927,12926,,,,
12928,12927,,,,
12929,12928,,,,
12930,12929,,,,
12931,12930,,,,
12932,12931,,,,
12933,12932,,,,
12934,12933,,,,
12935,12934,,,,
12936,12935,,,,
12937,12936,,,,
12938,12937,,,,
12939,12938,,,,
12940,12939,,,,
12941,12940,,,,
12942,12941,,,,
12943,12942,,,,
12944,12943,,,,
12945,12944,,,,
12946,12945,,,,
12947,12946,,,,
12948,12947,,,,
12949,12948,,,,
12950,12949,"Fred Berger, Jordan Horowitz, and Marc Platt",Damien Chazelle,Damien Chazelle,Liongate Films
12951,12950,,,,
12952,12951,,,,
12953,12952,,,,
12954,12953,,,,
12955,12954,,,,
12956,12955,,,,
12957,12956,,,,
12958,12957,,,,
12959,12958,,,,
12960,12959,,,,
12961,12960,,,,
12962,12961,,,,
12963,12962,,,,
12964,12963,,,,
12965,12964,,,,
12966,12965,,,,
12967,12966,,,,
12968,12967,,,,
12969,12968,,,,
12970,12969,,,,
12971,12970,,,,
12972,12971,,,,
12973,12972,,,,
12974,12973,,,,
12975,12974,,,,
12976,12975,,,,
12977,12976,,,,
12978,12977,,,,
12979,12978,,,,
12980,12979,,,,
12981,12980,,,,
12982,12981,,,,
12983,12982,,,,
12984,12983,,,,
12985,12984,,,,
12986,12985,,,,
12987,12986,,,,
12988,12987,,,,
12989,12988,,,,
12990,12989,,,,
12991,12990,,,,
12992,12991,,,,
12993,12992,,,,
12994,12993,,,,
12995,12994,,,,
12996,12995,,,,
12997,12996,,,,
12998,12997,,,,
12999,12998,,,,
13000,12999,,,,
13001,13000,,,,
13002,13001,,,,
13003,13002,,,,
13004,13003,,,,
13005,13004,,,,
13006,13005,,,,
13007,13006,,,,
13008,13007,,,,
13009,13008,,,,
13010,13009,,,,
13011,13010,,,,
13012,13011,,,,
13013,13012,,,,
13014,13013,,,,
13015,13014,,,,
13016,13015,,,,
13017,13016,,,,
13018,13017,,,,
13019,13018,,,,
13020,13019,,,,
13021,13020,,,,
13022,13021,,,,
13023,13022,,,,
13024,13023,,,,
13025,13024,,,,
13026,13025,,,,
13027,13026,,,,
13028,13027,,,,
13029,13028,,,,
13030,13029,,,,
13031,13030,,,,
13032,13031,,,,
13033,13032,,,,
13034,13033,,,,
13035,13034,,,,
13036,13035,,,,
13037,13036,,,,
13038,13037,,,,
13039,13038,,,,
13040,13039,,,,
13041,13040,,,,
13042,13041,,,,
13043,13042,,,,
13044,13043,,,,
13045,13044,"Scott Rudin, Eli Bush, and Evelyn O'Neill",Greta Gerwig,Greta Gerwig,A24
13046,13045,,,,
13047,13046,,,,
13048,13047,,,,
13049,13048,,,,
13050,13049,,,,
13051,13050,,,,
13052,13051,,,,
13053,13052,,,,
13054,13053,,,,
13055,13054,,,,
13056,13055,,,,
13057,13056,,,,
13058,13057,,,,
13059,13058,,,,
13060,13059,,,,
13061,13060,,,,
13062,13061,,,,
13063,13062,,,,
13064,13063,,,,
13065,13064,,,,
13066,13065,,,,
13067,13066,,,,
13068,13067,,,,
13069,13068,,,,
13070,13069,,,,
13071,13070,,,,
13072,13071,,,,
13073,13072,,,,
13074,13073,,,,
13075,13074,,,,
13076,13075,,,,
13077,13076,,,,
13078,13077,,,,
13079,13078,,,,
13080,13079,,,,
13081,13080,,,,
13082,13081,,,,
13083,13082,,,,
13084,13083,,,,
13085,13084,,,,
13086,13085,,,,
13087,13086,,,,
13088,13087,,,,
13089,13088,,,,
13090,13089,,,,
13091,13090,,,,
13092,13091,,,,
13093,13092,,,,
13094,13093,,,,
13095,13094,,,,
13096,13095,,,,
13097,13096,,,,
13098,13097,,,,
13099,13098,,,,
13100,13099,,,,
13101,13100,,,,
13102,13101,,,,
13103,13102,,,,
13104,13103,,,,
13105,13104,,,,
13106,13105,,,,
13107,13106,,,,
13108,13107,,,,
13109,13108,,,,
13110,13109,,,,
13111,13110,,,,
13112,13111,,,,
13113,13112,,,,
13114,13113,,,,
13115,13114,,,,
13116,13115,,,,
13117,13116,,,,
13118,13117,,,,
13119,13118,,,,
13120,13119,,,,
13121,13120,,,,
13122,13121,,,,
13123,13122,,,,
13124,13123,,,,
13125,13124,,,,
13126,13125,,,,
13127,13126,,,,
13128,13127,,,,
13129,13128,,,,
13130,13129,,,,
13131,13130,,,,
13132,13131,,,,
13133,13132,,,,
13134,13133,,,,
13135,13134,,,,
13136,13135,,,,
13137,13136,,,,
13138,13137,,,,
13139,13138,,,,
13140,13139,,,,
13141,13140,,,,
13142,13141,,,,
13143,13142,,,,
13144,13143,,,,
13145,13144,,,,
13146,13145,,,,
13147,13146,,,,
13148,13147,,,,
13149,13148,,,,
13150,13149,,,,
13151,13150,,,,
13152,13151,,,,
13153,13152,,,,
13154,13153,,,,
13155,13154,,,,
13156,13155,,,,
13157,13156,,,,
13158,13157,,,,
13159,13158,,,,
13160,13159,,,,
13161,13160,,,,
13162,13161,,,,
13163,13162,,,,
13164,13163,,,,
13165,13164,,,,
13166,13165,,,,
13167,13166,,,,
13168,13167,,,,
13169,13168,,,,
13170,13169,,,,
13171,13170,,,,
13172,13171,,,,
13173,13172,,,,
13174,13173,,,,
13175,13174,,,,
13176,13175,,,,
13177,13176,,,,
13178,13177,,,,
13179,13178,,,,
13180,13179,,,,
13181,13180,,,,
13182,13181,,,,
13183,13182,,,,
13184,13183,,,,
13185,13184,,,,
13186,13185,,,,
13187,13186,,,,
13188,13187,,,,
13189,13188,,,,
13190,13189,,,,
13191,13190,,,,
13192,13191,,,,
13193,13192,,,,
13194,13193,,,,
13195,13194,,,,
13196,13195,,,,
13197,13196,,,,
13198,13197,,,,
13199,13198,,,,
13200,13199,,,,
13201,13200,,,,
13202,13201,,,,
13203,13202,,,,
13204,13203,,,,
13205,13204,,,,
13206,13205,,,,
13207,13206,Sam Spiegel,David Lean,"Robert Bolt, Michael Wilson",Columbia Pictures
13208,13207,,,,
13209,13208,,,,
13210,13209,,,,
13211,13210,,,,
13212,13211,,,,
13213,13212,,,,
13214,13213,,,,
13215,13214,,,,
13216,13215,,,,
13217,13216,,,,
13218,13217,,,,
13219,13218,,,,
13220,13219,,,,
13221,13220,,,,
13222,13221,,,,
13223,13222,,,,
13224,13223,,,,
13225,13224,,,,
13226,13225,,,,
13227,13226,,,,
13228,13227,,,,
13229,13228,,,,
13230,13229,,,,
13231,13230,,,,
13232,13231,,,,
13233,13232,,,,
13234,13233,,,,
13235,13234,,,,
13236,13235,,,,
13237,13236,,,,
13238,13237,,,,
13239,13238,,,,
13240,13239,,,,
13241,13240,,,,
13242,13241,,,,
13243,13242,,,,
13244,13243,,,,
13245,13244,,,,
13246,13245,,,,
13247,13246,,,,
13248,13247,,,,
13249,13248,,,,
13250,13249,,,,
13251,13250,,,,
13252,13251,,,,
13253,13252,,,,
13254,13253,,,,
13255,13254,,,,
13256,13255,,,,
13257,13256,,,,
13258,13257,,,,
13259,13258,,,,
13260,13259,,,,
13261,13260,,,,
13262,13261,,,,
13263,13262,,,,
13264,13263,,,,
13265,13264,,,,
13266,13265,,,,
13267,13266,,,,
13268,13267,,,,
13269,13268,,,,
13270,13269,,,,
13271,13270,,,,
13272,13271,,,,
13273,13272,,,,
13274,13273,,,,
13275,13274,,,,
13276,13275,,,,
13277,13276,,,,
13278,13277,,,,
13279,13278,,,,
13280,13279,,,,
13281,13280,,,,
13282,13281,,,,
13283,13282,,,,
13284,13283,,,,
13285,13284,,,,
13286,13285,,,,
13287,13286,,,,
13288,13287,,,,
13289,13288,,,,
13290,13289,,,,
13291,13290,,,,
13292,13291,,,,
13293,13292,,,,
13294,13293,,,,
13295,13294,,,,
13296,13295,,,,
13297,13296,,,,
13298,13297,,,,
13299,13298,,,,
13300,13299,,,,
13301,13300,,,,
13302,13301,,,,
13303,13302,Marvin Worth,Bob Fosse,Julian Barry,Twentieth Century Fox Home Entertainment
13304,13303,,,,
13305,13304,,,,
13306,13305,,,,
13307,13306,,,,
13308,13307,,,,
13309,13308,,,,
13310,13309,,,,
13311,13310,,,,
13312,13311,,,,
13313,13312,,,,
13314,13313,,,,
13315,13314,,,,
13316,13315,,,,
13317,13316,,,,
13318,13317,,,,
13319,13318,,,,
13320,13319,,,,
13321,13320,,,,
13322,13321,,,,
13323,13322,,,,
13324,13323,,,,
13325,13324,"Tim Bevan, Eric Fellner, Debra Hayward, and Cameron Mackintosh",Tom Hooper,"Claude-Michel Schonberg, William Nicholson, Claude-Michel Schoenberg, Alain Boublil, Herbert Kretzmer",Universal Pictures
13326,13325,,,,
13327,13326,,,,
13328,13327,,,,
13329,13328,,,,
13330,13329,,,,
13331,13330,,,,
13332,13331,,,,
13333,13332,,,,
13334,13333,,,,
13335,13334,,,,
13336,13335,,,,
13337,13336,,,,
13338,13337,,,,
13339,13338,,,,
13340,13339,,,,
13341,13340,,,,
13342,13341,,,,
13343,13342,,,,
13344,13343,,,,
13345,13344,,,,
13346,13345,,,,
13347,13346,,,,
13348,13347,,,,
13349,13348,,,,
13350,13349,,,,
13351,13350,,,,
13352,13351,,,,
13353,13352,,,,
13354,13353,,,,
13355,13354,,,,
13356,13355,,,,
13357,13356,,,,
13358,13357,,,,
13359,13358,,,,
13360,13359,,,,
13361,13360,,,,
13362,13361,,,,
13363,13362,,,,
13364,13363,,,,
13365,13364,,,,
13366,13365,,,,
13367,13366,,,,
13368,13367,,,,
13369,13368,,,,
13370,13369,,,,
13371,13370,,,,
13372,13371,,,,
13373,13372,,,,
13374,13373,,,,
13375,13374,,,,
13376,13375,,,,
13377,13376,,,,
13378,13377,,,,
13379,13378,,,,
13380,13379,,,,
13381,13380,"Clint Eastwood, Steven Spielberg, and Robert Lorenz",Clint Eastwood,Iris Yamashita,Warner Bros. Pictures
13382,13381,,,,
13383,13382,,,,
13384,13383,,,,
13385,13384,,,,
13386,13385,,,,
13387,13386,,,,
13388,13387,,,,
13389,13388,,,,
13390,13389,,,,
13391,13390,,,,
13392,13391,,,,
13393,13392,,,,
13394,13393,Metro-Goldwyn-Mayer,Jack Conway,"George Oppenheimer, Maurine Dallas Watkins, Wallace Sullivan, Howard Emmet Rogers, Maurine Watkins",Warner Home Video
13395,13394,,,,
13396,13395,,,,
13397,13396,,,,
13398,13397,,,,
13399,13398,,,,
13400,13399,,,,
13401,13400,,,,
13402,13401,,,,
13403,13402,,,,
13404,13403,,,,
13405,13404,,,,
13406,13405,,,,
13407,13406,,,,
13408,13407,,,,
13409,13408,,,,
13410,13409,"Gil Netter, Ang Lee, and David Womark",Ang Lee,David Magee,20th Century Fox
13411,13410,,,,
13412,13411,,,,
13413,13412,,,,
13414,13413,,,,
13415,13414,,,,
13416,13415,,,,
13417,13416,,,,
13418,13417,,,,
13419,13418,,,,
13420,13419,,,,
13421,13420,,,,
13422,13421,,,,
13423,13422,,,,
13424,13423,,,,
13425,13424,,,,
13426,13425,,,,
13427,13426,,,,
13428,13427,,,,
13429,13428,,,,
13430,13429,,,,
13431,13430,,,,
13432,13431,,,,
13433,13432,,,,
13434,13433,,,,
13435,13434,,,,
13436,13435,,,,
13437,13436,,,,
13438,13437,,,,
13439,13438,,,,
13440,13439,,,,
13441,13440,,,,
13442,13441,,,,
13443,13442,,,,
13444,13443,,,,
13445,13444,,,,
13446,13445,,,,
13447,13446,,,,
13448,13447,,,,
13449,13448,Ralph Nelson,Ralph Nelson,James Poe,Twentieth Century Fox Home Entertainment
13450,13449,,,,
13451,13450,,,,
13452,13451,,,,
13453,13452,,,,
13454,13453,,,,
13455,13454,,,,
13456,13455,,,,
13457,13456,,,,
13458,13457,,,,
13459,13458,,,,
13460,13459,,,,
13461,13460,,,,
13462,13461,,,,
13463,13462,,,,
13464,13463,,,,
13465,13464,,,,
13466,13465,,,,
13467,13466,,,,
13468,13467,,,,
13469,13468,,,,
13470,13469,,,,
13471,13470,,,,
13472,13471,,,,
13473,13472,,,,
13474,13473,,,,
13475,13474,"Emile Sherman, Iain Canning, and Angie Fielder",Garth Davis,"Saroo Brierley, Luke Davies",See-Saw Films
13476,13475,,,,
13477,13476,,,,
13478,13477,,,,
13479,13478,,,,
13480,13479,,,,
13481,13480,,,,
13482,13481,,,,
13483,13482,,,,
13484,13483,,,,
13485,13484,,,,
13486,13485,,,,
13487,13486,,,,
13488,13487,,,,
13489,13488,,,,
13490,13489,,,,
13491,13490,,,,
13492,13491,,,,
13493,13492,,,,
13494,13493,,,,
13495,13494,,,,
13496,13495,,,,
13497,13496,,,,
13498,13497,,,,
13499,13498,,,,
13500,13499,,,,
13501,13500,,,,
13502,13501,,,,
13503,13502,,,,
13504,13503,,,,
13505,13504,,,,
13506,13505,,,,
13507,13506,,,,
13508,13507,,,,
13509,13508,,,,
13510,13509,,,,
13511,13510,,,,
13512,13511,,,,
13513,13512,,,,
13514,13513,"David T. Friendly, Peter Saraf, and Marc Turtletaub","Jonathan Dayton, Valerie Faris","Michael Arndt, Jonathan Dayton",Fox Searchlight
13515,13514,,,,
13516,13515,,,,
13517,13516,,,,
13518,13517,,,,
13519,13518,,,,
13520,13519,,,,
13521,13520,,,,
13522,13521,,,,
13523,13522,,,,
13524,13523,,,,
13525,13524,,,,
13526,13525,,,,
13527,13526,,,,
13528,13527,RKO Radio,George Cukor,"Sarah Y. Mason, Victor Heerman",WARNER BROTHERS PICTURES
13529,13528,,,,
13530,13529,,,,
13531,13530,,,,
13532,13531,,,,
13533,13532,,,,
13534,13533,,,,
13535,13534,,,,
13536,13535,,,,
13537,13536,,,,
13538,13537,,,,
13539,13538,,,,
13540,13539,,,,
13541,13540,,,,
13542,13541,,,,
13543,13542,,,,
13544,13543,,,,
13545,13544,,,,
13546,13545,,,,
13547,13546,,,,
13548,13547,,,,
13549,13548,,,,
13550,13549,,,,
13551,13550,,,,
13552,13551,,,,
13553,13552,,,,
13554,13553,,,,
13555,13554,,,,
13556,13555,,,,
13557,13556,,,,
13558,13557,,,,
13559,13558,,,,
13560,13559,,,,
13561,13560,,,,
13562,13561,,,,
13563,13562,,,,
13564,13563,,,,
13565,13564,,,,
13566,13565,,,,
13567,13566,,,,
13568,13567,,,,
13569,13568,,,,
13570,13569,,,,
13571,13570,,,,
13572,13571,,,,
13573,13572,,,,
13574,13573,,,,
13575,13574,,,,
13576,13575,,,,
13577,13576,,,,
13578,13577,,,,
13579,13578,,,,
13580,13579,,,,
13581,13580,,,,
13582,13581,,,,
13583,13582,,,,
13584,13583,,,,
13585,13584,,,,
13586,13585,,,,
13587,13586,,,,
13588,13587,,,,
13589,13588,,,,
13590,13589,,,,
13591,13590,,,,
13592,13591,,,,
13593,13592,,,,
13594,13593,,,,
13595,13594,,,,
13596,13595,,,,
13597,13596,,,,
13598,13597,,,,
13599,13598,,,,
13600,13599,,,,
13601,13600,,,,
13602,13601,,,,
13603,13602,,,,
13604,13603,,,,
13605,13604,,,,
13606,13605,,,,
13607,13606,,,,
13608,13607,,,,
13609,13608,,,,
13610,13609,,,,
13611,13610,,,,
13612,13611,,,,
13613,13612,,,,
13614,13613,,,,
13615,13614,,,,
13616,13615,,,,
13617,13616,,,,
13618,13617,,,,
13619,13618,,,,
13620,13619,,,,
13621,13620,,,,
13622,13621,,,,
13623,13622,,,,
13624,13623,,,,
13625,13624,,,,
13626,13625,,,,
13627,13626,,,,
13628,13627,,,,
13629,13628,,,,
13630,13629,,,,
13631,13630,,,,
13632,13631,,,,
13633,13632,,,,
13634,13633,,,,
13635,13634,,,,
13636,13635,,,,
13637,13636,,,,
13638,13637,,,,
13639,13638,,,,
13640,13639,,,,
13641,13640,,,,
13642,13641,,,,
13643,13642,,,,
13644,13643,,,,
13645,13644,,,,
13646,13645,,,,
13647,13646,,,,
13648,13647,,,,
13649,13648,,,,
13650,13649,,,,
13651,13650,,,,
13652,13651,,,,
13653,13652,,,,
13654,13653,,,,
13655,13654,,,,
13656,13655,,,,
13657,13656,,,,
13658,13657,,,,
13659,13658,,,,
13660,13659,,,,
13661,13660,,,,
13662,13661,,,,
13663,13662,,,,
13664,13663,,,,
13665,13664,,,,
13666,13665,,,,
13667,13666,,,,
13668,13667,,,,
13669,13668,,,,
13670,13669,,,,
13671,13670,,,,
13672,13671,,,,
13673,13672,,,,
13674,13673,,,,
13675,13674,Columbia,Frank Capra,Robert Riskin,Sony Pictures Home Entertainment
13676,13675,,,,
13677,13676,,,,
13678,13677,,,,
13679,13678,,,,
13680,13679,,,,
13681,13680,,,,
13682,13681,,,,
13683,13682,,,,
13684,13683,,,,
13685,13684,,,,
13686,13685,,,,
13687,13686,,,,
13688,13687,,,,
13689,13688,,,,
13690,13689,,,,
13691,13690,,,,
13692,13691,,,,
13693,13692,,,,
13694,13693,,,,
13695,13694,,,,
13696,13695,,,,
13697,13696,,,,
13698,13697,,,,
13699,13698,,,,
13700,13699,,,,
13701,13700,,,,
13702,13701,,,,
13703,13702,,,,
13704,13703,RKO Radio,Leo McCarey,"Delmer Daves, Donald Ogden Stewart, Leo McCarey",Madacy Entertainment
13705,13704,,,,
13706,13705,,,,
13707,13706,,,,
13708,13707,,,,
13709,13708,,,,
13710,13709,,,,
13711,13710,,,,
13712,13711,,,,
13713,13712,,,,
13714,13713,,,,
13715,13714,,,,
13716,13715,,,,
13717,13716,,,,
13718,13717,,,,
13719,13718,,,,
13720,13719,,,,
13721,13720,,,,
13722,13721,,,,
13723,13722,,,,
13724,13723,,,,
13725,13724,Howard G. Minsky,Arthur Hiller,Erich Segal,Paramount Pictures
13726,13725,,,,
13727,13726,,,,
13728,13727,,,,
13729,13728,,,,
13730,13729,,,,
13731,13730,,,,
13732,13731,,,,
13733,13732,,,,
13734,13733,,,,
13735,13734,,,,
13736,13735,,,,
13737,13736,,,,
13738,13737,,,,
13739,13738,,,,
13740,13739,,,,
13741,13740,,,,
13742,13741,,,,
13743,13742,,,,
13744,13743,,,,
13745,13744,,,,
13746,13745,,,,
13747,13746,,,,
13748,13747,,,,
13749,13748,,,,
13750,13749,,,,
13751,13750,,,,
13752,13751,,,,
13753,13752,,,,
13754,13753,,,,
13755,13754,,,,
13756,13755,,,,
13757,13756,,,,
13758,13757,,,,
13759,13758,,,,
13760,13759,,,,
13761,13760,,,,
13762,13761,,,,
13763,13762,,,,
13764,13763,,,,
13765,13764,,,,
13766,13765,,,,
13767,13766,,,,
13768,13767,,,,
13769,13768,,,,
13770,13769,,,,
13771,13770,,,,
13772,13771,,,,
13773,13772,,,,
13774,13773,,,,
13775,13774,,,,
13776,13775,,,,
13777,13776,,,,
13778,13777,,,,
13779,13778,,,,
13780,13779,,,,
13781,13780,,,,
13782,13781,,,,
13783,13782,,,,
13784,13783,,,,
13785,13784,,,,
13786,13785,,,,
13787,13786,,,,
13788,13787,,,,
13789,13788,,,,
13790,13789,,,,
13791,13790,,,,
13792,13791,,,,
13793,13792,,,,
13794,13793,,,,
13795,13794,,,,
13796,13795,,,,
13797,13796,,,,
13798,13797,,,,
13799,13798,,,,
13800,13799,,,,
13801,13800,,,,
13802,13801,,,,
13803,13802,,,,
13804,13803,,,,
13805,13804,,,,
13806,13805,,,,
13807,13806,,,,
13808,13807,,,,
13809,13808,,,,
13810,13809,,,,
13811,13810,,,,
13812,13811,,,,
13813,13812,,,,
13814,13813,,,,
13815,13814,,,,
13816,13815,,,,
13817,13816,,,,
13818,13817,,,,
13819,13818,,,,
13820,13819,,,,
13821,13820,,,,
13822,13821,,,,
13823,13822,,,,
13824,13823,,,,
13825,13824,,,,
13826,13825,,,,
13827,13826,,,,
13828,13827,,,,
13829,13828,,,,
13830,13829,,,,
13831,13830,,,,
13832,13831,,,,
13833,13832,,,,
13834,13833,,,,
13835,13834,,,,
13836,13835,,,,
13837,13836,,,,
13838,13837,,,,
13839,13838,,,,
13840,13839,,,,
13841,13840,,,,
13842,13841,,,,
13843,13842,,,,
13844,13843,,,,
13845,13844,,,,
13846,13845,,,,
13847,13846,,,,
13848,13847,,,,
13849,13848,,,,
13850,13849,,,,
13851,13850,,,,
13852,13851,,,,
13853,13852,,,,
13854,13853,,,,
13855,13854,,,,
13856,13855,,,,
13857,13856,,,,
13858,13857,,,,
13859,13858,,,,
13860,13859,,,,
13861,13860,,,,
13862,13861,,,,
13863,13862,,,,
13864,13863,,,,
13865,13864,,,,
13866,13865,,,,
13867,13866,,,,
13868,13867,,,,
13869,13868,,,,
13870,13869,,,,
13871,13870,,,,
13872,13871,,,,
13873,13872,,,,
13874,13873,,,,
13875,13874,,,,
13876,13875,,,,
13877,13876,,,,
13878,13877,,,,
13879,13878,,,,
13880,13879,,,,
13881,13880,,,,
13882,13881,,,,
13883,13882,Ingo Preminger,Robert Altman,Ring Lardner Jr.,20th Century Fox
13884,13883,,,,
13885,13884,,,,
13886,13885,,,,
13887,13886,,,,
13888,13887,,,,
13889,13888,,,,
13890,13889,,,,
13891,13890,,,,
13892,13891,,,,
13893,13892,,,,
13894,13893,,,,
13895,13894,,,,
13896,13895,,,,
13897,13896,,,,
13898,13897,,,,
13899,13898,,,,
13900,13899,,,,
13901,13900,,,,
13902,13901,,,,
13903,13902,,,,
13904,13903,,,,
13905,13904,,,,
13906,13905,,,,
13907,13906,,,,
13908,13907,,,,
13909,13908,,,,
13910,13909,,,,
13911,13910,,,,
13912,13911,,,,
13913,13912,,,,
13914,13913,,,,
13915,13914,,,,
13916,13915,,,,
13917,13916,,,,
13918,13917,,,,
13919,13918,,,,
13920,13919,,,,
13921,13920,,,,
13922,13921,,,,
13923,13922,,,,
13924,13923,,,,
13925,13924,,,,
13926,13925,,,,
13927,13926,,,,
13928,13927,,,,
13929,13928,,,,
13930,13929,,,,
13931,13930,,,,
13932,13931,,,,
13933,13932,,,,
13934,13933,,,,
13935,13934,,,,
13936,13935,,,,
13937,13936,,,,
13938,13937,,,,
13939,13938,,,,
13940,13939,,,,
13941,13940,,,,
13942,13941,Doug Mitchell and George Miller,George Miller,"Brendan McCarthy, Nick Lathouris, George Miller",Warner Bros.
13943,13942,,,,
13944,13943,,,,
13945,13944,,,,
13946,13945,,,,
13947,13946,,,,
13948,13947,,,,
13949,13948,,,,
13950,13949,Metro-Goldwyn-Mayer,Mervyn LeRoy,"Paul Osborn, Paul H. Rameau",Warner Bros. Pictures
13951,13950,,,,
13952,13951,,,,
13953,13952,,,,
13954,13953,,,,
13955,13954,,,,
13956,13955,,,,
13957,13956,,,,
13958,13957,,,,
13959,13958,,,,
13960,13959,,,,
13961,13960,,,,
13962,13961,,,,
13963,13962,,,,
13964,13963,,,,
13965,13964,,,,
13966,13965,,,,
13967,13966,,,,
13968,13967,,,,
13969,13968,,,,
13970,13969,,,,
13971,13970,,,,
13972,13971,,,,
13973,13972,,,,
13974,13973,,,,
13975,13974,,,,
13976,13975,,,,
13977,13976,,,,
13978,13977,,,,
13979,13978,,,,
13980,13979,,,,
13981,13980,,,,
13982,13981,,,,
13983,13982,,,,
13984,13983,,,,
13985,13984,,,,
13986,13985,,,,
13987,13986,,,,
13988,13987,,,,
13989,13988,,,,
13990,13989,,,,
13991,13990,,,,
13992,13991,,,,
13993,13992,,,,
13994,13993,,,,
13995,13994,,,,
13996,13995,,,,
13997,13996,,,,
13998,13997,,,,
13999,13998,,,,
14000,13999,,,,
14001,14000,,,,
14002,14001,,,,
14003,14002,,,,
14004,14003,,,,
14005,14004,,,,
14006,14005,,,,
14007,14006,,,,
14008,14007,,,,
14009,14008,,,,
14010,14009,,,,
14011,14010,,,,
14012,14011,,,,
14013,14012,,,,
14014,14013,,,,
14015,14014,,,,
14016,14015,,,,
14017,14016,,,,
14018,14017,,,,
14019,14018,,,,
14020,14019,,,,
14021,14020,,,,
14022,14021,,,,
14023,14022,,,,
14024,14023,,,,
14025,14024,,,,
14026,14025,,,,
14027,14026,,,,
14028,14027,,,,
14029,14028,,,,
14030,14029,,,,
14031,14030,,,,
14032,14031,,,,
14033,14032,,,,
14034,14033,,,,
14035,14034,,,,
14036,14035,,,,
14037,14036,,,,
14038,14037,,,,
14039,14038,,,,
14040,14039,,,,
14041,14040,,,,
14042,14041,,,,
14043,14042,,,,
14044,14043,,,,
14045,14044,,,,
14046,14045,,,,
14047,14046,,,,
14048,14047,,,,
14049,14048,,,,
14050,14049,,,,
14051,14050,,,,
14052,14051,,,,
14053,14052,,,,
14054,14053,,,,
14055,14054,,,,
14056,14055,,,,
14057,14056,,,,
14058,14057,,,,
14059,14058,,,,
14060,14059,,,,
14061,14060,,,,
14062,14061,,,,
14063,14062,,,,
14064,14063,,,,
14065,14064,,,,
14066,14065,,,,
14067,14066,,,,
14068,14067,,,,
14069,14068,,,,
14070,14069,,,,
14071,14070,,,,
14072,14071,,,,
14073,14072,,,,
14074,14073,,,,
14075,14074,,,,
14076,14075,,,,
14077,14076,,,,
14078,14077,,,,
14079,14078,,,,
14080,14079,,,,
14081,14080,,,,
14082,14081,,,,
14083,14082,,,,
14084,14083,,,,
14085,14084,,,,
14086,14085,,,,
14087,14086,,,,
14088,14087,,,,
14089,14088,,,,
14090,14089,,,,
14091,14090,,,,
14092,14091,,,,
14093,14092,,,,
14094,14093,,,,
14095,14094,,,,
14096,14095,,,,
14097,14096,,,,
14098,14097,,,,
14099,14098,,,,
14100,14099,,,,
14101,14100,,,,
14102,14101,,,,
14103,14102,,,,
14104,14103,,,,
14105,14104,,,,
14106,14105,,,,
14107,14106,,,,
14108,14107,,,,
14109,14108,,,,
14110,14109,,,,
14111,14110,"Matt Damon, Kimberly Steward, Chris Moore, Lauren Beck, and Kevin J. Walsh",Kenneth Lonergan,Kenneth Lonergan,Roadside Attractions 
14112,14111,,,,
14113,14112,,,,
14114,14113,,,,
14115,14114,,,,
14116,14115,,,,
14117,14116,,,,
14118,14117,,,,
14119,14118,,,,
14120,14119,,,,
14121,14120,,,,
14122,14121,,,,
14123,14122,,,,
14124,14123,,,,
14125,14124,,,,
14126,14125,,,,
14127,14126,,,,
14128,14127,,,,
14129,14128,,,,
14130,14129,,,,
14131,14130,,,,
14132,14131,,,,
14133,14132,,,,
14134,14133,,,,
14135,14134,,,,
14136,14135,,,,
14137,14136,,,,
14138,14137,,,,
14139,14138,,,,
14140,14139,,,,
14141,14140,,,,
14142,14141,,,,
14143,14142,,,,
14144,14143,,,,
14145,14144,,,,
14146,14145,,,,
14147,14146,,,,
14148,14147,,,,
14149,14148,,,,
14150,14149,,,,
14151,14150,,,,
14152,14151,,,,
14153,14152,,,,
14154,14153,,,,
14155,14154,,,,
14156,14155,,,,
14157,14156,,,,
14158,14157,,,,
14159,14158,,,,
14160,14159,,,,
14161,14160,,,,
14162,14161,,,,
14163,14162,,,,
14164,14163,,,,
14165,14164,,,,
14166,14165,,,,
14167,14166,,,,
14168,14167,,,,
14169,14168,,,,
14170,14169,,,,
14171,14170,,,,
14172,14171,,,,
14173,14172,,,,
14174,14173,,,,
14175,14174,,,,
14176,14175,,,,
14177,14176,,,,
14178,14177,,,,
14179,14178,,,,
14180,14179,,,,
14181,14180,,,,
14182,14181,,,,
14183,14182,,,,
14184,14183,,,,
14185,14184,,,,
14186,14185,,,,
14187,14186,,,,
14188,14187,,,,
14189,14188,,,,
14190,14189,,,,
14191,14190,,,,
14192,14191,,,,
14193,14192,,,,
14194,14193,,,,
14195,14194,,,,
14196,14195,,,,
14197,14196,,,,
14198,14197,,,,
14199,14198,,,,
14200,14199,,,,
14201,14200,,,,
14202,14201,,,,
14203,14202,,,,
14204,14203,,,,
14205,14204,,,,
14206,14205,,,,
14207,14206,,,,
14208,14207,,,,
14209,14208,,,,
14210,14209,,,,
14211,14210,,,,
14212,14211,,,,
14213,14212,,,,
14214,14213,,,,
14215,14214,,,,
14216,14215,Noah Baumbach and David Heyman,Noah Baumbach,Noah Baumbach,Netflix
14217,14216,,,,
14218,14217,,,,
14219,14218,,,,
14220,14219,,,,
14221,14220,,,,
14222,14221,,,,
14223,14222,,,,
14224,14223,,,,
14225,14224,Harold Hecht,Delbert Mann,Paddy Chayefsky,MGM Home Entertainment
14226,14225,,,,
14227,14226,,,,
14228,14227,,,,
14229,14228,,,,
14230,14229,,,,
14231,14230,,,,
14232,14231,,,,
14233,14232,,,,
14234,14233,,,,
14235,14234,Walt Disney and Bill Walsh,Robert Stevenson,"Don DaGradi, Bill Walsh",Walt Disney Productions
14236,14235,,,,
14237,14236,,,,
14238,14237,,,,
14239,14238,,,,
14240,14239,,,,
14241,14240,,,,
14242,14241,,,,
14243,14242,,,,
14244,14243,,,,
14245,14244,,,,
14246,14245,,,,
14247,14246,,,,
14248,14247,,,,
14249,14248,,,,
14250,14249,,,,
14251,14250,,,,
14252,14251,,,,
14253,14252,,,,
14254,14253,,,,
14255,14254,,,,
14256,14255,,,,
14257,14256,,,,
14258,14257,,,,
14259,14258,,,,
14260,14259,,,,
14261,14260,,,,
14262,14261,,,,
14263,14262,,,,
14264,14263,,,,
14265,14264,,,,
14266,14265,,,,
14267,14266,,,,
14268,14267,,,,
14269,14268,,,,
14270,14269,,,,
14271,14270,,,,
14272,14271,,,,
14273,14272,,,,
14274,14273,,,,
14275,14274,,,,
14276,14275,,,,
14277,14276,,,,
14278,14277,,,,
14279,14278,,,,
14280,14279,,,,
14281,14280,,,,
14282,14281,,,,
14283,14282,"Samuel Goldwyn Jr., Peter Weir, and Duncan Henderson",Peter Weir,"Peter Weir, John Collee",20th Century Fox
14284,14283,,,,
14285,14284,,,,
14286,14285,,,,
14287,14286,,,,
14288,14287,,,,
14289,14288,,,,
14290,14289,,,,
14291,14290,,,,
14292,14291,,,,
14293,14292,,,,
14294,14293,,,,
14295,14294,,,,
14296,14295,,,,
14297,14296,,,,
14298,14297,,,,
14299,14298,,,,
14300,14299,,,,
14301,14300,,,,
14302,14301,,,,
14303,14302,,,,
14304,14303,,,,
14305,14304,,,,
14306,14305,,,,
14307,14306,,,,
14308,14307,,,,
14309,14308,,,,
14310,14309,,,,
14311,14310,,,,
14312,14311,,,,
14313,14312,,,,
14314,14313,,,,
14315,14314,,,,
14316,14315,,,,
14317,14316,,,,
14318,14317,,,,
14319,14318,,,,
14320,14319,,,,
14321,14320,,,,
14322,14321,,,,
14323,14322,,,,
14324,14323,,,,
14325,14324,,,,
14326,14325,,,,
14327,14326,,,,
14328,14327,,,,
14329,14328,,,,
14330,14329,,,,
14331,14330,,,,
14332,14331,,,,
14333,14332,,,,
14334,14333,,,,
14335,14334,,,,
14336,14335,,,,
14337,14336,,,,
14338,14337,,,,
14339,14338,,,,
14340,14339,,,,
14341,14340,,,,
14342,14341,,,,
14343,14342,,,,
14344,14343,,,,
14345,14344,,,,
14346,14345,,,,
14347,14346,,,,
14348,14347,,,,
14349,14348,,,,
14350,14349,,,,
14351,14350,,,,
14352,14351,,,,
14353,14352,,,,
14354,14353,,,,
14355,14354,,,,
14356,14355,,,,
14357,14356,,,,
14358,14357,,,,
14359,14358,,,,
14360,14359,,,,
14361,14360,,,,
14362,14361,,,,
14363,14362,,,,
14364,14363,,,,
14365,14364,,,,
14366,14365,,,,
14367,14366,,,,
14368,14367,,,,
14369,14368,,,,
14370,14369,,,,
14371,14370,,,,
14372,14371,,,,
14373,14372,,,,
14374,14373,,,,
14375,14374,,,,
14376,14375,,,,
14377,14376,,,,
14378,14377,,,,
14379,14378,,,,
14380,14379,,,,
14381,14380,,,,
14382,14381,,,,
14383,14382,,,,
14384,14383,,,,
14385,14384,,,,
14386,14385,,,,
14387,14386,,,,
14388,14387,,,,
14389,14388,,,,
14390,14389,,,,
14391,14390,,,,
14392,14391,,,,
14393,14392,,,,
14394,14393,,,,
14395,14394,,,,
14396,14395,,,,
14397,14396,,,,
14398,14397,,,,
14399,14398,,,,
14400,14399,,,,
14401,14400,,,,
14402,14401,,,,
14403,14402,,,,
14404,14403,,,,
14405,14404,,,,
14406,14405,,,,
14407,14406,,,,
14408,14407,,,,
14409,14408,,,,
14410,14409,,,,
14411,14410,,,,
14412,14411,,,,
14413,14412,,,,
14414,14413,,,,
14415,14414,,,,
14416,14415,,,,
14417,14416,,,,
14418,14417,,,,
14419,14418,,,,
14420,14419,,,,
14421,14420,,,,
14422,14421,,,,
14423,14422,,,,
14424,14423,,,,
14425,14424,,,,
14426,14425,,,,
14427,14426,,,,
14428,14427,,,,
14429,14428,,,,
14430,14429,,,,
14431,14430,,,,
14432,14431,,,,
14433,14432,,,,
14434,14433,,,,
14435,14434,,,,
14436,14435,,,,
14437,14436,,,,
14438,14437,,,,
14439,14438,,,,
14440,14439,,,,
14441,14440,,,,
14442,14441,,,,
14443,14442,,,,
14444,14443,,,,
14445,14444,,,,
14446,14445,,,,
14447,14446,,,,
14448,14447,,,,
14449,14448,,,,
14450,14449,,,,
14451,14450,,,,
14452,14451,,,,
14453,14452,,,,
14454,14453,,,,
14455,14454,,,,
14456,14455,,,,
14457,14456,,,,
14458,14457,,,,
14459,14458,,,,
14460,14459,,,,
14461,14460,,,,
14462,14461,,,,
14463,14462,,,,
14464,14463,,,,
14465,14464,,,,
14466,14465,,,,
14467,14466,,,,
14468,14467,,,,
14469,14468,,,,
14470,14469,,,,
14471,14470,,,,
14472,14471,,,,
14473,14472,,,,
14474,14473,,,,
14475,14474,,,,
14476,14475,,,,
14477,14476,,,,
14478,14477,,,,
14479,14478,,,,
14480,14479,,,,
14481,14480,,,,
14482,14481,,,,
14483,14482,,,,
14484,14483,,,,
14485,14484,,,,
14486,14485,,,,
14487,14486,,,,
14488,14487,,,,
14489,14488,,,,
14490,14489,,,,
14491,14490,,,,
14492,14491,,,,
14493,14492,,,,
14494,14493,,,,
14495,14494,"Jennifer Fox, Kerry Orent, and Sydney Pollack",Tony Gilroy,Tony Gilroy,Warner Bros. Pictures
14496,14495,,,,
14497,14496,,,,
14498,14497,,,,
14499,14498,,,,
14500,14499,,,,
14501,14500,,,,
14502,14501,,,,
14503,14502,,,,
14504,14503,,,,
14505,14504,,,,
14506,14505,,,,
14507,14506,,,,
14508,14507,,,,
14509,14508,,,,
14510,14509,,,,
14511,14510,,,,
14512,14511,,,,
14513,14512,,,,
14514,14513,,,,
14515,14514,,,,
14516,14515,,,,
14517,14516,Jerome Hellman,John Schlesinger,Waldo Salt,United Artists
14518,14517,,,,
14519,14518,,,,
14520,14519,,,,
14521,14520,,,,
14522,14521,Alan Marshall and David Puttnam,Alan Parker,Oliver Stone,Sony Pictures Home Entertainment
14523,14522,,,,
14524,14523,,,,
14525,14524,,,,
14526,14525,,,,
14527,14526,,,,
14528,14527,,,,
14529,14528,,,,
14530,14529,,,,
14531,14530,,,,
14532,14531,,,,
14533,14532,,,,
14534,14533,,,,
14535,14534,,,,
14536,14535,,,,
14537,14536,,,,
14538,14537,,,,
14539,14538,,,,
14540,14539,,,,
14541,14540,,,,
14542,14541,,,,
14543,14542,,,,
14544,14543,,,,
14545,14544,,,,
14546,14545,,,,
14547,14546,,,,
14548,14547,,,,
14549,14548,,,,
14550,14549,,,,
14551,14550,,,,
14552,14551,,,,
14553,14552,,,,
14554,14553,,,,
14555,14554,,,,
14556,14555,,,,
14557,14556,,,,
14558,14557,,,,
14559,14558,,,,
14560,14559,,,,
14561,14560,,,,
14562,14561,,,,
14563,14562,Letty Aronson and Stephen Tenenbaum,Woody Allen,Woody Allen,Sony Pictures Classics
14564,14563,,,,
14565,14564,,,,
14566,14565,,,,
14567,14566,,,,
14568,14567,,,,
14569,14568,,,,
14570,14569,,,,
14571,14570,,,,
14572,14571,,,,
14573,14572,,,,
14574,14573,,,,
14575,14574,,,,
14576,14575,,,,
14577,14576,,,,
14578,14577,,,,
14579,14578,,,,
14580,14579,,,,
14581,14580,,,,
14582,14581,,,,
14583,14582,,,,
14584,14583,,,,
14585,14584,,,,
14586,14585,,,,
14587,14586,,,,
14588,14587,Warner Bros.,Michael Curtiz,Ranald MacDougall,MGM Home Entertainment
14589,14588,,,,
14590,14589,,,,
14591,14590,Bruce Cohen and Dan Jinks,Gus Van Sant,Dustin Lance Black,Focus Features
14592,14591,,,,
14593,14592,,,,
14594,14593,,,,
14595,14594,,,,
14596,14595,,,,
14597,14596,,,,
14598,14597,,,,
14599,14598,,,,
14600,14599,"Clint Eastwood, Albert S. Ruddy, and Tom Rosenberg",Clint Eastwood,"Clint Eastwood, Paul Haggis",Warner Bros. Pictures
14601,14600,,,,
14602,14601,,,,
14603,14602,,,,
14604,14603,,,,
14605,14604,,,,
14606,14605,,,,
14607,14606,,,,
14608,14607,,,,
14609,14608,,,,
14610,14609,,,,
14611,14610,,,,
14612,14611,,,,
14613,14612,,,,
14614,14613,,,,
14615,14614,,,,
14616,14615,,,,
14617,14616,,,,
14618,14617,,,,
14619,14618,,,,
14620,14619,,,,
14621,14620,,,,
14622,14621,,,,
14623,14622,,,,
14624,14623,,,,
14625,14624,,,,
14626,14625,,,,
14627,14626,,,,
14628,14627,,,,
14629,14628,,,,
14630,14629,,,,
14631,14630,,,,
14632,14631,,,,
14633,14632,,,,
14634,14633,,,,
14635,14634,,,,
14636,14635,,,,
14637,14636,,,,
14638,14637,,,,
14639,14638,,,,
14640,14639,,,,
14641,14640,,,,
14642,14641,,,,
14643,14642,,,,
14644,14643,,,,
14645,14644,,,,
14646,14645,,,,
14647,14646,,,,
14648,14647,20th Century-Fox,George Seaton,George Seaton,20th Century Fox
14649,14648,,,,
14650,14649,,,,
14651,14650,,,,
14652,14651,,,,
14653,14652,,,,
14654,14653,,,,
14655,14654,,,,
14656,14655,,,,
14657,14656,,,,
14658,14657,,,,
14659,14658,,,,
14660,14659,,,,
14661,14660,,,,
14662,14661,,,,
14663,14662,,,,
14664,14663,,,,
14665,14664,,,,
14666,14665,,,,
14667,14666,,,,
14668,14667,,,,
14669,14668,,,,
14670,14669,,,,
14671,14670,,,,
14672,14671,,,,
14673,14672,,,,
14674,14673,,,,
14675,14674,,,,
14676,14675,,,,
14677,14676,,,,
14678,14677,,,,
14679,14678,,,,
14680,14679,,,,
14681,14680,,,,
14682,14681,,,,
14683,14682,,,,
14684,14683,,,,
14685,14684,,,,
14686,14685,,,,
14687,14686,,,,
14688,14687,,,,
14689,14688,,,,
14690,14689,,,,
14691,14690,,,,
14692,14691,,,,
14693,14692,,,,
14694,14693,,,,
14695,14694,,,,
14696,14695,,,,
14697,14696,,,,
14698,14697,,,,
14699,14698,,,,
14700,14699,,,,
14701,14700,,,,
14702,14701,,,,
14703,14702,,,,
14704,14703,,,,
14705,14704,,,,
14706,14705,,,,
14707,14706,,,,
14708,14707,,,,
14709,14708,Frederick Zollo and Robert F. Colesberry,Alan Parker,"Chris Gerolmo, Chris Geroimo, Alan Parker",Orion Pictures Corporation
14710,14709,,,,
14711,14710,,,,
14712,14711,,,,
14713,14712,,,,
14714,14713,,,,
14715,14714,,,,
14716,14715,Leland Hayward,"John Ford, Mervyn LeRoy","Frank S. Nugent, Joshua Logan",Warner Home Video
14717,14716,,,,
14718,14717,,,,
14719,14718,,,,
14720,14719,,,,
14721,14720,,,,
14722,14721,,,,
14723,14722,,,,
14724,14723,,,,
14725,14724,,,,
14726,14725,,,,
14727,14726,,,,
14728,14727,,,,
14729,14728,,,,
14730,14729,,,,
14731,14730,,,,
14732,14731,,,,
14733,14732,,,,
14734,14733,,,,
14735,14734,,,,
14736,14735,,,,
14737,14736,,,,
14738,14737,,,,
14739,14738,,,,
14740,14739,,,,
14741,14740,,,,
14742,14741,,,,
14743,14742,,,,
14744,14743,,,,
14745,14744,,,,
14746,14745,,,,
14747,14746,,,,
14748,14747,,,,
14749,14748,,,,
14750,14749,,,,
14751,14750,,,,
14752,14751,,,,
14753,14752,,,,
14754,14753,,,,
14755,14754,,,,
14756,14755,,,,
14757,14756,,,,
14758,14757,,,,
14759,14758,,,,
14760,14759,,,,
14761,14760,,,,
14762,14761,,,,
14763,14762,,,,
14764,14763,,,,
14765,14764,,,,
14766,14765,,,,
14767,14766,,,,
14768,14767,,,,
14769,14768,,,,
14770,14769,,,,
14771,14770,,,,
14772,14771,,,,
14773,14772,,,,
14774,14773,,,,
14775,14774,,,,
14776,14775,,,,
14777,14776,,,,
14778,14777,,,,
14779,14778,,,,
14780,14779,,,,
14781,14780,,,,
14782,14781,,,,
14783,14782,,,,
14784,14783,,,,
14785,14784,,,,
14786,14785,,,,
14787,14786,,,,
14788,14787,,,,
14789,14788,,,,
14790,14789,,,,
14791,14790,,,,
14792,14791,,,,
14793,14792,,,,
14794,14793,,,,
14795,14794,,,,
14796,14795,,,,
14797,14796,,,,
14798,14797,,,,
14799,14798,,,,
14800,14799,,,,
14801,14800,,,,
14802,14801,"Michael De Luca, Rachael Horovitz, and Brad Pitt",Bennett Miller,"Steven Zaillian, Aaron Sorkin",Sony Pictures
14803,14802,,,,
14804,14803,,,,
14805,14804,,,,
14806,14805,,,,
14807,14806,,,,
14808,14807,,,,
14809,14808,,,,
14810,14809,,,,
14811,14810,,,,
14812,14811,,,,
14813,14812,,,,
14814,14813,,,,
14815,14814,,,,
14816,14815,,,,
14817,14816,,,,
14818,14817,,,,
14819,14818,,,,
14820,14819,,,,
14821,14820,,,,
14822,14821,,,,
14823,14822,,,,
14824,14823,,,,
14825,14824,,,,
14826,14825,,,,
14827,14826,,,,
14828,14827,,,,
14829,14828,,,,
14830,14829,,,,
14831,14830,,,,
14832,14831,,,,
14833,14832,,,,
14834,14833,,,,
14835,14834,,,,
14836,14835,,,,
14837,14836,,,,
14838,14837,,,,
14839,14838,,,,
14840,14839,,,,
14841,14840,,,,
14842,14841,,,,
14843,14842,,,,
14844,14843,,,,
14845,14844,,,,
14846,14845,,,,
14847,14846,,,,
14848,14847,,,,
14849,14848,,,,
14850,14849,,,,
14851,14850,,,,
14852,14851,,,,
14853,14852,,,,
14854,14853,,,,
14855,14854,,,,
14856,14855,,,,
14857,14856,,,,
14858,14857,,,,
14859,14858,,,,
14860,14859,,,,
14861,14860,,,,
14862,14861,,,,
14863,14862,,,,
14864,14863,,,,
14865,14864,,,,
14866,14865,,,,
14867,14866,,,,
14868,14867,,,,
14869,14868,,,,
14870,14869,,,,
14871,14870,,,,
14872,14871,,,,
14873,14872,,,,
14874,14873,,,,
14875,14874,,,,
14876,14875,,,,
14877,14876,,,,
14878,14877,,,,
14879,14878,,,,
14880,14879,,,,
14881,14880,,,,
14882,14881,,,,
14883,14882,,,,
14884,14883,,,,
14885,14884,,,,
14886,14885,,,,
14887,14886,,,,
14888,14887,,,,
14889,14888,,,,
14890,14889,,,,
14891,14890,,,,
14892,14891,,,,
14893,14892,,,,
14894,14893,,,,
14895,14894,,,,
14896,14895,,,,
14897,14896,,,,
14898,14897,,,,
14899,14898,,,,
14900,14899,,,,
14901,14900,,,,
14902,14901,,,,
14903,14902,,,,
14904,14903,,,,
14905,14904,,,,
14906,14905,,,,
14907,14906,"Adele Romanski, Dede Gardner, and Jeremy Kleiner",Barry Jenkins (III),Barry Jenkins (III),A24 Films
14908,14907,,,,
14909,14908,,,,
14910,14909,,,,
14911,14910,,,,
14912,14911,,,,
14913,14912,,,,
14914,14913,,,,
14915,14914,,,,
14916,14915,Patrick J. Palmer and Norman Jewison,Norman Jewison,"John Patrick Shanley, Norman Jewison",MGM Home Entertainment
14917,14916,,,,
14918,14917,,,,
14919,14918,,,,
14920,14919,,,,
14921,14920,,,,
14922,14921,,,,
14923,14922,,,,
14924,14923,,,,
14925,14924,,,,
14926,14925,,,,
14927,14926,,,,
14928,14927,,,,
14929,14928,,,,
14930,14929,,,,
14931,14930,,,,
14932,14931,,,,
14933,14932,,,,
14934,14933,,,,
14935,14934,,,,
14936,14935,,,,
14937,14936,,,,
14938,14937,,,,
14939,14938,,,,
14940,14939,,,,
14941,14940,,,,
14942,14941,,,,
14943,14942,,,,
14944,14943,,,,
14945,14944,,,,
14946,14945,,,,
14947,14946,,,,
14948,14947,,,,
14949,14948,,,,
14950,14949,,,,
14951,14950,,,,
14952,14951,,,,
14953,14952,,,,
14954,14953,,,,
14955,14954,,,,
14956,14955,,,,
14957,14956,,,,
14958,14957,,,,
14959,14958,,,,
14960,14959,,,,
14961,14960,,,,
14962,14961,,,,
14963,14962,,,,
14964,14963,,,,
14965,14964,,,,
14966,14965,,,,
14967,14966,,,,
14968,14967,,,,
14969,14968,,,,
14970,14969,,,,
14971,14970,,,,
14972,14971,,,,
14973,14972,,,,
14974,14973,,,,
14975,14974,,,,
14976,14975,,,,
14977,14976,,,,
14978,14977,,,,
14979,14978,,,,
14980,14979,,,,
14981,14980,,,,
14982,14981,,,,
14983,14982,,,,
14984,14983,,,,
14985,14984,,,,
14986,14985,,,,
14987,14986,,,,
14988,14987,,,,
14989,14988,,,,
14990,14989,,,,
14991,14990,,,,
14992,14991,,,,
14993,14992,,,,
14994,14993,,,,
14995,14994,,,,
14996,14995,,,,
14997,14996,,,,
14998,14997,,,,
14999,14998,,,,
15000,14999,,,,
15001,15000,"John Huston, John Woolf and James Woolf",John Huston,"Anthony Veiller, John Huston",United Artists
15002,15001,"Martin Brown, Baz Luhrmann, and Fred Baron",Baz Luhrmann,"Baz Luhrmann, Craig Pearce",20th Century Fox
15003,15002,,,,
15004,15003,,,,
15005,15004,,,,
15006,15005,,,,
15007,15006,,,,
15008,15007,,,,
15009,15008,,,,
15010,15009,,,,
15011,15010,,,,
15012,15011,,,,
15013,15012,,,,
15014,15013,,,,
15015,15014,,,,
15016,15015,,,,
15017,15016,,,,
15018,15017,,,,
15019,15018,,,,
15020,15019,,,,
15021,15020,,,,
15022,15021,,,,
15023,15022,,,,
15024,15023,,,,
15025,15024,,,,
15026,15025,,,,
15027,15026,Columbia,Frank Capra,Robert Riskin,Columbia Pictures
15028,15027,,,,
15029,15028,,,,
15030,15029,,,,
15031,15030,,,,
15032,15031,,,,
15033,15032,,,,
15034,15033,,,,
15035,15034,,,,
15036,15035,,,,
15037,15036,,,,
15038,15037,,,,
15039,15038,,,,
15040,15039,,,,
15041,15040,,,,
15042,15041,,,,
15043,15042,,,,
15044,15043,,,,
15045,15044,Columbia,Frank Capra,Sidney Buchman,Sony Pictures Home Entertainment
15046,15045,,,,
15047,15046,,,,
15048,15047,,,,
15049,15048,,,,
15050,15049,,,,
15051,15050,,,,
15052,15051,,,,
15053,15052,,,,
15054,15053,,,,
15055,15054,,,,
15056,15055,,,,
15057,15056,,,,
15058,15057,,,,
15059,15058,,,,
15060,15059,,,,
15061,15060,Metro-Goldwyn-Mayer,William Wyler,"Arthur Wimperis, James Hilton, Claudine West, George Froeschel",MGM Home Entertainment
15062,15061,,,,
15063,15062,,,,
15064,15063,,,,
15065,15064,,,,
15066,15065,,,,
15067,15066,,,,
15068,15067,,,,
15069,15068,,,,
15070,15069,,,,
15071,15070,,,,
15072,15071,,,,
15073,15072,,,,
15074,15073,,,,
15075,15074,,,,
15076,15075,,,,
15077,15076,,,,
15078,15077,,,,
15079,15078,,,,
15080,15079,,,,
15081,15080,,,,
15082,15081,,,,
15083,15082,,,,
15084,15083,,,,
15085,15084,,,,
15086,15085,,,,
15087,15086,,,,
15088,15087,,,,
15089,15088,,,,
15090,15089,,,,
15091,15090,,,,
15092,15091,,,,
15093,15092,,,,
15094,15093,,,,
15095,15094,,,,
15096,15095,,,,
15097,15096,,,,
15098,15097,,,,
15099,15098,,,,
15100,15099,,,,
15101,15100,,,,
15102,15101,,,,
15103,15102,,,,
15104,15103,,,,
15105,15104,,,,
15106,15105,,,,
15107,15106,,,,
15108,15107,"Steven Spielberg, Kathleen Kennedy, and Barry Mendel",Steven Spielberg,"Tony Kushner, Eric Roth",Universal Pictures
15109,15108,,,,
15110,15109,,,,
15111,15110,,,,
15112,15111,,,,
15113,15112,,,,
15114,15113,,,,
15115,15114,,,,
15116,15115,,,,
15117,15116,,,,
15118,15117,,,,
15119,15118,,,,
15120,15119,,,,
15121,15120,,,,
15122,15121,,,,
15123,15122,,,,
15124,15123,,,,
15125,15124,,,,
15126,15125,,,,
15127,15126,,,,
15128,15127,,,,
15129,15128,,,,
15130,15129,,,,
15131,15130,,,,
15132,15131,,,,
15133,15132,,,,
15134,15133,,,,
15135,15134,,,,
15136,15135,,,,
15137,15136,,,,
15138,15137,,,,
15139,15138,,,,
15140,15139,,,,
15141,15140,,,,
15142,15141,,,,
15143,15142,,,,
15144,15143,,,,
15145,15144,,,,
15146,15145,,,,
15147,15146,,,,
15148,15147,,,,
15149,15148,,,,
15150,15149,,,,
15151,15150,,,,
15152,15151,,,,
15153,15152,,,,
15154,15153,,,,
15155,15154,,,,
15156,15155,,,,
15157,15156,,,,
15158,15157,,,,
15159,15158,,,,
15160,15159,,,,
15161,15160,,,,
15162,15161,,,,
15163,15162,,,,
15164,15163,,,,
15165,15164,,,,
15166,15165,,,,
15167,15166,,,,
15168,15167,,,,
15169,15168,,,,
15170,15169,,,,
15171,15170,,,,
15172,15171,,,,
15173,15172,,,,
15174,15173,,,,
15175,15174,,,,
15176,15175,,,,
15177,15176,,,,
15178,15177,,,,
15179,15178,,,,
15180,15179,,,,
15181,15180,,,,
15182,15181,,,,
15183,15182,,,,
15184,15183,,,,
15185,15184,,,,
15186,15185,,,,
15187,15186,,,,
15188,15187,,,,
15189,15188,,,,
15190,15189,,,,
15191,15190,,,,
15192,15191,,,,
15193,15192,,,,
15194,15193,,,,
15195,15194,,,,
15196,15195,,,,
15197,15196,,,,
15198,15197,,,,
15199,15198,,,,
15200,15199,,,,
15201,15200,,,,
15202,15201,,,,
15203,15202,,,,
15204,15203,,,,
15205,15204,,,,
15206,15205,,,,
15207,15206,,,,
15208,15207,,,,
15209,15208,,,,
15210,15209,,,,
15211,15210,Metro-Goldwyn-Mayer,Frank Lloyd,"Jules Furthman, Talbot Jennings, Carey Wilson",MGM
15212,15210,Aaron Rosenberg,"Lewis Milestone, Carol Reed",Charles Lederer,WARNER BROTHERS PICTURES
15213,15211,,,,
15214,15212,,,,
15215,15213,,,,
15216,15214,,,,
15217,15215,,,,
15218,15216,,,,
15219,15217,,,,
15220,15218,,,,
15221,15219,,,,
15222,15220,,,,
15223,15221,,,,
15224,15222,,,,
15225,15223,,,,
15226,15224,,,,
15227,15225,,,,
15228,15226,,,,
15229,15227,,,,
15230,15228,,,,
15231,15229,,,,
15232,15230,,,,
15233,15231,,,,
15234,15232,,,,
15235,15233,,,,
15236,15234,,,,
15237,15235,,,,
15238,15236,,,,
15239,15237,,,,
15240,15238,,,,
15241,15239,,,,
15242,15240,,,,
15243,15241,,,,
15244,15242,,,,
15245,15243,,,,
15246,15244,,,,
15247,15245,,,,
15248,15246,,,,
15249,15247,,,,
15250,15248,,,,
15251,15249,,,,
15252,15250,,,,
15253,15251,,,,
15254,15252,,,,
15255,15253,,,,
15256,15254,,,,
15257,15255,,,,
15258,15256,,,,
15259,15257,,,,
15260,15258,,,,
15261,15259,,,,
15262,15260,,,,
15263,15261,,,,
15264,15262,,,,
15265,15263,,,,
15266,15264,,,,
15267,15265,,,,
15268,15266,Noel Pearson,Jim Sheridan,"Shane Connaughton, Jim Sheridan",Miramax Films
15269,15267,,,,
15270,15268,,,,
15271,15269,,,,
15272,15270,,,,
15273,15271,,,,
15274,15272,,,,
15275,15273,,,,
15276,15274,,,,
15277,15275,,,,
15278,15276,,,,
15279,15277,,,,
15280,15278,,,,
15281,15279,,,,
15282,15280,,,,
15283,15281,,,,
15284,15282,,,,
15285,15283,,,,
15286,15284,,,,
15287,15285,,,,
15288,15286,,,,
15289,15287,,,,
15290,15288,,,,
15291,15289,,,,
15292,15290,,,,
15293,15291,,,,
15294,15292,,,,
15295,15293,,,,
15296,15294,,,,
15297,15295,,,,
15298,15296,,,,
15299,15297,,,,
15300,15298,,,,
15301,15299,,,,
15302,15300,,,,
15303,15301,,,,
15304,15302,,,,
15305,15303,,,,
15306,15304,,,,
15307,15305,,,,
15308,15306,,,,
15309,15307,,,,
15310,15308,,,,
15311,15309,,,,
15312,15310,,,,
15313,15311,,,,
15314,15312,,,,
15315,15313,,,,
15316,15314,,,,
15317,15315,,,,
15318,15316,,,,
15319,15317,,,,
15320,15318,,,,
15321,15319,,,,
15322,15320,,,,
15323,15321,,,,
15324,15322,,,,
15325,15323,,,,
15326,15324,,,,
15327,15325,,,,
15328,15326,,,,
15329,15327,,,,
15330,15328,,,,
15331,15329,,,,
15332,15330,,,,
15333,15331,,,,
15334,15332,,,,
15335,15333,,,,
15336,15334,,,,
15337,15335,,,,
15338,15336,,,,
15339,15337,,,,
15340,15338,,,,
15341,15339,,,,
15342,15340,,,,
15343,15341,"Robert Lorenz, Judie G. Hoyt, and Clint Eastwood",Clint Eastwood,Brian Helgeland,WB
15344,15342,,,,
15345,15343,,,,
15346,15344,,,,
15347,15345,,,,
15348,15346,,,,
15349,15347,,,,
15350,15348,,,,
15351,15349,,,,
15352,15350,,,,
15353,15351,,,,
15354,15352,,,,
15355,15353,,,,
15356,15354,,,,
15357,15355,,,,
15358,15356,,,,
15359,15357,,,,
15360,15358,,,,
15361,15359,,,,
15362,15360,,,,
15363,15361,,,,
15364,15362,,,,
15365,15363,,,,
15366,15364,,,,
15367,15365,,,,
15368,15366,,,,
15369,15367,,,,
15370,15368,,,,
15371,15369,,,,
15372,15370,,,,
15373,15371,,,,
15374,15372,,,,
15375,15373,,,,
15376,15374,,,,
15377,15375,,,,
15378,15376,,,,
15379,15377,,,,
15380,15378,,,,
15381,15379,,,,
15382,15380,,,,
15383,15381,,,,
15384,15382,,,,
15385,15383,,,,
15386,15384,,,,
15387,15385,,,,
15388,15386,,,,
15389,15387,,,,
15390,15388,,,,
15391,15389,,,,
15392,15390,,,,
15393,15391,,,,
15394,15392,,,,
15395,15393,,,,
15396,15394,,,,
15397,15395,,,,
15398,15396,,,,
15399,15397,,,,
15400,15398,,,,
15401,15399,,,,
15402,15400,,,,
15403,15401,,,,
15404,15402,,,,
15405,15403,,,,
15406,15404,,,,
15407,15405,,,,
15408,15406,,,,
15409,15407,,,,
15410,15408,,,,
15411,15409,,,,
15412,15410,,,,
15413,15411,,,,
15414,15412,,,,
15415,15413,,,,
15416,15414,Robert Altman,Robert Altman,Joan Tewkesbury,Paramount Pictures
15417,15415,,,,
15418,15416,,,,
15419,15417,,,,
15420,15418,,,,
15421,15419,,,,
15422,15420,,,,
15423,15421,,,,
15424,15422,,,,
15425,15423,,,,
15426,15424,,,,
15427,15425,,,,
15428,15426,,,,
15429,15427,,,,
15430,15428,,,,
15431,15429,,,,
15432,15430,,,,
15433,15431,,,,
15434,15432,,,,
15435,15433,,,,
15436,15434,,,,
15437,15435,,,,
15438,15436,,,,
15439,15437,,,,
15440,15438,,,,
15441,15439,,,,
15442,15440,,,,
15443,15441,,,,
15444,15442,,,,
15445,15443,,,,
15446,15444,,,,
15447,15445,,,,
15448,15446,,,,
15449,15447,,,,
15450,15448,,,,
15451,15449,,,,
15452,15450,,,,
15453,15451,Albert Berger and Ron Yerxa,Alexander Payne,Bob Nelson,Paramount Pictures
15454,15452,,,,
15455,15453,,,,
15456,15454,,,,
15457,15455,,,,
15458,15456,,,,
15459,15457,,,,
15460,15458,,,,
15461,15459,,,,
15462,15460,,,,
15463,15461,,,,
15464,15462,,,,
15465,15463,,,,
15466,15464,,,,
15467,15465,,,,
15468,15466,,,,
15469,15467,,,,
15470,15468,,,,
15471,15469,,,,
15472,15470,,,,
15473,15471,,,,
15474,15472,,,,
15475,15473,,,,
15476,15474,,,,
15477,15475,,,,
15478,15476,,,,
15479,15477,,,,
15480,15478,,,,
15481,15479,,,,
15482,15480,,,,
15483,15481,,,,
15484,15482,,,,
15485,15483,,,,
15486,15484,,,,
15487,15485,,,,
15488,15486,,,,
15489,15487,,,,
15490,15488,,,,
15491,15489,,,,
15492,15490,,,,
15493,15491,,,,
15494,15492,,,,
15495,15493,,,,
15496,15494,,,,
15497,15495,,,,
15498,15496,,,,
15499,15497,,,,
15500,15498,,,,
15501,15499,,,,
15502,15500,,,,
15503,15501,,,,
15504,15502,,,,
15505,15503,,,,
15506,15504,,,,
15507,15505,,,,
15508,15506,,,,
15509,15507,,,,
15510,15508,,,,
15511,15509,,,,
15512,15510,,,,
15513,15511,,,,
15514,15512,,,,
15515,15513,,,,
15516,15514,,,,
15517,15515,,,,
15518,15516,,,,
15519,15517,,,,
15520,15518,,,,
15521,15519,,,,
15522,15520,,,,
15523,15521,,,,
15524,15522,,,,
15525,15523,,,,
15526,15524,,,,
15527,15525,,,,
15528,15526,,,,
15529,15527,,,,
15530,15528,,,,
15531,15529,,,,
15532,15530,,,,
15533,15531,,,,
15534,15532,,,,
15535,15533,,,,
15536,15534,,,,
15537,15535,Howard Gottfried,Sidney Lumet,Paddy Chayefsky,MGM/United Artists
15538,15536,,,,
15539,15537,,,,
15540,15538,,,,
15541,15539,,,,
15542,15540,,,,
15543,15541,,,,
15544,15542,,,,
15545,15543,,,,
15546,15544,,,,
15547,15545,,,,
15548,15546,,,,
15549,15547,,,,
15550,15548,,,,
15551,15549,,,,
15552,15550,,,,
15553,15551,,,,
15554,15552,,,,
15555,15553,,,,
15556,15554,,,,
15557,15555,,,,
15558,15556,,,,
15559,15557,,,,
15560,15558,,,,
15561,15559,,,,
15562,15560,,,,
15563,15561,,,,
15564,15562,,,,
15565,15563,,,,
15566,15564,,,,
15567,15565,,,,
15568,15566,,,,
15569,15567,,,,
15570,15568,,,,
15571,15569,,,,
15572,15570,,,,
15573,15571,,,,
15574,15572,,,,
15575,15573,,,,
15576,15574,,,,
15577,15575,,,,
15578,15576,,,,
15579,15577,,,,
15580,15578,,,,
15581,15579,,,,
15582,15580,,,,
15583,15581,,,,
15584,15582,,,,
15585,15583,,,,
15586,15584,,,,
15587,15585,,,,
15588,15586,,,,
15589,15587,,,,
15590,15588,,,,
15591,15589,,,,
15592,15590,,,,
15593,15591,Sam Spiegel,Franklin J. Schaffner,"James Goldman, Edward Bond",Sony Pictures Home Entertainment
15594,15592,,,,
15595,15593,,,,
15596,15594,,,,
15597,15595,,,,
15598,15596,,,,
15599,15597,,,,
15600,15598,,,,
15601,15599,,,,
15602,15600,,,,
15603,15601,,,,
15604,15602,,,,
15605,15603,,,,
15606,15604,,,,
15607,15605,,,,
15608,15606,,,,
15609,15607,,,,
15610,15608,,,,
15611,15609,,,,
15612,15610,,,,
15613,15611,,,,
15614,15612,,,,
15615,15613,,,,
15616,15614,,,,
15617,15615,,,,
15618,15616,,,,
15619,15617,,,,
15620,15618,,,,
15621,15619,,,,
15622,15620,,,,
15623,15621,,,,
15624,15622,,,,
15625,15623,,,,
15626,15624,,,,
15627,15625,,,,
15628,15626,,,,
15629,15627,,,,
15630,15628,,,,
15631,15629,,,,
15632,15630,,,,
15633,15631,,,,
15634,15632,,,,
15635,15633,,,,
15636,15634,,,,
15637,15635,,,,
15638,15636,,,,
15639,15637,,,,
15640,15638,,,,
15641,15639,,,,
15642,15640,,,,
15643,15641,,,,
15644,15642,,,,
15645,15643,,,,
15646,15644,,,,
15647,15645,,,,
15648,15646,,,,
15649,15647,,,,
15650,15648,,,,
15651,15649,,,,
15652,15650,,,,
15653,15651,,,,
15654,15652,,,,
15655,15653,,,,
15656,15654,,,,
15657,15655,,,,
15658,15656,,,,
15659,15657,,,,
15660,15658,,,,
15661,15659,,,,
15662,15660,,,,
15663,15661,,,,
15664,15662,,,,
15665,15663,,,,
15666,15664,,,,
15667,15665,,,,
15668,15666,,,,
15669,15667,,,,
15670,15668,,,,
15671,15669,,,,
15672,15670,,,,
15673,15671,,,,
15674,15672,,,,
15675,15673,,,,
15676,15674,,,,
15677,15675,,,,
15678,15676,,,,
15679,15677,,,,
15680,15678,,,,
15681,15679,,,,
15682,15680,,,,
15683,15681,,,,
15684,15682,,,,
15685,15683,,,,
15686,15684,,,,
15687,15685,,,,
15688,15686,,,,
15689,15687,,,,
15690,15688,,,,
15691,15689,,,,
15692,15690,,,,
15693,15691,,,,
15694,15692,,,,
15695,15693,,,,
15696,15694,,,,
15697,15695,,,,
15698,15696,,,,
15699,15697,,,,
15700,15698,,,,
15701,15699,,,,
15702,15700,,,,
15703,15701,,,,
15704,15702,,,,
15705,15703,,,,
15706,15704,,,,
15707,15705,,,,
15708,15706,,,,
15709,15707,,,,
15710,15708,,,,
15711,15709,,,,
15712,15710,,,,
15713,15711,,,,
15714,15712,,,,
15715,15713,,,,
15716,15714,,,,
15717,15715,,,,
15718,15716,,,,
15719,15717,,,,
15720,15718,,,,
15721,15719,,,,
15722,15720,,,,
15723,15721,,,,
15724,15722,,,,
15725,15723,,,,
15726,15724,,,,
15727,15725,,,,
15728,15726,,,,
15729,15727,,,,
15730,15728,,,,
15731,15729,,,,
15732,15730,,,,
15733,15731,,,,
15734,15732,,,,
15735,15733,,,,
15736,15734,,,,
15737,15735,,,,
15738,15736,,,,
15739,15737,,,,
15740,15738,,,,
15741,15739,,,,
15742,15740,,,,
15743,15741,,,,
15744,15742,,,,
15745,15743,,,,
15746,15744,,,,
15747,15745,,,,
15748,15746,,,,
15749,15747,,,,
15750,15748,,,,
15751,15749,,,,
15752,15750,,,,
15753,15751,,,,
15754,15752,,,,
15755,15753,,,,
15756,15754,,,,
15757,15755,,,,
15758,15756,,,,
15759,15757,,,,
15760,15758,,,,
15761,15759,,,,
15762,15760,,,,
15763,15761,,,,
15764,15762,,,,
15765,15763,,,,
15766,15764,,,,
15767,15765,,,,
15768,15766,,,,
15769,15767,,,,
15770,15768,,,,
15771,15769,,,,
15772,15770,,,,
15773,15771,,,,
15774,15772,,,,
15775,15773,,,,
15776,15774,,,,
15777,15775,,,,
15778,15776,,,,
15779,15777,,,,
15780,15778,,,,
15781,15779,,,,
15782,15780,,,,
15783,15781,,,,
15784,15782,,,,
15785,15783,,,,
15786,15784,,,,
15787,15785,,,,
15788,15786,,,,
15789,15787,,,,
15790,15788,,,,
15791,15789,,,,
15792,15790,,,,
15793,15791,,,,
15794,15792,,,,
15795,15793,,,,
15796,15794,,,,
15797,15795,,,,
15798,15796,,,,
15799,15797,,,,
15800,15798,,,,
15801,15799,,,,
15802,15800,,,,
15803,15801,,,,
15804,15802,,,,
15805,15803,,,,
15806,15804,,,,
15807,15805,,,,
15808,15806,,,,
15809,15807,,,,
15810,15808,,,,
15811,15809,,,,
15812,15810,,,,
15813,15811,,,,
15814,15812,,,,
15815,15813,,,,
15816,15814,,,,
15817,15815,,,,
15818,15816,,,,
15819,15817,,,,
15820,15818,,,,
15821,15819,,,,
15822,15820,,,,
15823,15821,,,,
15824,15822,,,,
15825,15823,,,,
15826,15824,,,,
15827,15825,,,,
15828,15826,,,,
15829,15827,,,,
15830,15828,,,,
15831,15829,,,,
15832,15830,,,,
15833,15831,,,,
15834,15832,,,,
15835,15833,,,,
15836,15834,,,,
15837,15835,,,,
15838,15836,,,,
15839,15837,,,,
15840,15838,,,,
15841,15839,,,,
15842,15840,,,,
15843,15841,,,,
15844,15842,,,,
15845,15843,,,,
15846,15844,,,,
15847,15845,,,,
15848,15846,,,,
15849,15847,,,,
15850,15848,,,,
15851,15849,,,,
15852,15850,,,,
15853,15851,,,,
15854,15852,,,,
15855,15853,,,,
15856,15854,,,,
15857,15855,,,,
15858,15856,,,,
15859,15857,,,,
15860,15858,,,,
15861,15859,,,,
15862,15860,,,,
15863,15861,,,,
15864,15862,,,,
15865,15863,,,,
15866,15864,,,,
15867,15865,,,,
15868,15866,,,,
15869,15867,,,,
15870,15868,Metro-Goldwyn-Mayer,Ernst Lubitsch,"Charles Brackett, Billy Wilder, Walter Reisch, Ernst Lubitsch, Melchior Lengyel",Warner Bros. Pictures
15871,15869,,,,
15872,15870,,,,
15873,15871,,,,
15874,15872,,,,
15875,15873,,,,
15876,15874,,,,
15877,15875,,,,
15878,15876,,,,
15879,15877,,,,
15880,15878,,,,
15881,15879,,,,
15882,15880,,,,
15883,15881,"Scott Rudin, Joel Coen, and Ethan Coen","Joel Coen, Ethan Coen","Ethan Coen, Joel Coen",Miramax Films
15884,15882,,,,
15885,15883,,,,
15886,15884,,,,
15887,15885,,,,
15888,15886,,,,
15889,15887,,,,
15890,15888,,,,
15891,15889,,,,
15892,15890,,,,
15893,15891,,,,
15894,15892,,,,
15895,15893,,,,
15896,15894,,,,
15897,15895,,,,
15898,15896,,,,
15899,15897,,,,
15900,15898,,,,
15901,15899,,,,
15902,15900,,,,
15903,15901,,,,
15904,15902,,,,
15905,15903,,,,
15906,15904,,,,
15907,15905,,,,
15908,15906,,,,
15909,15907,,,,
15910,15908,,,,
15911,15909,,,,
15912,15910,,,,
15913,15911,,,,
15914,15912,,,,
15915,15913,,,,
15916,15914,,,,
15917,15915,,,,
15918,15916,,,,
15919,15917,,,,
15920,15918,,,,
15921,15919,,,,
15922,15920,,,,
15923,15921,,,,
15924,15922,,,,
15925,15923,,,,
15926,15924,,,,
15927,15925,,,,
15928,15926,,,,
15929,15927,,,,
15930,15928,,,,
15931,15929,,,,
15932,15930,,,,
15933,15931,,,,
15934,15932,,,,
15935,15933,,,,
15936,15934,,,,
15937,15935,,,,
15938,15936,,,,
15939,15937,,,,
15940,15938,,,,
15941,15939,,,,
15942,15940,,,,
15943,15941,,,,
15944,15942,,,,
15945,15943,,,,
15946,15944,,,,
15947,15945,,,,
15948,15946,,,,
15949,15947,,,,
15950,15948,,,,
15951,15949,,,,
15952,15950,,,,
15953,15951,,,,
15954,15952,,,,
15955,15953,,,,
15956,15954,,,,
15957,15955,,,,
15958,15956,,,,
15959,15957,,,,
15960,15958,,,,
15961,15959,,,,
15962,15960,,,,
15963,15961,,,,
15964,15962,,,,
15965,15963,,,,
15966,15964,,,,
15967,15965,,,,
15968,15966,,,,
15969,15967,,,,
15970,15968,,,,
15971,15969,,,,
15972,15970,,,,
15973,15971,,,,
15974,15972,,,,
15975,15973,,,,
15976,15974,,,,
15977,15975,,,,
15978,15976,,,,
15979,15977,,,,
15980,15978,,,,
15981,15979,,,,
15982,15980,,,,
15983,15981,,,,
15984,15982,,,,
15985,15983,,,,
15986,15984,,,,
15987,15985,,,,
15988,15986,,,,
15989,15987,,,,
15990,15988,,,,
15991,15989,,,,
15992,15990,,,,
15993,15991,,,,
15994,15992,,,,
15995,15993,,,,
15996,15994,,,,
15997,15995,,,,
15998,15996,,,,
15999,15997,,,,
16000,15998,,,,
16001,15999,,,,
16002,16000,,,,
16003,16001,,,,
16004,16002,,,,
16005,16003,,,,
16006,16004,,,,
16007,16005,,,,
16008,16006,,,,
16009,16007,,,,
16010,16008,,,,
16011,16009,,,,
16012,16010,,,,
16013,16011,,,,
16014,16012,,,,
16015,16013,,,,
16016,16014,,,,
16017,16015,,,,
16018,16016,,,,
16019,16017,,,,
16020,16018,,,,
16021,16019,,,,
16022,16020,,,,
16023,16021,,,,
16024,16022,,,,
16025,16023,,,,
16026,16024,,,,
16027,16025,,,,
16028,16026,,,,
16029,16027,,,,
16030,16028,,,,
16031,16029,,,,
16032,16030,,,,
16033,16031,,,,
16034,16032,,,,
16035,16033,,,,
16036,16034,,,,
16037,16035,,,,
16038,16036,,,,
16039,16037,,,,
16040,16038,,,,
16041,16039,,,,
16042,16040,,,,
16043,16041,,,,
16044,16042,,,,
16045,16043,,,,
16046,16044,,,,
16047,16045,,,,
16048,16046,,,,
16049,16047,,,,
16050,16048,,,,
16051,16049,,,,
16052,16050,,,,
16053,16051,,,,
16054,16052,,,,
16055,16053,,,,
16056,16054,,,,
16057,16055,,,,
16058,16056,,,,
16059,16057,,,,
16060,16058,,,,
16061,16059,,,,
16062,16060,,,,
16063,16061,,,,
16064,16062,,,,
16065,16063,,,,
16066,16064,,,,
16067,16065,,,,
16068,16066,,,,
16069,16067,,,,
16070,16068,,,,
16071,16069,,,,
16072,16070,,,,
16073,16071,,,,
16074,16072,,,,
16075,16073,,,,
16076,16074,,,,
16077,16075,,,,
16078,16076,,,,
16079,16077,,,,
16080,16078,,,,
16081,16079,,,,
16082,16080,,,,
16083,16081,,,,
16084,16082,,,,
16085,16083,,,,
16086,16084,,,,
16087,16085,,,,
16088,16086,,,,
16089,16087,,,,
16090,16088,,,,
16091,16089,,,,
16092,16090,,,,
16093,16091,,,,
16094,16092,,,,
16095,16093,,,,
16096,16094,,,,
16097,16095,,,,
16098,16096,,,,
16099,16097,,,,
16100,16098,,,,
16101,16099,,,,
16102,16100,,,,
16103,16101,,,,
16104,16102,,,,
16105,16103,,,,
16106,16104,,,,
16107,16105,,,,
16108,16106,,,,
16109,16107,,,,
16110,16108,,,,
16111,16109,,,,
16112,16110,,,,
16113,16111,,,,
16114,16112,,,,
16115,16113,,,,
16116,16114,,,,
16117,16115,,,,
16118,16116,,,,
16119,16117,,,,
16120,16118,,,,
16121,16119,,,,
16122,16120,,,,
16123,16121,,,,
16124,16122,,,,
16125,16123,,,,
16126,16124,,,,
16127,16125,,,,
16128,16126,,,,
16129,16127,,,,
16130,16128,,,,
16131,16129,,,,
16132,16130,,,,
16133,16131,,,,
16134,16132,,,,
16135,16133,,,,
16136,16134,,,,
16137,16135,,,,
16138,16136,,,,
16139,16137,,,,
16140,16138,,,,
16141,16139,,,,
16142,16140,,,,
16143,16141,,,,
16144,16142,,,,
16145,16143,,,,
16146,16144,,,,
16147,16145,,,,
16148,16146,,,,
16149,16147,,,,
16150,16148,,,,
16151,16149,,,,
16152,16150,,,,
16153,16151,,,,
16154,16152,,,,
16155,16153,,,,
16156,16154,,,,
16157,16155,,,,
16158,16156,,,,
16159,16157,,,,
16160,16158,,,,
16161,16159,,,,
16162,16160,,,,
16163,16161,,,,
16164,16162,,,,
16165,16163,,,,
16166,16164,,,,
16167,16165,,,,
16168,16166,,,,
16169,16167,,,,
16170,16168,,,,
16171,16169,,,,
16172,16170,,,,
16173,16171,,,,
16174,16172,,,,
16175,16173,,,,
16176,16174,,,,
16177,16175,,,,
16178,16176,,,,
16179,16177,,,,
16180,16178,,,,
16181,16179,,,,
16182,16180,,,,
16183,16181,,,,
16184,16182,,,,
16185,16183,,,,
16186,16184,,,,
16187,16185,,,,
16188,16186,,,,
16189,16187,,,,
16190,16188,,,,
16191,16189,,,,
16192,16190,,,,
16193,16191,,,,
16194,16192,,,,
16195,16193,,,,
16196,16194,,,,
16197,16195,,,,
16198,16196,,,,
16199,16197,,,,
16200,16198,,,,
16201,16199,,,,
16202,16200,,,,
16203,16201,,,,
16204,16202,,,,
16205,16203,,,,
16206,16204,,,,
16207,16205,,,,
16208,16206,,,,
16209,16207,,,,
16210,16208,,,,
16211,16209,,,,
16212,16210,,,,
16213,16211,,,,
16214,16212,,,,
16215,16213,,,,
16216,16214,,,,
16217,16215,,,,
16218,16216,,,,
16219,16217,Hal Roach (production company),Lewis Milestone,Eugene Solow,United Artists
16220,16218,,,,
16221,16219,,,,
16222,16220,,,,
16223,16221,,,,
16224,16222,,,,
16225,16223,,,,
16226,16224,,,,
16227,16225,,,,
16228,16226,,,,
16229,16227,,,,
16230,16228,,,,
16231,16229,,,,
16232,16230,,,,
16233,16231,,,,
16234,16232,,,,
16235,16233,,,,
16236,16234,,,,
16237,16235,,,,
16238,16236,,,,
16239,16237,,,,
16240,16238,,,,
16241,16239,,,,
16242,16240,,,,
16243,16241,,,,
16244,16242,,,,
16245,16243,,,,
16246,16244,,,,
16247,16245,,,,
16248,16246,,,,
16249,16247,,,,
16250,16248,,,,
16251,16249,,,,
16252,16250,,,,
16253,16251,,,,
16254,16252,,,,
16255,16253,,,,
16256,16254,,,,
16257,16255,,,,
16258,16256,,,,
16259,16257,,,,
16260,16258,,,,
16261,16259,,,,
16262,16260,,,,
16263,16261,,,,
16264,16262,,,,
16265,16263,,,,
16266,16264,,,,
16267,16265,,,,
16268,16266,,,,
16269,16267,,,,
16270,16268,,,,
16271,16269,,,,
16272,16270,,,,
16273,16271,,,,
16274,16272,,,,
16275,16273,,,,
16276,16274,,,,
16277,16275,,,,
16278,16276,,,,
16279,16277,,,,
16280,16278,John Woolf,Carol Reed,"Vernon Harris, Lionel Bart, Vernon Gilbert Harris",Sony Pictures Home Entertainment
16281,16279,,,,
16282,16280,,,,
16283,16281,,,,
16284,16282,,,,
16285,16283,,,,
16286,16284,,,,
16287,16285,,,,
16288,16286,,,,
16289,16287,,,,
16290,16288,,,,
16291,16289,,,,
16292,16290,,,,
16293,16291,,,,
16294,16292,,,,
16295,16293,,,,
16296,16294,,,,
16297,16295,,,,
16298,16296,Bruce Gilbert,Mark Rydell,Ernest Thompson,Twentieth Century Fox Home Entertainment
16299,16297,,,,
16300,16298,,,,
16301,16299,,,,
16302,16300,,,,
16303,16301,,,,
16304,16302,,,,
16305,16303,,,,
16306,16304,,,,
16307,16305,,,,
16308,16306,,,,
16309,16307,Sam Spiegel,Elia Kazan,Budd Schulberg,Sony Pictures
16310,16308,,,,
16311,16309,,,,
16312,16310,,,,
16313,16311,,,,
16314,16312,,,,
16315,16313,,,,
16316,16314,,,,
16317,16315,,,,
16318,16316,,,,
16319,16317,,,,
16320,16318,,,,
16321,16319,,,,
16322,16320,,,,
16323,16321,,,,
16324,16322,,,,
16325,16323,,,,
16326,16324,,,,
16327,16325,,,,
16328,16326,,,,
16329,16327,,,,
16330,16328,,,,
16331,16329,,,,
16332,16330,Michael Douglas and Saul Zaentz,Milos Forman,"Bo Goldman, Lawrence Hauben",United Artists
16333,16331,,,,
16334,16332,,,,
16335,16333,,,,
16336,16334,,,,
16337,16335,,,,
16338,16336,,,,
16339,16337,,,,
16340,16338,,,,
16341,16339,,,,
16342,16340,,,,
16343,16341,,,,
16344,16342,,,,
16345,16343,,,,
16346,16344,,,,
16347,16345,,,,
16348,16346,,,,
16349,16347,,,,
16350,16348,,,,
16351,16349,,,,
16352,16350,,,,
16353,16351,,,,
16354,16352,,,,
16355,16353,,,,
16356,16354,,,,
16357,16355,,,,
16358,16356,,,,
16359,16357,,,,
16360,16358,,,,
16361,16359,,,,
16362,16360,,,,
16363,16361,,,,
16364,16362,,,,
16365,16363,,,,
16366,16364,,,,
16367,16365,,,,
16368,16366,,,,
16369,16367,,,,
16370,16368,,,,
16371,16369,,,,
16372,16370,,,,
16373,16371,,,,
16374,16372,,,,
16375,16373,,,,
16376,16374,,,,
16377,16375,,,,
16378,16376,,,,
16379,16377,,,,
16380,16378,,,,
16381,16379,,,,
16382,16380,,,,
16383,16381,,,,
16384,16382,,,,
16385,16383,,,,
16386,16384,,,,
16387,16385,,,,
16388,16386,,,,
16389,16387,,,,
16390,16388,,,,
16391,16389,,,,
16392,16390,,,,
16393,16391,,,,
16394,16392,,,,
16395,16393,,,,
16396,16394,,,,
16397,16395,,,,
16398,16396,,,,
16399,16397,,,,
16400,16398,,,,
16401,16399,,,,
16402,16400,,,,
16403,16401,,,,
16404,16402,,,,
16405,16403,,,,
16406,16404,,,,
16407,16405,,,,
16408,16406,,,,
16409,16407,,,,
16410,16408,,,,
16411,16409,,,,
16412,16410,,,,
16413,16411,,,,
16414,16412,,,,
16415,16413,,,,
16416,16414,,,,
16417,16415,,,,
16418,16416,,,,
16419,16417,,,,
16420,16418,,,,
16421,16419,,,,
16422,16420,,,,
16423,16421,,,,
16424,16422,,,,
16425,16423,,,,
16426,16424,Ronald L. Schwary,Robert Redford,Alvin Sargent,Paramount Pictures
16427,16425,,,,
16428,16426,,,,
16429,16427,,,,
16430,16428,,,,
16431,16429,,,,
16432,16430,,,,
16433,16431,,,,
16434,16432,,,,
16435,16433,,,,
16436,16434,,,,
16437,16435,,,,
16438,16436,,,,
16439,16437,,,,
16440,16438,,,,
16441,16439,,,,
16442,16440,,,,
16443,16441,,,,
16444,16442,,,,
16445,16443,,,,
16446,16444,,,,
16447,16445,,,,
16448,16446,,,,
16449,16447,,,,
16450,16448,,,,
16451,16449,,,,
16452,16450,,,,
16453,16451,,,,
16454,16452,,,,
16455,16453,,,,
16456,16454,,,,
16457,16455,,,,
16458,16456,,,,
16459,16457,,,,
16460,16458,,,,
16461,16459,,,,
16462,16460,,,,
16463,16461,,,,
16464,16462,,,,
16465,16463,,,,
16466,16464,,,,
16467,16465,,,,
16468,16466,,,,
16469,16467,,,,
16470,16468,,,,
16471,16469,,,,
16472,16470,,,,
16473,16471,,,,
16474,16472,,,,
16475,16473,,,,
16476,16474,,,,
16477,16475,,,,
16478,16476,,,,
16479,16477,,,,
16480,16478,,,,
16481,16479,,,,
16482,16480,,,,
16483,16481,,,,
16484,16482,,,,
16485,16483,,,,
16486,16484,Sol Lesser (production company),Sam Wood,"Frank Craven, Thornton Wilder, Harry Chandlee",United Artists
16487,16485,,,,
16488,16486,,,,
16489,16487,,,,
16490,16488,,,,
16491,16489,,,,
16492,16490,,,,
16493,16491,,,,
16494,16492,Sydney Pollack,Sydney Pollack,"Kurt Luedtke, Kurt Luedtke",Universal Pictures
16495,16493,,,,
16496,16494,,,,
16497,16495,,,,
16498,16496,,,,
16499,16497,,,,
16500,16498,,,,
16501,16499,,,,
16502,16500,,,,
16503,16501,,,,
16504,16502,,,,
16505,16503,,,,
16506,16504,,,,
16507,16505,,,,
16508,16506,,,,
16509,16507,,,,
16510,16508,,,,
16511,16509,,,,
16512,16510,,,,
16513,16511,,,,
16514,16512,,,,
16515,16513,,,,
16516,16514,,,,
16517,16515,,,,
16518,16516,,,,
16519,16517,,,,
16520,16518,,,,
16521,16519,,,,
16522,16520,,,,
16523,16521,,,,
16524,16522,,,,
16525,16523,,,,
16526,16524,,,,
16527,16525,,,,
16528,16526,,,,
16529,16527,,,,
16530,16528,,,,
16531,16529,,,,
16532,16530,,,,
16533,16531,,,,
16534,16532,,,,
16535,16533,,,,
16536,16534,,,,
16537,16535,,,,
16538,16536,,,,
16539,16537,,,,
16540,16538,,,,
16541,16539,,,,
16542,16540,,,,
16543,16541,,,,
16544,16542,,,,
16545,16543,,,,
16546,16544,,,,
16547,16545,,,,
16548,16546,,,,
16549,16547,,,,
16550,16548,,,,
16551,16549,,,,
16552,16550,,,,
16553,16551,,,,
16554,16552,,,,
16555,16553,,,,
16556,16554,,,,
16557,16555,,,,
16558,16556,,,,
16559,16557,,,,
16560,16558,,,,
16561,16559,,,,
16562,16560,,,,
16563,16561,,,,
16564,16562,,,,
16565,16563,,,,
16566,16564,,,,
16567,16565,,,,
16568,16566,,,,
16569,16567,,,,
16570,16568,,,,
16571,16569,,,,
16572,16570,,,,
16573,16571,,,,
16574,16572,,,,
16575,16573,,,,
16576,16574,,,,
16577,16575,,,,
16578,16576,,,,
16579,16577,,,,
16580,16578,,,,
16581,16579,,,,
16582,16580,,,,
16583,16581,,,,
16584,16582,,,,
16585,16583,,,,
16586,16584,,,,
16587,16585,,,,
16588,16586,,,,
16589,16587,,,,
16590,16588,,,,
16591,16589,,,,
16592,16590,,,,
16593,16591,,,,
16594,16592,,,,
16595,16593,,,,
16596,16594,,,,
16597,16595,,,,
16598,16596,,,,
16599,16597,,,,
16600,16598,,,,
16601,16599,,,,
16602,16600,,,,
16603,16601,,,,
16604,16602,,,,
16605,16603,,,,
16606,16604,,,,
16607,16605,,,,
16608,16606,,,,
16609,16607,,,,
16610,16608,,,,
16611,16609,,,,
16612,16610,,,,
16613,16611,,,,
16614,16612,,,,
16615,16613,,,,
16616,16614,,,,
16617,16615,,,,
16618,16616,,,,
16619,16617,,,,
16620,16618,,,,
16621,16619,,,,
16622,16620,,,,
16623,16621,,,,
16624,16622,,,,
16625,16623,,,,
16626,16624,,,,
16627,16625,,,,
16628,16626,,,,
16629,16627,,,,
16630,16628,,,,
16631,16629,,,,
16632,16630,,,,
16633,16631,,,,
16634,16632,,,,
16635,16633,,,,
16636,16634,,,,
16637,16635,,,,
16638,16636,,,,
16639,16637,,,,
16640,16638,,,,
16641,16639,,,,
16642,16640,,,,
16643,16641,,,,
16644,16642,,,,
16645,16643,,,,
16646,16644,,,,
16647,16645,,,,
16648,16646,,,,
16649,16647,,,,
16650,16648,,,,
16651,16649,,,,
16652,16650,,,,
16653,16651,,,,
16654,16652,,,,
16655,16653,,,,
16656,16654,,,,
16657,16655,,,,
16658,16656,,,,
16659,16657,,,,
16660,16658,,,,
16661,16659,,,,
16662,16660,,,,
16663,16661,,,,
16664,16662,,,,
16665,16663,,,,
16666,16664,,,,
16667,16665,,,,
16668,16666,,,,
16669,16667,,,,
16670,16668,,,,
16671,16669,,,,
16672,16670,,,,
16673,16671,,,,
16674,16672,,,,
16675,16673,,,,
16676,16674,,,,
16677,16675,,,,
16678,16676,,,,
16679,16677,,,,
16680,16678,,,,
16681,16679,,,,
16682,16680,,,,
16683,16681,,,,
16684,16682,,,,
16685,16683,,,,
16686,16684,,,,
16687,16685,,,,
16688,16686,,,,
16689,16687,,,,
16690,16688,,,,
16691,16689,,,,
16692,16690,,,,
16693,16691,,,,
16694,16692,,,,
16695,16693,,,,
16696,16694,,,,
16697,16695,,,,
16698,16696,,,,
16699,16697,,,,
16700,16698,,,,
16701,16699,,,,
16702,16700,,,,
16703,16701,,,,
16704,16702,,,,
16705,16703,,,,
16706,16704,,,,
16707,16705,,,,
16708,16706,,,,
16709,16707,,,,
16710,16708,,,,
16711,16709,,,,
16712,16710,,,,
16713,16711,,,,
16714,16712,,,,
16715,16713,,,,
16716,16714,,,,
16717,16715,,,,
16718,16716,,,,
16719,16717,,,,
16720,16718,,,,
16721,16719,,,,
16722,16720,,,,
16723,16721,,,,
16724,16722,,,,
16725,16723,,,,
16726,16724,,,,
16727,16725,,,,
16728,16726,,,,
16729,16727,,,,
16730,16728,,,,
16731,16729,,,,
16732,16730,,,,
16733,16731,,,,
16734,16732,,,,
16735,16733,,,,
16736,16734,,,,
16737,16735,,,,
16738,16736,,,,
16739,16737,,,,
16740,16738,,,,
16741,16739,,,,
16742,16740,,,,
16743,16741,,,,
16744,16742,,,,
16745,16743,,,,
16746,16744,,,,
16747,16745,,,,
16748,16746,,,,
16749,16747,,,,
16750,16748,,,,
16751,16749,,,,
16752,16750,,,,
16753,16751,,,,
16754,16752,,,,
16755,16753,,,,
16756,16754,,,,
16757,16755,,,,
16758,16756,,,,
16759,16757,,,,
16760,16758,,,,
16761,16759,,,,
16762,16760,,,,
16763,16761,,,,
16764,16762,,,,
16765,16763,,,,
16766,16764,,,,
16767,16765,,,,
16768,16766,,,,
16769,16767,,,,
16770,16768,,,,
16771,16769,,,,
16772,16770,,,,
16773,16771,,,,
16774,16772,,,,
16775,16773,,,,
16776,16774,,,,
16777,16775,,,,
16778,16776,,,,
16779,16777,,,,
16780,16778,,,,
16781,16779,,,,
16782,16780,,,,
16783,16781,,,,
16784,16782,,,,
16785,16783,,,,
16786,16784,,,,
16787,16785,Frank McCarthy,Franklin J. Schaffner,"Francis Ford Coppola, Edmund H. North",Twentieth Century Fox Home Entertainment
16788,16786,,,,
16789,16787,,,,
16790,16788,,,,
16791,16789,,,,
16792,16790,,,,
16793,16791,,,,
16794,16792,,,,
16795,16793,,,,
16796,16794,,,,
16797,16795,,,,
16798,16796,,,,
16799,16797,,,,
16800,16798,,,,
16801,16799,,,,
16802,16800,,,,
16803,16801,,,,
16804,16802,,,,
16805,16803,,,,
16806,16804,,,,
16807,16805,,,,
16808,16806,,,,
16809,16807,,,,
16810,16808,,,,
16811,16809,,,,
16812,16810,,,,
16813,16811,,,,
16814,16812,,,,
16815,16813,,,,
16816,16814,,,,
16817,16815,,,,
16818,16816,,,,
16819,16817,,,,
16820,16818,,,,
16821,16819,,,,
16822,16820,,,,
16823,16821,,,,
16824,16822,,,,
16825,16823,,,,
16826,16824,,,,
16827,16825,,,,
16828,16826,,,,
16829,16827,,,,
16830,16828,,,,
16831,16829,,,,
16832,16830,,,,
16833,16831,,,,
16834,16832,,,,
16835,16833,,,,
16836,16834,,,,
16837,16835,,,,
16838,16836,,,,
16839,16837,,,,
16840,16838,,,,
16841,16839,,,,
16842,16840,,,,
16843,16841,,,,
16844,16842,,,,
16845,16843,,,,
16846,16844,,,,
16847,16845,,,,
16848,16846,,,,
16849,16847,,,,
16850,16848,,,,
16851,16849,,,,
16852,16850,,,,
16853,16851,,,,
16854,16852,,,,
16855,16853,,,,
16856,16854,,,,
16857,16855,,,,
16858,16856,,,,
16859,16857,,,,
16860,16858,,,,
16861,16859,,,,
16862,16860,,,,
16863,16861,,,,
16864,16862,,,,
16865,16863,,,,
16866,16864,,,,
16867,16865,,,,
16868,16866,,,,
16869,16867,,,,
16870,16868,,,,
16871,16869,,,,
16872,16870,,,,
16873,16871,,,,
16874,16872,,,,
16875,16873,,,,
16876,16874,,,,
16877,16875,,,,
16878,16876,,,,
16879,16877,,,,
16880,16878,,,,
16881,16879,,,,
16882,16880,,,,
16883,16881,,,,
16884,16882,,,,
16885,16883,,,,
16886,16884,,,,
16887,16885,,,,
16888,16886,,,,
16889,16887,,,,
16890,16888,,,,
16891,16889,,,,
16892,16890,,,,
16893,16891,,,,
16894,16892,,,,
16895,16893,,,,
16896,16894,,,,
16897,16895,,,,
16898,16896,,,,
16899,16897,,,,
16900,16898,,,,
16901,16899,,,,
16902,16900,,,,
16903,16901,,,,
16904,16902,,,,
16905,16903,,,,
16906,16904,,,,
16907,16905,,,,
16908,16906,,,,
16909,16907,,,,
16910,16908,,,,
16911,16909,,,,
16912,16910,,,,
16913,16911,,,,
16914,16912,,,,
16915,16913,,,,
16916,16914,,,,
16917,16915,Jerry Wald,Mark Robson,John Michael Hayes,20th Century Fox
16918,16916,,,,
16919,16917,,,,
16920,16918,,,,
16921,16919,,,,
16922,16920,,,,
16923,16921,,,,
16924,16922,,,,
16925,16923,,,,
16926,16924,,,,
16927,16925,,,,
16928,16926,,,,
16929,16927,,,,
16930,16928,,,,
16931,16929,,,,
16932,16930,,,,
16933,16931,,,,
16934,16932,,,,
16935,16933,,,,
16936,16934,,,,
16937,16935,,,,
16938,16936,,,,
16939,16937,,,,
16940,16938,,,,
16941,16939,,,,
16942,16940,,,,
16943,16941,,,,
16944,16942,,,,
16945,16943,,,,
16946,16944,,,,
16947,16945,,,,
16948,16946,,,,
16949,16947,,,,
16950,16948,,,,
16951,16949,,,,
16952,16950,,,,
16953,16951,,,,
16954,16952,,,,
16955,16953,,,,
16956,16954,,,,
16957,16955,,,,
16958,16956,,,,
16959,16957,,,,
16960,16958,,,,
16961,16959,,,,
16962,16960,,,,
16963,16961,"Gabrielle Tana, Steve Coogan, and Tracey Seaward",Stephen Frears,"Jeff Pope, Steve Coogan",The Weinstein Company
16964,16962,,,,
16965,16963,,,,
16966,16964,,,,
16967,16965,,,,
16968,16966,,,,
16969,16967,,,,
16970,16968,,,,
16971,16969,,,,
16972,16970,,,,
16973,16971,,,,
16974,16972,,,,
16975,16973,,,,
16976,16974,,,,
16977,16975,,,,
16978,16976,,,,
16979,16977,,,,
16980,16978,,,,
16981,16979,,,,
16982,16980,,,,
16983,16981,,,,
16984,16982,,,,
16985,16983,,,,
16986,16984,,,,
16987,16985,,,,
16988,16986,,,,
16989,16987,,,,
16990,16988,,,,
16991,16989,,,,
16992,16990,,,,
16993,16991,,,,
16994,16992,,,,
16995,16993,,,,
16996,16994,,,,
16997,16995,,,,
16998,16996,,,,
16999,16997,Fred Kohlmar,Joshua Logan,Daniel Taradash,Sony Pictures Home Entertainment
17000,16998,,,,
17001,16999,,,,
17002,17000,,,,
17003,17001,,,,
17004,17002,,,,
17005,17003,,,,
17006,17004,,,,
17007,17005,,,,
17008,17006,,,,
17009,17007,,,,
17010,17008,,,,
17011,17009,,,,
17012,17010,,,,
17013,17011,,,,
17014,17012,,,,
17015,17013,,,,
17016,17014,,,,
17017,17015,,,,
17018,17016,,,,
17019,17017,,,,
17020,17018,,,,
17021,17019,,,,
17022,17020,,,,
17023,17021,,,,
17024,17022,,,,
17025,17023,,,,
17026,17024,,,,
17027,17025,,,,
17028,17026,,,,
17029,17027,,,,
17030,17028,,,,
17031,17029,,,,
17032,17030,,,,
17033,17031,,,,
17034,17032,,,,
17035,17033,,,,
17036,17034,,,,
17037,17035,,,,
17038,17036,,,,
17039,17037,,,,
17040,17038,,,,
17041,17039,,,,
17042,17040,,,,
17043,17041,,,,
17044,17042,,,,
17045,17043,,,,
17046,17044,,,,
17047,17045,,,,
17048,17046,,,,
17049,17047,,,,
17050,17048,,,,
17051,17049,,,,
17052,17050,,,,
17053,17051,,,,
17054,17052,,,,
17055,17053,,,,
17056,17054,,,,
17057,17055,,,,
17058,17056,,,,
17059,17057,,,,
17060,17058,,,,
17061,17059,,,,
17062,17060,,,,
17063,17061,,,,
17064,17062,,,,
17065,17063,,,,
17066,17064,,,,
17067,17065,,,,
17068,17066,,,,
17069,17067,,,,
17070,17068,,,,
17071,17069,,,,
17072,17070,,,,
17073,17071,,,,
17074,17072,,,,
17075,17073,Arlene Donovan,Robert Benton,Robert Benton,Twentieth Century Fox Home Entertainment
17076,17074,,,,
17077,17075,,,,
17078,17076,,,,
17079,17077,,,,
17080,17078,,,,
17081,17079,,,,
17082,17080,,,,
17083,17081,,,,
17084,17082,,,,
17085,17083,,,,
17086,17084,,,,
17087,17085,,,,
17088,17086,,,,
17089,17087,,,,
17090,17088,,,,
17091,17089,,,,
17092,17090,,,,
17093,17091,,,,
17094,17092,,,,
17095,17093,,,,
17096,17094,,,,
17097,17095,,,,
17098,17096,,,,
17099,17097,,,,
17100,17098,,,,
17101,17099,,,,
17102,17100,,,,
17103,17101,,,,
17104,17102,Arnold Kopelson,Oliver Stone,"Oliver Stone, Richard Boyle",Orion Pictures
17105,17103,,,,
17106,17104,,,,
17107,17105,,,,
17108,17106,,,,
17109,17107,,,,
17110,17108,,,,
17111,17109,,,,
17112,17110,,,,
17113,17111,,,,
17114,17112,,,,
17115,17113,,,,
17116,17114,,,,
17117,17115,,,,
17118,17116,,,,
17119,17117,,,,
17120,17118,,,,
17121,17119,,,,
17122,17120,,,,
17123,17121,,,,
17124,17122,,,,
17125,17123,,,,
17126,17124,,,,
17127,17125,,,,
17128,17126,,,,
17129,17127,,,,
17130,17128,,,,
17131,17129,,,,
17132,17130,,,,
17133,17131,,,,
17134,17132,,,,
17135,17133,,,,
17136,17134,,,,
17137,17135,,,,
17138,17136,,,,
17139,17137,,,,
17140,17138,,,,
17141,17139,,,,
17142,17140,,,,
17143,17141,,,,
17144,17142,,,,
17145,17143,,,,
17146,17144,,,,
17147,17145,,,,
17148,17146,,,,
17149,17147,,,,
17150,17148,,,,
17151,17149,,,,
17152,17150,,,,
17153,17151,,,,
17154,17152,,,,
17155,17153,,,,
17156,17154,,,,
17157,17155,,,,
17158,17156,,,,
17159,17157,,,,
17160,17158,,,,
17161,17159,,,,
17162,17160,,,,
17163,17161,,,,
17164,17162,,,,
17165,17163,,,,
17166,17164,,,,
17167,17165,,,,
17168,17166,,,,
17169,17167,,,,
17170,17168,,,,
17171,17169,,,,
17172,17170,,,,
17173,17171,,,,
17174,17172,,,,
17175,17173,,,,
17176,17174,,,,
17177,17175,,,,
17178,17176,,,,
17179,17177,,,,
17180,17178,,,,
17181,17179,,,,
17182,17180,,,,
17183,17181,,,,
17184,17182,,,,
17185,17183,,,,
17186,17184,,,,
17187,17185,,,,
17188,17186,,,,
17189,17187,,,,
17190,17188,,,,
17191,17189,,,,
17192,17190,,,,
17193,17191,,,,
17194,17192,,,,
17195,17193,,,,
17196,17194,,,,
17197,17195,,,,
17198,17196,,,,
17199,17197,,,,
17200,17198,,,,
17201,17199,,,,
17202,17200,,,,
17203,17201,,,,
17204,17202,,,,
17205,17203,,,,
17206,17204,,,,
17207,17205,,,,
17208,17206,,,,
17209,17207,,,,
17210,17208,,,,
17211,17209,,,,
17212,17210,,,,
17213,17211,,,,
17214,17212,,,,
17215,17213,,,,
17216,17214,,,,
17217,17215,,,,
17218,17216,,,,
17219,17217,,,,
17220,17218,,,,
17221,17219,,,,
17222,17220,,,,
17223,17221,,,,
17224,17222,,,,
17225,17223,,,,
17226,17224,,,,
17227,17225,,,,
17228,17226,,,,
17229,17227,,,,
17230,17228,,,,
17231,17229,,,,
17232,17230,,,,
17233,17231,,,,
17234,17232,,,,
17235,17233,,,,
17236,17234,,,,
17237,17235,,,,
17238,17236,,,,
17239,17237,,,,
17240,17238,,,,
17241,17239,,,,
17242,17240,,,,
17243,17241,,,,
17244,17242,,,,
17245,17243,,,,
17246,17244,,,,
17247,17245,,,,
17248,17246,,,,
17249,17247,,,,
17250,17248,,,,
17251,17249,,,,
17252,17250,,,,
17253,17251,,,,
17254,17252,,,,
17255,17253,,,,
17256,17254,,,,
17257,17255,,,,
17258,17256,,,,
17259,17257,,,,
17260,17258,,,,
17261,17259,,,,
17262,17260,,,,
17263,17261,,,,
17264,17262,,,,
17265,17263,,,,
17266,17264,,,,
17267,17265,,,,
17268,17266,,,,
17269,17267,,,,
17270,17268,,,,
17271,17269,,,,
17272,17270,,,,
17273,17271,,,,
17274,17272,,,,
17275,17273,,,,
17276,17274,,,,
17277,17275,,,,
17278,17276,,,,
17279,17277,,,,
17280,17278,,,,
17281,17279,,,,
17282,17280,,,,
17283,17281,,,,
17284,17282,,,,
17285,17283,,,,
17286,17284,,,,
17287,17285,,,,
17288,17286,,,,
17289,17287,,,,
17290,17288,,,,
17291,17289,,,,
17292,17290,,,,
17293,17291,,,,
17294,17292,,,,
17295,17293,,,,
17296,17294,,,,
17297,17295,,,,
17298,17296,,,,
17299,17297,,,,
17300,17298,,,,
17301,17299,,,,
17302,17300,,,,
17303,17301,,,,
17304,17302,,,,
17305,17303,,,,
17306,17304,,,,
17307,17305,,,,
17308,17306,,,,
17309,17307,,,,
17310,17308,,,,
17311,17309,,,,
17312,17310,,,,
17313,17311,,,,
17314,17312,,,,
17315,17313,,,,
17316,17314,,,,
17317,17315,,,,
17318,17316,,,,
17319,17317,,,,
17320,17318,,,,
17321,17319,,,,
17322,17320,,,,
17323,17321,,,,
17324,17322,,,,
17325,17323,,,,
17326,17324,,,,
17327,17325,,,,
17328,17326,,,,
17329,17327,,,,
17330,17328,,,,
17331,17329,,,,
17332,17330,,,,
17333,17331,,,,
17334,17332,,,,
17335,17333,,,,
17336,17334,,,,
17337,17335,,,,
17338,17336,,,,
17339,17337,,,,
17340,17338,,,,
17341,17339,,,,
17342,17340,,,,
17343,17341,,,,
17344,17342,,,,
17345,17343,,,,
17346,17344,,,,
17347,17345,,,,
17348,17346,,,,
17349,17347,,,,
17350,17348,,,,
17351,17349,,,,
17352,17350,,,,
17353,17351,,,,
17354,17352,,,,
17355,17353,,,,
17356,17354,,,,
17357,17355,,,,
17358,17356,,,,
17359,17357,,,,
17360,17358,,,,
17361,17359,,,,
17362,17360,,,,
17363,17361,,,,
17364,17362,,,,
17365,17363,,,,
17366,17364,,,,
17367,17365,,,,
17368,17366,,,,
17369,17367,,,,
17370,17368,,,,
17371,17369,,,,
17372,17370,,,,
17373,17371,,,,
17374,17372,,,,
17375,17373,,,,
17376,17374,,,,
17377,17375,,,,
17378,17376,,,,
17379,17377,,,,
17380,17378,,,,
17381,17379,,,,
17382,17380,,,,
17383,17381,,,,
17384,17382,,,,
17385,17383,,,,
17386,17384,,,,
17387,17385,,,,
17388,17386,,,,
17389,17387,,,,
17390,17388,,,,
17391,17389,,,,
17392,17390,,,,
17393,17391,,,,
17394,17392,,,,
17395,17393,,,,
17396,17394,,,,
17397,17395,,,,
17398,17396,,,,
17399,17397,,,,
17400,17398,,,,
17401,17399,,,,
17402,17400,,,,
17403,17401,,,,
17404,17402,,,,
17405,17403,,,,
17406,17404,,,,
17407,17405,,,,
17408,17406,,,,
17409,17407,,,,
17410,17408,,,,
17411,17409,,,,
17412,17410,,,,
17413,17411,,,,
17414,17412,,,,
17415,17413,,,,
17416,17414,,,,
17417,17415,,,,
17418,17416,,,,
17419,17417,,,,
17420,17418,,,,
17421,17419,,,,
17422,17420,,,,
17423,17421,,,,
17424,17422,,,,
17425,17423,,,,
17426,17424,,,,
17427,17425,,,,
17428,17426,,,,
17429,17427,,,,
17430,17428,,,,
17431,17429,,,,
17432,17430,,,,
17433,17431,,,,
17434,17432,,,,
17435,17433,,,,
17436,17434,,,,
17437,17435,,,,
17438,17436,,,,
17439,17437,,,,
17440,17438,,,,
17441,17439,,,,
17442,17440,,,,
17443,17441,,,,
17444,17442,,,,
17445,17443,,,,
17446,17444,,,,
17447,17445,,,,
17448,17446,,,,
17449,17447,,,,
17450,17448,,,,
17451,17449,,,,
17452,17450,,,,
17453,17451,,,,
17454,17452,,,,
17455,17453,,,,
17456,17454,,,,
17457,17455,,,,
17458,17456,,,,
17459,17457,,,,
17460,17458,,,,
17461,17459,,,,
17462,17460,,,,
17463,17461,,,,
17464,17462,,,,
17465,17463,,,,
17466,17464,,,,
17467,17465,,,,
17468,17466,,,,
17469,17467,,,,
17470,17468,,,,
17471,17469,,,,
17472,17470,,,,
17473,17471,,,,
17474,17472,,,,
17475,17473,,,,
17476,17474,,,,
17477,17475,,,,
17478,17476,,,,
17479,17477,,,,
17480,17478,,,,
17481,17479,,,,
17482,17480,,,,
17483,17481,,,,
17484,17482,,,,
17485,17483,,,,
17486,17484,,,,
17487,17485,,,,
17488,17486,,,,
17489,17487,,,,
17490,17488,,,,
17491,17489,,,,
17492,17490,,,,
17493,17491,,,,
17494,17492,,,,
17495,17493,,,,
17496,17494,,,,
17497,17495,,,,
17498,17496,,,,
17499,17497,,,,
17500,17498,,,,
17501,17499,,,,
17502,17500,,,,
17503,17501,,,,
17504,17502,,,,
17505,17503,,,,
17506,17504,,,,
17507,17505,,,,
17508,17506,,,,
17509,17507,,,,
17510,17508,,,,
17511,17509,,,,
17512,17510,,,,
17513,17511,,,,
17514,17512,,,,
17515,17513,,,,
17516,17514,,,,
17517,17515,,,,
17518,17516,,,,
17519,17517,,,,
17520,17518,,,,
17521,17519,,,,
17522,17520,,,,
17523,17521,,,,
17524,17522,,,,
17525,17523,,,,
17526,17524,,,,
17527,17525,,,,
17528,17526,,,,
17529,17527,,,,
17530,17528,,,,
17531,17529,,,,
17532,17530,,,,
17533,17531,,,,
17534,17532,,,,
17535,17533,,,,
17536,17534,,,,
17537,17535,,,,
17538,17536,,,,
17539,17537,,,,
17540,17538,,,,
17541,17539,,,,
17542,17540,,,,
17543,17541,,,,
17544,17542,,,,
17545,17543,,,,
17546,17544,,,,
17547,17545,,,,
17548,17546,Lawrence Bender,Quentin Tarantino,"Quentin Tarantino, Roger Avary",Miramax Films
17549,17547,,,,
17550,17548,,,,
17551,17549,,,,
17552,17550,,,,
17553,17551,,,,
17554,17552,,,,
17555,17553,,,,
17556,17554,,,,
17557,17555,,,,
17558,17556,,,,
17559,17557,,,,
17560,17558,,,,
17561,17559,,,,
17562,17560,,,,
17563,17561,,,,
17564,17562,,,,
17565,17563,,,,
17566,17564,,,,
17567,17565,,,,
17568,17566,,,,
17569,17567,,,,
17570,17568,,,,
17571,17569,,,,
17572,17570,,,,
17573,17571,,,,
17574,17572,,,,
17575,17573,,,,
17576,17574,,,,
17577,17575,,,,
17578,17576,,,,
17579,17577,,,,
17580,17578,,,,
17581,17579,,,,
17582,17580,,,,
17583,17581,,,,
17584,17582,,,,
17585,17583,,,,
17586,17584,,,,
17587,17585,,,,
17588,17586,,,,
17589,17587,,,,
17590,17588,,,,
17591,17589,,,,
17592,17590,,,,
17593,17591,,,,
17594,17592,,,,
17595,17593,,,,
17596,17594,,,,
17597,17595,,,,
17598,17596,,,,
17599,17597,,,,
17600,17598,,,,
17601,17599,,,,
17602,17600,,,,
17603,17601,,,,
17604,17602,,,,
17605,17603,,,,
17606,17604,,,,
17607,17605,,,,
17608,17606,,,,
17609,17607,,,,
17610,17608,,,,
17611,17609,,,,
17612,17610,,,,
17613,17611,,,,
17614,17612,,,,
17615,17613,,,,
17616,17614,,,,
17617,17615,,,,
17618,17616,,,,
17619,17617,,,,
17620,17618,,,,
17621,17619,,,,
17622,17620,,,,
17623,17621,,,,
17624,17622,,,,
17625,17623,,,,
17626,17624,,,,
17627,17625,,,,
17628,17626,,,,
17629,17627,,,,
17630,17628,,,,
17631,17629,,,,
17632,17630,,,,
17633,17631,,,,
17634,17632,,,,
17635,17633,,,,
17636,17634,,,,
17637,17635,,,,
17638,17636,,,,
17639,17637,,,,
17640,17638,,,,
17641,17639,,,,
17642,17640,,,,
17643,17641,,,,
17644,17642,,,,
17645,17643,,,,
17646,17644,,,,
17647,17645,,,,
17648,17646,,,,
17649,17647,,,,
17650,17648,,,,
17651,17649,,,,
17652,17650,,,,
17653,17651,,,,
17654,17652,,,,
17655,17653,,,,
17656,17654,,,,
17657,17655,,,,
17658,17656,,,,
17659,17657,,,,
17660,17658,,,,
17661,17659,,,,
17662,17660,,,,
17663,17661,,,,
17664,17662,,,,
17665,17663,,,,
17666,17664,,,,
17667,17665,,,,
17668,17666,,,,
17669,17667,,,,
17670,17668,,,,
17671,17669,,,,
17672,17670,,,,
17673,17671,,,,
17674,17672,,,,
17675,17673,,,,
17676,17674,,,,
17677,17675,,,,
17678,17676,,,,
17679,17677,,,,
17680,17678,,,,
17681,17679,,,,
17682,17680,,,,
17683,17681,"Michael Jacobs, Julian Krainin, Michael Nozik, and Robert Redford",Robert Redford,Paul Attanasio,Buena Vista Internationa
17684,17682,,,,
17685,17683,,,,
17686,17684,,,,
17687,17685,,,,
17688,17686,,,,
17689,17687,,,,
17690,17688,,,,
17691,17689,,,,
17692,17690,,,,
17693,17691,,,,
17694,17692,,,,
17695,17693,,,,
17696,17694,,,,
17697,17695,,,,
17698,17696,,,,
17699,17697,,,,
17700,17698,,,,
17701,17699,,,,
17702,17700,,,,
17703,17701,,,,
17704,17702,,,,
17705,17703,,,,
17706,17704,,,,
17707,17705,,,,
17708,17706,,,,
17709,17707,,,,
17710,17708,,,,
17711,17709,,,,
17712,17710,,,,
17713,17711,,,,
17714,17712,,,,
17715,17713,,,,
17716,17714,,,,
17717,17715,,,,
17718,17716,,,,
17719,17717,,,,
17720,17718,,,,
17721,17719,,,,
17722,17720,,,,
17723,17721,,,,
17724,17722,Paul Newman,Paul Newman,Stewart Stern,Warner Bros.
17725,17723,,,,
17726,17724,,,,
17727,17725,,,,
17728,17726,,,,
17729,17727,,,,
17730,17728,,,,
17731,17729,,,,
17732,17730,,,,
17733,17731,,,,
17734,17732,,,,
17735,17733,,,,
17736,17734,,,,
17737,17735,,,,
17738,17736,,,,
17739,17737,,,,
17740,17738,Irwin Winkler and Robert Chartoff,Martin Scorsese,"Paul Schrader, Mardik Martin, Martin Scorsese",United Artists
17741,17739,,,,
17742,17740,,,,
17743,17741,,,,
17744,17742,,,,
17745,17743,,,,
17746,17744,,,,
17747,17745,,,,
17748,17746,,,,
17749,17747,,,,
17750,17748,,,,
17751,17749,,,,
17752,17750,,,,
17753,17751,,,,
17754,17752,Frank Marshall,Steven Spielberg,Lawrence Kasdan,Paramount Pictures
17755,17753,,,,
17756,17754,Mark Johnson,Barry Levinson,"Ronald Bass, Barry Morrow, Barry Levinson, David Rayfiel",MGM
17757,17755,,,,
17758,17756,,,,
17759,17757,,,,
17760,17758,,,,
17761,17759,,,,
17762,17760,,,,
17763,17761,,,,
17764,17762,,,,
17765,17763,,,,
17766,17764,,,,
17767,17765,,,,
17768,17766,,,,
17769,17767,,,,
17770,17768,,,,
17771,17769,,,,
17772,17770,,,,
17773,17771,,,,
17774,17772,,,,
17775,17773,,,,
17776,17774,,,,
17777,17775,,,,
17778,17776,,,,
17779,17777,,,,
17780,17778,,,,
17781,17779,,,,
17782,17780,,,,
17783,17781,,,,
17784,17782,,,,
17785,17783,,,,
17786,17784,Metro-Goldwyn-Mayer,Mervyn LeRoy,"George Froeschel, Claudine West, Arthur Wimperis",MGM Home Entertainment
17787,17785,,,,
17788,17786,,,,
17789,17787,,,,
17790,17788,,,,
17791,17789,,,,
17792,17790,,,,
17793,17791,,,,
17794,17792,,,,
17795,17793,,,,
17796,17794,,,,
17797,17795,,,,
17798,17796,,,,
17799,17797,,,,
17800,17798,,,,
17801,17799,,,,
17802,17800,,,,
17803,17801,,,,
17804,17802,,,,
17805,17803,,,,
17806,17804,,,,
17807,17805,,,,
17808,17806,,,,
17809,17807,,,,
17810,17808,,,,
17811,17809,,,,
17812,17810,,,,
17813,17811,,,,
17814,17812,,,,
17815,17813,,,,
17816,17814,,,,
17817,17815,,,,
17818,17816,,,,
17819,17817,,,,
17820,17818,,,,
17821,17819,,,,
17822,17820,,,,
17823,17821,,,,
17824,17822,,,,
17825,17823,,,,
17826,17824,,,,
17827,17825,,,,
17828,17826,,,,
17829,17827,,,,
17830,17828,,,,
17831,17829,,,,
17832,17830,,,,
17833,17831,,,,
17834,17832,,,,
17835,17833,,,,
17836,17834,,,,
17837,17835,,,,
17838,17836,,,,
17839,17837,,,,
17840,17838,,,,
17841,17839,,,,
17842,17840,,,,
17843,17841,,,,
17844,17842,,,,
17845,17843,,,,
17846,17844,,,,
17847,17845,,,,
17848,17846,,,,
17849,17847,,,,
17850,17848,,,,
17851,17849,,,,
17852,17850,,,,
17853,17851,,,,
17854,17852,,,,
17855,17853,"Taylor Hackford, Stuart Benjamin, and Howard Baldwin",Taylor Hackford,"James L. White, Taylor Hackford, Jimmy ""Whirlwind"" White",Universal Pictures
17856,17854,,,,
17857,17855,,,,
17858,17856,,,,
17859,17857,,,,
17860,17858,,,,
17861,17859,,,,
17862,17860,,,,
17863,17861,,,,
17864,17862,,,,
17865,17863,,,,
17866,17864,,,,
17867,17865,,,,
17868,17866,,,,
17869,17867,,,,
17870,17868,,,,
17871,17869,,,,
17872,17870,,,,
17873,17871,,,,
17874,17872,,,,
17875,17873,,,,
17876,17874,,,,
17877,17875,,,,
17878,17876,,,,
17879,17877,,,,
17880,17878,,,,
17881,17879,,,,
17882,17880,,,,
17883,17881,,,,
17884,17882,,,,
17885,17883,,,,
17886,17884,,,,
17887,17885,,,,
17888,17886,,,,
17889,17887,,,,
17890,17888,,,,
17891,17889,,,,
17892,17890,,,,
17893,17891,,,,
17894,17892,,,,
17895,17893,,,,
17896,17894,,,,
17897,17895,,,,
17898,17896,,,,
17899,17897,,,,
17900,17898,,,,
17901,17899,,,,
17902,17900,,,,
17903,17901,,,,
17904,17902,,,,
17905,17903,,,,
17906,17904,,,,
17907,17905,,,,
17908,17906,,,,
17909,17907,,,,
17910,17908,,,,
17911,17909,,,,
17912,17910,,,,
17913,17911,,,,
17914,17912,,,,
17915,17913,,,,
17916,17914,,,,
17917,17915,,,,
17918,17916,,,,
17919,17917,,,,
17920,17918,,,,
17921,17919,,,,
17922,17920,,,,
17923,17921,,,,
17924,17922,,,,
17925,17923,,,,
17926,17924,,,,
17927,17925,,,,
17928,17926,,,,
17929,17927,,,,
17930,17928,,,,
17931,17929,,,,
17932,17930,,,,
17933,17931,,,,
17934,17932,,,,
17935,17933,,,,
17936,17934,,,,
17937,17935,,,,
17938,17936,,,,
17939,17937,,,,
17940,17938,,,,
17941,17939,,,,
17942,17940,,,,
17943,17941,,,,
17944,17942,,,,
17945,17943,,,,
17946,17944,,,,
17947,17945,,,,
17948,17946,,,,
17949,17947,,,,
17950,17948,,,,
17951,17949,,,,
17952,17950,,,,
17953,17951,,,,
17954,17952,,,,
17955,17953,,,,
17956,17954,,,,
17957,17955,,,,
17958,17956,,,,
17959,17957,,,,
17960,17958,,,,
17961,17959,,,,
17962,17960,,,,
17963,17961,,,,
17964,17962,,,,
17965,17963,,,,
17966,17964,,,,
17967,17965,,,,
17968,17966,,,,
17969,17967,,,,
17970,17968,,,,
17971,17969,,,,
17972,17970,,,,
17973,17971,,,,
17974,17972,,,,
17975,17973,,,,
17976,17974,,,,
17977,17975,,,,
17978,17976,,,,
17979,17977,,,,
17980,17978,,,,
17981,17979,,,,
17982,17980,,,,
17983,17981,,,,
17984,17982,,,,
17985,17983,,,,
17986,17984,,,,
17987,17985,,,,
17988,17986,,,,
17989,17987,,,,
17990,17988,,,,
17991,17989,,,,
17992,17990,,,,
17993,17991,,,,
17994,17992,,,,
17995,17993,,,,
17996,17994,,,,
17997,17995,,,,
17998,17996,,,,
17999,17997,,,,
18000,17998,,,,
18001,17999,,,,
18002,18000,,,,
18003,18001,,,,
18004,18002,,,,
18005,18003,,,,
18006,18004,,,,
18007,18005,,,,
18008,18006,,,,
18009,18007,,,,
18010,18008,,,,
18011,18009,,,,
18012,18010,,,,
18013,18011,,,,
18014,18012,,,,
18015,18013,,,,
18016,18014,,,,
18017,18015,,,,
18018,18016,,,,
18019,18017,,,,
18020,18018,,,,
18021,18019,,,,
18022,18020,,,,
18023,18021,,,,
18024,18022,,,,
18025,18023,,,,
18026,18024,,,,
18027,18025,,,,
18028,18026,,,,
18029,18027,,,,
18030,18028,,,,
18031,18029,,,,
18032,18030,,,,
18033,18031,,,,
18034,18032,,,,
18035,18033,,,,
18036,18034,,,,
18037,18035,,,,
18038,18036,,,,
18039,18037,,,,
18040,18038,,,,
18041,18039,,,,
18042,18040,,,,
18043,18041,,,,
18044,18042,,,,
18045,18043,,,,
18046,18044,,,,
18047,18045,,,,
18048,18046,,,,
18049,18047,,,,
18050,18048,,,,
18051,18049,,,,
18052,18050,,,,
18053,18051,,,,
18054,18052,,,,
18055,18053,,,,
18056,18054,,,,
18057,18055,,,,
18058,18056,,,,
18059,18057,,,,
18060,18058,,,,
18061,18059,,,,
18062,18060,,,,
18063,18061,,,,
18064,18062,,,,
18065,18063,,,,
18066,18064,,,,
18067,18065,,,,
18068,18066,,,,
18069,18067,,,,
18070,18068,,,,
18071,18069,,,,
18072,18070,,,,
18073,18071,,,,
18074,18072,,,,
18075,18073,,,,
18076,18074,,,,
18077,18075,,,,
18078,18076,,,,
18079,18077,,,,
18080,18078,,,,
18081,18079,,,,
18082,18080,,,,
18083,18081,,,,
18084,18082,,,,
18085,18083,,,,
18086,18084,,,,
18087,18085,,,,
18088,18086,,,,
18089,18087,,,,
18090,18088,,,,
18091,18089,,,,
18092,18090,,,,
18093,18091,,,,
18094,18092,,,,
18095,18093,,,,
18096,18094,,,,
18097,18095,,,,
18098,18096,,,,
18099,18097,,,,
18100,18098,,,,
18101,18099,,,,
18102,18100,,,,
18103,18101,,,,
18104,18102,,,,
18105,18103,,,,
18106,18104,,,,
18107,18105,,,,
18108,18106,,,,
18109,18107,,,,
18110,18108,,,,
18111,18109,,,,
18112,18110,,,,
18113,18111,,,,
18114,18112,,,,
18115,18113,,,,
18116,18114,,,,
18117,18115,,,,
18118,18116,,,,
18119,18117,,,,
18120,18118,,,,
18121,18119,,,,
18122,18120,,,,
18123,18121,,,,
18124,18122,,,,
18125,18123,,,,
18126,18124,,,,
18127,18125,,,,
18128,18126,,,,
18129,18127,,,,
18130,18128,,,,
18131,18129,,,,
18132,18130,,,,
18133,18131,,,,
18134,18132,,,,
18135,18133,,,,
18136,18134,,,,
18137,18135,,,,
18138,18136,,,,
18139,18137,,,,
18140,18138,,,,
18141,18139,,,,
18142,18140,,,,
18143,18141,,,,
18144,18142,,,,
18145,18143,,,,
18146,18144,,,,
18147,18145,,,,
18148,18146,,,,
18149,18147,,,,
18150,18148,,,,
18151,18149,,,,
18152,18150,,,,
18153,18151,,,,
18154,18152,,,,
18155,18153,,,,
18156,18154,,,,
18157,18155,,,,
18158,18156,,,,
18159,18157,,,,
18160,18158,,,,
18161,18159,,,,
18162,18160,,,,
18163,18161,,,,
18164,18162,,,,
18165,18163,,,,
18166,18164,,,,
18167,18165,,,,
18168,18166,,,,
18169,18167,,,,
18170,18168,,,,
18171,18169,,,,
18172,18170,,,,
18173,18171,,,,
18174,18172,,,,
18175,18173,,,,
18176,18174,,,,
18177,18175,,,,
18178,18176,,,,
18179,18177,,,,
18180,18178,,,,
18181,18179,,,,
18182,18180,,,,
18183,18181,,,,
18184,18182,,,,
18185,18183,,,,
18186,18184,,,,
18187,18185,,,,
18188,18186,,,,
18189,18187,,,,
18190,18188,,,,
18191,18189,,,,
18192,18190,,,,
18193,18191,,,,
18194,18192,,,,
18195,18193,,,,
18196,18194,,,,
18197,18195,,,,
18198,18196,,,,
18199,18197,,,,
18200,18198,,,,
18201,18199,,,,
18202,18200,,,,
18203,18201,,,,
18204,18202,,,,
18205,18203,,,,
18206,18204,,,,
18207,18205,,,,
18208,18206,,,,
18209,18207,,,,
18210,18208,,,,
18211,18209,,,,
18212,18210,,,,
18213,18211,,,,
18214,18212,,,,
18215,18213,,,,
18216,18214,,,,
18217,18215,,,,
18218,18216,,,,
18219,18217,,,,
18220,18218,,,,
18221,18219,,,,
18222,18220,,,,
18223,18221,,,,
18224,18222,,,,
18225,18223,,,,
18226,18224,,,,
18227,18225,,,,
18228,18226,,,,
18229,18227,,,,
18230,18228,,,,
18231,18229,,,,
18232,18230,,,,
18233,18231,,,,
18234,18232,,,,
18235,18233,,,,
18236,18234,,,,
18237,18235,,,,
18238,18236,,,,
18239,18237,,,,
18240,18238,,,,
18241,18239,,,,
18242,18240,,,,
18243,18241,,,,
18244,18242,,,,
18245,18243,,,,
18246,18244,,,,
18247,18245,,,,
18248,18246,,,,
18249,18247,,,,
18250,18248,,,,
18251,18249,,,,
18252,18250,,,,
18253,18251,,,,
18254,18252,,,,
18255,18253,,,,
18256,18254,,,,
18257,18255,,,,
18258,18256,,,,
18259,18257,,,,
18260,18258,,,,
18261,18259,,,,
18262,18260,,,,
18263,18261,,,,
18264,18262,,,,
18265,18263,,,,
18266,18264,,,,
18267,18265,,,,
18268,18266,,,,
18269,18267,,,,
18270,18268,,,,
18271,18269,,,,
18272,18270,,,,
18273,18271,,,,
18274,18272,,,,
18275,18273,,,,
18276,18274,,,,
18277,18275,,,,
18278,18276,,,,
18279,18277,,,,
18280,18278,,,,
18281,18279,,,,
18282,18280,,,,
18283,18281,,,,
18284,18282,,,,
18285,18283,,,,
18286,18284,,,,
18287,18285,,,,
18288,18286,,,,
18289,18287,,,,
18290,18288,,,,
18291,18289,,,,
18292,18290,,,,
18293,18291,,,,
18294,18292,,,,
18295,18293,,,,
18296,18294,,,,
18297,18295,,,,
18298,18296,,,,
18299,18297,,,,
18300,18298,,,,
18301,18299,,,,
18302,18300,,,,
18303,18301,,,,
18304,18302,,,,
18305,18303,,,,
18306,18304,,,,
18307,18305,,,,
18308,18306,,,,
18309,18307,,,,
18310,18308,,,,
18311,18309,,,,
18312,18310,,,,
18313,18311,,,,
18314,18312,,,,
18315,18313,,,,
18316,18314,,,,
18317,18315,,,,
18318,18316,,,,
18319,18317,,,,
18320,18318,,,,
18321,18319,,,,
18322,18320,,,,
18323,18321,,,,
18324,18322,,,,
18325,18323,,,,
18326,18324,,,,
18327,18325,,,,
18328,18326,,,,
18329,18327,,,,
18330,18328,,,,
18331,18329,,,,
18332,18330,,,,
18333,18331,,,,
18334,18332,,,,
18335,18333,,,,
18336,18334,,,,
18337,18335,,,,
18338,18336,,,,
18339,18337,,,,
18340,18338,,,,
18341,18339,,,,
18342,18340,,,,
18343,18341,,,,
18344,18342,,,,
18345,18343,,,,
18346,18344,,,,
18347,18345,,,,
18348,18346,,,,
18349,18347,,,,
18350,18348,,,,
18351,18349,,,,
18352,18350,,,,
18353,18351,,,,
18354,18352,,,,
18355,18353,,,,
18356,18354,,,,
18357,18355,,,,
18358,18356,,,,
18359,18357,,,,
18360,18358,,,,
18361,18359,,,,
18362,18360,,,,
18363,18361,,,,
18364,18362,,,,
18365,18363,,,,
18366,18364,,,,
18367,18365,,,,
18368,18366,,,,
18369,18367,,,,
18370,18368,,,,
18371,18369,,,,
18372,18370,,,,
18373,18371,,,,
18374,18372,,,,
18375,18373,,,,
18376,18374,,,,
18377,18375,,,,
18378,18376,,,,
18379,18377,,,,
18380,18378,,,,
18381,18379,,,,
18382,18380,,,,
18383,18381,,,,
18384,18382,,,,
18385,18383,,,,
18386,18384,,,,
18387,18385,,,,
18388,18386,,,,
18389,18387,Irwin Winkler and Robert Chartoff,John G. Avildsen,Sylvester Stallone,United Artists
18390,18388,,,,
18391,18389,,,,
18392,18390,,,,
18393,18391,,,,
18394,18392,,,,
18395,18393,,,,
18396,18394,,,,
18397,18395,,,,
18398,18396,,,,
18399,18397,,,,
18400,18398,,,,
18401,18399,,,,
18402,18400,,,,
18403,18401,,,,
18404,18402,,,,
18405,18403,,,,
18406,18404,,,,
18407,18405,,,,
18408,18406,,,,
18409,18407,,,,
18410,18408,Gabriela Rodríguez and Alfonso Cuarón,Alfonso Cuarón,Alfonso Cuarón,Netflix
18411,18409,,,,
18412,18410,William Wyler,William Wyler,"John Dighton, Ian McLellan Hunter, Dalton Trumbo, William Wyler",Paramount Pictures
18413,18411,,,,
18414,18412,,,,
18415,18413,,,,
18416,18414,,,,
18417,18415,Metro-Goldwyn-Mayer,George Cukor,Talbot Jennings,MGM
18418,18415,Anthony Havelock-Allan and John Brabourne,Franco Zeffirelli,"Franco Zeffirelli, Masolino D'Amico, Franco Brusati",Paramount Home Video
18419,18416,,,,
18420,18417,,,,
18421,18418,,,,
18422,18419,,,,
18423,18420,,,,
18424,18421,,,,
18425,18422,,,,
18426,18423,,,,
18427,18424,,,,
18428,18425,,,,
18429,18426,Ed Guiney,Lenny Abrahamson,Emma Donoghue,Element Pictures
18430,18427,,,,
18431,18428,,,,
18432,18429,,,,
18433,18430,,,,
18434,18431,,,,
18435,18432,,,,
18436,18433,,,,
18437,18434,,,,
18438,18435,,,,
18439,18436,,,,
18440,18437,,,,
18441,18438,,,,
18442,18439,,,,
18443,18440,,,,
18444,18441,,,,
18445,18442,,,,
18446,18443,,,,
18447,18444,,,,
18448,18445,,,,
18449,18446,,,,
18450,18447,,,,
18451,18448,,,,
18452,18449,,,,
18453,18450,,,,
18454,18451,,,,
18455,18452,,,,
18456,18453,,,,
18457,18454,,,,
18458,18455,,,,
18459,18456,,,,
18460,18457,,,,
18461,18458,,,,
18462,18459,,,,
18463,18460,,,,
18464,18461,,,,
18465,18462,,,,
18466,18463,,,,
18467,18464,,,,
18468,18465,,,,
18469,18466,,,,
18470,18467,,,,
18471,18468,,,,
18472,18469,,,,
18473,18470,,,,
18474,18471,,,,
18475,18472,,,,
18476,18473,,,,
18477,18474,,,,
18478,18475,,,,
18479,18476,,,,
18480,18477,,,,
18481,18478,,,,
18482,18479,,,,
18483,18480,,,,
18484,18481,,,,
18485,18482,,,,
18486,18483,,,,
18487,18484,,,,
18488,18485,,,,
18489,18486,,,,
18490,18487,,,,
18491,18488,,,,
18492,18489,,,,
18493,18490,,,,
18494,18491,,,,
18495,18492,,,,
18496,18493,,,,
18497,18494,,,,
18498,18495,,,,
18499,18496,,,,
18500,18497,,,,
18501,18498,,,,
18502,18499,,,,
18503,18500,,,,
18504,18501,,,,
18505,18502,,,,
18506,18503,,,,
18507,18504,,,,
18508,18505,,,,
18509,18506,,,,
18510,18507,,,,
18511,18508,,,,
18512,18509,,,,
18513,18510,,,,
18514,18511,,,,
18515,18512,,,,
18516,18513,,,,
18517,18514,,,,
18518,18515,,,,
18519,18516,,,,
18520,18517,,,,
18521,18518,,,,
18522,18519,,,,
18523,18520,,,,
18524,18521,,,,
18525,18522,,,,
18526,18523,,,,
18527,18524,,,,
18528,18525,,,,
18529,18526,,,,
18530,18527,,,,
18531,18528,,,,
18532,18529,,,,
18533,18530,,,,
18534,18531,,,,
18535,18532,,,,
18536,18533,,,,
18537,18534,,,,
18538,18535,,,,
18539,18536,,,,
18540,18537,,,,
18541,18538,,,,
18542,18539,,,,
18543,18540,,,,
18544,18541,,,,
18545,18542,,,,
18546,18543,,,,
18547,18544,,,,
18548,18545,,,,
18549,18546,,,,
18550,18547,,,,
18551,18548,,,,
18552,18549,,,,
18553,18550,,,,
18554,18551,,,,
18555,18552,,,,
18556,18553,,,,
18557,18554,,,,
18558,18555,,,,
18559,18556,,,,
18560,18557,,,,
18561,18558,,,,
18562,18559,,,,
18563,18560,,,,
18564,18561,,,,
18565,18562,,,,
18566,18563,,,,
18567,18564,,,,
18568,18565,,,,
18569,18566,,,,
18570,18567,,,,
18571,18568,,,,
18572,18569,,,,
18573,18570,,,,
18574,18571,,,,
18575,18572,,,,
18576,18573,,,,
18577,18574,,,,
18578,18575,,,,
18579,18576,,,,
18580,18577,,,,
18581,18578,,,,
18582,18579,,,,
18583,18580,,,,
18584,18581,,,,
18585,18582,,,,
18586,18583,,,,
18587,18584,,,,
18588,18585,,,,
18589,18586,,,,
18590,18587,,,,
18591,18588,,,,
18592,18589,,,,
18593,18590,,,,
18594,18591,,,,
18595,18592,,,,
18596,18593,,,,
18597,18594,,,,
18598,18595,,,,
18599,18596,,,,
18600,18597,,,,
18601,18598,,,,
18602,18599,,,,
18603,18600,,,,
18604,18601,,,,
18605,18602,,,,
18606,18603,,,,
18607,18604,,,,
18608,18605,,,,
18609,18606,,,,
18610,18607,,,,
18611,18608,,,,
18612,18609,,,,
18613,18610,,,,
18614,18611,,,,
18615,18612,,,,
18616,18613,,,,
18617,18614,,,,
18618,18615,,,,
18619,18616,,,,
18620,18617,,,,
18621,18618,,,,
18622,18619,,,,
18623,18620,,,,
18624,18621,,,,
18625,18622,,,,
18626,18623,,,,
18627,18624,,,,
18628,18625,,,,
18629,18626,,,,
18630,18627,,,,
18631,18628,,,,
18632,18629,,,,
18633,18630,,,,
18634,18631,,,,
18635,18632,,,,
18636,18633,,,,
18637,18634,,,,
18638,18635,,,,
18639,18636,,,,
18640,18637,,,,
18641,18638,,,,
18642,18639,,,,
18643,18640,,,,
18644,18641,,,,
18645,18642,,,,
18646,18643,,,,
18647,18644,,,,
18648,18645,,,,
18649,18646,,,,
18650,18647,,,,
18651,18648,,,,
18652,18649,,,,
18653,18650,,,,
18654,18651,,,,
18655,18652,,,,
18656,18653,,,,
18657,18654,,,,
18658,18655,,,,
18659,18656,,,,
18660,18657,,,,
18661,18658,,,,
18662,18659,,,,
18663,18660,,,,
18664,18661,,,,
18665,18662,,,,
18666,18663,,,,
18667,18664,,,,
18668,18665,,,,
18669,18666,,,,
18670,18667,,,,
18671,18668,,,,
18672,18669,,,,
18673,18670,,,,
18674,18671,,,,
18675,18672,,,,
18676,18673,,,,
18677,18674,,,,
18678,18675,,,,
18679,18676,,,,
18680,18677,,,,
18681,18678,,,,
18682,18679,,,,
18683,18680,,,,
18684,18681,,,,
18685,18682,,,,
18686,18683,,,,
18687,18684,,,,
18688,18685,,,,
18689,18686,,,,
18690,18687,,,,
18691,18688,,,,
18692,18689,,,,
18693,18690,,,,
18694,18691,,,,
18695,18692,,,,
18696,18693,,,,
18697,18694,,,,
18698,18695,,,,
18699,18696,,,,
18700,18697,,,,
18701,18698,,,,
18702,18699,,,,
18703,18700,,,,
18704,18701,,,,
18705,18702,,,,
18706,18703,,,,
18707,18704,,,,
18708,18705,,,,
18709,18706,,,,
18710,18707,,,,
18711,18708,,,,
18712,18709,,,,
18713,18710,,,,
18714,18711,,,,
18715,18712,,,,
18716,18713,Metro-Goldwyn-Mayer,"D.W. Griffith, W.S. Van Dyke","Anita Loos, Erich von Stroheim, Robert E. Hopkins",MGM
18717,18714,,,,
18718,18715,,,,
18719,18716,,,,
18720,18717,,,,
18721,18718,,,,
18722,18719,,,,
18723,18720,,,,
18724,18721,,,,
18725,18722,,,,
18726,18723,,,,
18727,18724,,,,
18728,18725,,,,
18729,18726,,,,
18730,18727,,,,
18731,18728,,,,
18732,18729,,,,
18733,18730,,,,
18734,18731,,,,
18735,18732,,,,
18736,18733,,,,
18737,18734,,,,
18738,18735,,,,
18739,18736,,,,
18740,18737,,,,
18741,18738,,,,
18742,18739,,,,
18743,18740,,,,
18744,18741,,,,
18745,18742,,,,
18746,18743,,,,
18747,18744,,,,
18748,18745,,,,
18749,18746,,,,
18750,18747,,,,
18751,18748,,,,
18752,18749,,,,
18753,18750,,,,
18754,18751,,,,
18755,18752,,,,
18756,18753,,,,
18757,18754,,,,
18758,18755,,,,
18759,18756,,,,
18760,18757,,,,
18761,18758,,,,
18762,18759,,,,
18763,18760,,,,
18764,18761,,,,
18765,18762,,,,
18766,18763,,,,
18767,18764,,,,
18768,18765,,,,
18769,18766,,,,
18770,18767,,,,
18771,18768,,,,
18772,18769,,,,
18773,18770,,,,
18774,18771,,,,
18775,18772,,,,
18776,18773,,,,
18777,18774,,,,
18778,18775,,,,
18779,18776,,,,
18780,18777,,,,
18781,18778,,,,
18782,18779,,,,
18783,18780,,,,
18784,18781,,,,
18785,18782,,,,
18786,18783,,,,
18787,18784,,,,
18788,18785,,,,
18789,18786,,,,
18790,18787,,,,
18791,18788,,,,
18792,18789,,,,
18793,18790,,,,
18794,18791,,,,
18795,18792,,,,
18796,18793,,,,
18797,18794,,,,
18798,18795,,,,
18799,18796,,,,
18800,18797,,,,
18801,18798,,,,
18802,18799,,,,
18803,18800,,,,
18804,18801,,,,
18805,18802,,,,
18806,18803,,,,
18807,18804,,,,
18808,18805,,,,
18809,18806,,,,
18810,18807,,,,
18811,18808,,,,
18812,18809,,,,
18813,18810,,,,
18814,18811,,,,
18815,18812,,,,
18816,18813,,,,
18817,18814,,,,
18818,18815,,,,
18819,18816,,,,
18820,18817,,,,
18821,18818,,,,
18822,18819,,,,
18823,18820,,,,
18824,18821,,,,
18825,18822,,,,
18826,18823,,,,
18827,18824,,,,
18828,18825,,,,
18829,18826,,,,
18830,18827,,,,
18831,18828,,,,
18832,18829,,,,
18833,18830,,,,
18834,18831,,,,
18835,18832,,,,
18836,18833,,,,
18837,18834,,,,
18838,18835,,,,
18839,18836,,,,
18840,18837,,,,
18841,18838,,,,
18842,18839,,,,
18843,18840,,,,
18844,18841,,,,
18845,18842,,,,
18846,18843,,,,
18847,18844,,,,
18848,18845,,,,
18849,18846,,,,
18850,18847,,,,
18851,18848,,,,
18852,18849,,,,
18853,18850,,,,
18854,18851,,,,
18855,18852,,,,
18856,18853,,,,
18857,18854,,,,
18858,18855,,,,
18859,18856,,,,
18860,18857,,,,
18861,18858,,,,
18862,18859,,,,
18863,18860,,,,
18864,18861,,,,
18865,18862,,,,
18866,18863,,,,
18867,18864,,,,
18868,18865,,,,
18869,18866,,,,
18870,18867,,,,
18871,18868,,,,
18872,18869,,,,
18873,18870,,,,
18874,18871,,,,
18875,18872,,,,
18876,18873,,,,
18877,18874,,,,
18878,18875,,,,
18879,18876,,,,
18880,18877,,,,
18881,18878,,,,
18882,18879,,,,
18883,18880,,,,
18884,18881,,,,
18885,18882,,,,
18886,18883,,,,
18887,18884,,,,
18888,18885,,,,
18889,18886,,,,
18890,18887,,,,
18891,18888,,,,
18892,18889,"Steven Spielberg, Ian Bryce, Mark Gordon, and Gary Levinsohn",Steven Spielberg,"Scott Frank, Robert Rodat, Frank Darabont",Dreamworks Distribution
18893,18890,,,,
18894,18891,,,,
18895,18892,,,,
18896,18893,,,,
18897,18894,,,,
18898,18895,,,,
18899,18896,,,,
18900,18897,,,,
18901,18898,,,,
18902,18899,,,,
18903,18900,,,,
18904,18901,,,,
18905,18902,,,,
18906,18903,,,,
18907,18904,,,,
18908,18905,,,,
18909,18906,,,,
18910,18907,,,,
18911,18908,,,,
18912,18909,,,,
18913,18910,,,,
18914,18911,,,,
18915,18912,,,,
18916,18913,,,,
18917,18914,,,,
18918,18915,,,,
18919,18916,,,,
18920,18917,,,,
18921,18918,,,,
18922,18919,,,,
18923,18920,,,,
18924,18921,,,,
18925,18922,,,,
18926,18923,,,,
18927,18924,,,,
18928,18925,,,,
18929,18926,,,,
18930,18927,,,,
18931,18928,,,,
18932,18929,,,,
18933,18930,,,,
18934,18931,,,,
18935,18932,,,,
18936,18933,,,,
18937,18934,,,,
18938,18935,,,,
18939,18936,,,,
18940,18937,,,,
18941,18938,,,,
18942,18939,,,,
18943,18940,,,,
18944,18941,,,,
18945,18942,,,,
18946,18943,,,,
18947,18944,,,,
18948,18945,,,,
18949,18946,,,,
18950,18947,,,,
18951,18948,,,,
18952,18949,,,,
18953,18950,,,,
18954,18951,,,,
18955,18952,,,,
18956,18953,,,,
18957,18954,,,,
18958,18955,,,,
18959,18956,,,,
18960,18957,,,,
18961,18958,,,,
18962,18959,,,,
18963,18960,,,,
18964,18961,,,,
18965,18962,,,,
18966,18963,,,,
18967,18964,,,,
18968,18965,,,,
18969,18966,,,,
18970,18967,,,,
18971,18968,,,,
18972,18969,,,,
18973,18970,,,,
18974,18971,,,,
18975,18972,,,,
18976,18973,,,,
18977,18974,,,,
18978,18975,,,,
18979,18976,,,,
18980,18977,,,,
18981,18978,,,,
18982,18979,,,,
18983,18980,,,,
18984,18981,,,,
18985,18982,,,,
18986,18983,,,,
18987,18984,,,,
18988,18985,,,,
18989,18986,,,,
18990,18987,,,,
18991,18988,Martin Brest,Martin Brest,Bo Goldman,Universal Pictures
18992,18989,,,,
18993,18990,,,,
18994,18991,"Steven Spielberg, Gerald R. Molen, and Branko Lustig",Steven Spielberg,Steven Zaillian,Universal Pictures
18995,18992,,,,
18996,18993,,,,
18997,18994,,,,
18998,18995,,,,
18999,18996,,,,
19000,18997,,,,
19001,18998,,,,
19002,18999,,,,
19003,19000,,,,
19004,19001,,,,
19005,19002,,,,
19006,19003,,,,
19007,19004,,,,
19008,19005,,,,
19009,19006,,,,
19010,19007,,,,
19011,19008,,,,
19012,19009,,,,
19013,19010,,,,
19014,19011,,,,
19015,19012,,,,
19016,19013,,,,
19017,19014,,,,
19018,19015,,,,
19019,19016,,,,
19020,19017,,,,
19021,19018,,,,
19022,19019,,,,
19023,19020,,,,
19024,19021,,,,
19025,19022,,,,
19026,19023,,,,
19027,19024,,,,
19028,19025,,,,
19029,19026,,,,
19030,19027,,,,
19031,19028,,,,
19032,19029,,,,
19033,19030,,,,
19034,19031,,,,
19035,19032,,,,
19036,19033,,,,
19037,19034,,,,
19038,19035,,,,
19039,19036,,,,
19040,19037,,,,
19041,19038,,,,
19042,19039,,,,
19043,19040,,,,
19044,19041,,,,
19045,19042,,,,
19046,19043,,,,
19047,19044,,,,
19048,19045,,,,
19049,19046,,,,
19050,19047,,,,
19051,19048,,,,
19052,19049,,,,
19053,19050,,,,
19054,19051,,,,
19055,19052,,,,
19056,19053,,,,
19057,19054,,,,
19058,19055,,,,
19059,19056,,,,
19060,19057,,,,
19061,19058,,,,
19062,19059,,,,
19063,19060,,,,
19064,19061,,,,
19065,19062,,,,
19066,19063,,,,
19067,19064,,,,
19068,19065,,,,
19069,19066,,,,
19070,19067,,,,
19071,19068,,,,
19072,19069,,,,
19073,19070,,,,
19074,19071,,,,
19075,19072,,,,
19076,19073,,,,
19077,19074,,,,
19078,19075,,,,
19079,19076,,,,
19080,19077,,,,
19081,19078,,,,
19082,19079,,,,
19083,19080,,,,
19084,19081,,,,
19085,19082,,,,
19086,19083,,,,
19087,19084,,,,
19088,19085,,,,
19089,19086,,,,
19090,19087,,,,
19091,19088,,,,
19092,19089,,,,
19093,19090,,,,
19094,19091,,,,
19095,19092,,,,
19096,19093,,,,
19097,19094,,,,
19098,19095,,,,
19099,19096,,,,
19100,19097,,,,
19101,19098,,,,
19102,19099,,,,
19103,19100,,,,
19104,19101,,,,
19105,19102,,,,
19106,19103,,,,
19107,19104,,,,
19108,19105,,,,
19109,19106,,,,
19110,19107,,,,
19111,19108,,,,
19112,19109,,,,
19113,19110,,,,
19114,19111,,,,
19115,19112,,,,
19116,19113,,,,
19117,19114,,,,
19118,19115,,,,
19119,19116,,,,
19120,19117,,,,
19121,19118,,,,
19122,19119,,,,
19123,19120,,,,
19124,19121,,,,
19125,19122,,,,
19126,19123,,,,
19127,19124,,,,
19128,19125,"Kathleen Kennedy, Frank Marshall, and Gary Ross",Gary Ross,Gary Ross,Universal Pictures
19129,19126,,,,
19130,19127,,,,
19131,19128,,,,
19132,19129,,,,
19133,19130,,,,
19134,19131,,,,
19135,19132,,,,
19136,19133,,,,
19137,19134,,,,
19138,19135,,,,
19139,19136,,,,
19140,19137,,,,
19141,19138,,,,
19142,19139,,,,
19143,19140,,,,
19144,19141,,,,
19145,19142,,,,
19146,19143,,,,
19147,19144,,,,
19148,19145,,,,
19149,19146,,,,
19150,19147,,,,
19151,19148,,,,
19152,19149,,,,
19153,19150,,,,
19154,19151,,,,
19155,19152,,,,
19156,19153,,,,
19157,19154,,,,
19158,19155,,,,
19159,19156,,,,
19160,19157,,,,
19161,19158,,,,
19162,19159,,,,
19163,19160,,,,
19164,19161,,,,
19165,19162,,,,
19166,19163,,,,
19167,19164,,,,
19168,19165,,,,
19169,19166,,,,
19170,19167,,,,
19171,19168,,,,
19172,19169,,,,
19173,19170,,,,
19174,19171,,,,
19175,19172,,,,
19176,19173,,,,
19177,19174,,,,
19178,19175,,,,
19179,19176,,,,
19180,19177,,,,
19181,19178,,,,
19182,19179,,,,
19183,19180,,,,
19184,19181,,,,
19185,19182,,,,
19186,19183,,,,
19187,19184,,,,
19188,19185,,,,
19189,19186,,,,
19190,19187,,,,
19191,19188,,,,
19192,19189,,,,
19193,19190,,,,
19194,19191,,,,
19195,19192,,,,
19196,19193,,,,
19197,19194,,,,
19198,19195,,,,
19199,19196,,,,
19200,19197,,,,
19201,19198,,,,
19202,19199,,,,
19203,19200,,,,
19204,19201,,,,
19205,19202,,,,
19206,19203,,,,
19207,19204,,,,
19208,19205,,,,
19209,19206,,,,
19210,19207,,,,
19211,19208,,,,
19212,19209,,,,
19213,19210,,,,
19214,19211,,,,
19215,19212,,,,
19216,19213,,,,
19217,19214,,,,
19218,19215,,,,
19219,19216,,,,
19220,19217,,,,
19221,19218,,,,
19222,19219,,,,
19223,19220,,,,
19224,19221,,,,
19225,19222,,,,
19226,19223,"Christian Colson, Oprah Winfrey, Dede Gardner, and Jeremy Kleiner",Ava DuVernay,Paul Webb,Paramount Pictures
19227,19224,,,,
19228,19225,,,,
19229,19226,,,,
19230,19227,,,,
19231,19228,,,,
19232,19229,,,,
19233,19230,,,,
19234,19231,,,,
19235,19232,,,,
19236,19233,,,,
19237,19234,,,,
19238,19235,,,,
19239,19236,,,,
19240,19237,,,,
19241,19238,,,,
19242,19239,,,,
19243,19240,,,,
19244,19241,,,,
19245,19242,,,,
19246,19243,,,,
19247,19244,,,,
19248,19245,,,,
19249,19246,,,,
19250,19247,,,,
19251,19248,,,,
19252,19249,,,,
19253,19250,,,,
19254,19251,,,,
19255,19252,,,,
19256,19253,,,,
19257,19254,,,,
19258,19255,,,,
19259,19256,,,,
19260,19257,Harold Hecht,Delbert Mann,"John Gay, Terence Rattigan",MGM Home Entertainment
19261,19258,,,,
19262,19259,,,,
19263,19260,,,,
19264,19261,,,,
19265,19262,,,,
19266,19263,,,,
19267,19264,,,,
19268,19265,,,,
19269,19266,,,,
19270,19267,,,,
19271,19268,,,,
19272,19269,,,,
19273,19270,,,,
19274,19271,Warner Bros.,Howard Hawks,"Abem Finkel, Harry Chandlee, Howard Koch, John Huston",Warner Bros. Pictures
19275,19272,,,,
19276,19273,,,,
19277,19274,,,,
19278,19275,,,,
19279,19276,,,,
19280,19277,,,,
19281,19278,,,,
19282,19279,,,,
19283,19280,,,,
19284,19281,,,,
19285,19282,,,,
19286,19283,,,,
19287,19284,,,,
19288,19285,,,,
19289,19286,,,,
19290,19287,,,,
19291,19288,,,,
19292,19289,,,,
19293,19290,,,,
19294,19291,,,,
19295,19292,,,,
19296,19293,,,,
19297,19294,,,,
19298,19295,,,,
19299,19296,,,,
19300,19297,,,,
19301,19298,,,,
19302,19299,,,,
19303,19300,,,,
19304,19301,,,,
19305,19302,,,,
19306,19303,,,,
19307,19304,,,,
19308,19305,,,,
19309,19306,,,,
19310,19307,,,,
19311,19308,,,,
19312,19309,,,,
19313,19310,,,,
19314,19311,Jack Cummings,Stanley Donen,"Albert Hackett, Frances Goodrich, Dorothy Kingsley",MGM Home Entertainment
19315,19312,,,,
19316,19313,,,,
19317,19314,,,,
19318,19315,,,,
19319,19316,,,,
19320,19317,,,,
19321,19318,,,,
19322,19319,,,,
19323,19320,,,,
19324,19321,,,,
19325,19322,,,,
19326,19323,,,,
19327,19324,,,,
19328,19325,,,,
19329,19326,,,,
19330,19327,,,,
19331,19328,,,,
19332,19329,,,,
19333,19330,,,,
19334,19331,,,,
19335,19332,,,,
19336,19333,,,,
19337,19334,,,,
19338,19335,,,,
19339,19336,,,,
19340,19337,,,,
19341,19338,,,,
19342,19339,,,,
19343,19340,,,,
19344,19341,,,,
19345,19342,,,,
19346,19343,,,,
19347,19344,,,,
19348,19345,,,,
19349,19346,,,,
19350,19347,,,,
19351,19348,,,,
19352,19349,,,,
19353,19350,,,,
19354,19351,,,,
19355,19352,,,,
19356,19353,,,,
19357,19354,,,,
19358,19355,,,,
19359,19356,,,,
19360,19357,,,,
19361,19358,,,,
19362,19359,,,,
19363,19360,,,,
19364,19361,,,,
19365,19362,,,,
19366,19363,,,,
19367,19364,,,,
19368,19365,,,,
19369,19366,,,,
19370,19367,,,,
19371,19368,,,,
19372,19369,,,,
19373,19370,,,,
19374,19371,,,,
19375,19372,,,,
19376,19373,,,,
19377,19374,,,,
19378,19375,,,,
19379,19376,,,,
19380,19377,,,,
19381,19378,,,,
19382,19379,,,,
19383,19380,,,,
19384,19381,,,,
19385,19382,,,,
19386,19383,,,,
19387,19384,,,,
19388,19385,,,,
19389,19386,,,,
19390,19387,,,,
19391,19388,,,,
19392,19389,,,,
19393,19390,,,,
19394,19391,,,,
19395,19392,,,,
19396,19393,,,,
19397,19394,,,,
19398,19395,,,,
19399,19396,,,,
19400,19397,,,,
19401,19398,,,,
19402,19399,,,,
19403,19400,,,,
19404,19401,,,,
19405,19402,,,,
19406,19403,,,,
19407,19404,,,,
19408,19405,,,,
19409,19406,,,,
19410,19407,,,,
19411,19408,,,,
19412,19409,,,,
19413,19410,,,,
19414,19411,,,,
19415,19412,,,,
19416,19413,,,,
19417,19414,,,,
19418,19415,,,,
19419,19416,,,,
19420,19417,,,,
19421,19418,,,,
19422,19419,,,,
19423,19420,,,,
19424,19421,,,,
19425,19422,,,,
19426,19423,,,,
19427,19424,,,,
19428,19425,,,,
19429,19426,,,,
19430,19427,,,,
19431,19428,,,,
19432,19429,,,,
19433,19430,,,,
19434,19431,,,,
19435,19432,,,,
19436,19433,,,,
19437,19434,,,,
19438,19435,,,,
19439,19436,,,,
19440,19437,,,,
19441,19438,"David Parfitt, Donna Gigliotti, Harvey Weinstein, Edward Zwick, and Marc Norman",John Madden (II),"Marc Norman, Tom Stoppard",Miramax
19442,19439,,,,
19443,19440,,,,
19444,19441,,,,
19445,19442,,,,
19446,19443,,,,
19447,19444,,,,
19448,19445,,,,
19449,19446,,,,
19450,19447,George Stevens,George Stevens,"A.B. Guthrie Jr., Jack Sher",Paramount Home Video
19451,19448,,,,
19452,19449,,,,
19453,19450,,,,
19454,19451,,,,
19455,19452,,,,
19456,19453,,,,
19457,19454,,,,
19458,19455,,,,
19459,19456,,,,
19460,19457,,,,
19461,19458,,,,
19462,19459,,,,
19463,19460,,,,
19464,19461,,,,
19465,19462,,,,
19466,19463,,,,
19467,19464,,,,
19468,19465,,,,
19469,19466,,,,
19470,19467,,,,
19471,19468,,,,
19472,19469,,,,
19473,19470,,,,
19474,19471,,,,
19475,19472,,,,
19476,19473,,,,
19477,19474,,,,
19478,19475,,,,
19479,19476,,,,
19480,19477,,,,
19481,19478,,,,
19482,19479,,,,
19483,19480,,,,
19484,19481,,,,
19485,19482,,,,
19486,19483,,,,
19487,19484,,,,
19488,19485,,,,
19489,19486,,,,
19490,19487,,,,
19491,19488,,,,
19492,19489,,,,
19493,19490,,,,
19494,19491,,,,
19495,19492,,,,
19496,19493,,,,
19497,19494,,,,
19498,19495,,,,
19499,19496,,,,
19500,19497,,,,
19501,19498,,,,
19502,19499,Paramount,Lowell Sherman,"Mae West, Harvey Thew, John Bright",MCA Universal Home Video
19503,19500,,,,
19504,19501,,,,
19505,19502,,,,
19506,19503,,,,
19507,19504,,,,
19508,19505,,,,
19509,19506,,,,
19510,19507,,,,
19511,19508,,,,
19512,19509,,,,
19513,19510,,,,
19514,19511,,,,
19515,19512,,,,
19516,19513,,,,
19517,19514,,,,
19518,19515,,,,
19519,19516,,,,
19520,19517,,,,
19521,19518,,,,
19522,19519,,,,
19523,19520,,,,
19524,19521,,,,
19525,19522,,,,
19526,19523,,,,
19527,19524,,,,
19528,19525,,,,
19529,19526,,,,
19530,19527,,,,
19531,19528,,,,
19532,19529,,,,
19533,19530,,,,
19534,19531,,,,
19535,19532,,,,
19536,19533,,,,
19537,19534,,,,
19538,19535,,,,
19539,19536,,,,
19540,19537,,,,
19541,19538,,,,
19542,19539,,,,
19543,19540,,,,
19544,19541,,,,
19545,19542,,,,
19546,19543,,,,
19547,19544,,,,
19548,19545,,,,
19549,19546,,,,
19550,19547,,,,
19551,19548,,,,
19552,19549,,,,
19553,19550,,,,
19554,19551,,,,
19555,19552,,,,
19556,19553,,,,
19557,19554,,,,
19558,19555,,,,
19559,19556,,,,
19560,19557,,,,
19561,19558,,,,
19562,19559,,,,
19563,19560,,,,
19564,19561,,,,
19565,19562,,,,
19566,19563,,,,
19567,19564,,,,
19568,19565,,,,
19569,19566,,,,
19570,19567,,,,
19571,19568,,,,
19572,19569,,,,
19573,19570,Jane Scott,Scott Hicks,"Jan Sardi, Scott Hicks",New Line Home Entertainment
19574,19571,,,,
19575,19572,,,,
19576,19573,,,,
19577,19574,,,,
19578,19575,,,,
19579,19576,,,,
19580,19577,,,,
19581,19578,,,,
19582,19579,Stanley Kramer,Stanley Kramer,"Abby Mann, Stanley Kramer",Columbia Pictures
19583,19580,,,,
19584,19581,,,,
19585,19582,,,,
19586,19583,,,,
19587,19584,,,,
19588,19585,,,,
19589,19586,,,,
19590,19587,,,,
19591,19588,,,,
19592,19589,,,,
19593,19590,,,,
19594,19591,,,,
19595,19592,,,,
19596,19593,,,,
19597,19594,,,,
19598,19595,,,,
19599,19596,,,,
19600,19597,,,,
19601,19598,,,,
19602,19599,,,,
19603,19600,,,,
19604,19601,,,,
19605,19602,,,,
19606,19603,,,,
19607,19604,,,,
19608,19605,,,,
19609,19606,,,,
19610,19607,,,,
19611,19608,,,,
19612,19609,,,,
19613,19610,,,,
19614,19611,,,,
19615,19612,,,,
19616,19613,,,,
19617,19614,,,,
19618,19615,,,,
19619,19616,,,,
19620,19617,,,,
19621,19618,,,,
19622,19619,,,,
19623,19620,,,,
19624,19621,,,,
19625,19622,,,,
19626,19623,,,,
19627,19624,,,,
19628,19625,,,,
19629,19626,,,,
19630,19627,,,,
19631,19628,,,,
19632,19629,,,,
19633,19630,,,,
19634,19631,,,,
19635,19632,,,,
19636,19633,,,,
19637,19634,,,,
19638,19635,,,,
19639,19636,,,,
19640,19637,,,,
19641,19638,,,,
19642,19639,,,,
19643,19640,,,,
19644,19641,,,,
19645,19642,,,,
19646,19643,,,,
19647,19644,,,,
19648,19645,,,,
19649,19646,,,,
19650,19647,,,,
19651,19648,,,,
19652,19649,,,,
19653,19650,,,,
19654,19651,,,,
19655,19652,,,,
19656,19653,,,,
19657,19654,,,,
19658,19655,,,,
19659,19656,,,,
19660,19657,,,,
19661,19658,,,,
19662,19659,,,,
19663,19660,,,,
19664,19661,,,,
19665,19662,,,,
19666,19663,,,,
19667,19664,,,,
19668,19665,,,,
19669,19666,,,,
19670,19667,,,,
19671,19668,,,,
19672,19669,,,,
19673,19670,,,,
19674,19671,,,,
19675,19672,,,,
19676,19673,,,,
19677,19674,,,,
19678,19675,,,,
19679,19676,,,,
19680,19677,,,,
19681,19678,,,,
19682,19679,,,,
19683,19680,,,,
19684,19681,,,,
19685,19682,,,,
19686,19683,,,,
19687,19684,,,,
19688,19685,,,,
19689,19686,,,,
19690,19687,,,,
19691,19688,,,,
19692,19689,,,,
19693,19690,,,,
19694,19691,,,,
19695,19692,,,,
19696,19693,,,,
19697,19694,,,,
19698,19695,,,,
19699,19696,,,,
19700,19697,,,,
19701,19698,,,,
19702,19699,,,,
19703,19700,,,,
19704,19701,,,,
19705,19702,,,,
19706,19703,,,,
19707,19704,Michael London,Alexander Payne,"Alexander Payne, Jim Taylor (III)",Fox Searchlight Pictures
19708,19705,,,,
19709,19706,,,,
19710,19707,,,,
19711,19708,,,,
19712,19709,,,,
19713,19710,,,,
19714,19711,,,,
19715,19712,,,,
19716,19713,,,,
19717,19714,,,,
19718,19715,,,,
19719,19716,,,,
19720,19717,,,,
19721,19718,,,,
19722,19719,,,,
19723,19720,,,,
19724,19721,,,,
19725,19722,,,,
19726,19723,,,,
19727,19724,,,,
19728,19725,,,,
19729,19726,,,,
19730,19727,,,,
19731,19728,,,,
19732,19729,,,,
19733,19730,,,,
19734,19731,,,,
19735,19732,,,,
19736,19733,,,,
19737,19734,,,,
19738,19735,,,,
19739,19736,,,,
19740,19737,,,,
19741,19738,,,,
19742,19739,,,,
19743,19740,,,,
19744,19741,,,,
19745,19742,,,,
19746,19743,,,,
19747,19744,,,,
19748,19745,,,,
19749,19746,,,,
19750,19747,,,,
19751,19748,,,,
19752,19749,,,,
19753,19750,,,,
19754,19751,,,,
19755,19752,,,,
19756,19753,,,,
19757,19754,,,,
19758,19755,,,,
19759,19756,,,,
19760,19757,,,,
19761,19758,,,,
19762,19759,,,,
19763,19760,,,,
19764,19761,,,,
19765,19762,,,,
19766,19763,,,,
19767,19764,,,,
19768,19765,,,,
19769,19766,,,,
19770,19767,,,,
19771,19768,,,,
19772,19769,,,,
19773,19770,,,,
19774,19771,,,,
19775,19772,,,,
19776,19773,,,,
19777,19774,,,,
19778,19775,,,,
19779,19776,,,,
19780,19777,,,,
19781,19778,,,,
19782,19779,,,,
19783,19780,,,,
19784,19781,"Donna Gigliotti, Bruce Cohen, and Jonathan Gordon",David O. Russell,David O. Russell,The Weinstein Company
19785,19782,,,,
19786,19783,,,,
19787,19784,,,,
19788,19785,,,,
19789,19786,,,,
19790,19787,,,,
19791,19788,,,,
19792,19789,,,,
19793,19790,,,,
19794,19791,,,,
19795,19792,,,,
19796,19793,,,,
19797,19794,,,,
19798,19795,,,,
19799,19796,,,,
19800,19797,,,,
19801,19798,,,,
19802,19799,,,,
19803,19800,,,,
19804,19801,,,,
19805,19802,,,,
19806,19803,,,,
19807,19804,,,,
19808,19805,,,,
19809,19806,,,,
19810,19807,,,,
19811,19808,,,,
19812,19809,,,,
19813,19810,,,,
19814,19811,,,,
19815,19812,,,,
19816,19813,,,,
19817,19814,,,,
19818,19815,,,,
19819,19816,,,,
19820,19817,,,,
19821,19818,,,,
19822,19819,,,,
19823,19820,,,,
19824,19821,,,,
19825,19822,,,,
19826,19823,,,,
19827,19824,,,,
19828,19825,,,,
19829,19826,,,,
19830,19827,,,,
19831,19828,,,,
19832,19829,,,,
19833,19830,,,,
19834,19831,,,,
19835,19832,,,,
19836,19833,,,,
19837,19834,,,,
19838,19835,,,,
19839,19836,,,,
19840,19837,,,,
19841,19838,,,,
19842,19839,,,,
19843,19840,,,,
19844,19841,,,,
19845,19842,,,,
19846,19843,,,,
19847,19844,,,,
19848,19845,,,,
19849,19846,,,,
19850,19847,,,,
19851,19848,,,,
19852,19849,,,,
19853,19850,,,,
19854,19851,,,,
19855,19852,,,,
19856,19853,,,,
19857,19854,,,,
19858,19855,,,,
19859,19856,,,,
19860,19857,,,,
19861,19858,,,,
19862,19859,,,,
19863,19860,,,,
19864,19861,,,,
19865,19862,,,,
19866,19863,,,,
19867,19864,,,,
19868,19865,,,,
19869,19866,,,,
19870,19867,,,,
19871,19868,,,,
19872,19869,,,,
19873,19870,,,,
19874,19871,,,,
19875,19872,,,,
19876,19873,,,,
19877,19874,,,,
19878,19875,,,,
19879,19876,,,,
19880,19877,,,,
19881,19878,,,,
19882,19879,,,,
19883,19880,,,,
19884,19881,,,,
19885,19882,,,,
19886,19883,,,,
19887,19884,,,,
19888,19885,,,,
19889,19886,,,,
19890,19887,,,,
19891,19888,,,,
19892,19889,,,,
19893,19890,,,,
19894,19891,,,,
19895,19892,,,,
19896,19893,,,,
19897,19894,,,,
19898,19895,,,,
19899,19896,,,,
19900,19897,,,,
19901,19898,,,,
19902,19899,,,,
19903,19900,,,,
19904,19901,,,,
19905,19902,,,,
19906,19903,,,,
19907,19904,,,,
19908,19905,,,,
19909,19906,,,,
19910,19907,,,,
19911,19908,,,,
19912,19909,,,,
19913,19910,,,,
19914,19911,,,,
19915,19912,,,,
19916,19913,,,,
19917,19914,,,,
19918,19915,,,,
19919,19916,,,,
19920,19917,,,,
19921,19918,,,,
19922,19919,,,,
19923,19920,,,,
19924,19921,,,,
19925,19922,,,,
19926,19923,,,,
19927,19924,,,,
19928,19925,,,,
19929,19926,,,,
19930,19927,,,,
19931,19928,,,,
19932,19929,,,,
19933,19930,,,,
19934,19931,,,,
19935,19932,,,,
19936,19933,,,,
19937,19934,,,,
19938,19935,,,,
19939,19936,,,,
19940,19937,,,,
19941,19938,,,,
19942,19939,,,,
19943,19940,,,,
19944,19941,,,,
19945,19942,,,,
19946,19943,,,,
19947,19944,,,,
19948,19945,,,,
19949,19946,,,,
19950,19947,,,,
19951,19948,,,,
19952,19949,,,,
19953,19950,,,,
19954,19951,,,,
19955,19952,,,,
19956,19953,,,,
19957,19954,,,,
19958,19955,,,,
19959,19956,,,,
19960,19957,,,,
19961,19958,,,,
19962,19959,,,,
19963,19960,,,,
19964,19961,,,,
19965,19962,,,,
19966,19963,,,,
19967,19964,,,,
19968,19965,,,,
19969,19966,,,,
19970,19967,,,,
19971,19968,,,,
19972,19969,,,,
19973,19970,,,,
19974,19971,,,,
19975,19972,,,,
19976,19973,,,,
19977,19974,,,,
19978,19975,,,,
19979,19976,,,,
19980,19977,,,,
19981,19978,,,,
19982,19979,,,,
19983,19980,,,,
19984,19981,,,,
19985,19982,,,,
19986,19983,,,,
19987,19984,,,,
19988,19985,,,,
19989,19986,,,,
19990,19987,,,,
19991,19988,,,,
19992,19989,,,,
19993,19990,,,,
19994,19991,,,,
19995,19992,,,,
19996,19993,,,,
19997,19994,,,,
19998,19995,,,,
19999,19996,,,,
20000,19997,,,,
20001,19998,,,,
20002,19999,,,,
20003,20000,,,,
20004,20001,,,,
20005,20002,,,,
20006,20003,,,,
20007,20004,,,,
20008,20005,,,,
20009,20006,,,,
20010,20007,,,,
20011,20008,,,,
20012,20009,,,,
20013,20010,,,,
20014,20011,,,,
20015,20012,,,,
20016,20013,,,,
20017,20014,,,,
20018,20015,,,,
20019,20016,,,,
20020,20017,,,,
20021,20018,,,,
20022,20019,,,,
20023,20020,,,,
20024,20021,,,,
20025,20022,,,,
20026,20023,,,,
20027,20024,,,,
20028,20025,,,,
20029,20026,,,,
20030,20027,,,,
20031,20028,,,,
20032,20029,,,,
20033,20030,,,,
20034,20031,,,,
20035,20032,,,,
20036,20033,,,,
20037,20034,,,,
20038,20035,,,,
20039,20036,,,,
20040,20037,,,,
20041,20038,,,,
20042,20039,,,,
20043,20040,,,,
20044,20041,,,,
20045,20042,,,,
20046,20043,,,,
20047,20044,,,,
20048,20045,,,,
20049,20046,,,,
20050,20047,Christian Colson,Danny Boyle,"Danny Boyle, Simon Beaufoy",Fox Searchlight Pictures
20051,20048,,,,
20052,20049,,,,
20053,20050,,,,
20054,20051,,,,
20055,20052,,,,
20056,20053,,,,
20057,20054,,,,
20058,20055,,,,
20059,20056,,,,
20060,20057,,,,
20061,20058,,,,
20062,20059,,,,
20063,20060,,,,
20064,20061,,,,
20065,20062,,,,
20066,20063,,,,
20067,20064,,,,
20068,20065,,,,
20069,20066,,,,
20070,20067,,,,
20071,20068,,,,
20072,20069,,,,
20073,20070,,,,
20074,20071,,,,
20075,20072,,,,
20076,20073,,,,
20077,20074,,,,
20078,20075,,,,
20079,20076,,,,
20080,20077,,,,
20081,20078,,,,
20082,20079,,,,
20083,20080,,,,
20084,20081,,,,
20085,20082,,,,
20086,20083,,,,
20087,20084,,,,
20088,20085,,,,
20089,20086,,,,
20090,20087,,,,
20091,20088,,,,
20092,20089,,,,
20093,20090,,,,
20094,20091,,,,
20095,20092,,,,
20096,20093,,,,
20097,20094,,,,
20098,20095,,,,
20099,20096,,,,
20100,20097,,,,
20101,20098,,,,
20102,20099,,,,
20103,20100,,,,
20104,20101,,,,
20105,20102,,,,
20106,20103,,,,
20107,20104,,,,
20108,20105,,,,
20109,20106,,,,
20110,20107,,,,
20111,20108,,,,
20112,20109,,,,
20113,20110,,,,
20114,20111,,,,
20115,20112,,,,
20116,20113,,,,
20117,20114,,,,
20118,20115,,,,
20119,20116,,,,
20120,20117,,,,
20121,20118,,,,
20122,20119,,,,
20123,20120,,,,
20124,20121,,,,
20125,20122,,,,
20126,20123,,,,
20127,20124,,,,
20128,20125,,,,
20129,20126,,,,
20130,20127,,,,
20131,20128,,,,
20132,20129,,,,
20133,20130,,,,
20134,20131,,,,
20135,20132,,,,
20136,20133,,,,
20137,20134,,,,
20138,20135,,,,
20139,20136,,,,
20140,20137,,,,
20141,20138,,,,
20142,20139,,,,
20143,20140,,,,
20144,20141,,,,
20145,20142,,,,
20146,20143,,,,
20147,20144,,,,
20148,20145,,,,
20149,20146,,,,
20150,20147,,,,
20151,20148,,,,
20152,20149,,,,
20153,20150,,,,
20154,20151,,,,
20155,20152,,,,
20156,20153,,,,
20157,20154,,,,
20158,20155,,,,
20159,20156,,,,
20160,20157,,,,
20161,20158,,,,
20162,20159,,,,
20163,20160,,,,
20164,20161,,,,
20165,20162,,,,
20166,20163,,,,
20167,20164,,,,
20168,20165,,,,
20169,20166,,,,
20170,20167,,,,
20171,20168,,,,
20172,20169,,,,
20173,20170,,,,
20174,20171,,,,
20175,20172,,,,
20176,20173,,,,
20177,20174,,,,
20178,20175,,,,
20179,20176,,,,
20180,20177,,,,
20181,20178,,,,
20182,20179,,,,
20183,20180,,,,
20184,20181,,,,
20185,20182,,,,
20186,20183,,,,
20187,20184,,,,
20188,20185,,,,
20189,20186,,,,
20190,20187,,,,
20191,20188,,,,
20192,20189,,,,
20193,20190,,,,
20194,20191,,,,
20195,20192,,,,
20196,20193,,,,
20197,20194,,,,
20198,20195,,,,
20199,20196,,,,
20200,20197,,,,
20201,20198,,,,
20202,20199,,,,
20203,20200,,,,
20204,20201,,,,
20205,20202,,,,
20206,20203,,,,
20207,20204,,,,
20208,20205,,,,
20209,20206,,,,
20210,20207,,,,
20211,20208,,,,
20212,20209,,,,
20213,20210,,,,
20214,20211,,,,
20215,20212,,,,
20216,20213,,,,
20217,20214,,,,
20218,20215,,,,
20219,20216,,,,
20220,20217,,,,
20221,20218,,,,
20222,20219,,,,
20223,20220,,,,
20224,20221,,,,
20225,20222,,,,
20226,20223,,,,
20227,20224,,,,
20228,20225,,,,
20229,20226,,,,
20230,20227,,,,
20231,20228,,,,
20232,20229,,,,
20233,20230,,,,
20234,20231,,,,
20235,20232,,,,
20236,20233,,,,
20237,20234,,,,
20238,20235,,,,
20239,20236,,,,
20240,20237,,,,
20241,20238,,,,
20242,20239,,,,
20243,20240,,,,
20244,20241,,,,
20245,20242,,,,
20246,20243,,,,
20247,20244,,,,
20248,20245,,,,
20249,20246,,,,
20250,20247,,,,
20251,20248,,,,
20252,20249,,,,
20253,20250,,,,
20254,20251,,,,
20255,20252,,,,
20256,20253,,,,
20257,20254,,,,
20258,20255,,,,
20259,20256,,,,
20260,20257,,,,
20261,20258,,,,
20262,20259,,,,
20263,20260,,,,
20264,20261,,,,
20265,20262,,,,
20266,20263,,,,
20267,20264,,,,
20268,20265,,,,
20269,20266,,,,
20270,20267,,,,
20271,20268,,,,
20272,20269,,,,
20273,20270,,,,
20274,20271,,,,
20275,20272,,,,
20276,20273,,,,
20277,20274,,,,
20278,20275,,,,
20279,20276,,,,
20280,20277,,,,
20281,20278,,,,
20282,20279,,,,
20283,20280,,,,
20284,20281,,,,
20285,20282,,,,
20286,20283,,,,
20287,20284,,,,
20288,20285,,,,
20289,20286,,,,
20290,20287,,,,
20291,20288,,,,
20292,20289,,,,
20293,20290,,,,
20294,20291,,,,
20295,20292,,,,
20296,20293,,,,
20297,20294,,,,
20298,20295,,,,
20299,20296,,,,
20300,20297,,,,
20301,20298,,,,
20302,20299,,,,
20303,20300,,,,
20304,20301,,,,
20305,20302,,,,
20306,20303,,,,
20307,20304,,,,
20308,20305,,,,
20309,20306,,,,
20310,20307,,,,
20311,20308,,,,
20312,20309,,,,
20313,20310,,,,
20314,20311,,,,
20315,20312,,,,
20316,20313,,,,
20317,20314,,,,
20318,20315,,,,
20319,20316,,,,
20320,20317,,,,
20321,20318,,,,
20322,20319,,,,
20323,20320,,,,
20324,20321,,,,
20325,20322,,,,
20326,20323,,,,
20327,20324,,,,
20328,20325,,,,
20329,20326,,,,
20330,20327,,,,
20331,20328,,,,
20332,20329,,,,
20333,20330,,,,
20334,20331,,,,
20335,20332,,,,
20336,20333,,,,
20337,20334,,,,
20338,20335,,,,
20339,20336,,,,
20340,20337,,,,
20341,20338,,,,
20342,20339,,,,
20343,20340,,,,
20344,20341,,,,
20345,20342,,,,
20346,20343,,,,
20347,20344,,,,
20348,20345,,,,
20349,20346,,,,
20350,20347,,,,
20351,20348,,,,
20352,20349,,,,
20353,20350,,,,
20354,20351,,,,
20355,20352,,,,
20356,20353,,,,
20357,20354,,,,
20358,20355,,,,
20359,20356,,,,
20360,20357,,,,
20361,20358,,,,
20362,20359,,,,
20363,20360,,,,
20364,20361,,,,
20365,20362,,,,
20366,20363,,,,
20367,20364,,,,
20368,20365,,,,
20369,20366,,,,
20370,20367,,,,
20371,20368,,,,
20372,20369,,,,
20373,20370,,,,
20374,20371,,,,
20375,20372,,,,
20376,20373,,,,
20377,20374,,,,
20378,20375,,,,
20379,20376,,,,
20380,20377,,,,
20381,20378,,,,
20382,20379,,,,
20383,20380,,,,
20384,20381,,,,
20385,20382,,,,
20386,20383,,,,
20387,20384,,,,
20388,20385,,,,
20389,20386,,,,
20390,20387,,,,
20391,20388,,,,
20392,20389,,,,
20393,20390,,,,
20394,20391,,,,
20395,20392,,,,
20396,20393,,,,
20397,20394,,,,
20398,20395,,,,
20399,20396,,,,
20400,20397,,,,
20401,20398,,,,
20402,20399,,,,
20403,20400,,,,
20404,20401,,,,
20405,20402,,,,
20406,20403,,,,
20407,20404,,,,
20408,20405,,,,
20409,20406,,,,
20410,20407,,,,
20411,20408,,,,
20412,20409,,,,
20413,20410,,,,
20414,20411,,,,
20415,20412,,,,
20416,20413,,,,
20417,20414,,,,
20418,20415,,,,
20419,20416,,,,
20420,20417,,,,
20421,20418,,,,
20422,20419,,,,
20423,20420,,,,
20424,20421,,,,
20425,20422,,,,
20426,20423,,,,
20427,20424,,,,
20428,20425,,,,
20429,20426,,,,
20430,20427,,,,
20431,20428,,,,
20432,20429,,,,
20433,20430,,,,
20434,20431,,,,
20435,20432,,,,
20436,20433,,,,
20437,20434,,,,
20438,20435,,,,
20439,20436,,,,
20440,20437,,,,
20441,20438,,,,
20442,20439,,,,
20443,20440,,,,
20444,20441,,,,
20445,20442,,,,
20446,20443,,,,
20447,20444,,,,
20448,20445,,,,
20449,20446,,,,
20450,20447,,,,
20451,20448,,,,
20452,20449,,,,
20453,20450,,,,
20454,20451,,,,
20455,20452,,,,
20456,20453,,,,
20457,20454,,,,
20458,20455,,,,
20459,20456,,,,
20460,20457,,,,
20461,20458,,,,
20462,20459,,,,
20463,20460,,,,
20464,20461,,,,
20465,20462,,,,
20466,20463,,,,
20467,20464,,,,
20468,20465,,,,
20469,20466,,,,
20470,20467,,,,
20471,20468,,,,
20472,20469,,,,
20473,20470,,,,
20474,20471,,,,
20475,20472,,,,
20476,20473,,,,
20477,20474,,,,
20478,20475,,,,
20479,20476,,,,
20480,20477,,,,
20481,20478,,,,
20482,20479,,,,
20483,20480,,,,
20484,20481,,,,
20485,20482,,,,
20486,20483,,,,
20487,20484,,,,
20488,20485,,,,
20489,20486,,,,
20490,20487,,,,
20491,20488,,,,
20492,20489,,,,
20493,20490,,,,
20494,20491,,,,
20495,20492,,,,
20496,20493,,,,
20497,20494,,,,
20498,20495,"Blye Pagon Faust, Steve Golin, Nicole Rocklin, and Michael Sugar",,Josh Singer,Open Road Films
20499,20496,,,,
20500,20497,,,,
20501,20498,,,,
20502,20499,,,,
20503,20500,,,,
20504,20501,,,,
20505,20502,,,,
20506,20503,,,,
20507,20504,,,,
20508,20505,,,,
20509,20506,,,,
20510,20507,,,,
20511,20508,,,,
20512,20509,,,,
20513,20510,,,,
20514,20511,,,,
20515,20512,,,,
20516,20513,,,,
20517,20514,,,,
20518,20515,,,,
20519,20516,,,,
20520,20517,,,,
20521,20518,,,,
20522,20519,,,,
20523,20520,,,,
20524,20521,,,,
20525,20522,,,,
20526,20523,,,,
20527,20524,,,,
20528,20525,,,,
20529,20526,,,,
20530,20527,,,,
20531,20528,,,,
20532,20529,,,,
20533,20530,,,,
20534,20531,,,,
20535,20532,,,,
20536,20533,,,,
20537,20534,,,,
20538,20535,,,,
20539,20536,,,,
20540,20537,RKO Radio,Gregory La Cava,"Gregory La Cava, Morrie Ryskind, Anthony Veiller",Warner Home Video
20541,20538,,,,
20542,20539,,,,
20543,20540,Walter Wanger (production company),John Ford,"Ben Hecht, Dudley Nichols",Warner Home Video
20544,20541,,,,
20545,20542,,,,
20546,20543,,,,
20547,20544,,,,
20548,20545,,,,
20549,20546,,,,
20550,20547,,,,
20551,20548,,,,
20552,20549,,,,
20553,20550,,,,
20554,20551,,,,
20555,20552,,,,
20556,20553,,,,
20557,20554,,,,
20558,20555,,,,
20559,20556,,,,
20560,20557,,,,
20561,20558,,,,
20562,20559,,,,
20563,20560,,,,
20564,20561,,,,
20565,20562,,,,
20566,20563,,,,
20567,20564,,,,
20568,20565,,,,
20569,20566,,,,
20570,20567,,,,
20571,20568,,,,
20572,20569,,,,
20573,20570,,,,
20574,20571,,,,
20575,20572,,,,
20576,20573,,,,
20577,20574,,,,
20578,20575,,,,
20579,20576,,,,
20580,20577,,,,
20581,20578,,,,
20582,20579,,,,
20583,20580,,,,
20584,20581,,,,
20585,20582,,,,
20586,20583,,,,
20587,20584,,,,
20588,20585,,,,
20589,20586,,,,
20590,20587,,,,
20591,20588,,,,
20592,20589,,,,
20593,20590,,,,
20594,20591,,,,
20595,20592,,,,
20596,20593,,,,
20597,20594,,,,
20598,20595,,,,
20599,20596,,,,
20600,20597,,,,
20601,20598,,,,
20602,20599,,,,
20603,20600,,,,
20604,20601,,,,
20605,20602,,,,
20606,20603,,,,
20607,20604,,,,
20608,20605,,,,
20609,20606,,,,
20610,20607,,,,
20611,20608,,,,
20612,20609,,,,
20613,20610,,,,
20614,20611,,,,
20615,20612,,,,
20616,20613,,,,
20617,20614,,,,
20618,20615,,,,
20619,20616,,,,
20620,20617,,,,
20621,20618,,,,
20622,20619,,,,
20623,20620,,,,
20624,20621,,,,
20625,20622,,,,
20626,20623,,,,
20627,20624,,,,
20628,20625,,,,
20629,20626,,,,
20630,20627,,,,
20631,20628,,,,
20632,20629,,,,
20633,20630,,,,
20634,20631,,,,
20635,20632,,,,
20636,20633,,,,
20637,20634,,,,
20638,20635,,,,
20639,20636,,,,
20640,20637,,,,
20641,20638,,,,
20642,20639,,,,
20643,20640,,,,
20644,20641,,,,
20645,20642,,,,
20646,20643,,,,
20647,20644,,,,
20648,20645,,,,
20649,20646,,,,
20650,20647,,,,
20651,20648,,,,
20652,20649,,,,
20653,20650,,,,
20654,20651,,,,
20655,20652,,,,
20656,20653,,,,
20657,20654,,,,
20658,20655,,,,
20659,20656,,,,
20660,20657,,,,
20661,20658,,,,
20662,20659,,,,
20663,20660,,,,
20664,20661,,,,
20665,20662,,,,
20666,20663,,,,
20667,20664,,,,
20668,20665,,,,
20669,20666,,,,
20670,20667,,,,
20671,20668,,,,
20672,20669,,,,
20673,20670,,,,
20674,20671,,,,
20675,20672,,,,
20676,20673,,,,
20677,20674,,,,
20678,20675,,,,
20679,20676,,,,
20680,20677,,,,
20681,20678,,,,
20682,20679,,,,
20683,20680,,,,
20684,20681,,,,
20685,20682,,,,
20686,20683,,,,
20687,20684,,,,
20688,20685,,,,
20689,20686,,,,
20690,20687,,,,
20691,20688,,,,
20692,20689,,,,
20693,20690,,,,
20694,20691,,,,
20695,20692,,,,
20696,20693,,,,
20697,20694,,,,
20698,20695,,,,
20699,20696,,,,
20700,20697,,,,
20701,20698,,,,
20702,20699,,,,
20703,20700,,,,
20704,20701,,,,
20705,20702,,,,
20706,20703,,,,
20707,20704,,,,
20708,20705,,,,
20709,20706,,,,
20710,20707,,,,
20711,20708,,,,
20712,20709,,,,
20713,20710,,,,
20714,20711,,,,
20715,20712,,,,
20716,20713,,,,
20717,20714,,,,
20718,20715,,,,
20719,20716,,,,
20720,20717,,,,
20721,20718,,,,
20722,20719,,,,
20723,20720,,,,
20724,20721,,,,
20725,20722,,,,
20726,20723,,,,
20727,20724,,,,
20728,20725,,,,
20729,20726,,,,
20730,20727,,,,
20731,20728,,,,
20732,20729,,,,
20733,20730,,,,
20734,20731,,,,
20735,20732,,,,
20736,20733,,,,
20737,20734,,,,
20738,20735,,,,
20739,20736,,,,
20740,20737,,,,
20741,20738,,,,
20742,20739,,,,
20743,20740,,,,
20744,20741,,,,
20745,20742,,,,
20746,20743,,,,
20747,20744,,,,
20748,20745,,,,
20749,20746,,,,
20750,20747,,,,
20751,20748,,,,
20752,20749,,,,
20753,20750,,,,
20754,20751,,,,
20755,20752,,,,
20756,20753,,,,
20757,20754,,,,
20758,20755,,,,
20759,20756,,,,
20760,20757,,,,
20761,20758,,,,
20762,20759,,,,
20763,20760,,,,
20764,20761,,,,
20765,20762,,,,
20766,20763,,,,
20767,20764,,,,
20768,20765,,,,
20769,20766,,,,
20770,20767,,,,
20771,20768,,,,
20772,20769,,,,
20773,20770,,,,
20774,20771,,,,
20775,20772,,,,
20776,20773,,,,
20777,20774,,,,
20778,20775,,,,
20779,20776,,,,
20780,20777,,,,
20781,20778,,,,
20782,20779,,,,
20783,20780,,,,
20784,20781,,,,
20785,20782,,,,
20786,20783,,,,
20787,20784,,,,
20788,20785,,,,
20789,20786,,,,
20790,20787,,,,
20791,20788,,,,
20792,20789,,,,
20793,20790,,,,
20794,20791,,,,
20795,20792,,,,
20796,20793,,,,
20797,20794,,,,
20798,20795,,,,
20799,20796,,,,
20800,20797,,,,
20801,20798,,,,
20802,20799,,,,
20803,20800,,,,
20804,20801,,,,
20805,20802,,,,
20806,20803,,,,
20807,20804,,,,
20808,20805,,,,
20809,20806,,,,
20810,20807,,,,
20811,20808,,,,
20812,20809,,,,
20813,20810,,,,
20814,20811,,,,
20815,20812,,,,
20816,20813,,,,
20817,20814,,,,
20818,20815,,,,
20819,20816,,,,
20820,20817,,,,
20821,20818,,,,
20822,20819,,,,
20823,20820,,,,
20824,20821,,,,
20825,20822,,,,
20826,20823,,,,
20827,20824,,,,
20828,20825,,,,
20829,20826,,,,
20830,20827,,,,
20831,20828,,,,
20832,20829,,,,
20833,20830,,,,
20834,20831,,,,
20835,20832,,,,
20836,20833,,,,
20837,20834,,,,
20838,20835,,,,
20839,20836,,,,
20840,20837,,,,
20841,20838,,,,
20842,20839,,,,
20843,20840,,,,
20844,20841,,,,
20845,20842,,,,
20846,20843,,,,
20847,20844,,,,
20848,20845,,,,
20849,20846,,,,
20850,20847,,,,
20851,20848,,,,
20852,20849,,,,
20853,20850,,,,
20854,20851,,,,
20855,20852,,,,
20856,20853,,,,
20857,20854,,,,
20858,20855,,,,
20859,20856,,,,
20860,20857,,,,
20861,20858,,,,
20862,20859,,,,
20863,20860,,,,
20864,20861,,,,
20865,20862,,,,
20866,20863,,,,
20867,20864,,,,
20868,20865,,,,
20869,20866,,,,
20870,20867,,,,
20871,20868,,,,
20872,20869,,,,
20873,20870,,,,
20874,20871,,,,
20875,20872,,,,
20876,20873,,,,
20877,20874,,,,
20878,20875,,,,
20879,20876,,,,
20880,20877,,,,
20881,20878,,,,
20882,20879,,,,
20883,20880,,,,
20884,20881,,,,
20885,20882,,,,
20886,20883,,,,
20887,20884,,,,
20888,20885,,,,
20889,20886,,,,
20890,20887,,,,
20891,20888,,,,
20892,20889,,,,
20893,20890,,,,
20894,20891,,,,
20895,20892,,,,
20896,20893,,,,
20897,20894,,,,
20898,20895,,,,
20899,20896,,,,
20900,20897,,,,
20901,20898,,,,
20902,20899,,,,
20903,20900,,,,
20904,20901,,,,
20905,20902,,,,
20906,20903,,,,
20907,20904,,,,
20908,20905,,,,
20909,20906,,,,
20910,20907,,,,
20911,20908,,,,
20912,20909,,,,
20913,20910,,,,
20914,20911,,,,
20915,20912,,,,
20916,20913,,,,
20917,20914,,,,
20918,20915,,,,
20919,20916,,,,
20920,20917,,,,
20921,20918,,,,
20922,20919,,,,
20923,20920,,,,
20924,20921,,,,
20925,20922,,,,
20926,20923,,,,
20927,20924,,,,
20928,20925,,,,
20929,20926,,,,
20930,20927,Paramount,Billy Wilder,"D.M. Marshman, Jr., Charles Brackett, Billy Wilder",Paramount Pictures
20931,20928,,,,
20932,20929,,,,
20933,20930,,,,
20934,20931,,,,
20935,20932,,,,
20936,20933,,,,
20937,20934,,,,
20938,20935,,,,
20939,20936,,,,
20940,20937,,,,
20941,20938,,,,
20942,20939,,,,
20943,20940,,,,
20944,20941,,,,
20945,20942,,,,
20946,20943,,,,
20947,20944,,,,
20948,20945,,,,
20949,20946,,,,
20950,20947,,,,
20951,20948,,,,
20952,20949,,,,
20953,20950,,,,
20954,20951,,,,
20955,20952,,,,
20956,20953,,,,
20957,20954,,,,
20958,20955,,,,
20959,20956,,,,
20960,20957,,,,
20961,20958,,,,
20962,20959,,,,
20963,20960,,,,
20964,20961,,,,
20965,20962,,,,
20966,20963,,,,
20967,20964,,,,
20968,20965,,,,
20969,20966,,,,
20970,20967,,,,
20971,20968,,,,
20972,20969,,,,
20973,20970,,,,
20974,20971,,,,
20975,20972,,,,
20976,20973,,,,
20977,20974,,,,
20978,20975,,,,
20979,20976,,,,
20980,20977,,,,
20981,20978,,,,
20982,20979,,,,
20983,20980,,,,
20984,20981,,,,
20985,20982,,,,
20986,20983,,,,
20987,20984,,,,
20988,20985,,,,
20989,20986,,,,
20990,20987,,,,
20991,20988,,,,
20992,20989,,,,
20993,20990,,,,
20994,20991,,,,
20995,20992,,,,
20996,20993,,,,
20997,20994,,,,
20998,20995,,,,
20999,20996,,,,
21000,20997,,,,
21001,20998,,,,
21002,20999,,,,
21003,21000,,,,
21004,21001,,,,
21005,21002,,,,
21006,21003,,,,
21007,21004,,,,
21008,21005,,,,
21009,21006,,,,
21010,21007,RKO Radio,Alfred Hitchcock,"Joan Harrison, Alma Reville, Alfred Hitchcock, Samson Raphaelson",WARNER BROTHERS PICTURES
21011,21008,,,,
21012,21009,,,,
21013,21010,,,,
21014,21011,,,,
21015,21012,,,,
21016,21013,,,,
21017,21014,,,,
21018,21015,,,,
21019,21016,,,,
21020,21017,,,,
21021,21018,,,,
21022,21019,,,,
21023,21020,,,,
21024,21021,,,,
21025,21022,,,,
21026,21023,,,,
21027,21024,,,,
21028,21025,,,,
21029,21026,,,,
21030,21027,,,,
21031,21028,,,,
21032,21029,,,,
21033,21030,,,,
21034,21031,,,,
21035,21032,,,,
21036,21033,,,,
21037,21034,,,,
21038,21035,,,,
21039,21036,,,,
21040,21037,,,,
21041,21038,,,,
21042,21039,,,,
21043,21040,,,,
21044,21041,,,,
21045,21042,,,,
21046,21043,,,,
21047,21044,,,,
21048,21045,,,,
21049,21046,,,,
21050,21047,,,,
21051,21048,,,,
21052,21049,,,,
21053,21050,,,,
21054,21051,,,,
21055,21052,,,,
21056,21053,,,,
21057,21054,,,,
21058,21055,,,,
21059,21056,,,,
21060,21057,,,,
21061,21058,,,,
21062,21059,,,,
21063,21060,,,,
21064,21061,,,,
21065,21062,,,,
21066,21063,,,,
21067,21064,,,,
21068,21065,,,,
21069,21066,,,,
21070,21067,,,,
21071,21068,,,,
21072,21069,,,,
21073,21070,,,,
21074,21071,,,,
21075,21072,,,,
21076,21073,,,,
21077,21074,,,,
21078,21075,,,,
21079,21076,,,,
21080,21077,,,,
21081,21078,,,,
21082,21079,,,,
21083,21080,,,,
21084,21081,,,,
21085,21082,,,,
21086,21083,,,,
21087,21084,,,,
21088,21085,,,,
21089,21086,,,,
21090,21087,,,,
21091,21088,,,,
21092,21089,,,,
21093,21090,,,,
21094,21091,,,,
21095,21092,,,,
21096,21093,,,,
21097,21094,,,,
21098,21095,,,,
21099,21096,,,,
21100,21097,,,,
21101,21098,,,,
21102,21099,,,,
21103,21100,,,,
21104,21101,,,,
21105,21102,,,,
21106,21103,,,,
21107,21104,,,,
21108,21105,,,,
21109,21106,,,,
21110,21107,,,,
21111,21108,,,,
21112,21109,,,,
21113,21110,,,,
21114,21111,,,,
21115,21112,,,,
21116,21113,,,,
21117,21114,,,,
21118,21115,,,,
21119,21116,,,,
21120,21117,,,,
21121,21118,,,,
21122,21119,,,,
21123,21120,,,,
21124,21121,,,,
21125,21122,,,,
21126,21123,,,,
21127,21124,,,,
21128,21125,,,,
21129,21126,,,,
21130,21127,,,,
21131,21128,,,,
21132,21129,,,,
21133,21130,,,,
21134,21131,,,,
21135,21132,,,,
21136,21133,,,,
21137,21134,,,,
21138,21135,,,,
21139,21136,,,,
21140,21137,,,,
21141,21138,,,,
21142,21139,,,,
21143,21140,,,,
21144,21141,,,,
21145,21142,,,,
21146,21143,,,,
21147,21144,,,,
21148,21145,,,,
21149,21146,,,,
21150,21147,,,,
21151,21148,,,,
21152,21149,,,,
21153,21150,,,,
21154,21151,,,,
21155,21152,,,,
21156,21153,,,,
21157,21154,,,,
21158,21155,,,,
21159,21156,,,,
21160,21157,,,,
21161,21158,,,,
21162,21159,,,,
21163,21160,,,,
21164,21161,,,,
21165,21162,,,,
21166,21163,,,,
21167,21164,,,,
21168,21165,,,,
21169,21166,,,,
21170,21167,,,,
21171,21168,,,,
21172,21169,,,,
21173,21170,,,,
21174,21171,,,,
21175,21172,,,,
21176,21173,,,,
21177,21174,,,,
21178,21175,,,,
21179,21176,,,,
21180,21177,,,,
21181,21178,,,,
21182,21179,,,,
21183,21180,,,,
21184,21181,,,,
21185,21182,,,,
21186,21183,,,,
21187,21184,,,,
21188,21185,,,,
21189,21186,,,,
21190,21187,,,,
21191,21188,,,,
21192,21189,,,,
21193,21190,,,,
21194,21191,,,,
21195,21192,,,,
21196,21193,,,,
21197,21194,,,,
21198,21195,,,,
21199,21196,,,,
21200,21197,,,,
21201,21198,,,,
21202,21199,,,,
21203,21200,,,,
21204,21201,,,,
21205,21202,,,,
21206,21203,,,,
21207,21204,,,,
21208,21205,,,,
21209,21206,,,,
21210,21207,,,,
21211,21208,,,,
21212,21209,,,,
21213,21210,,,,
21214,21211,,,,
21215,21212,,,,
21216,21213,,,,
21217,21214,,,,
21218,21215,,,,
21219,21216,,,,
21220,21217,,,,
21221,21218,,,,
21222,21219,,,,
21223,21220,,,,
21224,21221,,,,
21225,21222,,,,
21226,21223,,,,
21227,21224,,,,
21228,21225,,,,
21229,21226,,,,
21230,21227,,,,
21231,21228,,,,
21232,21229,,,,
21233,21230,,,,
21234,21231,,,,
21235,21232,,,,
21236,21233,,,,
21237,21234,,,,
21238,21235,,,,
21239,21236,,,,
21240,21237,,,,
21241,21238,,,,
21242,21239,,,,
21243,21240,,,,
21244,21241,,,,
21245,21242,,,,
21246,21243,,,,
21247,21244,,,,
21248,21245,,,,
21249,21246,,,,
21250,21247,,,,
21251,21248,,,,
21252,21249,,,,
21253,21250,,,,
21254,21251,,,,
21255,21252,,,,
21256,21253,,,,
21257,21254,,,,
21258,21255,,,,
21259,21256,,,,
21260,21257,,,,
21261,21258,,,,
21262,21259,,,,
21263,21260,,,,
21264,21261,,,,
21265,21262,,,,
21266,21263,,,,
21267,21264,,,,
21268,21265,,,,
21269,21266,,,,
21270,21267,,,,
21271,21268,,,,
21272,21269,,,,
21273,21270,,,,
21274,21271,,,,
21275,21272,,,,
21276,21273,,,,
21277,21274,,,,
21278,21275,,,,
21279,21276,,,,
21280,21277,,,,
21281,21278,,,,
21282,21279,,,,
21283,21280,,,,
21284,21281,,,,
21285,21282,,,,
21286,21283,,,,
21287,21284,,,,
21288,21285,,,,
21289,21286,,,,
21290,21287,,,,
21291,21288,,,,
21292,21289,,,,
21293,21290,,,,
21294,21291,,,,
21295,21292,,,,
21296,21293,,,,
21297,21294,,,,
21298,21295,,,,
21299,21296,,,,
21300,21297,,,,
21301,21298,,,,
21302,21299,,,,
21303,21300,,,,
21304,21301,,,,
21305,21302,,,,
21306,21303,,,,
21307,21304,,,,
21308,21305,,,,
21309,21306,,,,
21310,21307,,,,
21311,21308,,,,
21312,21309,,,,
21313,21310,,,,
21314,21311,,,,
21315,21312,,,,
21316,21313,,,,
21317,21314,,,,
21318,21315,,,,
21319,21316,,,,
21320,21317,,,,
21321,21318,,,,
21322,21319,,,,
21323,21320,,,,
21324,21321,,,,
21325,21322,,,,
21326,21323,,,,
21327,21324,,,,
21328,21325,,,,
21329,21326,,,,
21330,21327,,,,
21331,21328,,,,
21332,21329,,,,
21333,21330,,,,
21334,21331,,,,
21335,21332,,,,
21336,21333,,,,
21337,21334,,,,
21338,21335,Michael Phillips and Julia Phillips,Martin Scorsese,Paul Schrader,Columbia Pictures
21339,21336,,,,
21340,21337,,,,
21341,21338,,,,
21342,21339,,,,
21343,21340,,,,
21344,21341,,,,
21345,21342,,,,
21346,21343,,,,
21347,21344,,,,
21348,21345,,,,
21349,21346,,,,
21350,21347,,,,
21351,21348,,,,
21352,21349,,,,
21353,21350,,,,
21354,21351,,,,
21355,21352,,,,
21356,21353,,,,
21357,21354,,,,
21358,21355,,,,
21359,21356,,,,
21360,21357,,,,
21361,21358,,,,
21362,21359,,,,
21363,21360,,,,
21364,21361,,,,
21365,21362,,,,
21366,21363,,,,
21367,21364,,,,
21368,21365,,,,
21369,21366,,,,
21370,21367,,,,
21371,21368,,,,
21372,21369,,,,
21373,21370,,,,
21374,21371,,,,
21375,21372,,,,
21376,21373,,,,
21377,21374,,,,
21378,21375,,,,
21379,21376,,,,
21380,21377,,,,
21381,21378,,,,
21382,21379,,,,
21383,21380,,,,
21384,21381,,,,
21385,21382,,,,
21386,21383,,,,
21387,21384,,,,
21388,21385,,,,
21389,21386,,,,
21390,21387,,,,
21391,21388,,,,
21392,21389,,,,
21393,21390,,,,
21394,21391,,,,
21395,21392,,,,
21396,21393,,,,
21397,21394,,,,
21398,21395,,,,
21399,21396,,,,
21400,21397,,,,
21401,21398,,,,
21402,21399,,,,
21403,21400,,,,
21404,21401,,,,
21405,21402,,,,
21406,21403,,,,
21407,21404,,,,
21408,21405,,,,
21409,21406,,,,
21410,21407,,,,
21411,21408,,,,
21412,21409,,,,
21413,21410,,,,
21414,21411,,,,
21415,21412,,,,
21416,21413,,,,
21417,21414,,,,
21418,21415,,,,
21419,21416,,,,
21420,21417,Philip S. Hobel,Bruce Beresford,Horton Foote,HBO Video
21421,21418,,,,
21422,21419,,,,
21423,21420,,,,
21424,21421,,,,
21425,21422,,,,
21426,21423,,,,
21427,21424,,,,
21428,21425,,,,
21429,21426,,,,
21430,21427,,,,
21431,21428,,,,
21432,21429,,,,
21433,21430,,,,
21434,21431,,,,
21435,21432,,,,
21436,21433,,,,
21437,21434,,,,
21438,21435,,,,
21439,21436,,,,
21440,21437,,,,
21441,21438,,,,
21442,21439,,,,
21443,21440,James L. Brooks,James L. Brooks,James L. Brooks,Paramount Pictures
21444,21441,,,,
21445,21442,,,,
21446,21443,,,,
21447,21444,,,,
21448,21445,,,,
21449,21446,,,,
21450,21447,,,,
21451,21448,,,,
21452,21449,,,,
21453,21450,,,,
21454,21451,,,,
21455,21452,,,,
21456,21453,,,,
21457,21454,,,,
21458,21455,,,,
21459,21456,,,,
21460,21457,,,,
21461,21458,,,,
21462,21459,,,,
21463,21460,,,,
21464,21461,,,,
21465,21462,,,,
21466,21463,,,,
21467,21464,,,,
21468,21465,,,,
21469,21466,,,,
21470,21467,,,,
21471,21468,,,,
21472,21469,,,,
21473,21470,,,,
21474,21471,,,,
21475,21472,,,,
21476,21473,,,,
21477,21474,,,,
21478,21475,,,,
21479,21476,,,,
21480,21477,,,,
21481,21478,,,,
21482,21479,,,,
21483,21480,,,,
21484,21481,,,,
21485,21482,,,,
21486,21483,,,,
21487,21484,,,,
21488,21485,,,,
21489,21486,,,,
21490,21487,,,,
21491,21488,,,,
21492,21489,,,,
21493,21490,,,,
21494,21491,,,,
21495,21492,,,,
21496,21493,,,,
21497,21494,,,,
21498,21495,,,,
21499,21496,,,,
21500,21497,,,,
21501,21498,,,,
21502,21499,,,,
21503,21500,,,,
21504,21501,,,,
21505,21502,,,,
21506,21503,,,,
21507,21504,,,,
21508,21505,,,,
21509,21506,,,,
21510,21507,,,,
21511,21508,,,,
21512,21509,,,,
21513,21510,,,,
21514,21511,,,,
21515,21512,,,,
21516,21513,,,,
21517,21514,,,,
21518,21515,,,,
21519,21516,,,,
21520,21517,,,,
21521,21518,,,,
21522,21519,,,,
21523,21520,,,,
21524,21521,,,,
21525,21522,,,,
21526,21523,,,,
21527,21524,,,,
21528,21525,,,,
21529,21526,,,,
21530,21527,,,,
21531,21528,,,,
21532,21529,Claude Berri and Timothy Burrill,Roman Polanski,"Gérard Brach, Roman Polanski, John Brownjohn",Criterion Collection
21533,21530,,,,
21534,21531,,,,
21535,21532,,,,
21536,21533,,,,
21537,21534,,,,
21538,21535,,,,
21539,21536,,,,
21540,21537,,,,
21541,21538,,,,
21542,21539,,,,
21543,21540,,,,
21544,21541,,,,
21545,21542,,,,
21546,21543,,,,
21547,21544,,,,
21548,21545,,,,
21549,21546,,,,
21550,21547,,,,
21551,21548,,,,
21552,21549,,,,
21553,21550,,,,
21554,21551,,,,
21555,21552,,,,
21556,21553,,,,
21557,21554,,,,
21558,21555,,,,
21559,21556,,,,
21560,21557,,,,
21561,21558,,,,
21562,21559,,,,
21563,21560,,,,
21564,21561,,,,
21565,21562,,,,
21566,21563,,,,
21567,21564,,,,
21568,21565,,,,
21569,21566,,,,
21570,21567,,,,
21571,21568,,,,
21572,21569,,,,
21573,21570,,,,
21574,21571,,,,
21575,21572,,,,
21576,21573,,,,
21577,21574,,,,
21578,21575,,,,
21579,21576,,,,
21580,21577,,,,
21581,21578,,,,
21582,21579,,,,
21583,21580,,,,
21584,21581,,,,
21585,21582,,,,
21586,21583,,,,
21587,21584,,,,
21588,21585,,,,
21589,21586,,,,
21590,21587,,,,
21591,21588,,,,
21592,21589,,,,
21593,21590,,,,
21594,21591,,,,
21595,21592,,,,
21596,21593,,,,
21597,21594,,,,
21598,21595,,,,
21599,21596,,,,
21600,21597,,,,
21601,21598,,,,
21602,21599,,,,
21603,21600,,,,
21604,21601,,,,
21605,21602,,,,
21606,21603,,,,
21607,21604,,,,
21608,21605,,,,
21609,21606,,,,
21610,21607,,,,
21611,21608,,,,
21612,21609,,,,
21613,21610,,,,
21614,21611,,,,
21615,21612,,,,
21616,21613,,,,
21617,21614,,,,
21618,21615,,,,
21619,21616,,,,
21620,21617,,,,
21621,21618,,,,
21622,21619,,,,
21623,21620,,,,
21624,21621,,,,
21625,21622,,,,
21626,21623,,,,
21627,21624,,,,
21628,21625,,,,
21629,21626,,,,
21630,21627,,,,
21631,21628,,,,
21632,21629,,,,
21633,21630,,,,
21634,21631,,,,
21635,21632,,,,
21636,21633,,,,
21637,21634,"Lawrence Kasdan, Charles Okun, and Michael Grillo",Lawrence Kasdan,"Anne Tyler, Frank Galati, Lawrence Kasdan",Warner Home Video
21638,21635,,,,
21639,21636,,,,
21640,21637,,,,
21641,21638,,,,
21642,21639,,,,
21643,21640,,,,
21644,21641,,,,
21645,21642,,,,
21646,21643,,,,
21647,21644,,,,
21648,21645,,,,
21649,21646,,,,
21650,21647,,,,
21651,21648,,,,
21652,21649,,,,
21653,21650,Warner Bros.-First National,"Michael Curtiz, William Keighley","Norman Reilly Raine, Seton I. Miller, Michael Curtiz, William Keighley",Warner Bros.
21654,21651,,,,
21655,21652,,,,
21656,21653,,,,
21657,21654,,,,
21658,21655,,,,
21659,21656,,,,
21660,21657,,,,
21661,21658,,,,
21662,21659,,,,
21663,21660,,,,
21664,21661,John Wayne,John Wayne,James Edward Grant,Batjac Productions
21665,21662,,,,
21666,21663,,,,
21667,21664,,,,
21668,21665,,,,
21669,21666,,,,
21670,21667,,,,
21671,21668,,,,
21672,21669,,,,
21673,21670,,,,
21674,21671,,,,
21675,21672,,,,
21676,21673,,,,
21677,21674,,,,
21678,21675,,,,
21679,21676,,,,
21680,21677,,,,
21681,21678,,,,
21682,21679,,,,
21683,21680,,,,
21684,21681,,,,
21685,21682,,,,
21686,21683,,,,
21687,21684,,,,
21688,21685,,,,
21689,21686,,,,
21690,21687,,,,
21691,21688,,,,
21692,21689,,,,
21693,21690,,,,
21694,21691,,,,
21695,21692,,,,
21696,21693,,,,
21697,21694,,,,
21698,21695,,,,
21699,21696,,,,
21700,21697,,,,
21701,21698,,,,
21702,21699,,,,
21703,21700,,,,
21704,21701,,,,
21705,21702,,,,
21706,21703,,,,
21707,21704,,,,
21708,21705,,,,
21709,21706,,,,
21710,21707,,,,
21711,21708,,,,
21712,21709,,,,
21713,21710,,,,
21714,21711,,,,
21715,21712,,,,
21716,21713,,,,
21717,21714,,,,
21718,21715,,,,
21719,21716,,,,
21720,21717,,,,
21721,21718,,,,
21722,21719,,,,
21723,21720,,,,
21724,21721,,,,
21725,21722,,,,
21726,21723,,,,
21727,21724,,,,
21728,21725,,,,
21729,21726,Billy Wilder,Billy Wilder,"Billy Wilder, I.A.L. Diamond",United Artists
21730,21727,,,,
21731,21728,,,,
21732,21729,,,,
21733,21730,,,,
21734,21731,,,,
21735,21732,,,,
21736,21733,,,,
21737,21734,,,,
21738,21735,,,,
21739,21736,,,,
21740,21737,,,,
21741,21738,,,,
21742,21739,,,,
21743,21740,,,,
21744,21741,,,,
21745,21742,,,,
21746,21743,,,,
21747,21744,,,,
21748,21745,,,,
21749,21746,,,,
21750,21747,,,,
21751,21748,Thomas Langmann,Michel Hazanavicius,Michel Hazanavicius,The Weinstein Company
21752,21749,,,,
21753,21750,,,,
21754,21751,,,,
21755,21752,,,,
21756,21753,,,,
21757,21754,,,,
21758,21755,,,,
21759,21756,,,,
21760,21757,,,,
21761,21758,,,,
21762,21759,,,,
21763,21760,,,,
21764,21761,,,,
21765,21762,,,,
21766,21763,,,,
21767,21764,,,,
21768,21765,,,,
21769,21766,,,,
21770,21767,,,,
21771,21768,,,,
21772,21769,,,,
21773,21770,,,,
21774,21771,,,,
21775,21772,,,,
21776,21773,,,,
21777,21774,,,,
21778,21775,,,,
21779,21776,,,,
21780,21777,Michael Mann and Graham King,Martin Scorsese,John Logan,Miramax
21781,21778,,,,
21782,21779,,,,
21783,21780,,,,
21784,21781,,,,
21785,21782,,,,
21786,21783,Columbia,Leo McCarey,Viña Delmar,Columbia
21787,21784,,,,
21788,21785,,,,
21789,21786,,,,
21790,21787,,,,
21791,21788,,,,
21792,21789,,,,
21793,21790,,,,
21794,21791,,,,
21795,21792,,,,
21796,21793,,,,
21797,21794,,,,
21798,21795,,,,
21799,21796,,,,
21800,21797,,,,
21801,21798,,,,
21802,21799,,,,
21803,21800,,,,
21804,21801,,,,
21805,21802,,,,
21806,21803,,,,
21807,21804,,,,
21808,21805,,,,
21809,21806,,,,
21810,21807,,,,
21811,21808,,,,
21812,21809,,,,
21813,21810,,,,
21814,21811,,,,
21815,21812,,,,
21816,21813,,,,
21817,21814,,,,
21818,21815,,,,
21819,21816,,,,
21820,21817,,,,
21821,21818,,,,
21822,21819,,,,
21823,21820,,,,
21824,21821,,,,
21825,21822,,,,
21826,21823,,,,
21827,21824,,,,
21828,21825,,,,
21829,21826,,,,
21830,21827,,,,
21831,21828,,,,
21832,21829,,,,
21833,21830,,,,
21834,21831,,,,
21835,21832,Metro-Goldwyn-Mayer,Sidney Franklin,"Ernest Vajda, Claudine West, Donald Ogden Stewart",MGM
21836,21833,,,,
21837,21834,,,,
21838,21835,,,,
21839,21836,,,,
21840,21837,,,,
21841,21838,,,,
21842,21839,,,,
21843,21840,,,,
21844,21841,,,,
21845,21842,,,,
21846,21843,,,,
21847,21844,,,,
21848,21845,,,,
21849,21846,,,,
21850,21847,,,,
21851,21848,,,,
21852,21849,,,,
21853,21850,,,,
21854,21851,,,,
21855,21852,,,,
21856,21853,,,,
21857,21854,,,,
21858,21855,,,,
21859,21856,,,,
21860,21857,,,,
21861,21858,,,,
21862,21859,,,,
21863,21860,,,,
21864,21861,,,,
21865,21862,,,,
21866,21863,,,,
21867,21864,,,,
21868,21865,,,,
21869,21866,,,,
21870,21867,,,,
21871,21868,,,,
21872,21869,,,,
21873,21870,,,,
21874,21871,,,,
21875,21872,,,,
21876,21873,,,,
21877,21874,,,,
21878,21875,,,,
21879,21876,,,,
21880,21877,,,,
21881,21878,,,,
21882,21879,,,,
21883,21880,,,,
21884,21881,,,,
21885,21882,,,,
21886,21883,,,,
21887,21884,,,,
21888,21885,,,,
21889,21886,,,,
21890,21887,Samuel Goldwyn Productions,William Wyler,Robert E. Sherwood,RKO Radio Pictures
21891,21888,,,,
21892,21889,,,,
21893,21890,,,,
21894,21891,,,,
21895,21892,,,,
21896,21893,,,,
21897,21894,,,,
21898,21895,Michael Shamberg,Lawrence Kasdan,"Barbara Benedek, Lawrence Kasdan",Columbia Pictures
21899,21896,,,,
21900,21897,,,,
21901,21898,,,,
21902,21899,Cosmopolitan,George W. Hill,"Frances Marion, Martin Flavin, Joseph Farnham, Lennox Robinson",Warner Bros.
21903,21900,,,,
21904,21901,,,,
21905,21902,,,,
21906,21903,,,,
21907,21904,"Dede Gardner, Jeremy Kleiner, and Brad Pitt",Adam McKay,"Adam McKay, Charles Randolph",Paramount Pictures
21908,21905,,,,
21909,21906,,,,
21910,21907,,,,
21911,21908,,,,
21912,21909,,,,
21913,21910,,,,
21914,21911,,,,
21915,21912,,,,
21916,21913,,,,
21917,21914,,,,
21918,21915,,,,
21919,21916,,,,
21920,21917,,,,
21921,21918,,,,
21922,21919,,,,
21923,21920,,,,
21924,21921,,,,
21925,21922,,,,
21926,21923,,,,
21927,21924,,,,
21928,21925,,,,
21929,21926,,,,
21930,21927,,,,
21931,21928,,,,
21932,21929,,,,
21933,21930,,,,
21934,21931,,,,
21935,21932,,,,
21936,21933,,,,
21937,21934,,,,
21938,21935,,,,
21939,21936,,,,
21940,21937,,,,
21941,21938,,,,
21942,21939,,,,
21943,21940,,,,
21944,21941,,,,
21945,21942,,,,
21946,21943,,,,
21947,21944,,,,
21948,21945,,,,
21949,21946,,,,
21950,21947,,,,
21951,21948,,,,
21952,21949,,,,
21953,21950,,,,
21954,21951,,,,
21955,21952,,,,
21956,21953,,,,
21957,21954,,,,
21958,21955,,,,
21959,21956,,,,
21960,21957,,,,
21961,21958,,,,
21962,21959,,,,
21963,21960,,,,
21964,21961,,,,
21965,21962,,,,
21966,21963,,,,
21967,21964,,,,
21968,21965,,,,
21969,21966,,,,
21970,21967,,,,
21971,21968,,,,
21972,21969,,,,
21973,21970,,,,
21974,21971,,,,
21975,21972,,,,
21976,21973,,,,
21977,21974,,,,
21978,21975,,,,
21979,21976,,,,
21980,21977,,,,
21981,21978,,,,
21982,21979,,,,
21983,21980,,,,
21984,21981,,,,
21985,21982,,,,
21986,21983,,,,
21987,21984,,,,
21988,21985,,,,
21989,21986,,,,
21990,21987,,,,
21991,21988,,,,
21992,21989,"Gil Netter, Andrew A. Kosove, and Broderick Johnson",John Lee Hancock,John Lee Hancock,Warner Bros. Pictures
21993,21990,,,,
21994,21991,,,,
21995,21992,,,,
21996,21993,,,,
21997,21994,,,,
21998,21995,,,,
21999,21996,,,,
22000,21997,,,,
22001,21998,,,,
22002,21999,,,,
22003,22000,,,,
22004,22001,,,,
22005,22002,,,,
22006,22003,,,,
22007,22004,,,,
22008,22005,,,,
22009,22006,,,,
22010,22007,,,,
22011,22008,,,,
22012,22009,,,,
22013,22010,,,,
22014,22011,,,,
22015,22012,,,,
22016,22013,,,,
22017,22014,,,,
22018,22015,,,,
22019,22016,,,,
22020,22017,,,,
22021,22018,,,,
22022,22019,,,,
22023,22020,,,,
22024,22021,,,,
22025,22022,,,,
22026,22023,,,,
22027,22024,,,,
22028,22025,,,,
22029,22026,,,,
22030,22027,,,,
22031,22028,,,,
22032,22029,,,,
22033,22030,,,,
22034,22031,,,,
22035,22032,,,,
22036,22033,,,,
22037,22034,,,,
22038,22035,,,,
22039,22036,,,,
22040,22037,,,,
22041,22038,,,,
22042,22039,,,,
22043,22040,,,,
22044,22041,,,,
22045,22042,,,,
22046,22043,,,,
22047,22044,,,,
22048,22045,,,,
22049,22046,,,,
22050,22047,,,,
22051,22048,,,,
22052,22049,,,,
22053,22050,,,,
22054,22051,,,,
22055,22052,,,,
22056,22053,,,,
22057,22054,,,,
22058,22055,,,,
22059,22056,,,,
22060,22057,,,,
22061,22058,,,,
22062,22059,,,,
22063,22060,,,,
22064,22061,,,,
22065,22062,,,,
22066,22063,,,,
22067,22064,,,,
22068,22065,,,,
22069,22066,,,,
22070,22067,,,,
22071,22068,,,,
22072,22069,,,,
22073,22070,,,,
22074,22071,,,,
22075,22072,,,,
22076,22073,,,,
22077,22074,,,,
22078,22075,,,,
22079,22076,,,,
22080,22077,,,,
22081,22078,,,,
22082,22079,,,,
22083,22080,,,,
22084,22081,,,,
22085,22082,,,,
22086,22083,,,,
22087,22084,,,,
22088,22085,,,,
22089,22086,,,,
22090,22087,,,,
22091,22088,,,,
22092,22089,,,,
22093,22090,,,,
22094,22091,,,,
22095,22092,,,,
22096,22093,,,,
22097,22094,,,,
22098,22095,,,,
22099,22096,,,,
22100,22097,,,,
22101,22098,,,,
22102,22099,,,,
22103,22100,,,,
22104,22101,,,,
22105,22102,,,,
22106,22103,,,,
22107,22104,,,,
22108,22105,,,,
22109,22106,,,,
22110,22107,,,,
22111,22108,,,,
22112,22109,,,,
22113,22110,,,,
22114,22111,,,,
22115,22112,,,,
22116,22113,,,,
22117,22114,,,,
22118,22115,,,,
22119,22116,,,,
22120,22117,,,,
22121,22118,,,,
22122,22119,,,,
22123,22120,,,,
22124,22121,,,,
22125,22122,,,,
22126,22123,,,,
22127,22124,,,,
22128,22125,,,,
22129,22126,Sam Spiegel,David Lean,"Michael Wilson, Carl Foreman",Columbia Pictures
22130,22127,,,,
22131,22128,,,,
22132,22129,,,,
22133,22130,,,,
22134,22131,Metro-Goldwyn-Mayer,Harry Beaumont,"James Gleason, Norman Houston, Sarah Y. Mason",MGM Home Entertainment
22135,22132,,,,
22136,22133,,,,
22137,22134,,,,
22138,22135,,,,
22139,22136,,,,
22140,22137,,,,
22141,22138,,,,
22142,22139,,,,
22143,22140,,,,
22144,22141,,,,
22145,22142,,,,
22146,22143,,,,
22147,22144,,,,
22148,22145,,,,
22149,22146,,,,
22150,22147,,,,
22151,22148,,,,
22152,22149,,,,
22153,22150,,,,
22154,22151,,,,
22155,22152,,,,
22156,22153,,,,
22157,22154,,,,
22158,22155,,,,
22159,22156,,,,
22160,22157,,,,
22161,22158,,,,
22162,22159,,,,
22163,22160,,,,
22164,22161,,,,
22165,22162,,,,
22166,22163,,,,
22167,22164,,,,
22168,22165,,,,
22169,22166,,,,
22170,22167,,,,
22171,22168,,,,
22172,22169,,,,
22173,22170,,,,
22174,22171,,,,
22175,22172,,,,
22176,22173,,,,
22177,22174,,,,
22178,22175,,,,
22179,22176,,,,
22180,22177,,,,
22181,22178,,,,
22182,22179,,,,
22183,22180,,,,
22184,22181,,,,
22185,22182,,,,
22186,22183,,,,
22187,22184,,,,
22188,22185,Stanley Kramer,Edward Dmytryk,"Stanley Roberts, Michael Blankfort",Sony Pictures Home Entertainment
22189,22186,,,,
22190,22187,,,,
22191,22188,,,,
22192,22189,,,,
22193,22190,,,,
22194,22191,,,,
22195,22192,,,,
22196,22193,,,,
22197,22194,,,,
22198,22195,,,,
22199,22196,,,,
22200,22197,,,,
22201,22198,,,,
22202,22199,,,,
22203,22200,,,,
22204,22201,,,,
22205,22202,,,,
22206,22203,,,,
22207,22204,,,,
22208,22205,,,,
22209,22206,,,,
22210,22207,,,,
22211,22208,,,,
22212,22209,,,,
22213,22210,,,,
22214,22211,,,,
22215,22212,,,,
22216,22213,,,,
22217,22214,,,,
22218,22215,,,,
22219,22216,,,,
22220,22217,,,,
22221,22218,,,,
22222,22219,,,,
22223,22220,,,,
22224,22221,,,,
22225,22222,,,,
22226,22223,,,,
22227,22224,,,,
22228,22225,,,,
22229,22226,,,,
22230,22227,,,,
22231,22228,,,,
22232,22229,,,,
22233,22230,,,,
22234,22231,,,,
22235,22232,,,,
22236,22233,,,,
22237,22234,,,,
22238,22235,,,,
22239,22236,,,,
22240,22237,,,,
22241,22238,,,,
22242,22239,,,,
22243,22240,,,,
22244,22241,,,,
22245,22242,,,,
22246,22243,,,,
22247,22244,,,,
22248,22245,,,,
22249,22246,,,,
22250,22247,,,,
22251,22248,,,,
22252,22249,,,,
22253,22250,,,,
22254,22251,,,,
22255,22252,,,,
22256,22253,,,,
22257,22254,,,,
22258,22255,,,,
22259,22256,,,,
22260,22257,,,,
22261,22258,,,,
22262,22259,,,,
22263,22260,,,,
22264,22261,,,,
22265,22262,,,,
22266,22263,,,,
22267,22264,,,,
22268,22265,,,,
22269,22266,,,,
22270,22267,,,,
22271,22268,,,,
22272,22269,,,,
22273,22270,,,,
22274,22271,,,,
22275,22272,,,,
22276,22273,,,,
22277,22274,,,,
22278,22275,,,,
22279,22276,,,,
22280,22277,Metro-Goldwyn-Mayer,King Vidor,"Frances Marion, Leonard Praskins, Wanda Tuchock",MGM
22281,22278,,,,
22282,22279,,,,
22283,22280,,,,
22284,22281,,,,
22285,22282,,,,
22286,22283,,,,
22287,22284,,,,
22288,22285,,,,
22289,22286,,,,
22290,22287,,,,
22291,22288,,,,
22292,22289,,,,
22293,22290,,,,
22294,22291,,,,
22295,22292,,,,
22296,22293,,,,
22297,22294,,,,
22298,22295,,,,
22299,22296,,,,
22300,22297,,,,
22301,22298,,,,
22302,22299,,,,
22303,22300,,,,
22304,22301,,,,
22305,22302,,,,
22306,22303,,,,
22307,22304,,,,
22308,22305,,,,
22309,22306,,,,
22310,22307,,,,
22311,22308,,,,
22312,22309,,,,
22313,22310,,,,
22314,22311,,,,
22315,22312,,,,
22316,22313,,,,
22317,22314,,,,
22318,22315,,,,
22319,22316,,,,
22320,22317,,,,
22321,22318,,,,
22322,22319,,,,
22323,22320,,,,
22324,22321,,,,
22325,22322,,,,
22326,22323,,,,
22327,22324,,,,
22328,22325,,,,
22329,22326,,,,
22330,22327,,,,
22331,22328,Richard N. Gladstein,Lasse Hallstrom,John Irving,Miramax
22332,22329,,,,
22333,22330,,,,
22334,22331,Metro-Goldwyn-Mayer,King Vidor,"Ian Dalrymple, Frank Wead, Elizabeth Hill, Emlyn Williams",MGM Home Entertainment
22335,22332,,,,
22336,22333,,,,
22337,22334,,,,
22338,22335,,,,
22339,22336,,,,
22340,22337,,,,
22341,22338,,,,
22342,22339,,,,
22343,22340,,,,
22344,22341,,,,
22345,22342,,,,
22346,22343,,,,
22347,22344,,,,
22348,22345,,,,
22349,22346,,,,
22350,22347,,,,
22351,22348,,,,
22352,22349,,,,
22353,22350,,,,
22354,22351,,,,
22355,22352,,,,
22356,22353,,,,
22357,22354,,,,
22358,22355,,,,
22359,22356,,,,
22360,22357,,,,
22361,22358,,,,
22362,22359,,,,
22363,22360,,,,
22364,22361,,,,
22365,22362,,,,
22366,22363,,,,
22367,22364,,,,
22368,22365,,,,
22369,22366,,,,
22370,22367,,,,
22371,22368,,,,
22372,22369,,,,
22373,22370,,,,
22374,22371,,,,
22375,22372,,,,
22376,22373,,,,
22377,22374,,,,
22378,22375,,,,
22379,22376,,,,
22380,22377,,,,
22381,22378,,,,
22382,22379,,,,
22383,22380,"Steven Spielberg, Kathleen Kennedy, Frank Marshall, and Quincy Jones",Steven Spielberg,Menno Meyjes,Warner Home Video
22384,22381,,,,
22385,22382,,,,
22386,22383,,,,
22387,22384,,,,
22388,22385,,,,
22389,22386,,,,
22390,22387,,,,
22391,22388,,,,
22392,22389,,,,
22393,22390,,,,
22394,22391,,,,
22395,22392,,,,
22396,22393,,,,
22397,22394,,,,
22398,22395,,,,
22399,22396,,,,
22400,22397,,,,
22401,22398,,,,
22402,22399,,,,
22403,22400,,,,
22404,22401,,,,
22405,22402,,,,
22406,22403,,,,
22407,22404,,,,
22408,22405,,,,
22409,22406,Francis Ford Coppola,Francis Ford Coppola,Francis Ford Coppola,Paramount Pictures
22410,22407,,,,
22411,22408,,,,
22412,22409,,,,
22413,22410,,,,
22414,22411,,,,
22415,22412,,,,
22416,22413,,,,
22417,22414,,,,
22418,22415,,,,
22419,22416,,,,
22420,22417,,,,
22421,22418,,,,
22422,22419,,,,
22423,22420,,,,
22424,22421,,,,
22425,22422,,,,
22426,22423,,,,
22427,22424,,,,
22428,22425,,,,
22429,22426,,,,
22430,22427,,,,
22431,22428,,,,
22432,22429,,,,
22433,22430,William Perlberg,George Seaton,George Seaton,Paramount Pictures
22434,22431,,,,
22435,22432,,,,
22436,22433,,,,
22437,22434,,,,
22438,22435,,,,
22439,22436,,,,
22440,22437,,,,
22441,22438,,,,
22442,22439,,,,
22443,22440,,,,
22444,22441,,,,
22445,22442,,,,
22446,22443,,,,
22447,22444,,,,
22448,22445,,,,
22449,22446,,,,
22450,22447,,,,
22451,22448,,,,
22452,22449,,,,
22453,22450,,,,
22454,22451,,,,
22455,22452,,,,
22456,22453,,,,
22457,22454,,,,
22458,22455,,,,
22459,22456,,,,
22460,22457,,,,
22461,22458,,,,
22462,22459,,,,
22463,22460,,,,
22464,22461,,,,
22465,22462,,,,
22466,22463,,,,
22467,22464,,,,
22468,22465,,,,
22469,22466,,,,
22470,22467,,,,
22471,22468,,,,
22472,22469,,,,
22473,22470,,,,
22474,22471,,,,
22475,22472,,,,
22476,22473,,,,
22477,22474,,,,
22478,22475,,,,
22479,22476,,,,
22480,22477,,,,
22481,22478,,,,
22482,22479,,,,
22483,22480,,,,
22484,22481,,,,
22485,22482,,,,
22486,22483,,,,
22487,22484,,,,
22488,22485,,,,
22489,22486,,,,
22490,22487,,,,
22491,22488,,,,
22492,22489,,,,
22493,22490,,,,
22494,22491,,,,
22495,22492,,,,
22496,22493,,,,
22497,22494,Stephen Woolley,Neil Jordan,Neil Jordan,Live Home Video
22498,22495,,,,
22499,22496,,,,
22500,22497,,,,
22501,22498,,,,
22502,22499,,,,
22503,22500,,,,
22504,22501,,,,
22505,22502,,,,
22506,22503,"Kathleen Kennedy, Frank Marshall, and Ceán Chaffin",David Fincher,"Eric Roth, Robin Swicord",Paramount
22507,22504,,,,
22508,22505,,,,
22509,22506,,,,
22510,22507,,,,
22511,22508,,,,
22512,22509,,,,
22513,22510,,,,
22514,22511,,,,
22515,22512,,,,
22516,22513,,,,
22517,22514,,,,
22518,22515,,,,
22519,22516,,,,
22520,22517,,,,
22521,22518,,,,
22522,22519,,,,
22523,22520,,,,
22524,22521,,,,
22525,22522,,,,
22526,22523,,,,
22527,22524,,,,
22528,22525,,,,
22529,22526,,,,
22530,22527,,,,
22531,22528,,,,
22532,22529,,,,
22533,22530,,,,
22534,22531,,,,
22535,22532,,,,
22536,22533,,,,
22537,22534,,,,
22538,22535,,,,
22539,22536,,,,
22540,22537,,,,
22541,22538,,,,
22542,22539,,,,
22543,22540,,,,
22544,22541,,,,
22545,22542,,,,
22546,22543,,,,
22547,22544,,,,
22548,22545,,,,
22549,22546,,,,
22550,22547,,,,
22551,22548,,,,
22552,22549,,,,
22553,22550,,,,
22554,22551,,,,
22555,22552,,,,
22556,22553,,,,
22557,22554,,,,
22558,22555,,,,
22559,22556,,,,
22560,22557,,,,
22561,22558,,,,
22562,22559,,,,
22563,22560,,,,
22564,22561,,,,
22565,22562,,,,
22566,22563,,,,
22567,22564,,,,
22568,22565,,,,
22569,22566,,,,
22570,22567,,,,
22571,22568,,,,
22572,22569,,,,
22573,22570,,,,
22574,22571,,,,
22575,22572,,,,
22576,22573,,,,
22577,22574,,,,
22578,22575,,,,
22579,22576,,,,
22580,22577,,,,
22581,22578,,,,
22582,22579,,,,
22583,22580,,,,
22584,22581,,,,
22585,22582,,,,
22586,22583,,,,
22587,22584,,,,
22588,22585,,,,
22589,22586,,,,
22590,22587,,,,
22591,22588,,,,
22592,22589,,,,
22593,22590,,,,
22594,22591,,,,
22595,22592,,,,
22596,22593,,,,
22597,22594,,,,
22598,22595,,,,
22599,22596,,,,
22600,22597,,,,
22601,22598,,,,
22602,22599,,,,
22603,22600,,,,
22604,22601,,,,
22605,22602,,,,
22606,22603,,,,
22607,22604,,,,
22608,22605,,,,
22609,22606,,,,
22610,22607,,,,
22611,22608,,,,
22612,22609,,,,
22613,22610,,,,
22614,22611,,,,
22615,22612,,,,
22616,22613,,,,
22617,22614,,,,
22618,22615,,,,
22619,22616,,,,
22620,22617,,,,
22621,22618,,,,
22622,22619,,,,
22623,22620,,,,
22624,22621,,,,
22625,22622,,,,
22626,22623,,,,
22627,22624,,,,
22628,22625,,,,
22629,22626,,,,
22630,22627,,,,
22631,22628,,,,
22632,22629,,,,
22633,22630,,,,
22634,22631,,,,
22635,22632,,,,
22636,22633,,,,
22637,22634,,,,
22638,22635,,,,
22639,22636,,,,
22640,22637,,,,
22641,22638,,,,
22642,22639,,,,
22643,22640,,,,
22644,22641,,,,
22645,22642,,,,
22646,22643,,,,
22647,22644,,,,
22648,22645,,,,
22649,22646,,,,
22650,22647,,,,
22651,22648,,,,
22652,22649,,,,
22653,22650,,,,
22654,22651,,,,
22655,22652,,,,
22656,22653,,,,
22657,22654,,,,
22658,22655,,,,
22659,22656,,,,
22660,22657,,,,
22661,22658,,,,
22662,22659,,,,
22663,22660,,,,
22664,22661,,,,
22665,22662,,,,
22666,22663,,,,
22667,22664,,,,
22668,22665,,,,
22669,22666,,,,
22670,22667,,,,
22671,22668,,,,
22672,22669,,,,
22673,22670,,,,
22674,22671,,,,
22675,22672,,,,
22676,22673,,,,
22677,22674,,,,
22678,22675,,,,
22679,22676,,,,
22680,22677,,,,
22681,22678,,,,
22682,22679,,,,
22683,22680,,,,
22684,22681,,,,
22685,22682,,,,
22686,22683,,,,
22687,22684,,,,
22688,22685,,,,
22689,22686,,,,
22690,22687,,,,
22691,22688,,,,
22692,22689,,,,
22693,22690,,,,
22694,22691,,,,
22695,22692,,,,
22696,22693,,,,
22697,22694,,,,
22698,22695,,,,
22699,22696,,,,
22700,22697,,,,
22701,22698,,,,
22702,22699,,,,
22703,22700,,,,
22704,22701,,,,
22705,22702,,,,
22706,22703,,,,
22707,22704,,,,
22708,22705,,,,
22709,22706,,,,
22710,22707,,,,
22711,22708,,,,
22712,22709,,,,
22713,22710,,,,
22714,22711,,,,
22715,22712,,,,
22716,22713,,,,
22717,22714,,,,
22718,22715,,,,
22719,22716,,,,
22720,22717,,,,
22721,22718,,,,
22722,22719,"Barry Spikings, Michael Deeley, Michael Cimino, and John Peverall",Michael Cimino,"Deric Washburn, Louis Garfinkle, Quinn K. Redeker",Universal Pictures
22723,22720,Stanley Kramer,Stanley Kramer,"Harold Jacob Smith, Ned Young, Nathan E. Douglas",MGM Home Entertainment
22724,22721,,,,
22725,22722,,,,
22726,22723,,,,
22727,22724,,,,
22728,22725,,,,
22729,22726,,,,
22730,22727,,,,
22731,22728,,,,
22732,22729,,,,
22733,22730,,,,
22734,22731,,,,
22735,22732,,,,
22736,22733,,,,
22737,22734,,,,
22738,22735,,,,
22739,22736,,,,
22740,22737,,,,
22741,22738,,,,
22742,22739,,,,
22743,22740,,,,
22744,22741,,,,
22745,22742,,,,
22746,22743,,,,
22747,22744,,,,
22748,22745,,,,
22749,22746,,,,
22750,22747,,,,
22751,22748,,,,
22752,22749,,,,
22753,22750,,,,
22754,22751,,,,
22755,22752,,,,
22756,22753,,,,
22757,22754,,,,
22758,22755,,,,
22759,22756,Graham King,Martin Scorsese,"William Monahan, Martin Scorsese",Warner Bros. Pictures
22760,22757,,,,
22761,22758,,,,
22762,22759,"Jim Burke, Alexander Payne, and Jim Taylor",Alexander Payne,"Jim Rash, Alexander Payne, Nat Faxon",Fox Searchlight Pictures
22763,22760,,,,
22764,22761,,,,
22765,22762,,,,
22766,22763,,,,
22767,22764,,,,
22768,22765,,,,
22769,22766,,,,
22770,22767,,,,
22771,22768,,,,
22772,22769,,,,
22773,22770,,,,
22774,22771,,,,
22775,22772,,,,
22776,22773,,,,
22777,22774,,,,
22778,22775,,,,
22779,22776,,,,
22780,22777,,,,
22781,22778,,,,
22782,22779,,,,
22783,22780,,,,
22784,22781,,,,
22785,22782,,,,
22786,22783,,,,
22787,22784,,,,
22788,22785,,,,
22789,22786,,,,
22790,22787,,,,
22791,22788,,,,
22792,22789,,,,
22793,22790,,,,
22794,22791,,,,
22795,22792,,,,
22796,22793,,,,
22797,22794,,,,
22798,22795,,,,
22799,22796,,,,
22800,22797,,,,
22801,22798,,,,
22802,22799,,,,
22803,22800,,,,
22804,22801,,,,
22805,22802,,,,
22806,22803,,,,
22807,22804,,,,
22808,22805,,,,
22809,22806,,,,
22810,22807,,,,
22811,22808,,,,
22812,22809,,,,
22813,22810,,,,
22814,22811,,,,
22815,22812,,,,
22816,22813,,,,
22817,22814,,,,
22818,22815,,,,
22819,22816,,,,
22820,22817,,,,
22821,22818,,,,
22822,22819,,,,
22823,22820,,,,
22824,22821,,,,
22825,22822,,,,
22826,22823,,,,
22827,22824,,,,
22828,22825,,,,
22829,22826,,,,
22830,22827,,,,
22831,22828,,,,
22832,22829,,,,
22833,22830,,,,
22834,22831,,,,
22835,22832,,,,
22836,22833,,,,
22837,22834,,,,
22838,22835,,,,
22839,22836,,,,
22840,22837,,,,
22841,22838,,,,
22842,22839,,,,
22843,22840,,,,
22844,22841,,,,
22845,22842,,,,
22846,22843,,,,
22847,22844,,,,
22848,22845,,,,
22849,22846,,,,
22850,22847,,,,
22851,22848,,,,
22852,22849,,,,
22853,22850,,,,
22854,22851,,,,
22855,22852,,,,
22856,22853,,,,
22857,22854,,,,
22858,22855,,,,
22859,22856,,,,
22860,22857,,,,
22861,22858,,,,
22862,22859,,,,
22863,22860,,,,
22864,22861,,,,
22865,22862,,,,
22866,22863,,,,
22867,22864,,,,
22868,22865,,,,
22869,22866,,,,
22870,22867,,,,
22871,22868,,,,
22872,22869,,,,
22873,22870,,,,
22874,22871,,,,
22875,22872,George Stevens,George Stevens,"Albert Hackett, Frances Goodrich",Fox
22876,22873,,,,
22877,22874,,,,
22878,22875,,,,
22879,22876,,,,
22880,22877,,,,
22881,22878,,,,
22882,22879,,,,
22883,22880,,,,
22884,22881,,,,
22885,22882,,,,
22886,22883,,,,
22887,22884,,,,
22888,22885,,,,
22889,22886,,,,
22890,22887,,,,
22891,22888,,,,
22892,22889,,,,
22893,22890,,,,
22894,22891,,,,
22895,22892,,,,
22896,22893,,,,
22897,22894,,,,
22898,22895,,,,
22899,22896,,,,
22900,22897,,,,
22901,22898,,,,
22902,22899,,,,
22903,22900,,,,
22904,22901,,,,
22905,22902,,,,
22906,22903,,,,
22907,22904,,,,
22908,22905,,,,
22909,22906,,,,
22910,22907,,,,
22911,22908,,,,
22912,22909,,,,
22913,22910,,,,
22914,22911,,,,
22915,22912,,,,
22916,22913,,,,
22917,22914,,,,
22918,22915,,,,
22919,22916,,,,
22920,22917,,,,
22921,22918,,,,
22922,22919,,,,
22923,22920,,,,
22924,22921,,,,
22925,22922,,,,
22926,22923,,,,
22927,22924,,,,
22928,22925,,,,
22929,22926,,,,
22930,22927,,,,
22931,22928,,,,
22932,22929,,,,
22933,22930,,,,
22934,22931,,,,
22935,22932,,,,
22936,22933,,,,
22937,22934,,,,
22938,22935,,,,
22939,22936,,,,
22940,22937,,,,
22941,22938,,,,
22942,22939,,,,
22943,22940,,,,
22944,22941,,,,
22945,22942,,,,
22946,22943,,,,
22947,22944,,,,
22948,22945,,,,
22949,22946,,,,
22950,22947,,,,
22951,22948,Peter Yates,Peter Yates,"Ronald Harwood, Peter Yates",Sony Pictures Entertainment
22952,22949,,,,
22953,22950,,,,
22954,22951,,,,
22955,22952,,,,
22956,22953,,,,
22957,22954,,,,
22958,22955,,,,
22959,22956,,,,
22960,22957,,,,
22961,22958,,,,
22962,22959,,,,
22963,22960,,,,
22964,22961,,,,
22965,22962,,,,
22966,22963,,,,
22967,22964,,,,
22968,22965,,,,
22969,22966,,,,
22970,22967,,,,
22971,22968,,,,
22972,22969,,,,
22973,22970,,,,
22974,22971,,,,
22975,22972,,,,
22976,22973,,,,
22977,22974,,,,
22978,22975,,,,
22979,22976,,,,
22980,22977,,,,
22981,22978,,,,
22982,22979,,,,
22983,22980,,,,
22984,22981,,,,
22985,22982,,,,
22986,22983,,,,
22987,22984,,,,
22988,22985,,,,
22989,22986,,,,
22990,22987,,,,
22991,22988,,,,
22992,22989,,,,
22993,22990,,,,
22994,22991,,,,
22995,22992,,,,
22996,22993,,,,
22997,22994,,,,
22998,22995,Jonathan Sanger,David Lynch,"Eric Bergren, Christopher De Vore, David Lynch",Paramount
22999,22996,,,,
23000,22997,,,,
23001,22998,,,,
23002,22999,,,,
23003,23000,,,,
23004,23001,,,,
23005,23002,,,,
23006,23003,,,,
23007,23004,,,,
23008,23005,,,,
23009,23006,,,,
23010,23007,,,,
23011,23008,,,,
23012,23009,,,,
23013,23010,,,,
23014,23011,,,,
23015,23012,,,,
23016,23013,,,,
23017,23014,,,,
23018,23015,,,,
23019,23016,,,,
23020,23017,,,,
23021,23018,,,,
23022,23019,,,,
23023,23020,,,,
23024,23021,,,,
23025,23022,,,,
23026,23023,,,,
23027,23024,,,,
23028,23025,,,,
23029,23026,,,,
23030,23027,,,,
23031,23028,,,,
23032,23029,,,,
23033,23030,Saul Zaentz,Anthony Minghella,Anthony Minghella,Miramax Films
23034,23031,,,,
23035,23032,,,,
23036,23033,,,,
23037,23034,,,,
23038,23035,,,,
23039,23036,,,,
23040,23037,,,,
23041,23038,,,,
23042,23039,,,,
23043,23040,,,,
23044,23041,,,,
23045,23042,,,,
23046,23043,,,,
23047,23044,,,,
23048,23045,,,,
23049,23046,,,,
23050,23047,,,,
23051,23048,,,,
23052,23049,,,,
23053,23050,,,,
23054,23051,,,,
23055,23052,,,,
23056,23053,,,,
23057,23054,,,,
23058,23055,,,,
23059,23056,,,,
23060,23057,,,,
23061,23058,,,,
23062,23059,,,,
23063,23060,,,,
23064,23061,,,,
23065,23062,,,,
23066,23063,,,,
23067,23064,,,,
23068,23065,,,,
23069,23066,,,,
23070,23067,,,,
23071,23068,,,,
23072,23069,,,,
23073,23070,,,,
23074,23071,,,,
23075,23072,,,,
23076,23073,,,,
23077,23074,,,,
23078,23075,,,,
23079,23076,,,,
23080,23077,,,,
23081,23078,,,,
23082,23079,,,,
23083,23080,,,,
23084,23081,,,,
23085,23082,,,,
23086,23083,,,,
23087,23084,,,,
23088,23085,,,,
23089,23086,,,,
23090,23087,,,,
23091,23088,,,,
23092,23089,,,,
23093,23090,,,,
23094,23091,,,,
23095,23092,,,,
23096,23093,,,,
23097,23094,,,,
23098,23095,,,,
23099,23096,,,,
23100,23097,,,,
23101,23098,,,,
23102,23099,,,,
23103,23100,,,,
23104,23101,William Peter Blatty,William Friedkin,William Peter Blatty,Warner Bros. Pictures
23105,23102,,,,
23106,23103,,,,
23107,23104,,,,
23108,23105,,,,
23109,23106,,,,
23110,23107,,,,
23111,23108,,,,
23112,23109,,,,
23113,23110,,,,
23114,23111,,,,
23115,23112,,,,
23116,23113,,,,
23117,23114,,,,
23118,23115,,,,
23119,23116,,,,
23120,23117,,,,
23121,23118,,,,
23122,23119,,,,
23123,23120,,,,
23124,23121,,,,
23125,23122,,,,
23126,23123,,,,
23127,23124,,,,
23128,23125,,,,
23129,23126,,,,
23130,23127,,,,
23131,23128,,,,
23132,23129,,,,
23133,23130,,,,
23134,23131,,,,
23135,23132,,,,
23136,23133,,,,
23137,23134,,,,
23138,23135,,,,
23139,23136,,,,
23140,23137,,,,
23141,23138,,,,
23142,23139,,,,
23143,23140,,,,
23144,23141,,,,
23145,23142,,,,
23146,23143,,,,
23147,23144,,,,
23148,23145,,,,
23149,23146,,,,
23150,23147,,,,
23151,23148,,,,
23152,23149,,,,
23153,23150,,,,
23154,23151,,,,
23155,23152,,,,
23156,23153,,,,
23157,23154,,,,
23158,23155,,,,
23159,23156,,,,
23160,23157,,,,
23161,23158,,,,
23162,23159,,,,
23163,23160,,,,
23164,23161,,,,
23165,23162,,,,
23166,23163,,,,
23167,23164,,,,
23168,23165,"Ceci Dempsey, Ed Guiney, Lee Magiday, and Yorgos Lanthimos",Yorgos Lanthimos,"Deborah Davis, Tony McNamara","Fox Searchlight Pictures, Film4 and Waypoint"
23169,23166,,,,
23170,23167,,,,
23171,23168,,,,
23172,23169,,,,
23173,23170,,,,
23174,23171,,,,
23175,23172,,,,
23176,23173,,,,
23177,23174,,,,
23178,23175,,,,
23179,23176,,,,
23180,23177,,,,
23181,23178,,,,
23182,23179,,,,
23183,23180,,,,
23184,23181,,,,
23185,23182,,,,
23186,23183,,,,
23187,23184,,,,
23188,23185,,,,
23189,23186,,,,
23190,23187,,,,
23191,23188,,,,
23192,23189,,,,
23193,23190,,,,
23194,23191,,,,
23195,23192,,,,
23196,23193,,,,
23197,23194,,,,
23198,23195,,,,
23199,23196,,,,
23200,23197,,,,
23201,23198,,,,
23202,23199,,,,
23203,23200,,,,
23204,23201,,,,
23205,23202,"David Hoberman, Todd Lieberman, and Mark Wahlberg",David O. Russell,"Eric Johnson, Scott Silver, Paul Tamasy, Paul Attanasio, David O. Russell",Paramount Pictures
23206,23203,,,,
23207,23204,,,,
23208,23205,,,,
23209,23206,,,,
23210,23207,,,,
23211,23208,,,,
23212,23209,,,,
23213,23210,,,,
23214,23211,,,,
23215,23212,,,,
23216,23213,,,,
23217,23214,,,,
23218,23215,,,,
23219,23216,,,,
23220,23217,,,,
23221,23218,,,,
23222,23219,,,,
23223,23220,,,,
23224,23221,,,,
23225,23222,,,,
23226,23223,,,,
23227,23224,,,,
23228,23225,,,,
23229,23226,,,,
23230,23227,,,,
23231,23228,,,,
23232,23229,,,,
23233,23230,,,,
23234,23231,,,,
23235,23232,,,,
23236,23233,,,,
23237,23234,,,,
23238,23235,,,,
23239,23236,,,,
23240,23237,,,,
23241,23238,,,,
23242,23239,,,,
23243,23240,,,,
23244,23241,,,,
23245,23242,,,,
23246,23243,,,,
23247,23244,,,,
23248,23245,,,,
23249,23246,,,,
23250,23247,,,,
23251,23248,,,,
23252,23249,,,,
23253,23250,,,,
23254,23251,,,,
23255,23252,,,,
23256,23253,,,,
23257,23254,,,,
23258,23255,,,,
23259,23256,,,,
23260,23257,,,,
23261,23258,,,,
23262,23259,,,,
23263,23260,,,,
23264,23261,,,,
23265,23262,,,,
23266,23263,,,,
23267,23264,,,,
23268,23265,,,,
23269,23266,,,,
23270,23267,,,,
23271,23268,,,,
23272,23269,,,,
23273,23270,,,,
23274,23271,,,,
23275,23272,,,,
23276,23273,,,,
23277,23274,,,,
23278,23275,,,,
23279,23276,,,,
23280,23277,,,,
23281,23278,,,,
23282,23279,,,,
23283,23280,,,,
23284,23281,,,,
23285,23282,,,,
23286,23283,,,,
23287,23284,,,,
23288,23285,,,,
23289,23286,,,,
23290,23287,,,,
23291,23288,,,,
23292,23289,,,,
23293,23290,,,,
23294,23291,,,,
23295,23292,,,,
23296,23293,,,,
23297,23294,,,,
23298,23295,,,,
23299,23296,,,,
23300,23297,,,,
23301,23298,,,,
23302,23299,,,,
23303,23300,,,,
23304,23301,,,,
23305,23302,Philip D'Antoni,William Friedkin,Ernest Tidyman,20th Century Fox
23306,23303,,,,
23307,23304,,,,
23308,23305,,,,
23309,23306,,,,
23310,23307,,,,
23311,23308,,,,
23312,23309,,,,
23313,23310,,,,
23314,23311,,,,
23315,23312,,,,
23316,23313,,,,
23317,23314,,,,
23318,23315,,,,
23319,23316,Arnold Kopelson,Andrew Davis,"Jeb Stuart, Andrew Davis, Roy Huggins, David Twohy, David Newman, Walter Hill, David Giler, Robert Mark Kamen",Warner Bros. Pictures
23320,23317,,,,
23321,23318,Uberto Pasolini,Peter Cattaneo,"Simon Beaufoy, Simon Beaufor",Twentieth Century Fox Home Entertainment
23322,23319,,,,
23323,23320,,,,
23324,23321,,,,
23325,23322,,,,
23326,23323,,,,
23327,23324,,,,
23328,23325,,,,
23329,23326,,,,
23330,23327,,,,
23331,23328,,,,
23332,23329,,,,
23333,23330,,,,
23334,23331,,,,
23335,23332,,,,
23336,23333,,,,
23337,23334,,,,
23338,23335,,,,
23339,23336,,,,
23340,23337,,,,
23341,23338,,,,
23342,23339,,,,
23343,23340,,,,
23344,23341,,,,
23345,23342,,,,
23346,23343,,,,
23347,23344,,,,
23348,23345,,,,
23349,23346,,,,
23350,23347,,,,
23351,23348,,,,
23352,23349,,,,
23353,23350,,,,
23354,23351,,,,
23355,23352,,,,
23356,23353,,,,
23357,23354,,,,
23358,23355,,,,
23359,23356,,,,
23360,23357,,,,
23361,23358,,,,
23362,23359,,,,
23363,23360,,,,
23364,23361,,,,
23365,23362,,,,
23366,23363,,,,
23367,23364,RKO Radio,Mark Sandrich,"George Marion Jr., Edward Kaufman, Dwight Taylor, Dorothy Yost",RKO Radio Pictures
23368,23365,,,,
23369,23366,,,,
23370,23367,,,,
23371,23368,,,,
23372,23369,,,,
23373,23370,,,,
23374,23371,,,,
23375,23372,,,,
23376,23373,,,,
23377,23374,,,,
23378,23375,,,,
23379,23376,,,,
23380,23377,,,,
23381,23378,,,,
23382,23379,,,,
23383,23380,,,,
23384,23381,,,,
23385,23382,,,,
23386,23383,,,,
23387,23384,,,,
23388,23385,,,,
23389,23386,,,,
23390,23387,,,,
23391,23388,,,,
23392,23389,,,,
23393,23390,,,,
23394,23391,,,,
23395,23392,,,,
23396,23393,,,,
23397,23394,,,,
23398,23395,,,,
23399,23396,,,,
23400,23397,,,,
23401,23398,,,,
23402,23399,,,,
23403,23400,,,,
23404,23401,,,,
23405,23402,,,,
23406,23403,,,,
23407,23404,,,,
23408,23405,,,,
23409,23406,,,,
23410,23407,,,,
23411,23408,,,,
23412,23409,,,,
23413,23410,,,,
23414,23411,,,,
23415,23412,,,,
23416,23413,,,,
23417,23414,,,,
23418,23415,,,,
23419,23416,,,,
23420,23417,,,,
23421,23418,,,,
23422,23419,,,,
23423,23420,,,,
23424,23421,,,,
23425,23422,,,,
23426,23423,,,,
23427,23424,,,,
23428,23425,,,,
23429,23426,,,,
23430,23427,,,,
23431,23428,,,,
23432,23429,,,,
23433,23430,,,,
23434,23431,,,,
23435,23432,,,,
23436,23433,,,,
23437,23434,,,,
23438,23435,,,,
23439,23436,,,,
23440,23437,,,,
23441,23438,,,,
23442,23439,,,,
23443,23440,,,,
23444,23441,,,,
23445,23442,,,,
23446,23443,,,,
23447,23444,,,,
23448,23445,,,,
23449,23446,,,,
23450,23447,,,,
23451,23448,,,,
23452,23449,,,,
23453,23450,,,,
23454,23451,,,,
23455,23452,,,,
23456,23453,,,,
23457,23454,,,,
23458,23455,,,,
23459,23456,,,,
23460,23457,,,,
23461,23458,,,,
23462,23459,,,,
23463,23460,,,,
23464,23461,,,,
23465,23462,,,,
23466,23463,,,,
23467,23464,,,,
23468,23465,,,,
23469,23466,,,,
23470,23467,,,,
23471,23468,,,,
23472,23469,,,,
23473,23470,,,,
23474,23471,,,,
23475,23472,,,,
23476,23473,,,,
23477,23474,,,,
23478,23475,,,,
23479,23476,Albert S. Ruddy,Francis Ford Coppola,"Francis Ford Coppola, Mario Puzo",Paramount Pictures
23480,23477,,,,
23481,23478,,,,
23482,23479,,,,
23483,23480,,,,
23484,23481,,,,
23485,23482,,,,
23486,23483,,,,
23487,23484,,,,
23488,23485,,,,
23489,23486,,,,
23490,23487,,,,
23491,23488,,,,
23492,23489,,,,
23493,23490,,,,
23494,23491,,,,
23495,23492,,,,
23496,23493,Metro-Goldwyn-Mayer,"Sidney Franklin, Victor Fleming","Claudine West, Talbot Jennings, Tess Slesinger, Donald Davis",WARNER BROTHERS PICTURES
23497,23494,,,,
23498,23495,,,,
23499,23496,,,,
23500,23497,,,,
23501,23498,,,,
23502,23499,,,,
23503,23500,Ray Stark,Herbert Ross,Neil Simon,MGM Home Entertainment
23504,23501,,,,
23505,23502,,,,
23506,23503,,,,
23507,23504,,,,
23508,23505,,,,
23509,23506,,,,
23510,23507,Lawrence Turman,Mike Nichols,"Calder Willingham, Buck Henry",Embassy Pictures/Rialto Pictures
23511,23508,"Wes Anderson, Scott Rudin, Steven M. Rales, and Jeremy Dawson",Wes Anderson,"Hugo Guinness, Wes Anderson",Fox Searchlight
23512,23509,,,,
23513,23510,,,,
23514,23511,,,,
23515,23512,,,,
23516,23513,,,,
23517,23514,20th Century-Fox,John Ford,Nunnally Johnson,20th Century Fox Film Corporation
23518,23515,,,,
23519,23516,,,,
23520,23517,,,,
23521,23518,,,,
23522,23519,,,,
23523,23520,,,,
23524,23521,,,,
23525,23522,,,,
23526,23523,,,,
23527,23524,,,,
23528,23525,,,,
23529,23526,,,,
23530,23527,,,,
23531,23528,,,,
23532,23529,,,,
23533,23530,,,,
23534,23531,,,,
23535,23532,,,,
23536,23533,,,,
23537,23534,,,,
23538,23535,Charles Chaplin Productions,Charles Chaplin,Charles Chaplin,Criterion Collection
23539,23536,,,,
23540,23537,,,,
23541,23538,,,,
23542,23539,,,,
23543,23540,,,,
23544,23541,,,,
23545,23542,,,,
23546,23543,Metro-Goldwyn-Mayer,Robert Z. Leonard,William Anthony McGuire,MGM Home Entertainment
23547,23544,,,,
23548,23545,,,,
23549,23546,Cecil B. DeMille,Cecil B. DeMille,"Fredric M. Frank, Barré Lyndon, Theodore St. John, Frank Cavett",Paramount Pictures
23550,23547,,,,
23551,23548,,,,
23552,23549,,,,
23553,23550,,,,
23554,23551,,,,
23555,23552,Frank Darabont and David Valdes,Frank Darabont,Frank Darabont,Warner Bros. Pictures
23556,23553,,,,
23557,23554,,,,
23558,23555,,,,
23559,23556,,,,
23560,23557,,,,
23561,23558,,,,
23562,23559,,,,
23563,23560,,,,
23564,23561,,,,
23565,23562,,,,
23566,23563,,,,
23567,23564,,,,
23568,23565,,,,
23569,23566,,,,
23570,23567,,,,
23571,23568,,,,
23572,23569,,,,
23573,23570,,,,
23574,23571,,,,
23575,23572,,,,
23576,23573,,,,
23577,23574,,,,
23578,23575,,,,
23579,23576,,,,
23580,23577,,,,
23581,23578,,,,
23582,23579,,,,
23583,23580,,,,
23584,23581,,,,
23585,23582,,,,
23586,23583,,,,
23587,23584,,,,
23588,23585,,,,
23589,23586,,,,
23590,23587,Carl Foreman,J. Lee Thompson,"J. Lee Thompson, Carl Foreman",Columbia Pictures
23591,23588,,,,
23592,23589,,,,
23593,23590,,,,
23594,23591,,,,
23595,23592,,,,
23596,23593,,,,
23597,23594,,,,
23598,23595,,,,
23599,23596,,,,
23600,23597,,,,
23601,23598,,,,
23602,23599,,,,
23603,23600,,,,
23604,23601,,,,
23605,23602,,,,
23606,23603,,,,
23607,23604,,,,
23608,23605,,,,
23609,23606,,,,
23610,23607,,,,
23611,23608,,,,
23612,23609,,,,
23613,23610,,,,
23614,23611,,,,
23615,23612,,,,
23616,23613,,,,
23617,23614,,,,
23618,23615,,,,
23619,23616,,,,
23620,23617,,,,
23621,23618,,,,
23622,23619,,,,
23623,23620,,,,
23624,23621,,,,
23625,23622,,,,
23626,23623,,,,
23627,23624,,,,
23628,23625,,,,
23629,23626,,,,
23630,23627,,,,
23631,23628,,,,
23632,23629,,,,
23633,23630,,,,
23634,23631,,,,
23635,23632,,,,
23636,23633,,,,
23637,23634,,,,
23638,23635,,,,
23639,23636,,,,
23640,23637,,,,
23641,23638,,,,
23642,23639,,,,
23643,23640,,,,
23644,23641,,,,
23645,23642,,,,
23646,23643,,,,
23647,23644,,,,
23648,23645,,,,
23649,23646,,,,
23650,23647,,,,
23651,23648,,,,
23652,23649,,,,
23653,23650,,,,
23654,23651,,,,
23655,23652,,,,
23656,23653,,,,
23657,23654,,,,
23658,23655,,,,
23659,23656,,,,
23660,23657,,,,
23661,23658,,,,
23662,23659,,,,
23663,23660,,,,
23664,23661,,,,
23665,23662,,,,
23666,23663,,,,
23667,23664,,,,
23668,23665,,,,
23669,23666,,,,
23670,23667,,,,
23671,23668,,,,
23672,23669,,,,
23673,23670,,,,
23674,23671,,,,
23675,23672,,,,
23676,23673,,,,
23677,23674,,,,
23678,23675,,,,
23679,23676,,,,
23680,23677,,,,
23681,23678,,,,
23682,23679,,,,
23683,23680,,,,
23684,23681,,,,
23685,23682,,,,
23686,23683,,,,
23687,23684,,,,
23688,23685,,,,
23689,23686,,,,
23690,23687,,,,
23691,23688,,,,
23692,23689,,,,
23693,23690,,,,
23694,23691,,,,
23695,23692,,,,
23696,23693,,,,
23697,23694,,,,
23698,23695,,,,
23699,23696,,,,
23700,23697,,,,
23701,23698,,,,
23702,23699,,,,
23703,23700,,,,
23704,23701,,,,
23705,23702,,,,
23706,23703,,,,
23707,23704,,,,
23708,23705,,,,
23709,23706,,,,
23710,23707,,,,
23711,23708,,,,
23712,23709,,,,
23713,23710,,,,
23714,23711,,,,
23715,23712,,,,
23716,23713,,,,
23717,23714,,,,
23718,23715,,,,
23719,23716,,,,
23720,23717,,,,
23721,23718,,,,
23722,23719,,,,
23723,23720,,,,
23724,23721,,,,
23725,23722,,,,
23726,23723,,,,
23727,23724,,,,
23728,23725,,,,
23729,23726,,,,
23730,23727,,,,
23731,23728,"Brunson Green, Chris Columbus, and Michael Barnathan",Tate Taylor,Tate Taylor,DreamWorks Studios
23732,23729,,,,
23733,23730,,,,
23734,23731,,,,
23735,23732,,,,
23736,23733,,,,
23737,23734,,,,
23738,23735,,,,
23739,23736,,,,
23740,23737,,,,
23741,23738,,,,
23742,23739,,,,
23743,23740,,,,
23744,23741,,,,
23745,23742,,,,
23746,23743,,,,
23747,23744,,,,
23748,23745,,,,
23749,23746,,,,
23750,23747,,,,
23751,23748,,,,
23752,23749,,,,
23753,23750,,,,
23754,23751,,,,
23755,23752,,,,
23756,23753,,,,
23757,23754,,,,
23758,23755,,,,
23759,23756,,,,
23760,23757,,,,
23761,23758,,,,
23762,23759,,,,
23763,23760,,,,
23764,23761,,,,
23765,23762,,,,
23766,23763,,,,
23767,23764,,,,
23768,23765,,,,
23769,23766,,,,
23770,23767,,,,
23771,23768,,,,
23772,23769,,,,
23773,23770,,,,
23774,23771,,,,
23775,23772,,,,
23776,23773,,,,
23777,23774,,,,
23778,23775,,,,
23779,23776,,,,
23780,23777,,,,
23781,23778,,,,
23782,23779,,,,
23783,23780,,,,
23784,23781,,,,
23785,23782,,,,
23786,23783,,,,
23787,23784,,,,
23788,23785,,,,
23789,23786,,,,
23790,23787,,,,
23791,23788,,,,
23792,23789,,,,
23793,23790,,,,
23794,23791,,,,
23795,23792,,,,
23796,23793,,,,
23797,23794,,,,
23798,23795,,,,
23799,23796,,,,
23800,23797,,,,
23801,23798,,,,
23802,23799,,,,
23803,23800,,,,
23804,23801,,,,
23805,23802,,,,
23806,23803,,,,
23807,23804,,,,
23808,23805,,,,
23809,23806,,,,
23810,23807,,,,
23811,23808,,,,
23812,23809,,,,
23813,23810,,,,
23814,23811,,,,
23815,23812,,,,
23816,23813,,,,
23817,23814,,,,
23818,23815,,,,
23819,23816,,,,
23820,23817,,,,
23821,23818,,,,
23822,23819,,,,
23823,23820,,,,
23824,23821,,,,
23825,23822,,,,
23826,23823,,,,
23827,23824,,,,
23828,23825,,,,
23829,23826,,,,
23830,23827,Scott Rudin and Robert Fox,Stephen Daldry,David Hare,Miramax Films
23831,23828,,,,
23832,23829,,,,
23833,23830,,,,
23834,23831,,,,
23835,23832,,,,
23836,23833,,,,
23837,23834,,,,
23838,23835,,,,
23839,23836,,,,
23840,23837,,,,
23841,23838,,,,
23842,23839,,,,
23843,23840,,,,
23844,23841,,,,
23845,23842,,,,
23846,23843,,,,
23847,23844,,,,
23848,23845,,,,
23849,23846,,,,
23850,23847,,,,
23851,23848,,,,
23852,23849,,,,
23853,23850,,,,
23854,23851,,,,
23855,23852,,,,
23856,23853,,,,
23857,23854,,,,
23858,23855,,,,
23859,23856,,,,
23860,23857,,,,
23861,23858,,,,
23862,23859,,,,
23863,23860,,,,
23864,23861,,,,
23865,23862,,,,
23866,23863,,,,
23867,23864,,,,
23868,23865,,,,
23869,23866,,,,
23870,23867,,,,
23871,23868,,,,
23872,23869,,,,
23873,23870,,,,
23874,23871,,,,
23875,23872,,,,
23876,23873,,,,
23877,23874,,,,
23878,23875,,,,
23879,23876,,,,
23880,23877,,,,
23881,23878,,,,
23882,23879,,,,
23883,23880,,,,
23884,23881,,,,
23885,23882,,,,
23886,23883,,,,
23887,23884,,,,
23888,23885,,,,
23889,23886,,,,
23890,23887,,,,
23891,23888,,,,
23892,23889,,,,
23893,23890,,,,
23894,23891,,,,
23895,23892,,,,
23896,23893,,,,
23897,23894,,,,
23898,23895,,,,
23899,23896,,,,
23900,23897,,,,
23901,23898,,,,
23902,23899,,,,
23903,23900,,,,
23904,23901,,,,
23905,23902,,,,
23906,23903,,,,
23907,23904,,,,
23908,23905,,,,
23909,23906,,,,
23910,23907,,,,
23911,23908,,,,
23912,23909,,,,
23913,23910,,,,
23914,23911,,,,
23915,23912,,,,
23916,23913,,,,
23917,23914,,,,
23918,23915,,,,
23919,23916,,,,
23920,23917,,,,
23921,23918,,,,
23922,23919,,,,
23923,23920,,,,
23924,23921,,,,
23925,23922,,,,
23926,23923,,,,
23927,23924,,,,
23928,23925,,,,
23929,23926,Metro-Goldwyn-Mayer,Clarence Brown,Howard Estabrook,Warner Home Video
23930,23927,,,,
23931,23928,,,,
23932,23929,,,,
23933,23930,,,,
23934,23931,,,,
23935,23932,,,,
23936,23933,,,,
23937,23934,,,,
23938,23935,,,,
23939,23936,,,,
23940,23937,,,,
23941,23938,,,,
23942,23939,,,,
23943,23940,,,,
23944,23941,,,,
23945,23942,,,,
23946,23943,,,,
23947,23944,,,,
23948,23945,,,,
23949,23946,,,,
23950,23947,,,,
23951,23948,,,,
23952,23949,,,,
23953,23950,,,,
23954,23951,Robert Rossen,Robert Rossen,"Sidney Carroll, Robert Rossen",Fox
23955,23952,,,,
23956,23953,,,,
23957,23954,,,,
23958,23955,,,,
23959,23956,,,,
23960,23957,,,,
23961,23958,,,,
23962,23959,,,,
23963,23960,,,,
23964,23961,,,,
23965,23962,,,,
23966,23963,,,,
23967,23964,,,,
23968,23965,,,,
23969,23966,,,,
23970,23967,"Nora Grossman, Ido Ostrowsky, and Teddy Schwarzman",Morten Tyldum,Graham Moore,The Weinstein Company
23971,23968,,,,
23972,23969,,,,
23973,23970,,,,
23974,23971,,,,
23975,23972,,,,
23976,23973,,,,
23977,23974,,,,
23978,23975,,,,
23979,23976,,,,
23980,23977,,,,
23981,23978,,,,
23982,23979,,,,
23983,23980,,,,
23984,23981,,,,
23985,23982,,,,
23986,23983,,,,
23987,23984,,,,
23988,23985,,,,
23989,23986,,,,
23990,23987,,,,
23991,23988,,,,
23992,23989,,,,
23993,23990,,,,
23994,23991,,,,
23995,23992,,,,
23996,23993,,,,
23997,23994,,,,
23998,23995,,,,
23999,23996,,,,
24000,23997,,,,
24001,23998,,,,
24002,23999,,,,
24003,24000,,,,
24004,24001,,,,
24005,24002,,,,
24006,24003,,,,
24007,24004,RKO Radio,John Ford,Dudley Nichols,Media Home Entertainment
24008,24005,,,,
24009,24006,,,,
24010,24007,,,,
24011,24008,,,,
24012,24009,,,,
24013,24010,,,,
24014,24011,,,,
24015,24012,,,,
24016,24013,,,,
24017,24014,,,,
24018,24015,,,,
24019,24016,,,,
24020,24017,,,,
24021,24018,,,,
24022,24019,,,,
24023,24020,,,,
24024,24021,,,,
24025,24022,Pieter Jan Brugge and Michael Mann,Michael Mann,"Eric Roth, Michael Mann",Buena Vista Pictures
24026,24023,,,,
24027,24024,,,,
24028,24025,,,,
24029,24026,,,,
24030,24027,,,,
24031,24028,,,,
24032,24029,,,,
24033,24030,,,,
24034,24031,,,,
24035,24032,,,,
24036,24033,,,,
24037,24034,,,,
24038,24035,,,,
24039,24036,,,,
24040,24037,,,,
24041,24038,,,,
24042,24039,,,,
24043,24040,,,,
24044,24041,,,,
24045,24042,,,,
24046,24043,,,,
24047,24044,,,,
24048,24045,,,,
24049,24046,,,,
24050,24047,,,,
24051,24048,,,,
24052,24049,,,,
24053,24050,,,,
24054,24051,,,,
24055,24052,,,,
24056,24053,"Martin Scorsese, Robert De Niro, Jane Rosenthal, and Emma Tillinger Koskoff",Martin Scorsese,Steven Zaillian,Netflix
24057,24054,,,,
24058,24055,,,,
24059,24056,,,,
24060,24057,,,,
24061,24058,,,,
24062,24059,,,,
24063,24060,,,,
24064,24061,,,,
24065,24062,,,,
24066,24063,,,,
24067,24064,,,,
24068,24065,,,,
24069,24066,,,,
24070,24067,,,,
24071,24068,,,,
24072,24069,,,,
24073,24070,,,,
24074,24071,,,,
24075,24072,,,,
24076,24073,,,,
24077,24074,,,,
24078,24075,,,,
24079,24076,,,,
24080,24077,,,,
24081,24078,,,,
24082,24079,,,,
24083,24080,,,,
24084,24081,,,,
24085,24082,,,,
24086,24083,,,,
24087,24084,,,,
24088,24085,,,,
24089,24086,,,,
24090,24087,,,,
24091,24088,,,,
24092,24089,,,,
24093,24090,,,,
24094,24091,,,,
24095,24092,,,,
24096,24093,,,,
24097,24094,,,,
24098,24095,,,,
24099,24096,,,,
24100,24097,,,,
24101,24098,,,,
24102,24099,,,,
24103,24100,,,,
24104,24101,,,,
24105,24102,,,,
24106,24103,,,,
24107,24104,,,,
24108,24105,,,,
24109,24106,"Gary Gilbert, Jeffrey Levy-Hinte, and Celine Rattray",Lisa Cholodenko,"Lisa Cholodenko, Stuart Blumberg",Focus Features
24110,24107,,,,
24111,24108,,,,
24112,24109,,,,
24113,24110,,,,
24114,24111,,,,
24115,24112,,,,
24116,24113,,,,
24117,24114,,,,
24118,24115,,,,
24119,24116,,,,
24120,24117,,,,
24121,24118,,,,
24122,24119,,,,
24123,24120,,,,
24124,24121,,,,
24125,24122,,,,
24126,24123,,,,
24127,24124,,,,
24128,24125,,,,
24129,24126,,,,
24130,24127,,,,
24131,24128,David Puttnam,Roland Joffé,Bruce Robinson,Warner Home Video
24132,24129,,,,
24133,24130,,,,
24134,24131,,,,
24135,24132,,,,
24136,24133,,,,
24137,24134,,,,
24138,24135,,,,
24139,24136,,,,
24140,24137,,,,
24141,24138,,,,
24142,24139,,,,
24143,24140,,,,
24144,24141,,,,
24145,24142,,,,
24146,24143,,,,
24147,24144,,,,
24148,24145,,,,
24149,24146,Charles Brackett,Walter Lang,Ernest Lehman,20th Century Fox
24150,24147,,,,
24151,24148,,,,
24152,24149,"Iain Canning, Emile Sherman, and Gareth Unwin",Tom Hooper,David Seidler,The Weinstein Company
24153,24150,,,,
24154,24151,,,,
24155,24152,,,,
24156,24153,,,,
24157,24154,,,,
24158,24155,,,,
24159,24156,,,,
24160,24157,,,,
24161,24158,,,,
24162,24159,,,,
24163,24160,,,,
24164,24161,,,,
24165,24162,,,,
24166,24163,,,,
24167,24164,,,,
24168,24165,,,,
24169,24166,,,,
24170,24167,,,,
24171,24168,,,,
24172,24169,,,,
24173,24170,,,,
24174,24171,,,,
24175,24172,,,,
24176,24173,,,,
24177,24174,,,,
24178,24175,,,,
24179,24176,,,,
24180,24177,,,,
24181,24178,,,,
24182,24179,,,,
24183,24180,,,,
24184,24181,,,,
24185,24182,,,,
24186,24183,,,,
24187,24184,,,,
24188,24185,,,,
24189,24186,,,,
24190,24187,,,,
24191,24188,,,,
24192,24189,,,,
24193,24190,,,,
24194,24191,,,,
24195,24192,,,,
24196,24193,,,,
24197,24194,,,,
24198,24195,,,,
24199,24196,,,,
24200,24197,,,,
24201,24198,,,,
24202,24199,,,,
24203,24200,,,,
24204,24201,,,,
24205,24202,,,,
24206,24203,,,,
24207,24204,,,,
24208,24205,,,,
24209,24206,,,,
24210,24207,,,,
24211,24208,,,,
24212,24209,,,,
24213,24210,Jeremy Thomas,Bernardo Bertolucci,Mark Peploe,Columbia Pictures
24214,24211,,,,
24215,24212,,,,
24216,24213,,,,
24217,24214,,,,
24218,24215,,,,
24219,24216,,,,
24220,24217,,,,
24221,24218,,,,
24222,24219,,,,
24223,24220,,,,
24224,24221,,,,
24225,24222,,,,
24226,24223,,,,
24227,24224,,,,
24228,24225,,,,
24229,24226,,,,
24230,24227,,,,
24231,24228,,,,
24232,24229,,,,
24233,24230,,,,
24234,24231,,,,
24235,24232,,,,
24236,24233,,,,
24237,24234,,,,
24238,24235,,,,
24239,24236,,,,
24240,24237,,,,
24241,24238,,,,
24242,24239,,,,
24243,24240,,,,
24244,24241,,,,
24245,24242,,,,
24246,24243,,,,
24247,24244,,,,
24248,24245,,,,
24249,24246,,,,
24250,24247,Stephen J. Friedman,Peter Bogdanovich,"Peter Bogdanovich, Larry McMurtry",Columbia Pictures
24251,24248,,,,
24252,24249,,,,
24253,24250,,,,
24254,24251,,,,
24255,24252,,,,
24256,24253,,,,
24257,24254,,,,
24258,24255,,,,
24259,24256,,,,
24260,24257,,,,
24261,24258,,,,
24262,24259,,,,
24263,24260,,,,
24264,24261,,,,
24265,24262,,,,
24266,24263,,,,
24267,24264,,,,
24268,24265,,,,
24269,24266,,,,
24270,24267,,,,
24271,24268,,,,
24272,24269,,,,
24273,24270,,,,
24274,24271,,,,
24275,24272,,,,
24276,24273,,,,
24277,24274,,,,
24278,24275,,,,
24279,24276,,,,
24280,24277,,,,
24281,24278,,,,
24282,24279,,,,
24283,24280,,,,
24284,24281,,,,
24285,24282,,,,
24286,24283,,,,
24287,24284,,,,
24288,24285,,,,
24289,24286,,,,
24290,24287,,,,
24291,24288,,,,
24292,24289,,,,
24293,24290,,,,
24294,24291,,,,
24295,24292,,,,
24296,24293,,,,
24297,24294,,,,
24298,24295,,,,
24299,24296,,,,
24300,24297,,,,
24301,24298,,,,
24302,24299,,,,
24303,24300,,,,
24304,24301,,,,
24305,24302,,,,
24306,24303,,,,
24307,24304,,,,
24308,24305,,,,
24309,24306,,,,
24310,24307,,,,
24311,24308,,,,
24312,24309,,,,
24313,24310,,,,
24314,24311,,,,
24315,24312,,,,
24316,24313,,,,
24317,24314,,,,
24318,24315,,,,
24319,24316,,,,
24320,24317,,,,
24321,24318,,,,
24322,24319,,,,
24323,24320,,,,
24324,24321,,,,
24325,24322,,,,
24326,24323,,,,
24327,24324,,,,
24328,24325,,,,
24329,24326,,,,
24330,24327,,,,
24331,24328,,,,
24332,24329,,,,
24333,24330,,,,
24334,24331,,,,
24335,24332,,,,
24336,24333,,,,
24337,24334,,,,
24338,24335,,,,
24339,24336,,,,
24340,24337,,,,
24341,24338,,,,
24342,24339,,,,
24343,24340,,,,
24344,24341,,,,
24345,24342,,,,
24346,24343,,,,
24347,24344,,,,
24348,24345,,,,
24349,24346,,,,
24350,24347,,,,
24351,24348,,,,
24352,24349,,,,
24353,24350,Warner Bros.,William Wyler,Howard Koch,MGM Home Entertainment
24354,24351,,,,
24355,24352,,,,
24356,24353,,,,
24357,24354,,,,
24358,24355,,,,
24359,24356,,,,
24360,24357,,,,
24361,24358,Warner Bros.,"Irving Rapper, William Dieterle","Norman Reilly Raine, Heinz Herald, Geza Herczeg",MGM Home Entertainment
24362,24359,,,,
24363,24360,,,,
24364,24361,,,,
24365,24362,,,,
24366,24363,,,,
24367,24364,,,,
24368,24365,,,,
24369,24366,,,,
24370,24367,,,,
24371,24368,,,,
24372,24369,,,,
24373,24370,,,,
24374,24371,,,,
24375,24372,,,,
24376,24373,Martin Poll,Anthony Harvey,James Goldman,Nelson Entertainment
24377,24374,,,,
24378,24375,,,,
24379,24376,,,,
24380,24377,,,,
24381,24378,,,,
24382,24379,,,,
24383,24380,Samuel Goldwyn Productions,William Wyler,"Lillian Hellman, Dorothy Parker, Arthur Kober, Alan Campbell",RKO
24384,24381,,,,
24385,24382,,,,
24386,24383,,,,
24387,24384,,,,
24388,24385,,,,
24389,24386,,,,
24390,24387,,,,
24391,24388,,,,
24392,24389,,,,
24393,24390,,,,
24394,24391,,,,
24395,24392,,,,
24396,24393,,,,
24397,24394,,,,
24398,24395,,,,
24399,24396,,,,
24400,24397,,,,
24401,24398,,,,
24402,24399,,,,
24403,24400,,,,
24404,24401,,,,
24405,24402,,,,
24406,24403,,,,
24407,24404,,,,
24408,24405,,,,
24409,24406,,,,
24410,24407,,,,
24411,24408,,,,
24412,24409,,,,
24413,24410,,,,
24414,24411,,,,
24415,24412,,,,
24416,24413,,,,
24417,24414,,,,
24418,24415,,,,
24419,24416,,,,
24420,24417,,,,
24421,24418,,,,
24422,24419,,,,
24423,24420,,,,
24424,24421,,,,
24425,24422,,,,
24426,24423,,,,
24427,24424,,,,
24428,24425,,,,
24429,24426,,,,
24430,24427,,,,
24431,24428,,,,
24432,24429,,,,
24433,24430,,,,
24434,24431,Darryl F. Zanuck,"Ken Annakin, Andrew Marton, Gerd Oswald, Bernhard Wicki, Darryl F. Zanuck","Cornelius Ryan, David Pursall, James Jones, Jack Seddon, Romain Gary",Twentieth Century Fox Home Entertainment
24435,24432,,,,
24436,24433,,,,
24437,24434,,,,
24438,24435,"Peter Jackson, Fran Walsh, and Barrie M. Osborne",Peter Jackson,"Fran Walsh, Peter Jackson, Philippa Boyens",New Line Cinema
24439,24436,"Barrie M. Osborne, Peter Jackson, and Fran Walsh",Peter Jackson,"Fran Walsh, Philippa Boyens, Peter Jackson",New Line Cinema
24440,24437,"Barrie M. Osborne, Fran Walsh, and Peter Jackson",Peter Jackson,"Philippa Boyens, Stephen Sinclair, Fran Walsh",New Line Cinema
24441,24438,,,,
24442,24439,,,,
24443,24440,,,,
24444,24441,,,,
24445,24442,,,,
24446,24443,,,,
24447,24444,,,,
24448,24445,,,,
24449,24446,,,,
24450,24447,,,,
24451,24448,,,,
24452,24449,,,,
24453,24450,,,,
24454,24451,,,,
24455,24452,,,,
24456,24453,,,,
24457,24454,,,,
24458,24455,,,,
24459,24456,,,,
24460,24457,,,,
24461,24458,Paramount,Billy Wilder,"Billy Wilder, Charles Brackett",Paramount Pictures
24462,24459,,,,
24463,24460,,,,
24464,24461,,,,
24465,24462,,,,
24466,24463,,,,
24467,24464,,,,
24468,24465,,,,
24469,24466,,,,
24470,24467,,,,
24471,24468,,,,
24472,24469,,,,
24473,24470,,,,
24474,24471,,,,
24475,24472,,,,
24476,24473,,,,
24477,24474,,,,
24478,24475,,,,
24479,24476,,,,
24480,24477,,,,
24481,24478,,,,
24482,24479,,,,
24483,24480,,,,
24484,24481,,,,
24485,24482,,,,
24486,24483,,,,
24487,24484,,,,
24488,24485,,,,
24489,24486,,,,
24490,24487,,,,
24491,24488,,,,
24492,24489,,,,
24493,24490,,,,
24494,24491,,,,
24495,24492,,,,
24496,24493,,,,
24497,24494,,,,
24498,24495,,,,
24499,24496,,,,
24500,24497,,,,
24501,24498,Mercury,Orson Welles,Orson Welles,RKO Radio Pictures
24502,24499,,,,
24503,24500,,,,
24504,24501,,,,
24505,24502,,,,
24506,24503,,,,
24507,24504,,,,
24508,24505,,,,
24509,24506,,,,
24510,24507,,,,
24511,24508,,,,
24512,24509,,,,
24513,24510,,,,
24514,24511,,,,
24515,24512,,,,
24516,24513,,,,
24517,24514,,,,
24518,24515,,,,
24519,24516,,,,
24520,24517,Warner Bros.,John Huston,John Huston,Warner Bros.
24521,24518,,,,
24522,24519,,,,
24523,24520,,,,
24524,24521,,,,
24525,24522,,,,
24526,24523,,,,
24527,24524,,,,
24528,24525,,,,
24529,24526,,,,
24530,24527,,,,
24531,24528,,,,
24532,24529,,,,
24533,24530,,,,
24534,24531,,,,
24535,24532,,,,
24536,24533,,,,
24537,24534,,,,
24538,24535,,,,
24539,24536,,,,
24540,24537,,,,
24541,24538,,,,
24542,24539,,,,
24543,24540,,,,
24544,24541,,,,
24545,24542,,,,
24546,24543,,,,
24547,24544,,,,
24548,24545,,,,
24549,24546,,,,
24550,24547,,,,
24551,24548,,,,
24552,24549,,,,
24553,24550,,,,
24554,24551,,,,
24555,24552,,,,
24556,24553,,,,
24557,24554,,,,
24558,24555,,,,
24559,24556,,,,
24560,24557,,,,
24561,24558,,,,
24562,24559,,,,
24563,24560,,,,
24564,24561,,,,
24565,24562,,,,
24566,24563,,,,
24567,24564,,,,
24568,24565,,,,
24569,24566,,,,
24570,24567,,,,
24571,24568,,,,
24572,24569,,,,
24573,24570,,,,
24574,24571,,,,
24575,24572,,,,
24576,24573,,,,
24577,24574,,,,
24578,24575,,,,
24579,24576,,,,
24580,24577,,,,
24581,24578,,,,
24582,24579,,,,
24583,24580,,,,
24584,24581,,,,
24585,24582,,,,
24586,24583,,,,
24587,24584,,,,
24588,24585,"Simon Kinberg, Ridley Scott, Michael Schaefer, and Mark Huffam",Ridley Scott,"Ridley Scott, Drew Goddard",20th Century Fox
24589,24586,,,,
24590,24587,,,,
24591,24588,,,,
24592,24589,,,,
24593,24590,,,,
24594,24591,,,,
24595,24592,,,,
24596,24593,,,,
24597,24594,,,,
24598,24595,,,,
24599,24596,,,,
24600,24597,,,,
24601,24598,,,,
24602,24599,,,,
24603,24600,,,,
24604,24601,,,,
24605,24602,,,,
24606,24603,,,,
24607,24604,,,,
24608,24605,,,,
24609,24606,,,,
24610,24607,,,,
24611,24608,,,,
24612,24609,,,,
24613,24610,,,,
24614,24611,,,,
24615,24612,,,,
24616,24613,,,,
24617,24614,,,,
24618,24615,,,,
24619,24616,,,,
24620,24617,,,,
24621,24618,,,,
24622,24619,,,,
24623,24620,,,,
24624,24621,,,,
24625,24622,,,,
24626,24623,,,,
24627,24624,,,,
24628,24625,,,,
24629,24626,,,,
24630,24627,,,,
24631,24628,,,,
24632,24629,,,,
24633,24630,,,,
24634,24631,,,,
24635,24632,,,,
24636,24633,,,,
24637,24634,,,,
24638,24635,,,,
24639,24636,,,,
24640,24637,,,,
24641,24638,,,,
24642,24639,,,,
24643,24640,,,,
24644,24641,,,,
24645,24642,,,,
24646,24643,,,,
24647,24644,,,,
24648,24645,,,,
24649,24646,,,,
24650,24647,,,,
24651,24648,,,,
24652,24649,,,,
24653,24650,,,,
24654,24651,,,,
24655,24652,,,,
24656,24653,,,,
24657,24654,,,,
24658,24655,,,,
24659,24656,,,,
24660,24657,,,,
24661,24658,Fernando Ghia and David Puttnam,Roland Joffé,Robert Bolt,Warner Home Video
24662,24659,,,,
24663,24660,,,,
24664,24661,,,,
24665,24662,,,,
24666,24663,,,,
24667,24664,,,,
24668,24665,,,,
24669,24666,,,,
24670,24667,,,,
24671,24668,,,,
24672,24669,,,,
24673,24670,,,,
24674,24671,,,,
24675,24672,,,,
24676,24673,,,,
24677,24674,,,,
24678,24675,,,,
24679,24676,,,,
24680,24677,,,,
24681,24678,,,,
24682,24679,,,,
24683,24680,,,,
24684,24681,,,,
24685,24682,,,,
24686,24683,,,,
24687,24684,,,,
24688,24685,,,,
24689,24686,,,,
24690,24687,,,,
24691,24688,,,,
24692,24689,,,,
24693,24690,,,,
24694,24691,,,,
24695,24692,,,,
24696,24693,,,,
24697,24694,,,,
24698,24695,,,,
24699,24696,,,,
24700,24697,,,,
24701,24698,,,,
24702,24699,,,,
24703,24700,,,,
24704,24701,,,,
24705,24702,,,,
24706,24703,Columbia,George Stevens,"Robert Russell, Frank Ross, Richard Flournoy, Lewis R. Foster",Columbia Pictures
24707,24704,,,,
24708,24705,,,,
24709,24706,,,,
24710,24707,,,,
24711,24708,,,,
24712,24709,,,,
24713,24710,,,,
24714,24711,,,,
24715,24712,,,,
24716,24713,,,,
24717,24714,,,,
24718,24715,,,,
24719,24716,,,,
24720,24717,,,,
24721,24718,,,,
24722,24719,,,,
24723,24720,,,,
24724,24721,,,,
24725,24722,,,,
24726,24723,,,,
24727,24724,,,,
24728,24725,,,,
24729,24726,,,,
24730,24727,,,,
24731,24728,,,,
24732,24729,,,,
24733,24730,,,,
24734,24731,,,,
24735,24732,,,,
24736,24733,,,,
24737,24734,,,,
24738,24735,,,,
24739,24736,,,,
24740,24737,,,,
24741,24738,,,,
24742,24739,,,,
24743,24740,,,,
24744,24741,,,,
24745,24742,,,,
24746,24743,,,,
24747,24744,,,,
24748,24745,,,,
24749,24746,,,,
24750,24747,,,,
24751,24748,,,,
24752,24749,,,,
24753,24750,Morton DaCosta,Morton DaCosta,Marion Hargrove,Warner Bros. Pictures
24754,24751,,,,
24755,24752,,,,
24756,24753,,,,
24757,24754,,,,
24758,24755,,,,
24759,24756,,,,
24760,24757,,,,
24761,24758,,,,
24762,24759,,,,
24763,24760,,,,
24764,24761,,,,
24765,24762,,,,
24766,24763,,,,
24767,24764,,,,
24768,24765,,,,
24769,24766,,,,
24770,24767,,,,
24771,24768,,,,
24772,24769,,,,
24773,24770,,,,
24774,24771,,,,
24775,24772,,,,
24776,24773,,,,
24777,24774,,,,
24778,24775,,,,
24779,24776,,,,
24780,24777,,,,
24781,24778,,,,
24782,24779,,,,
24783,24780,,,,
24784,24781,,,,
24785,24782,,,,
24786,24783,,,,
24787,24784,,,,
24788,24785,,,,
24789,24786,,,,
24790,24787,,,,
24791,24788,,,,
24792,24789,,,,
24793,24790,,,,
24794,24791,,,,
24795,24792,,,,
24796,24793,,,,
24797,24794,,,,
24798,24795,,,,
24799,24796,,,,
24800,24797,,,,
24801,24798,,,,
24802,24799,,,,
24803,24800,,,,
24804,24801,,,,
24805,24802,,,,
24806,24803,,,,
24807,24804,,,,
24808,24805,,,,
24809,24806,,,,
24810,24807,,,,
24811,24808,,,,
24812,24809,,,,
24813,24810,,,,
24814,24811,,,,
24815,24812,,,,
24816,24813,,,,
24817,24814,,,,
24818,24815,,,,
24819,24816,,,,
24820,24817,,,,
24821,24818,,,,
24822,24819,,,,
24823,24820,,,,
24824,24821,,,,
24825,24822,,,,
24826,24823,,,,
24827,24824,,,,
24828,24825,,,,
24829,24826,,,,
24830,24827,,,,
24831,24828,,,,
24832,24829,,,,
24833,24830,,,,
24834,24831,,,,
24835,24832,,,,
24836,24833,,,,
24837,24834,,,,
24838,24835,,,,
24839,24836,,,,
24840,24837,,,,
24841,24838,,,,
24842,24839,,,,
24843,24840,,,,
24844,24841,,,,
24845,24842,,,,
24846,24843,,,,
24847,24844,,,,
24848,24845,,,,
24849,24846,,,,
24850,24847,,,,
24851,24848,,,,
24852,24849,,,,
24853,24850,,,,
24854,24851,,,,
24855,24852,,,,
24856,24853,,,,
24857,24854,,,,
24858,24855,,,,
24859,24856,,,,
24860,24857,,,,
24861,24858,,,,
24862,24859,,,,
24863,24860,,,,
24864,24861,,,,
24865,24862,,,,
24866,24863,,,,
24867,24864,,,,
24868,24865,,,,
24869,24866,,,,
24870,24867,,,,
24871,24868,,,,
24872,24869,,,,
24873,24870,,,,
24874,24871,,,,
24875,24872,,,,
24876,24873,,,,
24877,24874,,,,
24878,24875,,,,
24879,24876,,,,
24880,24877,,,,
24881,24878,,,,
24882,24879,,,,
24883,24880,,,,
24884,24881,,,,
24885,24882,,,,
24886,24883,,,,
24887,24884,,,,
24888,24885,,,,
24889,24886,,,,
24890,24887,,,,
24891,24888,,,,
24892,24889,,,,
24893,24890,,,,
24894,24891,,,,
24895,24892,,,,
24896,24893,,,,
24897,24894,,,,
24898,24895,,,,
24899,24896,,,,
24900,24897,,,,
24901,24898,,,,
24902,24899,,,,
24903,24900,,,,
24904,24901,,,,
24905,24902,,,,
24906,24903,,,,
24907,24904,,,,
24908,24905,,,,
24909,24906,,,,
24910,24907,,,,
24911,24908,Henry Blanke,Fred Zinnemann,Robert Anderson,Warner Home Video
24912,24909,,,,
24913,24910,,,,
24914,24911,,,,
24915,24912,,,,
24916,24913,,,,
24917,24914,,,,
24918,24915,,,,
24919,24916,,,,
24920,24917,,,,
24921,24918,,,,
24922,24919,,,,
24923,24920,,,,
24924,24921,,,,
24925,24922,,,,
24926,24923,,,,
24927,24924,,,,
24928,24925,,,,
24929,24926,,,,
24930,24927,,,,
24931,24928,,,,
24932,24929,,,,
24933,24930,,,,
24934,24931,,,,
24935,24932,,,,
24936,24933,,,,
24937,24934,,,,
24938,24935,,,,
24939,24936,,,,
24940,24937,,,,
24941,24938,,,,
24942,24939,,,,
24943,24940,,,,
24944,24941,,,,
24945,24942,,,,
24946,24943,,,,
24947,24944,,,,
24948,24945,,,,
24949,24946,,,,
24950,24947,,,,
24951,24948,,,,
24952,24949,,,,
24953,24950,,,,
24954,24951,,,,
24955,24952,,,,
24956,24953,,,,
24957,24954,,,,
24958,24955,,,,
24959,24956,,,,
24960,24957,,,,
24961,24958,,,,
24962,24959,,,,
24963,24960,,,,
24964,24961,,,,
24965,24962,,,,
24966,24963,,,,
24967,24964,,,,
24968,24965,,,,
24969,24966,,,,
24970,24967,,,,
24971,24968,,,,
24972,24969,,,,
24973,24970,,,,
24974,24971,,,,
24975,24972,,,,
24976,24973,,,,
24977,24974,,,,
24978,24975,,,,
24979,24976,,,,
24980,24977,,,,
24981,24978,,,,
24982,24979,,,,
24983,24980,,,,
24984,24981,,,,
24985,24982,,,,
24986,24983,,,,
24987,24984,,,,
24988,24985,,,,
24989,24986,,,,
24990,24987,,,,
24991,24988,,,,
24992,24989,,,,
24993,24990,,,,
24994,24991,,,,
24995,24992,,,,
24996,24993,,,,
24997,24994,,,,
24998,24995,,,,
24999,24996,,,,
25000,24997,,,,
25001,24998,,,,
25002,24999,,,,
25003,25000,,,,
25004,25001,,,,
25005,25002,,,,
25006,25003,,,,
25007,25004,,,,
25008,25005,,,,
25009,25006,,,,
25010,25007,,,,
25011,25008,,,,
25012,25009,,,,
25013,25010,,,,
25014,25011,,,,
25015,25012,,,,
25016,25013,,,,
25017,25014,,,,
25018,25015,,,,
25019,25016,,,,
25020,25017,,,,
25021,25018,,,,
25022,25019,,,,
25023,25020,,,,
25024,25021,,,,
25025,25022,,,,
25026,25023,,,,
25027,25024,,,,
25028,25025,,,,
25029,25026,,,,
25030,25027,,,,
25031,25028,,,,
25032,25029,,,,
25033,25030,,,,
25034,25031,,,,
25035,25032,,,,
25036,25033,,,,
25037,25034,,,,
25038,25035,,,,
25039,25036,,,,
25040,25037,,,,
25041,25038,,,,
25042,25039,,,,
25043,25040,,,,
25044,25041,,,,
25045,25042,,,,
25046,25043,,,,
25047,25044,,,,
25048,25045,,,,
25049,25046,,,,
25050,25047,,,,
25051,25048,,,,
25052,25049,,,,
25053,25050,,,,
25054,25051,,,,
25055,25052,,,,
25056,25053,,,,
25057,25054,,,,
25058,25055,,,,
25059,25056,,,,
25060,25057,,,,
25061,25058,,,,
25062,25059,,,,
25063,25060,,,,
25064,25061,,,,
25065,25062,,,,
25066,25063,,,,
25067,25064,,,,
25068,25065,,,,
25069,25066,,,,
25070,25067,,,,
25071,25068,,,,
25072,25069,,,,
25073,25070,,,,
25074,25071,,,,
25075,25072,,,,
25076,25073,,,,
25077,25074,,,,
25078,25075,,,,
25079,25076,,,,
25080,25077,,,,
25081,25078,,,,
25082,25079,,,,
25083,25080,,,,
25084,25081,,,,
25085,25082,,,,
25086,25083,,,,
25087,25084,,,,
25088,25085,,,,
25089,25086,,,,
25090,25087,,,,
25091,25088,,,,
25092,25089,,,,
25093,25090,,,,
25094,25091,,,,
25095,25092,,,,
25096,25093,Metro-Goldwyn-Mayer,George Cukor,"Donald Ogden Stewart, Waldo Salt",MGM
25097,25094,,,,
25098,25095,,,,
25099,25096,,,,
25100,25097,,,,
25101,25098,,,,
25102,25099,,,,
25103,25100,,,,
25104,25101,"Roman Polanski, Robert Benmussa, and Alain Sarde",Roman Polanski,Ronald Harwood,Focus Features
25105,25102,Jan Chapman,Jane Campion,Jane Campion,Miramax Films
25106,25103,,,,
25107,25104,,,,
25108,25105,,,,
25109,25106,,,,
25110,25107,,,,
25111,25108,,,,
25112,25109,,,,
25113,25110,,,,
25114,25111,,,,
25115,25112,,,,
25116,25113,,,,
25117,25114,,,,
25118,25115,,,,
25119,25116,,,,
25120,25117,,,,
25121,25118,,,,
25122,25119,,,,
25123,25120,,,,
25124,25121,,,,
25125,25122,,,,
25126,25123,,,,
25127,25124,,,,
25128,25125,,,,
25129,25126,,,,
25130,25127,,,,
25131,25128,,,,
25132,25129,,,,
25133,25130,,,,
25134,25131,,,,
25135,25132,,,,
25136,25133,,,,
25137,25134,,,,
25138,25135,,,,
25139,25136,,,,
25140,25137,,,,
25141,25138,,,,
25142,25139,,,,
25143,25140,,,,
25144,25141,,,,
25145,25142,,,,
25146,25143,,,,
25147,25144,,,,
25148,25145,,,,
25149,25146,,,,
25150,25147,,,,
25151,25148,,,,
25152,25149,,,,
25153,25150,,,,
25154,25151,,,,
25155,25152,,,,
25156,25153,,,,
25157,25154,,,,
25158,25155,,,,
25159,25156,,,,
25160,25157,,,,
25161,25158,,,,
25162,25159,,,,
25163,25160,,,,
25164,25161,,,,
25165,25162,,,,
25166,25163,,,,
25167,25164,,,,
25168,25165,,,,
25169,25166,,,,
25170,25167,,,,
25171,25168,,,,
25172,25169,,,,
25173,25170,,,,
25174,25171,,,,
25175,25172,,,,
25176,25173,,,,
25177,25174,,,,
25178,25175,,,,
25179,25176,,,,
25180,25177,Samuel Goldwyn Productions,Sam Wood,"Jo Swerling, Herman J. Mankiewicz, Paul Gallico",MGM
25181,25178,,,,
25182,25179,,,,
25183,25180,,,,
25184,25181,Barbra Streisand and Andrew S. Karsch,Barbra Streisand,"Pat Conroy, Becky Johnston, Jay Presson Allen",Sony Pictures Home Entertainment
25185,25182,,,,
25186,25183,,,,
25187,25184,,,,
25188,25185,,,,
25189,25186,London Films,Alexander Korda,"Lajos Biró, Arthur Wimperis",Criterion Collection
25190,25187,,,,
25191,25188,,,,
25192,25189,,,,
25193,25190,,,,
25194,25191,,,,
25195,25192,,,,
25196,25193,,,,
25197,25194,,,,
25198,25195,,,,
25199,25196,,,,
25200,25197,,,,
25201,25198,,,,
25202,25199,,,,
25203,25200,,,,
25204,25201,,,,
25205,25202,,,,
25206,25203,,,,
25207,25204,,,,
25208,25205,,,,
25209,25206,,,,
25210,25207,,,,
25211,25208,,,,
25212,25209,,,,
25213,25210,,,,
25214,25211,,,,
25215,25212,,,,
25216,25213,,,,
25217,25214,,,,
25218,25215,,,,
25219,25216,,,,
25220,25217,,,,
25221,25218,,,,
25222,25219,,,,
25223,25220,,,,
25224,25221,,,,
25225,25222,,,,
25226,25223,,,,
25227,25224,,,,
25228,25225,,,,
25229,25226,,,,
25230,25227,,,,
25231,25228,,,,
25232,25229,,,,
25233,25230,,,,
25234,25231,,,,
25235,25232,,,,
25236,25233,,,,
25237,25234,,,,
25238,25235,,,,
25239,25236,,,,
25240,25237,"Andy Harries, Christine Langan, and Tracey Seaward",Stephen Frears,Peter Morgan,Miramax Films
25241,25238,,,,
25242,25239,,,,
25243,25240,,,,
25244,25241,,,,
25245,25242,,,,
25246,25243,,,,
25247,25244,John Ford and Merian C. Cooper,John Ford,"Frank S. Nugent, Richard Llewellyn",Republic Pictures
25248,25245,,,,
25249,25246,,,,
25250,25247,,,,
25251,25248,,,,
25252,25249,,,,
25253,25250,,,,
25254,25251,,,,
25255,25252,,,,
25256,25253,,,,
25257,25254,,,,
25258,25255,,,,
25259,25256,,,,
25260,25257,,,,
25261,25258,,,,
25262,25259,,,,
25263,25260,,,,
25264,25261,,,,
25265,25262,,,,
25266,25263,,,,
25267,25264,,,,
25268,25265,,,,
25269,25266,,,,
25270,25267,,,,
25271,25268,,,,
25272,25269,20th Century-Fox,Edmund Goulding,Lamar Trotti,Twentieth Century Fox
25273,25270,"Anthony Minghella, Sydney Pollack, Donna Gigliotti, and Redmond Morris",Stephen Daldry,David Hare,The Weinstein Co./MGM
25274,25271,,,,
25275,25272,,,,
25276,25273,,,,
25277,25274,,,,
25278,25275,,,,
25279,25276,,,,
25280,25277,,,,
25281,25278,,,,
25282,25279,,,,
25283,25280,,,,
25284,25281,,,,
25285,25282,,,,
25286,25283,,,,
25287,25284,,,,
25288,25285,,,,
25289,25286,,,,
25290,25287,,,,
25291,25288,,,,
25292,25289,,,,
25293,25290,,,,
25294,25291,,,,
25295,25292,,,,
25296,25293,,,,
25297,25294,,,,
25298,25295,,,,
25299,25296,J. Arthur Rank-Archers,"Michael Powell, Emeric Pressburger","Michael Powell, Emeric Pressburger, Keith Winter",Eagle-Lion Films
25300,25297,,,,
25301,25298,,,,
25302,25299,,,,
25303,25300,,,,
25304,25301,,,,
25305,25302,,,,
25306,25303,,,,
25307,25304,,,,
25308,25305,,,,
25309,25306,,,,
25310,25307,,,,
25311,25308,,,,
25312,25309,,,,
25313,25310,,,,
25314,25311,,,,
25315,25312,,,,
25316,25313,,,,
25317,25314,,,,
25318,25315,,,,
25319,25316,,,,
25320,25317,,,,
25321,25318,,,,
25322,25319,,,,
25323,25320,,,,
25324,25321,"Mike Nichols, John Calley, and Ismail Merchant",James Ivory,Ruth Prawer Jhabvala,Sony Pictures Home Entertainment
25325,25322,,,,
25326,25323,,,,
25327,25324,,,,
25328,25325,,,,
25329,25326,,,,
25330,25327,,,,
25331,25328,,,,
25332,25329,,,,
25333,25330,,,,
25334,25331,,,,
25335,25332,,,,
25336,25333,,,,
25337,25334,,,,
25338,25335,,,,
25339,25336,,,,
25340,25337,,,,
25341,25338,,,,
25342,25339,,,,
25343,25340,,,,
25344,25341,,,,
25345,25342,,,,
25346,25343,,,,
25347,25344,,,,
25348,25345,,,,
25349,25346,,,,
25350,25347,,,,
25351,25348,,,,
25352,25349,,,,
25353,25350,,,,
25354,25351,,,,
25355,25352,,,,
25356,25353,,,,
25357,25354,,,,
25358,25355,,,,
25359,25356,,,,
25360,25357,,,,
25361,25358,,,,
25362,25359,,,,
25363,25360,"Arnon Milchan, Steve Golin, Alejandro G. Iñárritu, Mary Parent, and Keith Redmon","Alejandro González Iñárritu, Manny Palo","Mark L. Smith, Alejandro González Iñárritu",20th Century Fox
25364,25361,,,,
25365,25362,,,,
25366,25363,,,,
25367,25364,,,,
25368,25365,,,,
25369,25366,,,,
25370,25367,,,,
25371,25368,,,,
25372,25369,,,,
25373,25370,,,,
25374,25371,,,,
25375,25372,,,,
25376,25373,,,,
25377,25374,,,,
25378,25375,,,,
25379,25376,,,,
25380,25377,,,,
25381,25378,,,,
25382,25379,,,,
25383,25380,,,,
25384,25381,,,,
25385,25382,,,,
25386,25383,,,,
25387,25384,,,,
25388,25385,,,,
25389,25386,,,,
25390,25387,,,,
25391,25388,,,,
25392,25389,,,,
25393,25390,,,,
25394,25391,,,,
25395,25392,,,,
25396,25393,,,,
25397,25394,,,,
25398,25395,,,,
25399,25396,,,,
25400,25397,,,,
25401,25398,,,,
25402,25399,,,,
25403,25400,,,,
25404,25401,,,,
25405,25402,,,,
25406,25403,,,,
25407,25404,Frank Ross,Henry Koster,"Philip Dunne, Albert Maltz, Gina Kaus",20th Century Fox
25408,25405,,,,
25409,25406,,,,
25410,25407,,,,
25411,25408,,,,
25412,25409,,,,
25413,25410,,,,
25414,25411,,,,
25415,25412,,,,
25416,25413,,,,
25417,25414,,,,
25418,25415,,,,
25419,25416,,,,
25420,25417,,,,
25421,25418,,,,
25422,25419,,,,
25423,25420,,,,
25424,25421,,,,
25425,25422,,,,
25426,25423,,,,
25427,25424,,,,
25428,25425,,,,
25429,25426,Hal B. Wallis,Daniel Mann,"Tennessee Williams, Hal Kanter",Paramount Pictures
25430,25427,,,,
25431,25428,,,,
25432,25429,,,,
25433,25430,,,,
25434,25431,,,,
25435,25432,,,,
25436,25433,,,,
25437,25434,,,,
25438,25435,,,,
25439,25436,,,,
25440,25437,,,,
25441,25438,,,,
25442,25439,,,,
25443,25440,,,,
25444,25441,,,,
25445,25442,,,,
25446,25443,,,,
25447,25444,Norman Jewison,Norman Jewison,"William Rose, Nathaniel Benchley",MGM
25448,25445,,,,
25449,25446,,,,
25450,25447,,,,
25451,25448,,,,
25452,25449,,,,
25453,25450,,,,
25454,25451,,,,
25455,25452,,,,
25456,25453,,,,
25457,25454,,,,
25458,25455,,,,
25459,25456,,,,
25460,25457,,,,
25461,25458,,,,
25462,25459,,,,
25463,25460,,,,
25464,25461,,,,
25465,25462,,,,
25466,25463,,,,
25467,25464,,,,
25468,25465,Robert Wise,Robert Wise,Robert Anderson,Twentieth Century Fox Home Entertainment
25469,25466,,,,
25470,25467,,,,
25471,25468,,,,
25472,25469,,,,
25473,25470,,,,
25474,25471,,,,
25475,25472,,,,
25476,25473,,,,
25477,25474,,,,
25478,25475,,,,
25479,25476,,,,
25480,25477,,,,
25481,25478,,,,
25482,25479,,,,
25483,25480,,,,
25484,25481,,,,
25485,25482,,,,
25486,25483,,,,
25487,25484,,,,
25488,25485,,,,
25489,25486,,,,
25490,25487,,,,
25491,25488,,,,
25492,25489,,,,
25493,25490,,,,
25494,25491,,,,
25495,25492,,,,
25496,25493,,,,
25497,25494,,,,
25498,25495,,,,
25499,25496,,,,
25500,25497,,,,
25501,25498,,,,
25502,25499,,,,
25503,25500,,,,
25504,25501,,,,
25505,25502,,,,
25506,25503,,,,
25507,25504,,,,
25508,25505,,,,
25509,25506,,,,
25510,25507,,,,
25511,25508,,,,
25512,25509,,,,
25513,25510,,,,
25514,25511,,,,
25515,25512,,,,
25516,25513,,,,
25517,25514,,,,
25518,25515,,,,
25519,25516,,,,
25520,25517,,,,
25521,25518,,,,
25522,25519,,,,
25523,25520,,,,
25524,25521,,,,
25525,25522,,,,
25526,25523,,,,
25527,25524,,,,
25528,25525,,,,
25529,25526,,,,
25530,25527,,,,
25531,25528,,,,
25532,25529,,,,
25533,25530,,,,
25534,25531,,,,
25535,25532,,,,
25536,25533,,,,
25537,25534,,,,
25538,25535,,,,
25539,25536,,,,
25540,25537,,,,
25541,25538,,,,
25542,25539,,,,
25543,25540,,,,
25544,25541,,,,
25545,25542,,,,
25546,25543,,,,
25547,25544,,,,
25548,25545,,,,
25549,25546,,,,
25550,25547,,,,
25551,25548,,,,
25552,25549,,,,
25553,25550,,,,
25554,25551,,,,
25555,25552,,,,
25556,25553,,,,
25557,25554,,,,
25558,25555,,,,
25559,25556,,,,
25560,25557,,,,
25561,25558,,,,
25562,25559,,,,
25563,25560,,,,
25564,25561,,,,
25565,25562,,,,
25566,25563,,,,
25567,25564,,,,
25568,25565,,,,
25569,25566,,,,
25570,25567,,,,
25571,25568,,,,
25572,25569,,,,
25573,25570,,,,
25574,25571,,,,
25575,25572,,,,
25576,25573,,,,
25577,25574,,,,
25578,25575,,,,
25579,25576,,,,
25580,25577,,,,
25581,25578,,,,
25582,25579,,,,
25583,25580,,,,
25584,25581,,,,
25585,25582,,,,
25586,25583,,,,
25587,25584,,,,
25588,25585,,,,
25589,25586,,,,
25590,25587,,,,
25591,25588,,,,
25592,25589,,,,
25593,25590,,,,
25594,25591,,,,
25595,25592,Guillermo del Toro and J. Miles Dale,Guillermo del Toro,"Guillermo del Toro, Vanessa Taylor",Fox Searchlight Pictures
25596,25593,,,,
25597,25594,,,,
25598,25595,,,,
25599,25596,Niki Marvin,Frank Darabont,Frank Darabont,Columbia Pictures
25600,25597,,,,
25601,25598,,,,
25602,25599,,,,
25603,25600,,,,
25604,25601,,,,
25605,25602,,,,
25606,25603,,,,
25607,25604,,,,
25608,25605,,,,
25609,25606,,,,
25610,25607,,,,
25611,25608,,,,
25612,25609,,,,
25613,25610,,,,
25614,25611,,,,
25615,25612,,,,
25616,25613,,,,
25617,25614,,,,
25618,25615,,,,
25619,25616,,,,
25620,25617,,,,
25621,25618,,,,
25622,25619,,,,
25623,25620,,,,
25624,25621,,,,
25625,25622,,,,
25626,25623,,,,
25627,25624,,,,
25628,25625,,,,
25629,25626,,,,
25630,25627,,,,
25631,25628,,,,
25632,25629,,,,
25633,25630,,,,
25634,25631,,,,
25635,25632,,,,
25636,25633,,,,
25637,25634,,,,
25638,25635,,,,
25639,25636,"Edward Saxon, Kenneth Utt, and Ron Bozman",Jonathan Demme,Ted Tally,Orion Pictures Corporation
25640,25637,,,,
25641,25638,,,,
25642,25639,,,,
25643,25640,,,,
25644,25641,,,,
25645,25642,,,,
25646,25643,,,,
25647,25644,,,,
25648,25645,,,,
25649,25646,,,,
25650,25647,,,,
25651,25648,,,,
25652,25649,,,,
25653,25650,,,,
25654,25651,,,,
25655,25652,,,,
25656,25653,,,,
25657,25654,,,,
25658,25655,,,,
25659,25656,,,,
25660,25657,,,,
25661,25658,,,,
25662,25659,,,,
25663,25660,,,,
25664,25661,,,,
25665,25662,"Frank Marshall, Kathleen Kennedy, and Barry Mendel",M. Night Shyamalan,M. Night Shyamalan,Hollywood/Buena Vista
25666,25663,,,,
25667,25664,,,,
25668,25665,,,,
25669,25666,,,,
25670,25667,,,,
25671,25668,,,,
25672,25669,,,,
25673,25670,,,,
25674,25671,,,,
25675,25672,,,,
25676,25673,,,,
25677,25674,,,,
25678,25675,,,,
25679,25676,,,,
25680,25677,,,,
25681,25678,,,,
25682,25679,,,,
25683,25680,,,,
25684,25681,,,,
25685,25682,,,,
25686,25683,,,,
25687,25684,,,,
25688,25685,,,,
25689,25686,,,,
25690,25687,,,,
25691,25688,,,,
25692,25689,,,,
25693,25690,,,,
25694,25691,,,,
25695,25692,,,,
25696,25693,,,,
25697,25694,,,,
25698,25695,,,,
25699,25696,,,,
25700,25697,,,,
25701,25698,,,,
25702,25699,,,,
25703,25700,,,,
25704,25701,,,,
25705,25702,,,,
25706,25703,,,,
25707,25704,,,,
25708,25705,,,,
25709,25706,,,,
25710,25707,,,,
25711,25708,,,,
25712,25709,,,,
25713,25710,,,,
25714,25711,,,,
25715,25712,,,,
25716,25713,,,,
25717,25714,,,,
25718,25715,,,,
25719,25716,,,,
25720,25717,,,,
25721,25718,,,,
25722,25719,20th Century-Fox,Anatole Litvak,"Frank Partos, Millen Brand",20th Century Fox Film Corporation
25723,25720,,,,
25724,25721,,,,
25725,25722,,,,
25726,25723,,,,
25727,25724,,,,
25728,25725,,,,
25729,25726,,,,
25730,25727,,,,
25731,25728,,,,
25732,25729,,,,
25733,25730,,,,
25734,25731,,,,
25735,25732,,,,
25736,25733,"Dana Brunetti, Ceán Chaffin, Michael De Luca, and Scott Rudin",David Fincher,"David Fincher, Aaron Sorkin",Columbia Pictures
25737,25734,,,,
25738,25735,,,,
25739,25736,,,,
25740,25737,,,,
25741,25738,,,,
25742,25739,20th Century-Fox,Henry King,George Seaton,Twentieth Century Fox Home Entertainment
25743,25740,,,,
25744,25741,,,,
25745,25742,,,,
25746,25743,,,,
25747,25744,,,,
25748,25745,,,,
25749,25746,,,,
25750,25747,,,,
25751,25748,,,,
25752,25749,,,,
25753,25750,Robert Wise,Robert Wise,Ernest Lehman,20th Century-Fox
25754,25751,,,,
25755,25752,,,,
25756,25753,,,,
25757,25754,,,,
25758,25755,,,,
25759,25756,,,,
25760,25757,,,,
25761,25758,,,,
25762,25759,,,,
25763,25760,,,,
25764,25761,,,,
25765,25762,,,,
25766,25763,,,,
25767,25764,,,,
25768,25765,,,,
25769,25766,,,,
25770,25767,,,,
25771,25768,,,,
25772,25769,,,,
25773,25770,,,,
25774,25771,,,,
25775,25772,,,,
25776,25773,,,,
25777,25774,,,,
25778,25775,,,,
25779,25776,,,,
25780,25777,,,,
25781,25778,,,,
25782,25779,,,,
25783,25780,,,,
25784,25781,,,,
25785,25782,,,,
25786,25783,,,,
25787,25784,,,,
25788,25785,,,,
25789,25786,,,,
25790,25787,,,,
25791,25788,,,,
25792,25789,,,,
25793,25790,,,,
25794,25791,,,,
25795,25792,,,,
25796,25793,,,,
25797,25794,,,,
25798,25795,,,,
25799,25796,,,,
25800,25797,,,,
25801,25798,,,,
25802,25799,,,,
25803,25800,,,,
25804,25801,,,,
25805,25802,,,,
25806,25803,,,,
25807,25804,,,,
25808,25805,,,,
25809,25806,,,,
25810,25807,,,,
25811,25808,,,,
25812,25809,,,,
25813,25810,,,,
25814,25811,"Tony Bill, Michael Phillips, and Julia Phillips",George Roy Hill,"David S. Ward, Marvin Hamlisch",Universal Pictures
25815,25812,,,,
25816,25813,,,,
25817,25814,,,,
25818,25815,,,,
25819,25816,,,,
25820,25817,,,,
25821,25818,,,,
25822,25819,,,,
25823,25820,,,,
25824,25821,,,,
25825,25822,,,,
25826,25823,,,,
25827,25824,,,,
25828,25825,,,,
25829,25826,,,,
25830,25827,,,,
25831,25828,,,,
25832,25829,,,,
25833,25830,,,,
25834,25831,,,,
25835,25832,,,,
25836,25833,,,,
25837,25834,,,,
25838,25835,,,,
25839,25836,,,,
25840,25837,,,,
25841,25838,,,,
25842,25839,,,,
25843,25840,,,,
25844,25841,,,,
25845,25842,,,,
25846,25843,,,,
25847,25844,,,,
25848,25845,,,,
25849,25846,,,,
25850,25847,,,,
25851,25848,,,,
25852,25849,,,,
25853,25850,,,,
25854,25851,,,,
25855,25852,,,,
25856,25853,,,,
25857,25854,,,,
25858,25855,,,,
25859,25856,,,,
25860,25857,,,,
25861,25858,,,,
25862,25859,,,,
25863,25860,,,,
25864,25861,,,,
25865,25862,,,,
25866,25863,,,,
25867,25864,,,,
25868,25865,,,,
25869,25866,,,,
25870,25867,,,,
25871,25868,,,,
25872,25869,,,,
25873,25870,,,,
25874,25871,,,,
25875,25872,,,,
25876,25873,,,,
25877,25874,,,,
25878,25875,,,,
25879,25876,,,,
25880,25877,,,,
25881,25878,,,,
25882,25879,,,,
25883,25880,,,,
25884,25881,,,,
25885,25882,,,,
25886,25883,,,,
25887,25884,,,,
25888,25885,Fred Zinnemann,Fred Zinnemann,Isobel Lennart,Warner Home Video
25889,25886,,,,
25890,25887,,,,
25891,25888,,,,
25892,25889,,,,
25893,25890,,,,
25894,25891,,,,
25895,25892,,,,
25896,25893,,,,
25897,25894,,,,
25898,25895,,,,
25899,25896,,,,
25900,25897,,,,
25901,25898,,,,
25902,25899,,,,
25903,25900,,,,
25904,25901,,,,
25905,25902,,,,
25906,25903,,,,
25907,25904,,,,
25908,25905,,,,
25909,25906,,,,
25910,25907,,,,
25911,25908,,,,
25912,25909,,,,
25913,25910,,,,
25914,25911,,,,
25915,25912,,,,
25916,25913,,,,
25917,25914,,,,
25918,25915,,,,
25919,25916,,,,
25920,25917,,,,
25921,25918,,,,
25922,25919,,,,
25923,25920,,,,
25924,25921,,,,
25925,25922,,,,
25926,25923,,,,
25927,25924,,,,
25928,25925,,,,
25929,25926,,,,
25930,25927,,,,
25931,25928,,,,
25932,25929,,,,
25933,25930,,,,
25934,25931,,,,
25935,25932,Columbia,George Stevens,"Irwin Shaw, Sidney Buchman, Sidney Harmon, Dale Van Every",Sony Pictures Entertainment
25936,25933,,,,
25937,25934,,,,
25938,25935,,,,
25939,25936,,,,
25940,25937,,,,
25941,25938,,,,
25942,25939,,,,
25943,25940,,,,
25944,25941,,,,
25945,25942,,,,
25946,25943,,,,
25947,25944,,,,
25948,25945,,,,
25949,25946,,,,
25950,25947,,,,
25951,25948,,,,
25952,25949,,,,
25953,25950,,,,
25954,25951,,,,
25955,25952,,,,
25956,25953,Cecil B. DeMille,Cecil B. DeMille,"Jesse L. Lasky, Aeneas MacKenzie, Fredric M. Frank, Jack Gariss, Jesse Lasky Jr.",Paramount Pictures
25957,25954,,,,
25958,25955,,,,
25959,25956,,,,
25960,25957,,,,
25961,25958,,,,
25962,25959,,,,
25963,25960,,,,
25964,25961,,,,
25965,25962,,,,
25966,25963,,,,
25967,25964,,,,
25968,25965,,,,
25969,25966,,,,
25970,25967,,,,
25971,25968,,,,
25972,25969,,,,
25973,25970,,,,
25974,25971,,,,
25975,25972,,,,
25976,25973,,,,
25977,25974,,,,
25978,25975,,,,
25979,25976,,,,
25980,25977,,,,
25981,25978,,,,
25982,25979,,,,
25983,25980,,,,
25984,25981,,,,
25985,25982,,,,
25986,25983,,,,
25987,25984,,,,
25988,25985,,,,
25989,25986,,,,
25990,25987,,,,
25991,25988,,,,
25992,25989,"Tim Bevan, Eric Fellner, Lisa Bruce, and Anthony McCarten",James Marsh,Anthony McCarten,Focus Features
25993,25990,,,,
25994,25991,Metro-Goldwyn-Mayer,W.S. Van Dyke,"Dashiell Hammett, Frances Goodrich, Albert Hackett",MGM
25995,25992,"Robert Michael Geisler, John Roberdeau, and Grant Hill",Terrence Malick,Terrence Malick,20th Century Fox
25996,25993,,,,
25997,25994,,,,
25998,25995,,,,
25999,25996,,,,
26000,25997,,,,
26001,25998,,,,
26002,25999,,,,
26003,26000,,,,
26004,26001,,,,
26005,26002,,,,
26006,26003,,,,
26007,26004,,,,
26008,26005,,,,
26009,26006,,,,
26010,26007,,,,
26011,26008,,,,
26012,26009,,,,
26013,26010,,,,
26014,26011,,,,
26015,26012,,,,
26016,26013,,,,
26017,26014,,,,
26018,26015,,,,
26019,26016,,,,
26020,26017,,,,
26021,26018,,,,
26022,26019,,,,
26023,26020,,,,
26024,26021,,,,
26025,26022,,,,
26026,26023,,,,
26027,26024,,,,
26028,26025,,,,
26029,26026,,,,
26030,26027,,,,
26031,26028,,,,
26032,26029,,,,
26033,26030,,,,
26034,26031,,,,
26035,26032,,,,
26036,26033,,,,
26037,26034,,,,
26038,26035,,,,
26039,26036,,,,
26040,26037,,,,
26041,26038,,,,
26042,26039,,,,
26043,26040,,,,
26044,26041,,,,
26045,26042,,,,
26046,26043,,,,
26047,26044,,,,
26048,26045,,,,
26049,26046,,,,
26050,26047,,,,
26051,26048,,,,
26052,26049,,,,
26053,26050,,,,
26054,26051,,,,
26055,26052,,,,
26056,26053,,,,
26057,26054,,,,
26058,26055,,,,
26059,26056,,,,
26060,26057,,,,
26061,26058,,,,
26062,26059,,,,
26063,26060,,,,
26064,26061,,,,
26065,26062,,,,
26066,26063,,,,
26067,26064,,,,
26068,26065,,,,
26069,26066,,,,
26070,26067,,,,
26071,26068,,,,
26072,26069,,,,
26073,26070,,,,
26074,26071,,,,
26075,26072,,,,
26076,26073,Irwin Allen,"John Guillermin, Irwin Allen","Sterling Silliphant, Stirling Silliphant",20th Century Fox
26077,26074,,,,
26078,26075,,,,
26079,26076,,,,
26080,26077,,,,
26081,26078,,,,
26082,26079,,,,
26083,26080,,,,
26084,26081,,,,
26085,26082,,,,
26086,26083,,,,
26087,26084,,,,
26088,26085,,,,
26089,26086,,,,
26090,26087,,,,
26091,26088,,,,
26092,26089,,,,
26093,26090,,,,
26094,26091,,,,
26095,26092,,,,
26096,26093,,,,
26097,26094,,,,
26098,26095,,,,
26099,26096,,,,
26100,26097,,,,
26101,26098,,,,
26102,26099,,,,
26103,26100,,,,
26104,26101,,,,
26105,26102,,,,
26106,26103,,,,
26107,26104,Warner Bros.,John Huston,John Huston,WARNER BROTHERS PICTURES
26108,26105,,,,
26109,26106,,,,
26110,26107,"Sarah Green, Bill Pohlad, Dede Gardner, and Grant Hill",Terrence Malick,Terrence Malick,Fox Searchlight
26111,26108,,,,
26112,26109,,,,
26113,26110,,,,
26114,26111,,,,
26115,26112,,,,
26116,26113,,,,
26117,26114,,,,
26118,26115,,,,
26119,26116,,,,
26120,26117,,,,
26121,26118,,,,
26122,26119,,,,
26123,26120,,,,
26124,26121,,,,
26125,26122,,,,
26126,26123,,,,
26127,26124,,,,
26128,26125,,,,
26129,26126,,,,
26130,26127,,,,
26131,26128,,,,
26132,26129,,,,
26133,26130,,,,
26134,26131,,,,
26135,26132,,,,
26136,26133,,,,
26137,26134,,,,
26138,26135,,,,
26139,26136,,,,
26140,26137,,,,
26141,26138,,,,
26142,26139,,,,
26143,26140,,,,
26144,26141,,,,
26145,26142,,,,
26146,26143,,,,
26147,26144,,,,
26148,26145,,,,
26149,26146,,,,
26150,26147,,,,
26151,26148,,,,
26152,26149,,,,
26153,26150,,,,
26154,26151,,,,
26155,26152,,,,
26156,26153,,,,
26157,26154,,,,
26158,26155,,,,
26159,26156,,,,
26160,26157,,,,
26161,26158,,,,
26162,26159,,,,
26163,26160,,,,
26164,26161,,,,
26165,26162,,,,
26166,26163,,,,
26167,26164,,,,
26168,26165,,,,
26169,26166,,,,
26170,26167,,,,
26171,26168,,,,
26172,26169,,,,
26173,26170,,,,
26174,26171,,,,
26175,26172,,,,
26176,26173,,,,
26177,26174,,,,
26178,26175,,,,
26179,26176,,,,
26180,26177,,,,
26181,26178,,,,
26182,26179,,,,
26183,26180,,,,
26184,26181,,,,
26185,26182,,,,
26186,26183,,,,
26187,26184,,,,
26188,26185,,,,
26189,26186,,,,
26190,26187,,,,
26191,26188,,,,
26192,26189,,,,
26193,26190,,,,
26194,26191,,,,
26195,26192,,,,
26196,26193,,,,
26197,26194,,,,
26198,26195,,,,
26199,26196,,,,
26200,26197,,,,
26201,26198,,,,
26202,26199,,,,
26203,26200,,,,
26204,26201,,,,
26205,26202,,,,
26206,26203,,,,
26207,26204,,,,
26208,26205,,,,
26209,26206,,,,
26210,26207,,,,
26211,26208,,,,
26212,26209,,,,
26213,26210,,,,
26214,26211,,,,
26215,26212,,,,
26216,26213,,,,
26217,26214,,,,
26218,26215,,,,
26219,26216,,,,
26220,26217,,,,
26221,26218,,,,
26222,26219,,,,
26223,26220,,,,
26224,26221,,,,
26225,26222,,,,
26226,26223,,,,
26227,26224,,,,
26228,26225,,,,
26229,26226,,,,
26230,26227,,,,
26231,26228,,,,
26232,26229,,,,
26233,26230,,,,
26234,26231,,,,
26235,26232,,,,
26236,26233,,,,
26237,26234,,,,
26238,26235,,,,
26239,26236,,,,
26240,26237,,,,
26241,26238,,,,
26242,26239,,,,
26243,26240,,,,
26244,26241,,,,
26245,26242,,,,
26246,26243,,,,
26247,26244,,,,
26248,26245,,,,
26249,26246,,,,
26250,26247,,,,
26251,26248,,,,
26252,26249,,,,
26253,26250,,,,
26254,26251,,,,
26255,26252,,,,
26256,26253,,,,
26257,26254,,,,
26258,26255,,,,
26259,26256,,,,
26260,26257,,,,
26261,26258,,,,
26262,26259,,,,
26263,26260,,,,
26264,26261,,,,
26265,26262,,,,
26266,26263,,,,
26267,26264,,,,
26268,26265,,,,
26269,26266,,,,
26270,26267,,,,
26271,26268,,,,
26272,26269,,,,
26273,26270,,,,
26274,26271,,,,
26275,26272,,,,
26276,26273,,,,
26277,26274,,,,
26278,26275,,,,
26279,26276,,,,
26280,26277,,,,
26281,26278,Richard D. Zanuck and David Brown,Sidney Lumet,David Mamet,Twentieth Century Fox Home Entertainment
26282,26279,,,,
26283,26280,,,,
26284,26281,,,,
26285,26282,,,,
26286,26283,,,,
26287,26284,,,,
26288,26285,,,,
26289,26286,,,,
26290,26287,,,,
26291,26288,,,,
26292,26289,,,,
26293,26290,,,,
26294,26291,,,,
26295,26292,,,,
26296,26293,,,,
26297,26294,,,,
26298,26295,,,,
26299,26296,,,,
26300,26297,,,,
26301,26298,,,,
26302,26299,,,,
26303,26300,,,,
26304,26301,,,,
26305,26302,,,,
26306,26303,,,,
26307,26304,,,,
26308,26305,,,,
26309,26306,,,,
26310,26307,,,,
26311,26308,,,,
26312,26309,,,,
26313,26310,,,,
26314,26311,,,,
26315,26312,,,,
26316,26313,,,,
26317,26314,,,,
26318,26315,,,,
26319,26316,,,,
26320,26317,,,,
26321,26318,,,,
26322,26319,,,,
26323,26320,,,,
26324,26321,,,,
26325,26322,,,,
26326,26323,,,,
26327,26324,,,,
26328,26325,,,,
26329,26326,,,,
26330,26327,,,,
26331,26328,,,,
26332,26329,,,,
26333,26330,,,,
26334,26331,,,,
26335,26332,,,,
26336,26333,,,,
26337,26334,,,,
26338,26335,,,,
26339,26336,,,,
26340,26337,,,,
26341,26338,,,,
26342,26339,,,,
26343,26340,,,,
26344,26341,,,,
26345,26342,,,,
26346,26343,,,,
26347,26344,,,,
26348,26345,,,,
26349,26346,,,,
26350,26347,,,,
26351,26348,,,,
26352,26349,,,,
26353,26350,,,,
26354,26351,,,,
26355,26352,,,,
26356,26353,,,,
26357,26354,,,,
26358,26355,,,,
26359,26356,,,,
26360,26357,,,,
26361,26358,,,,
26362,26359,,,,
26363,26360,,,,
26364,26361,,,,
26365,26362,,,,
26366,26363,,,,
26367,26364,,,,
26368,26365,,,,
26369,26366,,,,
26370,26367,,,,
26371,26368,,,,
26372,26369,,,,
26373,26370,,,,
26374,26371,,,,
26375,26372,,,,
26376,26373,,,,
26377,26374,,,,
26378,26375,,,,
26379,26376,,,,
26380,26377,,,,
26381,26378,,,,
26382,26379,,,,
26383,26380,,,,
26384,26381,,,,
26385,26382,,,,
26386,26383,,,,
26387,26384,,,,
26388,26385,,,,
26389,26386,,,,
26390,26387,,,,
26391,26388,,,,
26392,26389,,,,
26393,26390,,,,
26394,26391,,,,
26395,26392,,,,
26396,26393,,,,
26397,26394,,,,
26398,26395,,,,
26399,26396,,,,
26400,26397,,,,
26401,26398,,,,
26402,26399,,,,
26403,26400,,,,
26404,26401,,,,
26405,26402,,,,
26406,26403,,,,
26407,26404,,,,
26408,26405,,,,
26409,26406,,,,
26410,26407,,,,
26411,26408,,,,
26412,26409,,,,
26413,26410,,,,
26414,26411,,,,
26415,26412,,,,
26416,26413,,,,
26417,26414,,,,
26418,26415,,,,
26419,26416,,,,
26420,26417,,,,
26421,26418,,,,
26422,26419,,,,
26423,26420,,,,
26424,26421,,,,
26425,26422,,,,
26426,26423,,,,
26427,26424,,,,
26428,26425,,,,
26429,26426,,,,
26430,26427,,,,
26431,26428,,,,
26432,26429,,,,
26433,26430,,,,
26434,26431,,,,
26435,26432,,,,
26436,26433,,,,
26437,26434,,,,
26438,26435,,,,
26439,26436,,,,
26440,26437,,,,
26441,26438,,,,
26442,26439,,,,
26443,26440,,,,
26444,26441,,,,
26445,26442,,,,
26446,26443,,,,
26447,26444,,,,
26448,26445,,,,
26449,26446,,,,
26450,26447,,,,
26451,26448,,,,
26452,26449,,,,
26453,26450,,,,
26454,26451,,,,
26455,26452,,,,
26456,26453,,,,
26457,26454,,,,
26458,26455,,,,
26459,26456,,,,
26460,26457,,,,
26461,26458,,,,
26462,26459,,,,
26463,26460,,,,
26464,26461,,,,
26465,26462,,,,
26466,26463,,,,
26467,26464,,,,
26468,26465,,,,
26469,26466,,,,
26470,26467,,,,
26471,26468,,,,
26472,26469,,,,
26473,26470,,,,
26474,26471,,,,
26475,26472,,,,
26476,26473,,,,
26477,26474,,,,
26478,26475,,,,
26479,26476,,,,
26480,26477,,,,
26481,26478,Metro-Goldwyn-Mayer,"King Vidor, Victor Fleming","Florence Ryerson, Noel Langley, Edgar Allan Woolf",Warner Bros. Pictures
26482,26479,,,,
26483,26480,,,,
26484,26481,,,,
26485,26482,,,,
26486,26483,,,,
26487,26484,,,,
26488,26485,"Martin Scorsese, Leonardo DiCaprio, Joey McFarland, and Emma Tillinger Koskoff",Martin Scorsese,Terence Winter,Paramount Studios
26489,26486,,,,
26490,26487,,,,
26491,26488,,,,
26492,26489,,,,
26493,26490,,,,
26494,26491,,,,
26495,26492,,,,
26496,26493,,,,
26497,26494,,,,
26498,26495,,,,
26499,26496,,,,
26500,26497,,,,
26501,26498,,,,
26502,26499,,,,
26503,26500,,,,
26504,26501,,,,
26505,26502,,,,
26506,26503,,,,
26507,26504,,,,
26508,26505,,,,
26509,26506,,,,
26510,26507,,,,
26511,26508,,,,
26512,26509,,,,
26513,26510,,,,
26514,26511,,,,
26515,26512,,,,
26516,26513,,,,
26517,26514,,,,
26518,26515,,,,
26519,26516,,,,
26520,26517,,,,
26521,26518,,,,
26522,26519,,,,
26523,26520,,,,
26524,26521,,,,
26525,26522,,,,
26526,26523,,,,
26527,26524,,,,
26528,26525,,,,
26529,26526,,,,
26530,26527,,,,
26531,26528,,,,
26532,26529,,,,
26533,26530,,,,
26534,26531,,,,
26535,26532,,,,
26536,26533,,,,
26537,26534,,,,
26538,26535,,,,
26539,26536,,,,
26540,26537,,,,
26541,26538,,,,
26542,26539,,,,
26543,26540,,,,
26544,26541,,,,
26545,26542,,,,
26546,26543,,,,
26547,26544,Metro-Goldwyn-Mayer,Clarence Brown,Paul Osborn,MGM Home Entertainment
26548,26545,,,,
26549,26546,,,,
26550,26547,,,,
26551,26548,,,,
26552,26549,,,,
26553,26550,,,,
26554,26551,,,,
26555,26552,,,,
26556,26553,,,,
26557,26554,,,,
26558,26555,,,,
26559,26556,,,,
26560,26557,,,,
26561,26558,,,,
26562,26559,,,,
26563,26560,,,,
26564,26561,,,,
26565,26562,,,,
26566,26563,,,,
26567,26564,,,,
26568,26565,,,,
26569,26566,,,,
26570,26567,,,,
26571,26568,,,,
26572,26569,,,,
26573,26570,,,,
26574,26571,,,,
26575,26572,,,,
26576,26573,,,,
26577,26574,,,,
26578,26575,,,,
26579,26576,,,,
26580,26577,,,,
26581,26578,,,,
26582,26579,,,,
26583,26580,,,,
26584,26581,,,,
26585,26582,,,,
26586,26583,,,,
26587,26584,,,,
26588,26585,,,,
26589,26586,,,,
26590,26587,,,,
26591,26588,,,,
26592,26589,,,,
26593,26590,,,,
26594,26591,,,,
26595,26592,,,,
26596,26593,,,,
26597,26594,,,,
26598,26595,,,,
26599,26596,,,,
26600,26597,,,,
26601,26598,,,,
26602,26599,,,,
26603,26600,,,,
26604,26601,,,,
26605,26602,,,,
26606,26603,,,,
26607,26604,,,,
26608,26605,,,,
26609,26606,,,,
26610,26607,,,,
26611,26608,,,,
26612,26609,,,,
26613,26610,,,,
26614,26611,,,,
26615,26612,"Paul Thomas Anderson, Daniel Lupi, and JoAnne Sellar",Paul Thomas Anderson,Paul Thomas Anderson,Paramount Vantage
26616,26613,,,,
26617,26614,,,,
26618,26615,,,,
26619,26616,,,,
26620,26617,,,,
26621,26618,,,,
26622,26619,,,,
26623,26620,,,,
26624,26621,,,,
26625,26622,,,,
26626,26623,,,,
26627,26624,,,,
26628,26625,,,,
26629,26626,,,,
26630,26627,,,,
26631,26628,,,,
26632,26629,,,,
26633,26630,,,,
26634,26631,,,,
26635,26632,,,,
26636,26633,,,,
26637,26634,,,,
26638,26635,,,,
26639,26636,,,,
26640,26637,,,,
26641,26638,,,,
26642,26639,,,,
26643,26640,,,,
26644,26641,,,,
26645,26642,,,,
26646,26643,,,,
26647,26644,,,,
26648,26645,,,,
26649,26646,,,,
26650,26647,,,,
26651,26648,,,,
26652,26649,,,,
26653,26650,,,,
26654,26651,,,,
26655,26652,,,,
26656,26653,,,,
26657,26654,,,,
26658,26655,,,,
26659,26656,,,,
26660,26657,,,,
26661,26658,,,,
26662,26659,,,,
26663,26660,,,,
26664,26661,,,,
26665,26662,,,,
26666,26663,,,,
26667,26664,,,,
26668,26665,,,,
26669,26666,,,,
26670,26667,,,,
26671,26668,,,,
26672,26669,,,,
26673,26670,,,,
26674,26671,,,,
26675,26672,,,,
26676,26673,,,,
26677,26674,,,,
26678,26675,,,,
26679,26676,,,,
26680,26677,,,,
26681,26678,,,,
26682,26679,,,,
26683,26680,,,,
26684,26681,,,,
26685,26682,,,,
26686,26683,,,,
26687,26684,,,,
26688,26685,,,,
26689,26686,,,,
26690,26687,,,,
26691,26688,,,,
26692,26689,,,,
26693,26690,,,,
26694,26691,,,,
26695,26692,,,,
26696,26693,,,,
26697,26694,,,,
26698,26695,,,,
26699,26696,,,,
26700,26697,,,,
26701,26698,,,,
26702,26699,,,,
26703,26700,,,,
26704,26701,,,,
26705,26702,,,,
26706,26703,,,,
26707,26704,,,,
26708,26705,,,,
26709,26706,,,,
26710,26707,,,,
26711,26708,,,,
26712,26709,,,,
26713,26710,,,,
26714,26711,,,,
26715,26712,,,,
26716,26713,,,,
26717,26714,,,,
26718,26715,,,,
26719,26716,,,,
26720,26717,,,,
26721,26718,,,,
26722,26719,,,,
26723,26720,,,,
26724,26721,,,,
26725,26722,,,,
26726,26723,,,,
26727,26724,,,,
26728,26725,,,,
26729,26726,,,,
26730,26727,,,,
26731,26728,,,,
26732,26729,,,,
26733,26730,,,,
26734,26731,,,,
26735,26732,,,,
26736,26733,,,,
26737,26734,,,,
26738,26735,,,,
26739,26736,,,,
26740,26737,,,,
26741,26738,,,,
26742,26739,,,,
26743,26740,,,,
26744,26741,,,,
26745,26742,,,,
26746,26743,,,,
26747,26744,,,,
26748,26745,,,,
26749,26746,,,,
26750,26747,,,,
26751,26748,,,,
26752,26749,,,,
26753,26750,,,,
26754,26751,,,,
26755,26752,,,,
26756,26753,,,,
26757,26754,,,,
26758,26755,,,,
26759,26756,,,,
26760,26757,"Graham Broadbent, Pete Czernin, and Martin McDonagh",Martin McDonagh,Martin McDonagh,Fox Searchlight Pictures
26761,26758,,,,
26762,26759,Sol C. Siegel,Jean Negulesco,John Patrick,20th Century Fox Film Corporation
26763,26760,,,,
26764,26761,,,,
26765,26762,,,,
26766,26763,,,,
26767,26764,,,,
26768,26765,,,,
26769,26766,,,,
26770,26767,,,,
26771,26768,,,,
26772,26769,,,,
26773,26770,,,,
26774,26771,,,,
26775,26772,,,,
26776,26773,Universal,Henry Koster,"Adele Comandini, Austin Parker",Universal Pictures
26777,26774,,,,
26778,26775,,,,
26779,26776,,,,
26780,26777,,,,
26781,26778,,,,
26782,26779,,,,
26783,26780,,,,
26784,26781,,,,
26785,26782,,,,
26786,26783,,,,
26787,26784,,,,
26788,26785,,,,
26789,26786,,,,
26790,26787,,,,
26791,26788,,,,
26792,26789,,,,
26793,26790,,,,
26794,26791,,,,
26795,26792,,,,
26796,26793,,,,
26797,26794,,,,
26798,26795,,,,
26799,26796,,,,
26800,26797,,,,
26801,26798,,,,
26802,26799,,,,
26803,26800,,,,
26804,26801,,,,
26805,26802,,,,
26806,26803,,,,
26807,26804,,,,
26808,26805,,,,
26809,26806,,,,
26810,26807,,,,
26811,26808,,,,
26812,26809,,,,
26813,26810,,,,
26814,26811,,,,
26815,26812,,,,
26816,26813,,,,
26817,26814,,,,
26818,26815,,,,
26819,26816,,,,
26820,26817,,,,
26821,26818,,,,
26822,26819,,,,
26823,26820,,,,
26824,26821,,,,
26825,26822,,,,
26826,26823,,,,
26827,26824,,,,
26828,26825,,,,
26829,26826,,,,
26830,26827,,,,
26831,26828,,,,
26832,26829,,,,
26833,26830,,,,
26834,26831,,,,
26835,26832,,,,
26836,26833,,,,
26837,26834,,,,
26838,26835,,,,
26839,26836,,,,
26840,26837,,,,
26841,26838,,,,
26842,26839,,,,
26843,26840,,,,
26844,26841,,,,
26845,26842,,,,
26846,26843,,,,
26847,26844,,,,
26848,26845,,,,
26849,26846,,,,
26850,26847,,,,
26851,26848,,,,
26852,26849,,,,
26853,26850,,,,
26854,26851,,,,
26855,26852,,,,
26856,26853,,,,
26857,26854,,,,
26858,26855,,,,
26859,26856,,,,
26860,26857,,,,
26861,26858,,,,
26862,26859,,,,
26863,26860,,,,
26864,26861,,,,
26865,26862,,,,
26866,26863,,,,
26867,26864,,,,
26868,26865,,,,
26869,26866,,,,
26870,26867,,,,
26871,26868,,,,
26872,26869,,,,
26873,26870,,,,
26874,26871,James Cameron and Jon Landau,James Cameron,James Cameron,Paramount Pictures
26875,26872,,,,
26876,26873,,,,
26877,26874,,,,
26878,26875,,,,
26879,26876,,,,
26880,26877,,,,
26881,26878,,,,
26882,26879,,,,
26883,26880,,,,
26884,26881,,,,
26885,26882,,,,
26886,26883,,,,
26887,26884,,,,
26888,26885,,,,
26889,26886,,,,
26890,26887,,,,
26891,26888,,,,
26892,26889,,,,
26893,26890,,,,
26894,26891,,,,
26895,26892,,,,
26896,26893,,,,
26897,26894,,,,
26898,26895,,,,
26899,26896,,,,
26900,26897,,,,
26901,26898,,,,
26902,26899,,,,
26903,26900,,,,
26904,26901,,,,
26905,26902,,,,
26906,26903,,,,
26907,26904,,,,
26908,26905,,,,
26909,26906,,,,
26910,26907,,,,
26911,26908,,,,
26912,26909,,,,
26913,26910,,,,
26914,26911,,,,
26915,26912,,,,
26916,26913,,,,
26917,26914,,,,
26918,26915,,,,
26919,26916,,,,
26920,26917,,,,
26921,26918,,,,
26922,26919,,,,
26923,26920,,,,
26924,26921,,,,
26925,26922,,,,
26926,26923,,,,
26927,26924,,,,
26928,26925,,,,
26929,26926,,,,
26930,26927,,,,
26931,26928,,,,
26932,26929,,,,
26933,26930,,,,
26934,26931,,,,
26935,26932,,,,
26936,26933,,,,
26937,26934,,,,
26938,26935,,,,
26939,26936,,,,
26940,26937,,,,
26941,26938,,,,
26942,26939,,,,
26943,26940,,,,
26944,26941,,,,
26945,26942,,,,
26946,26943,,,,
26947,26944,,,,
26948,26945,,,,
26949,26946,,,,
26950,26947,,,,
26951,26948,,,,
26952,26949,,,,
26953,26950,,,,
26954,26951,,,,
26955,26952,,,,
26956,26953,,,,
26957,26954,,,,
26958,26955,,,,
26959,26956,,,,
26960,26957,,,,
26961,26958,,,,
26962,26959,,,,
26963,26960,,,,
26964,26961,,,,
26965,26962,,,,
26966,26963,,,,
26967,26964,,,,
26968,26965,,,,
26969,26966,,,,
26970,26967,,,,
26971,26968,,,,
26972,26969,,,,
26973,26970,,,,
26974,26971,,,,
26975,26972,,,,
26976,26973,,,,
26977,26974,,,,
26978,26975,,,,
26979,26976,,,,
26980,26977,,,,
26981,26978,,,,
26982,26979,,,,
26983,26980,,,,
26984,26981,Tony Richardson,Tony Richardson,John Osborne,Woodfall Film Productions
26985,26982,,,,
26986,26983,,,,
26987,26984,,,,
26988,26985,,,,
26989,26986,,,,
26990,26987,,,,
26991,26988,,,,
26992,26989,,,,
26993,26990,,,,
26994,26991,,,,
26995,26992,,,,
26996,26993,,,,
26997,26994,,,,
26998,26995,,,,
26999,26996,,,,
27000,26997,,,,
27001,26998,,,,
27002,26999,,,,
27003,27000,,,,
27004,27001,,,,
27005,27002,,,,
27006,27003,,,,
27007,27004,,,,
27008,27005,,,,
27009,27006,,,,
27010,27007,,,,
27011,27008,,,,
27012,27009,,,,
27013,27010,,,,
27014,27011,,,,
27015,27012,,,,
27016,27013,,,,
27017,27014,,,,
27018,27015,,,,
27019,27016,,,,
27020,27017,,,,
27021,27018,,,,
27022,27019,,,,
27023,27020,,,,
27024,27021,,,,
27025,27022,,,,
27026,27023,,,,
27027,27024,,,,
27028,27025,,,,
27029,27026,,,,
27030,27027,,,,
27031,27028,,,,
27032,27029,,,,
27033,27030,Sydney Pollack and Dick Richards,Sydney Pollack,"Larry Gelbart, Murray Schisgal, Sydney Pollack",Columbia Pictures
27034,27031,RKO Radio,Mark Sandrich,"Dwight Taylor, Allan Scott",Turner Home Entertainment
27035,27032,,,,
27036,27033,,,,
27037,27034,,,,
27038,27035,,,,
27039,27036,,,,
27040,27037,,,,
27041,27038,,,,
27042,27039,,,,
27043,27040,,,,
27044,27041,,,,
27045,27042,,,,
27046,27043,,,,
27047,27044,,,,
27048,27045,,,,
27049,27046,,,,
27050,27047,,,,
27051,27048,,,,
27052,27049,,,,
27053,27050,,,,
27054,27051,,,,
27055,27052,,,,
27056,27053,,,,
27057,27054,,,,
27058,27055,,,,
27059,27056,,,,
27060,27057,,,,
27061,27058,,,,
27062,27059,,,,
27063,27060,,,,
27064,27061,,,,
27065,27062,,,,
27066,27063,,,,
27067,27064,,,,
27068,27065,,,,
27069,27066,,,,
27070,27067,,,,
27071,27068,,,,
27072,27069,,,,
27073,27070,,,,
27074,27071,,,,
27075,27072,,,,
27076,27073,,,,
27077,27074,,,,
27078,27075,,,,
27079,27076,,,,
27080,27077,,,,
27081,27078,,,,
27082,27079,,,,
27083,27080,,,,
27084,27081,,,,
27085,27082,,,,
27086,27083,,,,
27087,27084,,,,
27088,27085,,,,
27089,27086,,,,
27090,27087,,,,
27091,27088,,,,
27092,27089,,,,
27093,27090,,,,
27094,27091,,,,
27095,27092,,,,
27096,27093,Darla K. Anderson,Lee Unkrich,"Lee Unkrich, Andrew Stanton, John Lasseter, Michael Arndt",Walt Disney Pictures
27097,27094,,,,
27098,27095,,,,
27099,27096,,,,
27100,27097,,,,
27101,27098,,,,
27102,27099,,,,
27103,27100,,,,
27104,27101,,,,
27105,27102,,,,
27106,27103,,,,
27107,27104,,,,
27108,27105,,,,
27109,27106,,,,
27110,27107,,,,
27111,27108,,,,
27112,27109,"Edward Zwick, Marshall Herskovitz, and Laura Bickford",Steven Soderbergh,Stephen Gaghan,USA Films
27113,27110,,,,
27114,27111,,,,
27115,27112,,,,
27116,27113,,,,
27117,27114,,,,
27118,27115,,,,
27119,27116,,,,
27120,27117,,,,
27121,27118,,,,
27122,27119,,,,
27123,27120,,,,
27124,27121,,,,
27125,27122,,,,
27126,27123,,,,
27127,27124,,,,
27128,27125,,,,
27129,27126,,,,
27130,27127,,,,
27131,27128,,,,
27132,27129,,,,
27133,27130,,,,
27134,27131,,,,
27135,27132,,,,
27136,27133,,,,
27137,27134,,,,
27138,27135,,,,
27139,27136,,,,
27140,27137,,,,
27141,27138,,,,
27142,27139,,,,
27143,27140,,,,
27144,27141,,,,
27145,27142,,,,
27146,27143,,,,
27147,27144,,,,
27148,27145,,,,
27149,27146,,,,
27150,27147,,,,
27151,27148,,,,
27152,27149,,,,
27153,27150,,,,
27154,27151,,,,
27155,27152,,,,
27156,27153,,,,
27157,27154,,,,
27158,27155,,,,
27159,27156,,,,
27160,27157,,,,
27161,27158,,,,
27162,27159,,,,
27163,27160,,,,
27164,27161,,,,
27165,27162,,,,
27166,27163,,,,
27167,27164,,,,
27168,27165,,,,
27169,27166,,,,
27170,27167,,,,
27171,27168,,,,
27172,27169,,,,
27173,27170,,,,
27174,27171,,,,
27175,27172,,,,
27176,27173,,,,
27177,27174,,,,
27178,27175,,,,
27179,27176,,,,
27180,27177,,,,
27181,27178,,,,
27182,27179,,,,
27183,27180,,,,
27184,27181,,,,
27185,27182,,,,
27186,27183,,,,
27187,27184,,,,
27188,27185,,,,
27189,27186,,,,
27190,27187,,,,
27191,27188,,,,
27192,27189,,,,
27193,27190,,,,
27194,27191,,,,
27195,27192,,,,
27196,27193,,,,
27197,27194,,,,
27198,27195,,,,
27199,27196,,,,
27200,27197,,,,
27201,27198,,,,
27202,27199,,,,
27203,27200,,,,
27204,27201,,,,
27205,27202,,,,
27206,27203,,,,
27207,27204,,,,
27208,27205,,,,
27209,27206,,,,
27210,27207,,,,
27211,27208,,,,
27212,27209,,,,
27213,27210,,,,
27214,27211,,,,
27215,27212,,,,
27216,27213,,,,
27217,27214,,,,
27218,27215,,,,
27219,27216,,,,
27220,27217,,,,
27221,27218,,,,
27222,27219,,,,
27223,27220,,,,
27224,27221,,,,
27225,27222,,,,
27226,27223,,,,
27227,27224,,,,
27228,27225,,,,
27229,27226,,,,
27230,27227,,,,
27231,27228,,,,
27232,27229,,,,
27233,27230,,,,
27234,27231,,,,
27235,27232,,,,
27236,27233,,,,
27237,27234,,,,
27238,27235,,,,
27239,27236,,,,
27240,27237,,,,
27241,27238,,,,
27242,27239,,,,
27243,27240,,,,
27244,27241,,,,
27245,27242,,,,
27246,27243,,,,
27247,27244,,,,
27248,27245,,,,
27249,27246,,,,
27250,27247,,,,
27251,27248,,,,
27252,27249,,,,
27253,27250,,,,
27254,27251,,,,
27255,27252,,,,
27256,27253,,,,
27257,27254,,,,
27258,27255,,,,
27259,27256,,,,
27260,27257,,,,
27261,27258,,,,
27262,27259,,,,
27263,27260,,,,
27264,27261,,,,
27265,27262,,,,
27266,27263,,,,
27267,27264,,,,
27268,27265,,,,
27269,27266,,,,
27270,27267,,,,
27271,27268,,,,
27272,27269,,,,
27273,27270,,,,
27274,27271,,,,
27275,27272,,,,
27276,27273,,,,
27277,27274,,,,
27278,27275,"Joel Coen, Ethan Coen, and Scott Rudin","Joel Coen, Ethan Coen","Ethan Coen, Joel Coen",Paramount Pictures
27279,27276,,,,
27280,27277,,,,
27281,27278,,,,
27282,27279,,,,
27283,27280,,,,
27284,27281,,,,
27285,27282,,,,
27286,27283,,,,
27287,27284,,,,
27288,27285,,,,
27289,27286,,,,
27290,27287,,,,
27291,27288,,,,
27292,27289,,,,
27293,27290,,,,
27294,27291,,,,
27295,27292,,,,
27296,27293,,,,
27297,27294,,,,
27298,27295,,,,
27299,27296,,,,
27300,27297,,,,
27301,27298,,,,
27302,27299,,,,
27303,27300,,,,
27304,27301,,,,
27305,27302,,,,
27306,27303,,,,
27307,27304,,,,
27308,27305,,,,
27309,27306,,,,
27310,27307,,,,
27311,27308,,,,
27312,27309,,,,
27313,27310,,,,
27314,27311,,,,
27315,27312,,,,
27316,27313,,,,
27317,27314,,,,
27318,27315,,,,
27319,27316,,,,
27320,27317,,,,
27321,27318,,,,
27322,27319,,,,
27323,27320,,,,
27324,27321,,,,
27325,27322,,,,
27326,27323,,,,
27327,27324,,,,
27328,27325,,,,
27329,27326,,,,
27330,27327,,,,
27331,27328,,,,
27332,27329,,,,
27333,27330,,,,
27334,27331,,,,
27335,27332,,,,
27336,27333,,,,
27337,27334,,,,
27338,27335,,,,
27339,27336,,,,
27340,27337,,,,
27341,27338,,,,
27342,27339,,,,
27343,27340,,,,
27344,27341,,,,
27345,27342,,,,
27346,27343,,,,
27347,27344,,,,
27348,27345,,,,
27349,27346,,,,
27350,27347,,,,
27351,27348,,,,
27352,27349,,,,
27353,27350,,,,
27354,27351,20th Century-Fox,Henry King,"Beirne Lay, Lt. Beirne Lay Jr., Sy Bartlett",Twentieth Century Fox Home Entertainment
27355,27352,,,,
27356,27353,,,,
27357,27354,,,,
27358,27355,,,,
27359,27356,,,,
27360,27357,,,,
27361,27358,,,,
27362,27359,,,,
27363,27360,,,,
27364,27361,,,,
27365,27362,,,,
27366,27363,,,,
27367,27364,,,,
27368,27365,,,,
27369,27366,,,,
27370,27367,,,,
27371,27368,,,,
27372,27369,,,,
27373,27370,,,,
27374,27371,,,,
27375,27372,,,,
27376,27373,,,,
27377,27374,,,,
27378,27375,,,,
27379,27376,,,,
27380,27377,,,,
27381,27378,,,,
27382,27379,,,,
27383,27380,,,,
27384,27381,,,,
27385,27382,,,,
27386,27383,,,,
27387,27384,,,,
27388,27385,,,,
27389,27386,,,,
27390,27387,,,,
27391,27388,,,,
27392,27389,,,,
27393,27390,,,,
27394,27391,,,,
27395,27392,,,,
27396,27393,,,,
27397,27394,,,,
27398,27395,,,,
27399,27396,,,,
27400,27397,,,,
27401,27398,,,,
27402,27399,,,,
27403,27400,,,,
27404,27401,,,,
27405,27402,,,,
27406,27403,,,,
27407,27404,,,,
27408,27405,,,,
27409,27406,,,,
27410,27407,,,,
27411,27408,,,,
27412,27409,,,,
27413,27410,,,,
27414,27411,,,,
27415,27412,,,,
27416,27413,,,,
27417,27414,,,,
27418,27415,,,,
27419,27416,,,,
27420,27417,,,,
27421,27418,,,,
27422,27419,,,,
27423,27420,,,,
27424,27421,,,,
27425,27422,,,,
27426,27423,,,,
27427,27424,,,,
27428,27425,,,,
27429,27426,,,,
27430,27427,,,,
27431,27428,,,,
27432,27429,,,,
27433,27430,,,,
27434,27431,,,,
27435,27432,,,,
27436,27433,,,,
27437,27434,,,,
27438,27435,,,,
27439,27436,,,,
27440,27437,,,,
27441,27438,,,,
27442,27439,,,,
27443,27440,,,,
27444,27441,,,,
27445,27442,,,,
27446,27443,,,,
27447,27444,,,,
27448,27445,,,,
27449,27446,,,,
27450,27447,,,,
27451,27448,,,,
27452,27449,,,,
27453,27450,,,,
27454,27451,,,,
27455,27452,,,,
27456,27453,,,,
27457,27454,,,,
27458,27455,,,,
27459,27456,,,,
27460,27457,,,,
27461,27458,,,,
27462,27459,,,,
27463,27460,,,,
27464,27461,,,,
27465,27462,,,,
27466,27463,,,,
27467,27464,,,,
27468,27465,,,,
27469,27466,,,,
27470,27467,,,,
27471,27468,,,,
27472,27469,,,,
27473,27470,,,,
27474,27471,,,,
27475,27472,,,,
27476,27473,,,,
27477,27474,,,,
27478,27475,,,,
27479,27476,,,,
27480,27477,,,,
27481,27478,,,,
27482,27479,,,,
27483,27480,,,,
27484,27481,,,,
27485,27482,,,,
27486,27483,,,,
27487,27484,,,,
27488,27485,,,,
27489,27486,,,,
27490,27487,,,,
27491,27488,,,,
27492,27489,,,,
27493,27490,,,,
27494,27491,,,,
27495,27492,,,,
27496,27493,,,,
27497,27494,,,,
27498,27495,,,,
27499,27496,,,,
27500,27497,,,,
27501,27498,,,,
27502,27499,,,,
27503,27500,,,,
27504,27501,,,,
27505,27502,,,,
27506,27503,,,,
27507,27504,,,,
27508,27505,,,,
27509,27506,,,,
27510,27507,,,,
27511,27508,,,,
27512,27509,,,,
27513,27510,,,,
27514,27511,,,,
27515,27512,,,,
27516,27513,,,,
27517,27514,,,,
27518,27515,,,,
27519,27516,,,,
27520,27517,,,,
27521,27518,,,,
27522,27519,,,,
27523,27520,,,,
27524,27521,,,,
27525,27522,,,,
27526,27523,,,,
27527,27524,,,,
27528,27525,,,,
27529,27526,,,,
27530,27527,,,,
27531,27528,,,,
27532,27529,,,,
27533,27530,,,,
27534,27531,,,,
27535,27532,,,,
27536,27533,,,,
27537,27534,,,,
27538,27535,,,,
27539,27536,,,,
27540,27537,,,,
27541,27538,,,,
27542,27539,,,,
27543,27540,,,,
27544,27541,,,,
27545,27542,,,,
27546,27543,,,,
27547,27544,,,,
27548,27545,,,,
27549,27546,,,,
27550,27547,Clint Eastwood,Clint Eastwood,"Clint Eastwood, David Webb Peoples",Warner Bros. Pictures
27551,27548,,,,
27552,27549,,,,
27553,27550,,,,
27554,27551,,,,
27555,27552,,,,
27556,27553,,,,
27557,27554,,,,
27558,27555,,,,
27559,27556,,,,
27560,27557,,,,
27561,27558,,,,
27562,27559,,,,
27563,27560,,,,
27564,27561,,,,
27565,27562,,,,
27566,27563,,,,
27567,27564,,,,
27568,27565,,,,
27569,27566,,,,
27570,27567,,,,
27571,27568,,,,
27572,27569,,,,
27573,27570,,,,
27574,27571,,,,
27575,27572,,,,
27576,27573,,,,
27577,27574,,,,
27578,27575,,,,
27579,27576,,,,
27580,27577,,,,
27581,27578,,,,
27582,27579,,,,
27583,27580,,,,
27584,27581,,,,
27585,27582,,,,
27586,27583,,,,
27587,27584,,,,
27588,27585,,,,
27589,27586,,,,
27590,27587,,,,
27591,27588,,,,
27592,27589,,,,
27593,27590,,,,
27594,27591,,,,
27595,27592,,,,
27596,27593,,,,
27597,27594,,,,
27598,27595,,,,
27599,27596,,,,
27600,27597,,,,
27601,27598,,,,
27602,27599,,,,
27603,27600,,,,
27604,27601,,,,
27605,27602,,,,
27606,27603,,,,
27607,27604,,,,
27608,27605,,,,
27609,27606,,,,
27610,27607,,,,
27611,27608,,,,
27612,27609,,,,
27613,27610,,,,
27614,27611,,,,
27615,27612,,,,
27616,27613,,,,
27617,27614,,,,
27618,27615,,,,
27619,27616,,,,
27620,27617,,,,
27621,27618,,,,
27622,27619,Jonas Rivera,"Linn Patrick, Pete Docter, Bob Peterson, Peter Docter","Bob Peterson, Pete Docter, Tom McCarthy, Ronnie del Carmen",Walt Disney Pictures
27623,27620,,,,
27624,27621,,,,
27625,27622,,,,
27626,27623,"Daniel Dubiecki, Ivan Reitman, and Jason Reitman",Jason Reitman,"Sheldon Turner, Jason Reitman",Paramount Pictures
27627,27624,,,,
27628,27625,,,,
27629,27626,,,,
27630,27627,,,,
27631,27628,,,,
27632,27629,,,,
27633,27630,,,,
27634,27631,,,,
27635,27632,,,,
27636,27633,,,,
27637,27634,,,,
27638,27635,,,,
27639,27636,,,,
27640,27637,,,,
27641,27638,,,,
27642,27639,,,,
27643,27640,,,,
27644,27641,,,,
27645,27642,,,,
27646,27643,,,,
27647,27644,,,,
27648,27645,,,,
27649,27646,,,,
27650,27647,,,,
27651,27648,,,,
27652,27649,,,,
27653,27650,,,,
27654,27651,,,,
27655,27652,,,,
27656,27653,,,,
27657,27654,,,,
27658,27655,,,,
27659,27656,,,,
27660,27657,,,,
27661,27658,,,,
27662,27659,,,,
27663,27660,,,,
27664,27661,,,,
27665,27662,,,,
27666,27663,,,,
27667,27664,,,,
27668,27665,,,,
27669,27666,,,,
27670,27667,,,,
27671,27668,,,,
27672,27669,,,,
27673,27670,,,,
27674,27671,,,,
27675,27672,,,,
27676,27673,,,,
27677,27674,,,,
27678,27675,,,,
27679,27676,,,,
27680,27677,,,,
27681,27678,,,,
27682,27679,,,,
27683,27680,,,,
27684,27681,,,,
27685,27682,,,,
27686,27683,,,,
27687,27684,,,,
27688,27685,,,,
27689,27686,,,,
27690,27687,,,,
27691,27688,,,,
27692,27689,,,,
27693,27690,,,,
27694,27691,,,,
27695,27692,,,,
27696,27693,,,,
27697,27694,,,,
27698,27695,,,,
27699,27696,,,,
27700,27697,,,,
27701,27698,,,,
27702,27699,,,,
27703,27700,,,,
27704,27701,,,,
27705,27702,,,,
27706,27703,,,,
27707,27704,,,,
27708,27705,,,,
27709,27706,,,,
27710,27707,,,,
27711,27708,,,,
27712,27709,,,,
27713,27710,,,,
27714,27711,,,,
27715,27712,,,,
27716,27713,,,,
27717,27714,,,,
27718,27715,,,,
27719,27716,,,,
27720,27717,,,,
27721,27718,,,,
27722,27719,,,,
27723,27720,,,,
27724,27721,,,,
27725,27722,,,,
27726,27723,,,,
27727,27724,,,,
27728,27725,,,,
27729,27726,,,,
27730,27727,,,,
27731,27728,,,,
27732,27729,,,,
27733,27730,,,,
27734,27731,,,,
27735,27732,,,,
27736,27733,,,,
27737,27734,,,,
27738,27735,,,,
27739,27736,,,,
27740,27737,,,,
27741,27738,,,,
27742,27739,,,,
27743,27740,,,,
27744,27741,,,,
27745,27742,,,,
27746,27743,,,,
27747,27744,,,,
27748,27745,,,,
27749,27746,,,,
27750,27747,,,,
27751,27748,,,,
27752,27749,,,,
27753,27750,,,,
27754,27751,,,,
27755,27752,,,,
27756,27753,,,,
27757,27754,,,,
27758,27755,,,,
27759,27756,,,,
27760,27757,,,,
27761,27758,,,,
27762,27759,,,,
27763,27760,,,,
27764,27761,,,,
27765,27762,,,,
27766,27763,,,,
27767,27764,,,,
27768,27765,,,,
27769,27766,,,,
27770,27767,,,,
27771,27768,,,,
27772,27769,,,,
27773,27770,,,,
27774,27771,,,,
27775,27772,,,,
27776,27773,,,,
27777,27774,,,,
27778,27775,,,,
27779,27776,,,,
27780,27777,,,,
27781,27778,,,,
27782,27779,,,,
27783,27780,,,,
27784,27781,,,,
27785,27782,,,,
27786,27783,,,,
27787,27784,,,,
27788,27785,,,,
27789,27786,,,,
27790,27787,,,,
27791,27788,,,,
27792,27789,,,,
27793,27790,,,,
27794,27791,,,,
27795,27792,,,,
27796,27793,,,,
27797,27794,,,,
27798,27795,,,,
27799,27796,,,,
27800,27797,,,,
27801,27798,,,,
27802,27799,,,,
27803,27800,,,,
27804,27801,,,,
27805,27802,,,,
27806,27803,,,,
27807,27804,,,,
27808,27805,,,,
27809,27806,,,,
27810,27807,,,,
27811,27808,,,,
27812,27809,,,,
27813,27810,,,,
27814,27811,,,,
27815,27812,,,,
27816,27813,,,,
27817,27814,,,,
27818,27815,,,,
27819,27816,,,,
27820,27817,,,,
27821,27818,,,,
27822,27819,,,,
27823,27820,,,,
27824,27821,,,,
27825,27822,,,,
27826,27823,,,,
27827,27824,,,,
27828,27825,,,,
27829,27826,,,,
27830,27827,,,,
27831,27828,,,,
27832,27829,,,,
27833,27830,,,,
27834,27831,,,,
27835,27832,,,,
27836,27833,,,,
27837,27834,,,,
27838,27835,,,,
27839,27836,,,,
27840,27837,,,,
27841,27838,,,,
27842,27839,,,,
27843,27840,,,,
27844,27841,,,,
27845,27842,,,,
27846,27843,,,,
27847,27844,,,,
27848,27845,,,,
27849,27846,,,,
27850,27847,,,,
27851,27848,,,,
27852,27849,,,,
27853,27850,,,,
27854,27851,,,,
27855,27852,,,,
27856,27853,,,,
27857,27854,,,,
27858,27855,,,,
27859,27856,,,,
27860,27857,,,,
27861,27858,,,,
27862,27859,,,,
27863,27860,,,,
27864,27861,,,,
27865,27862,,,,
27866,27863,,,,
27867,27864,,,,
27868,27865,,,,
27869,27866,,,,
27870,27867,,,,
27871,27868,,,,
27872,27869,,,,
27873,27870,,,,
27874,27871,,,,
27875,27872,,,,
27876,27873,,,,
27877,27874,,,,
27878,27875,,,,
27879,27876,,,,
27880,27877,,,,
27881,27878,,,,
27882,27879,,,,
27883,27880,,,,
27884,27881,,,,
27885,27882,,,,
27886,27883,,,,
27887,27884,,,,
27888,27885,,,,
27889,27886,,,,
27890,27887,,,,
27891,27888,,,,
27892,27889,,,,
27893,27890,,,,
27894,27891,,,,
27895,27892,,,,
27896,27893,,,,
27897,27894,,,,
27898,27895,,,,
27899,27896,,,,
27900,27897,,,,
27901,27898,,,,
27902,27899,,,,
27903,27900,,,,
27904,27901,,,,
27905,27902,,,,
27906,27903,,,,
27907,27904,,,,
27908,27905,,,,
27909,27906,,,,
27910,27907,,,,
27911,27908,,,,
27912,27909,,,,
27913,27910,,,,
27914,27911,,,,
27915,27912,,,,
27916,27913,,,,
27917,27914,,,,
27918,27915,,,,
27919,27916,,,,
27920,27917,,,,
27921,27918,,,,
27922,27919,,,,
27923,27920,,,,
27924,27921,,,,
27925,27922,,,,
27926,27923,,,,
27927,27924,,,,
27928,27925,,,,
27929,27926,,,,
27930,27927,,,,
27931,27928,,,,
27932,27929,,,,
27933,27930,,,,
27934,27931,,,,
27935,27932,,,,
27936,27933,,,,
27937,27934,,,,
27938,27935,,,,
27939,27936,,,,
27940,27937,,,,
27941,27938,,,,
27942,27939,"Dede Gardner, Jeremy Kleiner, Adam McKay, and Kevin Messick",Adam McKay,Adam McKay,Annapurna Pictures
27943,27940,,,,
27944,27941,,,,
27945,27942,,,,
27946,27943,,,,
27947,27944,,,,
27948,27945,,,,
27949,27946,,,,
27950,27947,,,,
27951,27948,,,,
27952,27949,,,,
27953,27950,,,,
27954,27951,,,,
27955,27952,,,,
27956,27953,,,,
27957,27954,,,,
27958,27955,,,,
27959,27956,,,,
27960,27957,,,,
27961,27958,,,,
27962,27959,,,,
27963,27960,,,,
27964,27961,,,,
27965,27962,,,,
27966,27963,,,,
27967,27964,,,,
27968,27965,,,,
27969,27966,,,,
27970,27967,,,,
27971,27968,,,,
27972,27969,,,,
27973,27970,,,,
27974,27971,,,,
27975,27972,,,,
27976,27973,,,,
27977,27974,,,,
27978,27975,,,,
27979,27976,,,,
27980,27977,,,,
27981,27978,,,,
27982,27979,,,,
27983,27980,,,,
27984,27981,,,,
27985,27982,,,,
27986,27983,,,,
27987,27984,,,,
27988,27985,,,,
27989,27986,,,,
27990,27987,,,,
27991,27988,,,,
27992,27989,,,,
27993,27990,,,,
27994,27991,,,,
27995,27992,,,,
27996,27993,,,,
27997,27994,,,,
27998,27995,,,,
27999,27996,,,,
28000,27997,,,,
28001,27998,,,,
28002,27999,,,,
28003,28000,,,,
28004,28001,,,,
28005,28002,,,,
28006,28003,,,,
28007,28004,,,,
28008,28005,,,,
28009,28006,,,,
28010,28007,,,,
28011,28008,,,,
28012,28009,,,,
28013,28010,,,,
28014,28011,,,,
28015,28012,,,,
28016,28013,,,,
28017,28014,,,,
28018,28015,,,,
28019,28016,,,,
28020,28017,,,,
28021,28018,,,,
28022,28019,,,,
28023,28020,,,,
28024,28021,,,,
28025,28022,,,,
28026,28023,,,,
28027,28024,,,,
28028,28025,,,,
28029,28026,,,,
28030,28027,,,,
28031,28028,,,,
28032,28029,,,,
28033,28030,,,,
28034,28031,,,,
28035,28032,,,,
28036,28033,,,,
28037,28034,,,,
28038,28035,,,,
28039,28036,,,,
28040,28037,,,,
28041,28038,,,,
28042,28039,,,,
28043,28040,,,,
28044,28041,,,,
28045,28042,,,,
28046,28043,,,,
28047,28044,,,,
28048,28045,,,,
28049,28046,,,,
28050,28047,,,,
28051,28048,,,,
28052,28049,,,,
28053,28050,,,,
28054,28051,,,,
28055,28052,,,,
28056,28053,,,,
28057,28054,,,,
28058,28055,,,,
28059,28056,,,,
28060,28057,,,,
28061,28058,,,,
28062,28059,,,,
28063,28060,,,,
28064,28061,,,,
28065,28062,,,,
28066,28063,,,,
28067,28064,,,,
28068,28065,,,,
28069,28066,,,,
28070,28067,,,,
28071,28068,,,,
28072,28069,,,,
28073,28070,,,,
28074,28071,,,,
28075,28072,,,,
28076,28073,,,,
28077,28074,,,,
28078,28075,,,,
28079,28076,,,,
28080,28077,,,,
28081,28078,,,,
28082,28079,,,,
28083,28080,,,,
28084,28081,,,,
28085,28082,,,,
28086,28083,,,,
28087,28084,,,,
28088,28085,,,,
28089,28086,,,,
28090,28087,,,,
28091,28088,,,,
28092,28089,,,,
28093,28090,,,,
28094,28091,,,,
28095,28092,,,,
28096,28093,,,,
28097,28094,,,,
28098,28095,,,,
28099,28096,,,,
28100,28097,,,,
28101,28098,,,,
28102,28099,,,,
28103,28100,,,,
28104,28101,,,,
28105,28102,,,,
28106,28103,,,,
28107,28104,,,,
28108,28105,,,,
28109,28106,,,,
28110,28107,,,,
28111,28108,,,,
28112,28109,,,,
28113,28110,,,,
28114,28111,,,,
28115,28112,,,,
28116,28113,,,,
28117,28114,,,,
28118,28115,,,,
28119,28116,,,,
28120,28117,,,,
28121,28118,,,,
28122,28119,,,,
28123,28120,,,,
28124,28121,,,,
28125,28122,,,,
28126,28123,,,,
28127,28124,,,,
28128,28125,,,,
28129,28126,,,,
28130,28127,,,,
28131,28128,,,,
28132,28129,,,,
28133,28130,,,,
28134,28131,,,,
28135,28132,,,,
28136,28133,,,,
28137,28134,,,,
28138,28135,,,,
28139,28136,,,,
28140,28137,,,,
28141,28138,,,,
28142,28139,,,,
28143,28140,,,,
28144,28141,,,,
28145,28142,,,,
28146,28143,,,,
28147,28144,,,,
28148,28145,,,,
28149,28146,,,,
28150,28147,,,,
28151,28148,,,,
28152,28149,,,,
28153,28150,,,,
28154,28151,,,,
28155,28152,,,,
28156,28153,,,,
28157,28154,,,,
28158,28155,,,,
28159,28156,,,,
28160,28157,,,,
28161,28158,,,,
28162,28159,,,,
28163,28160,,,,
28164,28161,,,,
28165,28162,,,,
28166,28163,,,,
28167,28164,,,,
28168,28165,,,,
28169,28166,,,,
28170,28167,,,,
28171,28168,,,,
28172,28169,,,,
28173,28170,,,,
28174,28171,,,,
28175,28172,,,,
28176,28173,,,,
28177,28174,,,,
28178,28175,,,,
28179,28176,,,,
28180,28177,,,,
28181,28178,,,,
28182,28179,,,,
28183,28180,,,,
28184,28181,,,,
28185,28182,,,,
28186,28183,,,,
28187,28184,,,,
28188,28185,,,,
28189,28186,,,,
28190,28187,,,,
28191,28188,,,,
28192,28189,,,,
28193,28190,,,,
28194,28191,,,,
28195,28192,,,,
28196,28193,,,,
28197,28194,,,,
28198,28195,,,,
28199,28196,,,,
28200,28197,,,,
28201,28198,,,,
28202,28199,,,,
28203,28200,,,,
28204,28201,,,,
28205,28202,,,,
28206,28203,,,,
28207,28204,,,,
28208,28205,,,,
28209,28206,,,,
28210,28207,,,,
28211,28208,,,,
28212,28209,,,,
28213,28210,,,,
28214,28211,,,,
28215,28212,,,,
28216,28213,,,,
28217,28214,,,,
28218,28215,,,,
28219,28216,,,,
28220,28217,,,,
28221,28218,,,,
28222,28219,,,,
28223,28220,,,,
28224,28221,,,,
28225,28222,,,,
28226,28223,Steven Spielberg and Kathleen Kennedy,Steven Spielberg,"Richard Curtis, Lee Hall",Walt Disney Pictures
28227,28224,,,,
28228,28225,,,,
28229,28226,,,,
28230,28227,,,,
28231,28228,,,,
28232,28229,,,,
28233,28230,,,,
28234,28231,,,,
28235,28232,,,,
28236,28233,,,,
28237,28234,,,,
28238,28235,,,,
28239,28236,,,,
28240,28237,,,,
28241,28238,,,,
28242,28239,,,,
28243,28240,,,,
28244,28241,,,,
28245,28242,,,,
28246,28243,,,,
28247,28244,,,,
28248,28245,,,,
28249,28246,,,,
28250,28247,,,,
28251,28248,,,,
28252,28249,,,,
28253,28250,,,,
28254,28251,,,,
28255,28252,,,,
28256,28253,,,,
28257,28254,,,,
28258,28255,,,,
28259,28256,,,,
28260,28257,,,,
28261,28258,,,,
28262,28259,,,,
28263,28260,,,,
28264,28261,,,,
28265,28262,,,,
28266,28263,,,,
28267,28264,,,,
28268,28265,,,,
28269,28266,,,,
28270,28267,,,,
28271,28268,,,,
28272,28269,,,,
28273,28270,,,,
28274,28271,,,,
28275,28272,,,,
28276,28273,,,,
28277,28274,,,,
28278,28275,Warner Bros.,Herman Shumlin,"Dashiell Hammett, Lillian Hellman",Warner Home Video
28279,28276,,,,
28280,28277,,,,
28281,28278,,,,
28282,28279,,,,
28283,28280,,,,
28284,28281,,,,
28285,28282,,,,
28286,28283,,,,
28287,28284,,,,
28288,28285,,,,
28289,28286,,,,
28290,28287,,,,
28291,28288,,,,
28292,28289,,,,
28293,28290,,,,
28294,28291,,,,
28295,28292,,,,
28296,28293,,,,
28297,28294,,,,
28298,28295,,,,
28299,28296,,,,
28300,28297,,,,
28301,28298,,,,
28302,28299,,,,
28303,28300,,,,
28304,28301,,,,
28305,28302,,,,
28306,28303,,,,
28307,28304,,,,
28308,28305,,,,
28309,28306,,,,
28310,28307,,,,
28311,28308,,,,
28312,28309,,,,
28313,28310,,,,
28314,28311,,,,
28315,28312,,,,
28316,28313,,,,
28317,28314,,,,
28318,28315,,,,
28319,28316,,,,
28320,28317,,,,
28321,28318,,,,
28322,28319,,,,
28323,28320,,,,
28324,28321,,,,
28325,28322,,,,
28326,28323,,,,
28327,28324,,,,
28328,28325,,,,
28329,28326,,,,
28330,28327,,,,
28331,28328,,,,
28332,28329,,,,
28333,28330,,,,
28334,28331,,,,
28335,28332,,,,
28336,28333,,,,
28337,28334,,,,
28338,28335,,,,
28339,28336,,,,
28340,28337,,,,
28341,28338,,,,
28342,28339,,,,
28343,28340,,,,
28344,28341,,,,
28345,28342,,,,
28346,28343,,,,
28347,28344,,,,
28348,28345,,,,
28349,28346,,,,
28350,28347,,,,
28351,28348,,,,
28352,28349,,,,
28353,28350,,,,
28354,28351,,,,
28355,28352,,,,
28356,28353,,,,
28357,28354,,,,
28358,28355,,,,
28359,28356,,,,
28360,28357,,,,
28361,28358,,,,
28362,28359,,,,
28363,28360,,,,
28364,28361,,,,
28365,28362,,,,
28366,28363,,,,
28367,28364,,,,
28368,28365,,,,
28369,28366,,,,
28370,28367,,,,
28371,28368,,,,
28372,28369,,,,
28373,28370,,,,
28374,28371,,,,
28375,28372,,,,
28376,28373,,,,
28377,28374,,,,
28378,28375,,,,
28379,28376,,,,
28380,28377,,,,
28381,28378,,,,
28382,28379,,,,
28383,28380,,,,
28384,28381,,,,
28385,28382,,,,
28386,28383,,,,
28387,28384,,,,
28388,28385,,,,
28389,28386,,,,
28390,28387,,,,
28391,28388,,,,
28392,28389,,,,
28393,28390,,,,
28394,28391,,,,
28395,28392,,,,
28396,28393,,,,
28397,28394,,,,
28398,28395,,,,
28399,28396,,,,
28400,28397,,,,
28401,28398,,,,
28402,28399,,,,
28403,28400,,,,
28404,28401,,,,
28405,28402,,,,
28406,28403,,,,
28407,28404,,,,
28408,28405,,,,
28409,28406,,,,
28410,28407,,,,
28411,28408,,,,
28412,28409,,,,
28413,28410,,,,
28414,28411,,,,
28415,28412,,,,
28416,28413,,,,
28417,28414,,,,
28418,28415,,,,
28419,28416,,,,
28420,28417,,,,
28421,28418,,,,
28422,28419,,,,
28423,28420,,,,
28424,28421,,,,
28425,28422,Robert Wise,"Robert Wise, Jerome Robbins",Ernest Lehman,United Artists Films
28426,28423,,,,
28427,28424,,,,
28428,28425,,,,
28429,28426,,,,
28430,28427,,,,
28431,28428,,,,
28432,28429,,,,
28433,28430,,,,
28434,28431,,,,
28435,28432,,,,
28436,28433,,,,
28437,28434,,,,
28438,28435,,,,
28439,28436,,,,
28440,28437,,,,
28441,28438,,,,
28442,28439,,,,
28443,28440,,,,
28444,28441,,,,
28445,28442,,,,
28446,28443,,,,
28447,28444,,,,
28448,28445,,,,
28449,28446,,,,
28450,28447,,,,
28451,28448,,,,
28452,28449,,,,
28453,28450,,,,
28454,28451,,,,
28455,28452,,,,
28456,28453,,,,
28457,28454,,,,
28458,28455,,,,
28459,28456,,,,
28460,28457,,,,
28461,28458,,,,
28462,28459,,,,
28463,28460,,,,
28464,28461,,,,
28465,28462,,,,
28466,28463,,,,
28467,28464,,,,
28468,28465,,,,
28469,28466,,,,
28470,28467,,,,
28471,28468,,,,
28472,28469,,,,
28473,28470,,,,
28474,28471,,,,
28475,28472,,,,
28476,28473,,,,
28477,28474,,,,
28478,28475,,,,
28479,28476,,,,
28480,28477,,,,
28481,28478,,,,
28482,28479,,,,
28483,28480,,,,
28484,28481,,,,
28485,28482,,,,
28486,28483,,,,
28487,28484,,,,
28488,28485,,,,
28489,28486,,,,
28490,28487,,,,
28491,28488,,,,
28492,28489,,,,
28493,28490,,,,
28494,28491,,,,
28495,28492,,,,
28496,28493,,,,
28497,28494,,,,
28498,28495,,,,
28499,28496,,,,
28500,28497,,,,
28501,28498,,,,
28502,28499,,,,
28503,28500,,,,
28504,28501,,,,
28505,28502,,,,
28506,28503,,,,
28507,28504,,,,
28508,28505,,,,
28509,28506,,,,
28510,28507,,,,
28511,28508,,,,
28512,28509,,,,
28513,28510,,,,
28514,28511,,,,
28515,28512,,,,
28516,28513,,,,
28517,28514,,,,
28518,28515,,,,
28519,28516,,,,
28520,28517,,,,
28521,28518,,,,
28522,28519,,,,
28523,28520,,,,
28524,28521,,,,
28525,28522,,,,
28526,28523,,,,
28527,28524,,,,
28528,28525,,,,
28529,28526,,,,
28530,28527,,,,
28531,28528,,,,
28532,28529,,,,
28533,28530,,,,
28534,28531,,,,
28535,28532,,,,
28536,28533,,,,
28537,28534,,,,
28538,28535,,,,
28539,28536,,,,
28540,28537,,,,
28541,28538,"Jason Blum, Helen Estabrook, and David Lancaster",Damien Chazelle,Damien Chazelle,Sony Pictures Classics
28542,28539,,,,
28543,28540,,,,
28544,28541,,,,
28545,28542,,,,
28546,28543,,,,
28547,28544,,,,
28548,28545,,,,
28549,28546,,,,
28550,28547,,,,
28551,28548,,,,
28552,28549,,,,
28553,28550,,,,
28554,28551,,,,
28555,28552,,,,
28556,28553,,,,
28557,28554,,,,
28558,28555,,,,
28559,28556,,,,
28560,28557,,,,
28561,28558,,,,
28562,28559,,,,
28563,28560,,,,
28564,28561,,,,
28565,28562,,,,
28566,28563,,,,
28567,28564,,,,
28568,28565,,,,
28569,28566,,,,
28570,28567,,,,
28571,28568,,,,
28572,28569,,,,
28573,28570,,,,
28574,28571,,,,
28575,28572,,,,
28576,28573,,,,
28577,28574,,,,
28578,28575,,,,
28579,28576,,,,
28580,28577,,,,
28581,28578,,,,
28582,28579,,,,
28583,28580,,,,
28584,28581,,,,
28585,28582,,,,
28586,28583,,,,
28587,28584,,,,
28588,28585,,,,
28589,28586,,,,
28590,28587,,,,
28591,28588,,,,
28592,28589,,,,
28593,28590,,,,
28594,28591,,,,
28595,28592,,,,
28596,28593,,,,
28597,28594,,,,
28598,28595,,,,
28599,28596,,,,
28600,28597,,,,
28601,28598,,,,
28602,28599,,,,
28603,28600,,,,
28604,28601,,,,
28605,28602,,,,
28606,28603,,,,
28607,28604,,,,
28608,28605,,,,
28609,28606,,,,
28610,28607,,,,
28611,28608,,,,
28612,28609,,,,
28613,28610,Ernest Lehman,Mike Nichols,Ernest Lehman,Warner Home Video
28614,28611,,,,
28615,28612,,,,
28616,28613,,,,
28617,28614,,,,
28618,28615,,,,
28619,28616,,,,
28620,28617,,,,
28621,28618,,,,
28622,28619,,,,
28623,28620,,,,
28624,28621,,,,
28625,28622,,,,
28626,28623,,,,
28627,28624,,,,
28628,28625,,,,
28629,28626,,,,
28630,28627,,,,
28631,28628,,,,
28632,28629,,,,
28633,28630,,,,
28634,28631,,,,
28635,28632,,,,
28636,28633,,,,
28637,28634,,,,
28638,28635,,,,
28639,28636,,,,
28640,28637,,,,
28641,28638,,,,
28642,28639,,,,
28643,28640,,,,
28644,28641,,,,
28645,28642,,,,
28646,28643,,,,
28647,28644,,,,
28648,28645,,,,
28649,28646,,,,
28650,28647,,,,
28651,28648,,,,
28652,28649,,,,
28653,28650,,,,
28654,28651,,,,
28655,28652,,,,
28656,28653,,,,
28657,28654,,,,
28658,28655,,,,
28659,28656,,,,
28660,28657,,,,
28661,28658,,,,
28662,28659,,,,
28663,28660,,,,
28664,28661,,,,
28665,28662,,,,
28666,28663,,,,
28667,28664,,,,
28668,28665,,,,
28669,28666,,,,
28670,28667,,,,
28671,28668,,,,
28672,28669,,,,
28673,28670,,,,
28674,28671,,,,
28675,28672,,,,
28676,28673,,,,
28677,28674,,,,
28678,28675,,,,
28679,28676,,,,
28680,28677,,,,
28681,28678,,,,
28682,28679,,,,
28683,28680,,,,
28684,28681,,,,
28685,28682,,,,
28686,28683,,,,
28687,28684,,,,
28688,28685,,,,
28689,28686,,,,
28690,28687,,,,
28691,28688,,,,
28692,28689,,,,
28693,28690,,,,
28694,28691,,,,
28695,28692,,,,
28696,28693,,,,
28697,28694,,,,
28698,28695,,,,
28699,28696,,,,
28700,28697,,,,
28701,28698,,,,
28702,28699,,,,
28703,28700,Famous Players-Lasky,William Wellman,"Hope Loring, Louis D. Lighton",Unknown
28704,28701,,,,
28705,28702,,,,
28706,28703,,,,
28707,28704,,,,
28708,28705,,,,
28709,28706,,,,
28710,28707,,,,
28711,28708,Alix Madigan and Anne Rosellini,Debra Granik,"Debra Granik, Anne Rosellini",Roadside Attractions
28712,28709,,,,
28713,28710,,,,
28714,28711,,,,
28715,28712,,,,
28716,28713,,,,
28717,28714,,,,
28718,28715,,,,
28719,28716,,,,
28720,28717,,,,
28721,28718,,,,
28722,28719,,,,
28723,28720,,,,
28724,28721,,,,
28725,28722,,,,
28726,28723,,,,
28727,28724,,,,
28728,28725,,,,
28729,28726,,,,
28730,28727,,,,
28731,28728,,,,
28732,28729,,,,
28733,28730,,,,
28734,28731,,,,
28735,28732,,,,
28736,28733,,,,
28737,28734,,,,
28738,28735,,,,
28739,28736,,,,
28740,28737,,,,
28741,28738,,,,
28742,28739,,,,
28743,28740,,,,
28744,28741,,,,
28745,28742,,,,
28746,28743,,,,
28747,28744,,,,
28748,28745,,,,
28749,28746,,,,
28750,28747,,,,
28751,28748,,,,
28752,28749,,,,
28753,28750,,,,
28754,28751,,,,
28755,28752,,,,
28756,28753,,,,
28757,28754,,,,
28758,28755,,,,
28759,28756,,,,
28760,28757,,,,
28761,28758,,,,
28762,28759,,,,
28763,28760,,,,
28764,28761,,,,
28765,28762,,,,
28766,28763,,,,
28767,28764,,,,
28768,28765,,,,
28769,28766,,,,
28770,28767,,,,
28771,28768,,,,
28772,28769,,,,
28773,28770,,,,
28774,28771,,,,
28775,28772,,,,
28776,28773,,,,
28777,28774,,,,
28778,28775,,,,
28779,28776,,,,
28780,28777,,,,
28781,28778,,,,
28782,28779,,,,
28783,28780,,,,
28784,28781,,,,
28785,28782,,,,
28786,28783,,,,
28787,28784,,,,
28788,28785,,,,
28789,28786,,,,
28790,28787,,,,
28791,28788,,,,
28792,28789,,,,
28793,28790,,,,
28794,28791,,,,
28795,28792,,,,
28796,28793,,,,
28797,28794,,,,
28798,28795,,,,
28799,28796,,,,
28800,28797,,,,
28801,28798,,,,
28802,28799,,,,
28803,28800,,,,
28804,28801,Edward S. Feldman,Peter Weir,"William Kelley, Earl W. Wallace",Paramount Pictures
28805,28802,,,,
28806,28803,Arthur Hornblow Jr.,Billy Wilder,"Billy Wilder, Lawrence B. Marcus, Harry Kurnitz",MGM
28807,28804,,,,
28808,28805,,,,
28809,28806,,,,
28810,28807,,,,
28811,28808,,,,
28812,28809,,,,
28813,28810,,,,
28814,28811,,,,
28815,28812,,,,
28816,28813,,,,
28817,28814,,,,
28818,28815,,,,
28819,28816,,,,
28820,28817,,,,
28821,28818,,,,
28822,28819,,,,
28823,28820,,,,
28824,28821,,,,
28825,28822,,,,
28826,28823,,,,
28827,28824,,,,
28828,28825,,,,
28829,28826,,,,
28830,28827,,,,
28831,28828,,,,
28832,28829,,,,
28833,28830,,,,
28834,28831,,,,
28835,28832,,,,
28836,28833,,,,
28837,28834,,,,
28838,28835,,,,
28839,28836,,,,
28840,28837,,,,
28841,28838,,,,
28842,28839,,,,
28843,28840,,,,
28844,28841,,,,
28845,28842,,,,
28846,28843,,,,
28847,28844,,,,
28848,28845,,,,
28849,28846,,,,
28850,28847,,,,
28851,28848,,,,
28852,28849,,,,
28853,28850,,,,
28854,28851,,,,
28855,28852,,,,
28856,28853,,,,
28857,28854,,,,
28858,28855,,,,
28859,28856,,,,
28860,28857,,,,
28861,28858,,,,
28862,28859,,,,
28863,28860,,,,
28864,28861,,,,
28865,28862,,,,
28866,28863,,,,
28867,28864,,,,
28868,28865,,,,
28869,28866,,,,
28870,28867,,,,
28871,28868,,,,
28872,28869,,,,
28873,28870,,,,
28874,28871,,,,
28875,28872,,,,
28876,28873,,,,
28877,28874,,,,
28878,28875,,,,
28879,28876,,,,
28880,28877,,,,
28881,28878,Douglas Wick,Mike Nichols,Kevin Wade,20th Century Fox
28882,28879,,,,
28883,28880,,,,
28884,28881,,,,
28885,28882,,,,
28886,28883,,,,
28887,28884,,,,
28888,28885,,,,
28889,28886,,,,
28890,28887,,,,
28891,28888,,,,
28892,28889,,,,
28893,28890,,,,
28894,28891,,,,
28895,28892,,,,
28896,28893,,,,
28897,28894,,,,
28898,28895,,,,
28899,28896,,,,
28900,28897,,,,
28901,28898,,,,
28902,28899,,,,
28903,28900,,,,
28904,28901,,,,
28905,28902,,,,
28906,28903,,,,
28907,28904,,,,
28908,28905,,,,
28909,28906,,,,
28910,28907,,,,
28911,28908,,,,
28912,28909,,,,
28913,28910,,,,
28914,28911,,,,
28915,28912,,,,
28916,28913,,,,
28917,28914,,,,
28918,28915,,,,
28919,28916,,,,
28920,28917,,,,
28921,28918,,,,
28922,28919,,,,
28923,28920,,,,
28924,28921,,,,
28925,28922,,,,
28926,28923,,,,
28927,28924,,,,
28928,28925,,,,
28929,28926,,,,
28930,28927,,,,
28931,28928,,,,
28932,28929,,,,
28933,28930,,,,
28934,28931,,,,
28935,28932,,,,
28936,28933,,,,
28937,28934,,,,
28938,28935,Samuel Goldwyn Productions,William Wyler,"Ben Hecht, Charles MacArthur",United Artists
28939,28936,,,,
28940,28937,,,,
28941,28938,,,,
28942,28939,,,,
28943,28940,,,,
28944,28941,,,,
28945,28942,,,,
28946,28943,,,,
28947,28944,,,,
28948,28945,,,,
28949,28946,,,,
28950,28947,,,,
28951,28948,,,,
28952,28949,,,,
28953,28950,,,,
28954,28951,,,,
28955,28952,,,,
28956,28953,,,,
28957,28954,,,,
28958,28955,,,,
28959,28956,,,,
28960,28957,,,,
28961,28958,,,,
28962,28959,,,,
28963,28960,,,,
28964,28961,,,,
28965,28962,,,,
28966,28963,,,,
28967,28964,,,,
28968,28965,,,,
28969,28966,,,,
28970,28967,,,,
28971,28968,,,,
28972,28969,,,,
28973,28970,,,,
28974,28971,,,,
28975,28972,,,,
28976,28973,,,,
28977,28974,,,,
28978,28975,,,,
28979,28976,,,,
28980,28977,,,,
28981,28978,,,,
28982,28979,,,,
28983,28980,,,,
28984,28981,,,,
28985,28982,,,,
28986,28983,,,,
28987,28984,,,,
28988,28985,,,,
28989,28986,,,,
28990,28987,,,,
28991,28988,Warner Bros.,"Michael Curtiz, Hugh MacMullan","Robert Buckner, Edmund Joseph",MGM Home Entertainment
28992,28989,,,,
28993,28990,,,,
28994,28991,,,,
28995,28992,,,,
28996,28993,,,,
28997,28994,,,,
28998,28995,,,,
28999,28996,,,,
29000,28997,,,,
29001,28998,,,,
29002,28999,,,,
29003,29000,,,,
29004,29001,,,,
29005,29002,,,,
29006,29003,,,,
29007,29004,,,,
29008,29005,,,,
29009,29006,,,,
29010,29007,,,,
29011,29008,,,,
29012,29009,,,,
29013,29010,,,,
29014,29011,,,,
29015,29012,,,,
29016,29013,,,,
29017,29014,,,,
29018,29015,,,,
29019,29016,,,,
29020,29017,,,,
29021,29018,,,,
29022,29019,,,,
29023,29020,,,,
29024,29021,,,,
29025,29022,,,,
29026,29023,,,,
29027,29024,,,,
29028,29025,,,,
29029,29026,,,,
29030,29027,,,,
29031,29028,,,,
29032,29029,,,,
29033,29030,,,,
29034,29031,,,,
29035,29032,,,,
29036,29033,,,,
29037,29034,,,,
29038,29035,,,,
29039,29036,,,,
29040,29037,,,,
29041,29038,,,,
29042,29039,,,,
29043,29040,,,,
29044,29041,,,,
29045,29042,,,,
29046,29043,,,,
29047,29044,,,,
29048,29045,,,,
29049,29046,,,,
29050,29047,,,,
29051,29048,,,,
29052,29049,,,,
29053,29050,,,,
29054,29051,,,,
29055,29052,,,,
29056,29053,,,,
29057,29054,,,,
29058,29055,,,,
29059,29056,,,,
29060,29057,,,,
29061,29058,,,,
29062,29059,,,,
29063,29060,,,,
29064,29061,,,,
29065,29062,,,,
29066,29063,,,,
29067,29064,,,,
29068,29065,,,,
29069,29066,,,,
29070,29067,,,,
29071,29068,,,,
29072,29069,,,,
29073,29070,,,,
29074,29071,,,,
29075,29072,,,,
29076,29073,,,,
29077,29074,,,,
29078,29075,,,,
29079,29076,,,,
29080,29077,,,,
29081,29078,,,,
29082,29079,,,,
29083,29080,,,,
29084,29081,Jacques Perrin and Ahmed Rachedi,Costa-Gavras,"Jorge Semprún, Costa-Gavras",Rialto Pictures
29085,29082,,,,
29086,29083,,,,
29087,29084,,,,
29088,29085,,,,
29089,29086,,,,
29090,29087,,,,
29091,29088,,,,
29092,29089,,,,
29093,29090,,,,
29094,29091,,,,
29095,29092,,,,
29096,29093,,,,
29097,29094,,,,
29098,29095,,,,
29099,29096,,,,
29100,29097,,,,
29101,29098,,,,
29102,29099,,,,
29103,29100,,,,
29104,29101,,,,
29105,29102,,,,
29106,29103,,,,
29107,29104,,,,
29108,29105,,,,
29109,29106,,,,
29110,29107,,,,
29111,29108,,,,
29112,29109,,,,
29113,29110,,,,
29114,29111,,,,
29115,29112,,,,
29116,29113,,,,
29117,29114,,,,
29118,29115,,,,
29119,29116,,,,
29120,29117,,,,
29121,29118,,,,
29122,29119,,,,
29123,29120,,,,
29124,29121,,,,
29125,29122,,,,
29126,29123,,,,
29127,29124,,,,
29128,29125,,,,
29129,29126,,,,
29130,29127,,,,
29131,29128,,,,
29132,29129,,,,
29133,29130,,,,
29134,29131,,,,
29135,29132,,,,
29136,29133,,,,
29137,29134,,,,
29138,29135,,,,
29139,29136,,,,
29140,29137,,,,
29141,29138,,,,
29142,29139,,,,
29143,29140,,,,
29144,29141,,,,
29145,29142,,,,
29146,29143,,,,
29147,29144,,,,
29148,29145,,,,
29149,29146,,,,
29150,29147,,,,
29151,29148,,,,
29152,29149,,,,
29153,29150,,,,
29154,29151,,,,
29155,29152,,,,
29156,29153,,,,
29157,29154,,,,
29158,29155,,,,
29159,29156,,,,
29160,29157,,,,
29161,29158,,,,
29162,29159,,,,
29163,29160,,,,
29164,29161,,,,
29165,29162,,,,
29166,29163,,,,
29167,29164,,,,
29168,29165,,,,
29169,29166,,,,
29170,29167,,,,
29171,29168,,,,
29172,29169,,,,
29173,29170,,,,
29174,29171,,,,
29175,29172,,,,
29176,29173,,,,
29177,29174,,,,
29178,29175,,,,
29179,29176,,,,
29180,29177,,,,
29181,29178,,,,
29182,29179,,,,
29183,29180,,,,
29184,29181,,,,
29185,29182,,,,
29186,29183,,,,
29187,29184,,,,
29188,29185,,,,
29189,29186,,,,
29190,29187,,,,
29191,29188,,,,
29192,29189,,,,
29193,29190,,,,
29194,29191,,,,
29195,29192,,,,
29196,29193,,,,
29197,29194,,,,
29198,29195,,,,
29199,29196,,,,
29200,29197,,,,
29201,29198,,,,
29202,29199,,,,
29203,29200,,,,
29204,29201,,,,
29205,29202,,,,
29206,29203,,,,
29207,29204,,,,
29208,29205,,,,
29209,29206,,,,
29210,29207,,,,
29211,29208,,,,
29212,29209,,,,
29213,29210,,,,
29214,29211,,,,
29215,29212,,,,
29216,29213,,,,
29217,29214,,,,
29218,29215,,,,
29219,29216,,,,
29220,29217,,,,
29221,29218,,,,
29222,29219,,,,
29223,29220,,,,
29224,29221,,,,
29225,29222,,,,
29226,29223,,,,
29227,29224,,,,
29228,29225,,,,
29229,29226,,,,
29230,29227,,,,
29231,29228,,,,
29232,29229,,,,
29233,29230,,,,
29234,29231,,,,
29235,29232,,,,
29236,29233,,,,
29237,29234,,,,
29238,29235,,,,
29239,29236,,,,
29240,29237,,,,
29241,29238,,,,
29242,29239,,,,
29243,29240,,,,
29244,29241,,,,
29245,29242,,,,
29246,29243,,,,
29247,29244,,,,
29248,29245,,,,
29249,29246,,,,
29250,29247,,,,
29251,29248,,,,
29252,29249,,,,
29253,29250,,,,
29254,29251,,,,
29255,29252,,,,
29256,29253,,,,
29257,29254,,,,
29258,29255,,,,
29259,29256,,,,
29260,29257,,,,
29261,29258,,,,
29262,29259,,,,
29263,29260,,,,
29264,29261,,,,
29265,29262,,,,
29266,29263,,,,
29267,29264,,,,
29268,29265,,,,
29269,29266,,,,
29270,29267,,,,
29271,29268,,,,
29272,29269,,,,
29273,29270,,,,
29274,29271,,,,
29275,29272,,,,
29276,29273,,,,
29277,29274,,,,
29278,29275,,,,
29279,29276,,,,
29280,29277,,,,
29281,29278,,,,
29282,29279,,,,
29283,29280,,,,
29284,29281,,,,
29285,29282,,,,
29286,29283,,,,
29287,29284,,,,
29288,29285,,,,
29289,29286,,,,
29290,29287,,,,
29291,29288,,,,
29292,29289,,,,
29293,29290,,,,
29294,29291,,,,
29295,29292,,,,
29296,29293,,,,
29297,29294,,,,
29298,29295,,,,
29299,29296,,,,
29300,29297,,,,
29301,29298,,,,
29302,29299,,,,
29303,29300,,,,
29304,29301,,,,
29305,29302,,,,
29306,29303,,,,
29307,29304,,,,
29308,29305,,,,
29309,29306,,,,
29310,29307,,,,
29311,29308,,,,
29312,29309,,,,
29313,29310,,,,
29314,29311,,,,
29315,29312,,,,
29316,29313,,,,
29317,29314,,,,
29318,29315,,,,
29319,29316,,,,
29320,29317,,,,
29321,29318,,,,
29322,29319,,,,
29323,29320,,,,
29324,29321,,,,
29325,29322,,,,
29326,29323,,,,
29327,29324,,,,
29328,29325,,,,
29329,29326,,,,
29330,29327,,,,
29331,29328,,,,
29332,29329,,,,
29333,29330,,,,
29334,29331,,,,
29335,29332,,,,
29336,29333,,,,
29337,29334,,,,
29338,29335,,,,
29339,29336,,,,
29340,29337,,,,
29341,29338,,,,
29342,29339,,,,
29343,29340,,,,
29344,29341,,,,
29345,29342,,,,
29346,29343,,,,
29347,29344,,,,
29348,29345,,,,
29349,29346,Michael Cacoyannis,,,Fox
29350,29347,,,,
29351,29348,,,,
29352,29349,,,,
29353,29350,,,,
29354,29351,,,,
29355,29352,,,,
29356,29353,,,,
29357,29354,,,,
29358,29355,,,,
29359,29356,,,,
29360,29357,,,,
29361,29358,,,,
29362,29359,,,,
29363,29360,,,,
29364,29361,,,,
29365,29362,,,,
29366,29363,,,,
29367,29364,,,,
29368,29365,,,,
29369,29366,,,,
29370,29367,,,,
29371,29368,,,,
29372,29369,,,,
29373,29370,,,,
29374,29371,,,,
29375,29372,,,,
29376,29373,,,,
29377,29374,,,,
29378,29375,,,,
29379,29376,,,,
29380,29377,,,,
29381,29378,,,,
29382,29379,,,,
29383,29380,,,,
29384,29381,,,,
29385,29382,,,,
29386,29383,,,,
29387,29384,,,,
29388,29385,,,,
29389,29386,,,,
29390,29387,,,,
29391,29388,,,,
29392,29389,,,,
29393,29390,,,,
29394,29391,,,,
29395,29392,,,,
29396,29393,,,,
29397,29394,,,,
29398,29395,,,,
29399,29396,,,,
29400,29397,,,,
29401,29398,,,,
29402,29399,,,,
29403,29400,,,,
29404,29401,,,,
29405,29402,,,,
29406,29403,,,,
29407,29404,,,,
29408,29405,,,,
29409,29406,,,,
29410,29407,,,,
29411,29408,,,,
29412,29409,,,,
29413,29410,,,,
29414,29411,,,,
29415,29412,,,,
29416,29413,,,,
29417,29414,,,,
29418,29415,,,,
29419,29416,,,,
29420,29417,,,,
29421,29418,,,,
29422,29419,,,,
29423,29420,,,,
29424,29421,,,,
29425,29422,,,,
29426,29423,,,,
29427,29424,,,,
29428,29425,,,,
29429,29426,,,,
29430,29427,,,,
29431,29428,,,,
29432,29429,,,,
29433,29430,,,,
29434,29431,,,,
29435,29432,,,,
29436,29433,,,,
29437,29434,,,,
29438,29435,,,,
29439,29436,,,,
29440,29437,,,,
29441,29438,,,,
29442,29439,,,,
29443,29440,,,,
29444,29441,,,,
29445,29442,,,,
