,movie_id,budget,revenue
0,1,0,9572765
1,2,0,56000000
2,22818,0,56000000
3,24007,0,56000000
4,3,17000000,45000000
5,29,17000000,45000000
6,105,17000000,45000000
7,111,17000000,45000000
8,170,17000000,45000000
9,1061,17000000,45000000
10,1283,17000000,45000000
11,3808,17000000,45000000
12,4,18800000,161000000
13,5,0,0
14,6,20000000,2892594
15,7,68000000,170800000
16,8,0,0
17,9,10000000,14257609
18,10,1500000,0
19,11,0,0
20,12,0,0
21,13,0,0
22,3674,0,0
23,18472,0,0
24,26053,0,0
25,14,0,0
26,15,0,0
27,16,0,0
28,8903,0,0
29,17,0,304106
30,18,0,0
31,3128,0,0
32,29492,0,0
33,19,250000,144008
34,20,0,0
35,21,0,0
36,22,20000000,131647155
37,23,0,5700000
38,5878,0,5700000
39,24,0,0
40,25,20000000,0
41,26,24000000,140000000
42,187,24000000,140000000
43,2247,24000000,140000000
44,27,0,0
45,28,20000000,0
46,3,0,0
47,29,0,0
48,105,0,0
49,111,0,0
50,170,0,0
51,1061,0,0
52,1283,0,0
53,3808,0,0
54,30,20000000,77912251
55,10911,20000000,77912251
56,31,0,0
57,32,0,0
58,33,0,0
59,34,0,0
60,35,0,0
61,36,6200000,3600000
62,37,39000000,201000000
63,38,40000000,38600612
64,39,0,0
65,40,0,119815153
66,41,79000000,473122525
67,42,0,40958
68,43,0,3000776
69,13434,0,3000776
70,44,0,0
71,18475,0,0
72,22647,0,0
73,29313,0,0
74,45,0,0
75,46,10000000,30833138
76,5025,10000000,30833138
77,47,0,0
78,261,0,0
79,48,0,0
80,49,18000000,76994245
81,50,10000000,45000000
82,51,10000000,59217789
83,52,0,26900000
84,53,0,0
85,54,0,0
86,55,13000000,319494638
87,56,17000000,63102666
88,57,10000000,30000000
89,624,10000000,30000000
90,8837,10000000,30000000
91,26186,10000000,30000000
92,58,0,0
93,59,0,0
94,60,0,0
95,61,0,0
96,62,0,0
97,63,10000000,253688035
98,100,10000000,253688035
99,121,10000000,253688035
100,64,61000000,297372261
101,65,0,0
102,66,18000000,90112510
103,67,0,0
104,68,0,532054
105,69,0,0
106,7614,0,0
107,11421,0,0
108,16967,0,0
109,18904,0,0
110,19317,0,0
111,70,0,0
112,71,0,0
113,72,25000000,50671850
114,73,0,0
115,74,3000000,0
116,75,0,0
117,76,40000000,320392818
118,77,200000000,531865000
119,78,22000000,365550119
120,369,22000000,365550119
121,79,0,0
122,80,0,0
123,81,4000000,25343661
124,82,3000000,0
125,83,4000000,0
126,84,0,0
127,85,0,0
128,86,100000000,230884728
129,87,0,18312201
130,88,0,3777969
131,135,0,3777969
132,89,0,0
133,4113,0,0
134,90,150000000,530243742
135,91,6500000,2200000
136,92,40000000,203044905
137,93,0,0
138,94,3000000,0
139,95,0,700000
140,96,0,0
141,97,0,0
142,1946,0,0
143,98,26000000,67918658
144,99,0,0
145,63,325000,70274000
146,100,325000,70274000
147,121,325000,70274000
148,101,9000000,44196684
149,150,9000000,44196684
150,5955,9000000,44196684
151,22668,9000000,44196684
152,102,2500000,60141683
153,103,13000000,137056262
154,104,35000000,701842551
155,30340,35000000,701842551
156,106,0,1169603
157,107,0,0
158,108,0,0
159,26127,0,0
160,109,0,0
161,110,0,0
162,112,69000000,116471580
163,113,10500000,30000000
164,114,12000000,24829644
165,115,0,0
166,116,11000000,441306145
167,117,0,26745
168,29548,0,26745
169,118,0,780000
170,4899,0,780000
171,119,0,0
172,120,13000000,35763605
173,63,15000000,80460948
174,100,15000000,80460948
175,121,15000000,80460948
176,122,0,1753826
177,123,0,0
178,3517,0,0
179,124,6600000,5115725
180,125,0,0
181,126,0,5802422
182,127,8500000,87547518
183,128,1200000,103911669
184,566,1200000,103911669
185,129,0,0
186,130,0,550000
187,131,10000000,118587880
188,132,9000000,122033739
189,133,0,0
190,134,0,0
191,88,12600000,28650575
192,135,12600000,28650575
193,136,0,0
194,137,13000000,20560255
195,138,14000000,0
196,208,14000000,0
197,139,14000000,42415898
198,1795,14000000,42415898
199,2370,14000000,42415898
200,2794,14000000,42415898
201,5145,14000000,42415898
202,19268,14000000,42415898
203,21082,14000000,42415898
204,27026,14000000,42415898
205,140,30000000,231252591
206,141,40000000,24640084
207,5925,40000000,24640084
208,142,0,0
209,3763,0,0
210,143,0,1474579
211,144,9500000,107363905
212,145,9000000,278454358
213,146,0,3295624
214,147,10000000,80239658
215,148,23000000,112880294
216,26105,23000000,112880294
217,149,5000000,3800000
218,101,10000000,44902237
219,150,10000000,44902237
220,5955,10000000,44902237
221,22668,10000000,44902237
222,151,43000000,22957625
223,152,3000000,89328627
224,153,15000000,306515884
225,154,0,0
226,155,0,0
227,2306,0,0
228,156,0,0
229,157,0,0
230,158,3400000,78638987
231,159,0,0
232,160,50000000,226349749
233,161,0,2118582
234,162,48000000,249348933
235,163,47000000,157887643
236,164,97000000,240891763
237,165,1500000,97009150
238,166,40000000,130290885
239,167,5000000,86362372
240,168,58000000,158162788
241,169,30000000,116643421
242,3,10000,0
243,29,10000,0
244,105,10000,0
245,111,10000,0
246,170,10000,0
247,1061,10000,0
248,1283,10000,0
249,3808,10000,0
250,171,215000,194183034
251,172,0,0
252,173,0,0
253,323,0,0
254,437,0,0
255,174,0,0
256,175,12000000,0
257,176,16000000,107363905
258,177,0,7230000
259,8659,0,7230000
260,9792,0,7230000
261,178,3500000,40423945
262,2925,3500000,40423945
263,6164,3500000,40423945
264,9491,3500000,40423945
265,15768,3500000,40423945
266,16221,3500000,40423945
267,179,0,0
268,180,1500000,32511655
269,181,0,0
270,182,4500000,255407969
271,183,8000000,22818256
272,184,6500000,257047661
273,185,5000000,17800000
274,186,5000000,161000000
275,26,14000000,173046663
276,187,14000000,173046663
277,2247,14000000,173046663
278,188,0,0
279,189,2011799,252207
280,190,70000000,160112671
281,191,25000000,118890272
282,192,20000000,40618920
283,193,0,0
284,194,15000000,14860766
285,195,0,0
286,5678,0,0
287,16378,0,0
288,24690,0,0
289,196,0,0
290,197,3000000,82515113
291,5302,3000000,82515113
292,8618,3000000,82515113
293,198,23600000,102391540
294,199,35000000,93320380
295,200,0,0
296,201,0,0
297,202,26000000,90941129
298,203,10000,0
299,204,3500000,95330493
300,1799,3500000,95330493
301,1933,3500000,95330493
302,8217,3500000,95330493
303,26812,3500000,95330493
304,205,17000000,340677200
305,206,19000000,44781695
306,207,35000000,81093313
307,138,1000000,14575193
308,208,1000000,14575193
309,209,40000000,68766121
310,1785,40000000,68766121
311,210,0,5972942
312,211,17000000,39657073
313,212,15000000,69623713
314,1351,15000000,69623713
315,213,25000000,77389310
316,664,25000000,77389310
317,214,0,0
318,748,0,0
319,215,11000000,34900000
320,216,19000000,91509154
321,237,19000000,91509154
322,217,9000000,111928365
323,218,0,0
324,1432,0,0
325,2567,0,0
326,2902,0,0
327,7664,0,0
328,7872,0,0
329,13341,0,0
330,23998,0,0
331,26758,0,0
332,27421,0,0
333,28761,0,0
334,29060,0,0
335,30415,0,0
336,219,0,0
337,502,0,0
338,220,11000000,104931801
339,221,0,0
340,4553,0,0
341,23416,0,0
342,222,100000,0
343,512,100000,0
344,223,15000000,44888959
345,224,16000000,31556061
346,225,1200000,0
347,226,4000000,147748505
348,227,130178,5303
349,228,0,0
350,229,3000000,0
351,28451,3000000,0
352,28603,3000000,0
353,230,10000000,39421467
354,299,10000000,39421467
355,231,0,0
356,232,30000000,90810892
357,233,0,0
358,234,0,0
359,235,20000000,22217407
360,20161,20000000,22217407
361,236,10000000,164874275
362,216,550000,59754601
363,237,550000,59754601
364,238,9000000,47980982
365,239,42000000,122801777
366,240,3000000,11642254
367,241,45000000,131183530
368,242,2000000,572809
369,608,2000000,572809
370,243,85000,30900000
371,244,0,0
372,24042,0,0
373,245,30000000,71041255
374,246,0,0
375,4945,0,0
376,247,0,0
377,248,0,130023
378,249,15000000,19629760
379,588,15000000,19629760
380,250,0,0
381,251,10000000,167184112
382,252,0,0
383,17581,0,0
384,253,0,1025190
385,254,10000000,0
386,255,5000000,207039844
387,256,0,0
388,257,0,0
389,258,10000000,139352633
390,259,0,0
391,15119,0,0
392,260,0,0
393,47,0,2193474
394,261,0,2193474
395,262,0,0
396,263,0,0
397,264,40000000,43070915
398,265,67000000,49169594
399,266,15000000,37697773
400,267,15000000,65048678
401,268,9900000,159047649
402,269,40000000,186167139
403,270,2500000,6341684
404,6184,2500000,6341684
405,15854,2500000,6341684
406,25138,2500000,6341684
407,271,0,0
408,272,17739525,0
409,273,19000000,145166804
410,274,0,0
411,275,5000000,431020
412,276,6500000,250811
413,277,5000000,15116634
414,278,0,0
415,279,42000000,68467960
416,280,0,0
417,281,3000000,4915757
418,282,5000000,0
419,283,0,0
420,284,7000000,470653000
421,16835,7000000,470653000
422,285,0,0
423,286,24000000,172363301
424,287,70000000,177427090
425,288,6300000,13416285
426,289,4800000,81979826
427,290,0,0
428,291,100000000,206071502
429,292,24000000,83188165
430,293,160000000,300257475
431,294,365000,1400000
432,295,1350000,4160000
433,296,2000000,14674076
434,297,0,0
435,298,0,0
436,230,2500000,25533818
437,299,2500000,25533818
438,300,17000000,97542952
439,301,0,0
440,302,10200000,35728183
441,303,0,678604
442,304,13500000,89203432
443,305,5000000,85720385
444,306,35000000,68349884
445,7473,35000000,68349884
446,12938,35000000,68349884
447,307,0,0
448,17249,0,0
449,308,2600000,32980880
450,309,10000000,104303851
451,310,0,0
452,311,0,10000000
453,312,13000000,37664855
454,313,0,0
455,870,0,0
456,2468,0,0
457,314,50000000,161451538
458,315,0,0
459,316,0,2412576
460,317,21700000,0
461,318,0,0
462,319,0,0
463,5010,0,0
464,17874,0,0
465,19440,0,0
466,25364,0,0
467,320,20000000,136151680
468,321,0,0
469,322,6100000,30097092
470,173,1800000,33800000
471,323,1800000,33800000
472,437,1800000,33800000
473,324,1000000,1786396
474,12000,1000000,1786396
475,325,4000000,427399
476,326,0,0
477,327,0,0
478,328,60000,248639099
479,329,0,2667033
480,17570,0,2667033
481,330,0,22017
482,331,350000,29400000
483,332,1250000,21722776
484,333,0,0
485,334,0,0
486,335,35000000,115664037
487,344,35000000,115664037
488,336,0,0
489,337,0,0
490,338,40000000,215862692
491,339,5000000,103590271
492,2802,5000000,103590271
493,24422,5000000,103590271
494,340,0,0
495,341,10000000,183474602
496,891,10000000,183474602
497,342,6400000,11019975
498,343,10800000,113864059
499,335,1800000,25685134
500,344,1800000,25685134
501,345,9000000,24922237
502,820,9000000,24922237
503,25940,9000000,24922237
504,346,5000000,40100000
505,347,0,0
506,348,4200000,5835247
507,673,4200000,5835247
508,10894,4200000,5835247
509,349,25000000,95438172
510,350,2000000,239828
511,351,2400000,0
512,3593,2400000,0
513,352,11500000,57469467
514,500,11500000,57469467
515,353,0,0
516,354,0,0
517,355,0,0
518,356,60000000,223664608
519,357,11000000,68234154
520,358,0,225374
521,359,40000000,97231420
522,360,0,0
523,361,0,0
524,2138,0,0
525,11360,0,0
526,362,35000000,19294901
527,8851,35000000,19294901
528,19037,35000000,19294901
529,23310,35000000,19294901
530,30038,35000000,19294901
531,363,0,0
532,364,806947,50000000
533,868,806947,50000000
534,365,26000000,102278712
535,676,26000000,102278712
536,366,10000000,31973249
537,367,0,14332467
538,368,20000000,255105930
539,78,0,0
540,369,0,0
541,370,100000,0
542,371,6000000,32893421
543,372,0,4296804
544,11783,0,4296804
545,373,11000000,21502976
546,374,6500000,1100000
547,1260,6500000,1100000
548,375,17000000,75000000
549,376,3500000,7766240
550,377,0,0
551,378,0,0
552,379,0,0
553,380,0,34265
554,381,0,354023
555,382,0,0
556,383,3500000,57130027
557,384,0,0
558,385,0,2325035
559,386,45000000,136885767
560,387,0,0
561,3469,0,0
562,12513,0,0
563,23808,0,0
564,31092,0,0
565,388,900000,8556940
566,389,10700000,122200000
567,460,10700000,122200000
568,390,0,0
569,391,11000000,48572000
570,392,19000000,108047131
571,721,19000000,108047131
572,393,15000000,146497771
573,394,0,0
574,1352,0,0
575,395,65000000,128905366
576,396,2000000,2260622
577,397,0,0
578,398,15000000,7060384
579,399,12000000,14301505
580,400,0,0
581,23676,0,0
582,401,54000000,155010032
583,402,10000000,102952888
584,8020,10000000,102952888
585,403,0,0
586,7319,0,0
587,404,250,0
588,405,10000000,64188367
589,2605,10000000,64188367
590,406,6000000,57615777
591,10273,6000000,57615777
592,407,0,0
593,408,60000000,26673242
594,409,4000000,14237880
595,410,0,0
596,411,1700000,95384
597,412,12500000,31039126
598,413,5000000,0
599,414,1000000,23456897
600,415,250000,0
601,416,0,0
602,417,25000000,83080890
603,2711,25000000,83080890
604,12548,25000000,83080890
605,15921,25000000,83080890
606,418,1000000,0
607,16573,1000000,0
608,419,2500000,14400000
609,420,3000000,30000000
610,421,15000000,32721635
611,1034,15000000,32721635
612,422,35000000,113374103
613,423,6000200,7048886
614,424,0,0
615,425,3000000,12090735
616,426,3000000,15938065
617,427,9300000,39024251
618,428,0,178592
619,429,9000000,81705746
620,430,7000000,130234661
621,28297,7000000,130234661
622,431,125000000,409231607
623,2543,125000000,409231607
624,26815,125000000,409231607
625,432,0,0
626,433,3000000,19472057
627,434,40000000,161834276
628,435,16000000,76514050
629,5622,16000000,76514050
630,6114,16000000,76514050
631,12305,16000000,76514050
632,436,13000000,49400000
633,173,30000000,82394288
634,323,30000000,82394288
635,437,30000000,82394288
636,438,15000000,5600000
637,439,0,0
638,13838,0,0
639,440,3000000,6000000
640,4488,3000000,6000000
641,441,16000000,4176641
642,442,0,4381603
643,4785,0,4381603
644,8926,0,4381603
645,17162,0,4381603
646,21434,0,4381603
647,24184,0,4381603
648,443,0,0
649,444,5600000,18469680
650,445,150000000,0
651,446,8000000,9630444
652,447,0,0
653,448,9000000,155712077
654,641,9000000,155712077
655,1460,9000000,155712077
656,449,0,0
657,632,0,0
658,450,0,0
659,451,11000000,16951798
660,452,5000000,14000000
661,453,0,0
662,454,20000000,52302796
663,455,5000000,12666449
664,456,0,0
665,457,0,0
666,18254,0,0
667,24481,0,0
668,458,660000,16000000
669,1610,660000,16000000
670,459,0,10597734
671,389,35000000,95437994
672,460,35000000,95437994
673,461,50000000,40882928
674,462,50000000,100605135
675,463,4900000,148868835
676,3793,4900000,148868835
677,17832,4900000,148868835
678,464,0,0
679,465,0,0
680,466,4800000,125479266
681,467,3500000,0
682,468,4000000,36690067
683,469,0,0
684,470,0,4400000
685,471,15000000,24819936
686,472,2500000,0
687,473,57000000,152944660
688,474,0,2884265
689,639,0,2884265
690,475,800000,14568989
691,1668,800000,14568989
692,4376,800000,14568989
693,476,38000000,41657844
694,477,0,0
695,478,0,0
696,479,18000000,57470220
697,480,15000000,77947607
698,481,0,0
699,482,17000000,125586134
700,483,2000000,10312540
701,484,3896000,490000
702,485,0,41848
703,486,3500000,10900000
704,487,0,0
705,488,0,0
706,489,0,443458
707,490,0,0
708,7112,0,0
709,17109,0,0
710,27249,0,0
711,491,0,0
712,492,0,1158473
713,8959,0,1158473
714,13086,0,1158473
715,16546,0,1158473
716,23115,0,1158473
717,26054,0,1158473
718,493,2000000,5765562
719,494,4500000,8025872
720,495,0,0
721,496,5000000,15104310
722,497,0,21041950
723,498,35000000,116980662
724,499,14000000,30749142
725,352,21000000,112399944
726,500,21000000,112399944
727,501,60000000,78309131
728,503,0,0
729,504,6500000,48021766
730,9088,6500000,48021766
731,505,0,0
732,506,6000000,0
733,507,58000000,100541806
734,508,15050245,1062878
735,509,8000000,18707966
736,4369,8000000,18707966
737,510,0,0
738,511,3600000,0
739,222,0,0
740,512,0,0
741,513,13000000,329398046
742,514,0,0
743,515,4000000,0
744,516,40000000,141591324
745,517,0,0
746,518,600000,185898
747,519,2000000,13167232
748,520,10000000,53329150
749,521,0,70459
750,522,0,0
751,523,0,0
752,524,0,0
753,525,7700000,41036181
754,526,26000000,34592118
755,527,0,0
756,528,9000000,25327500
757,529,0,0
758,530,2000000,43625095
759,531,0,0
760,532,7000000,17949758
761,533,5000000,12534961
762,534,0,0
763,535,10000000,11817275
764,27094,10000000,11817275
765,536,5000000,21200000
766,537,8000000,57000000
767,538,2800000,19170001
768,539,8000000,21028755
769,540,2200000,21930418
770,541,2500000,11500000
771,542,17000000,119100758
772,27507,17000000,119100758
773,543,11000000,153083102
774,544,0,5481562
775,545,0,0
776,546,13000000,33750478
777,547,0,0
778,548,1000000,38390020
779,549,45000000,72281712
780,3069,45000000,72281712
781,550,1000000,17985893
782,16313,1000000,17985893
783,27618,1000000,17985893
784,551,0,0
785,552,14000000,18472775
786,553,50000000,41482207
787,554,0,0
788,555,55000000,74679822
789,556,3000000,177512032
790,557,0,125000
791,558,0,0
792,559,0,0
793,560,11000000,88489643
794,561,0,0
795,562,0,0
796,563,0,0
797,564,0,0
798,565,0,0
799,128,2000,0
800,566,2000,0
801,567,125000,0
802,1187,125000,0
803,7895,125000,0
804,8513,125000,0
805,568,0,0
806,2095,0,0
807,569,0,0
808,570,0,0
809,571,0,0
810,2509,0,0
811,22667,0,0
812,25778,0,0
813,572,0,0
814,573,0,0
815,574,0,0
816,575,5005600,0
817,576,0,0
818,28458,0,0
819,577,0,0
820,578,5000000,0
821,579,2000000,0
822,580,0,0
823,5981,0,0
824,581,5920000,0
825,582,0,0
826,583,10000000,20311536
827,584,30000000,75505973
828,585,13000000,1784763
829,586,2000000,54207
830,587,0,0
831,249,35000000,31505287
832,588,35000000,31505287
833,589,0,0
834,590,0,0
835,591,5500000,44235023
836,592,8000000,0
837,593,5000000,98450062
838,25760,5000000,98450062
839,30089,5000000,98450062
840,594,0,0
841,595,1200000,19400000
842,596,2800000,60922980
843,763,2800000,60922980
844,597,0,0
845,598,17000000,209947037
846,599,25000000,132963417
847,600,10000000,33583175
848,601,3400000,114000000
849,25832,3400000,114000000
850,602,5000000,44459951
851,12348,5000000,44459951
852,603,37000000,96047633
853,604,9000000,82391145
854,14290,9000000,82391145
855,16269,9000000,82391145
856,605,12000000,1594955
857,18180,12000000,1594955
858,606,15000000,48854305
859,607,0,14590542
860,242,650000,0
861,608,650000,0
862,609,55000000,149022650
863,610,0,16184
864,611,0,6300000
865,612,0,15360553
866,3545,0,15360553
867,5038,0,15360553
868,613,1000000,21378361
869,822,1000000,21378361
870,614,27000000,29000000
871,615,12000000,10593000
872,1196,12000000,10593000
873,616,0,0
874,617,5000000,142817992
875,618,70000000,162000000
876,619,0,0
877,620,12850990,3984669
878,621,15000000,61788393
879,14536,15000000,61788393
880,622,1000000,14347000
881,623,500000,0
882,57,1000000,354835
883,624,1000000,354835
884,8837,1000000,354835
885,26186,1000000,354835
886,625,0,0
887,28895,0,0
888,626,3000000,19444631
889,1700,3000000,19444631
890,3503,3000000,19444631
891,627,0,0
892,1421,0,0
893,628,1000000,62882090
894,629,0,0
895,630,0,0
896,631,0,0
897,633,85000000,58292295
898,634,0,0
899,635,9700000,21200000
900,636,15000000,108286421
901,637,3000000,0
902,638,20000000,187884007
903,474,20000000,6348889
904,639,20000000,6348889
905,640,0,0
906,448,0,0
907,641,0,0
908,1460,0,0
909,642,10000000,4160851
910,643,5000000,8493728
911,644,28000000,16457494
912,645,0,0
913,646,3400000,0
914,2364,3400000,0
915,8748,3400000,0
916,647,0,2325977
917,21377,0,2325977
918,26730,0,2325977
919,648,0,0
920,649,6000000,1214525
921,650,19000000,25836616
922,651,1000000,27762648
923,652,0,0
924,19935,0,0
925,653,80000000,78000586
926,654,0,0
927,655,35000000,74558115
928,656,50000000,152000000
929,4513,50000000,152000000
930,8476,50000000,152000000
931,657,0,0
932,11024,0,0
933,26597,0,0
934,658,16000000,55060212
935,659,26000000,0
936,660,12000000,0
937,661,45000000,129394835
938,662,6500000,16861137
939,18184,6500000,16861137
940,27362,6500000,16861137
941,663,0,0
942,213,6000000,25792310
943,664,6000000,25792310
944,665,70000000,217124280
945,666,0,7910928
946,667,11000000,791867
947,668,35000000,72436439
948,10387,35000000,72436439
949,669,0,2679585
950,5383,0,2679585
951,670,0,0
952,671,7000000,13100000
953,672,23000000,51881013
954,348,114000,30000000
955,673,114000,30000000
956,10894,114000,30000000
957,674,0,0
958,675,0,0
959,365,650000,55000000
960,676,650000,55000000
961,677,0,641308
962,678,4000000,0
963,679,29000000,50041732
964,680,0,0
965,681,0,0
966,682,11000000,18123239
967,6787,11000000,18123239
968,683,0,7168717
969,684,40000000,26620002
970,685,0,0
971,686,1600000,5138140
972,687,1065000,2491460
973,688,0,0
974,689,0,0
975,690,0,265964
976,19387,0,265964
977,20793,0,265964
978,22670,0,265964
979,691,20000000,54956140
980,2597,20000000,54956140
981,692,0,0
982,693,141129,0
983,694,40000000,87840042
984,695,0,0
985,1101,0,0
986,2630,0,0
987,696,0,0
988,1805,0,0
989,14301,0,0
990,16080,0,0
991,22533,0,0
992,697,33000000,102984862
993,698,0,0
994,699,0,0
995,22187,0,0
996,700,1000000,0
997,701,0,0
998,702,42000000,89162162
999,4431,42000000,89162162
1000,8042,42000000,89162162
1001,703,0,0
1002,704,0,0
1003,705,0,0
1004,706,1000000,9602624
1005,707,350000,426290
1006,708,6000000,31365000
1007,709,8000000,17092453
1008,710,22000000,26570463
1009,711,20500000,87987055
1010,712,7400000,26667197
1011,713,0,0
1012,714,15000000,60629159
1013,1216,15000000,60629159
1014,715,10000000,78096553
1015,716,0,0
1016,717,43000000,93983911
1017,718,9000000,0
1018,719,5000000,51749995
1019,12261,5000000,51749995
1020,720,0,0
1021,392,0,86432000
1022,721,0,86432000
1023,722,0,0
1024,723,65000000,76801179
1025,724,50000000,38619405
1026,725,0,11750306
1027,726,4000000,5132274
1028,727,0,0
1029,728,0,3758846
1030,729,30000000,251495
1031,730,4000000,187112
1032,731,1200000,68716
1033,732,0,0
1034,733,8500000,32222567
1035,734,45000000,0
1036,735,0,0
1037,736,0,0
1038,737,0,6842058
1039,738,147983,0
1040,739,0,0
1041,6379,0,0
1042,14665,0,0
1043,740,19000000,40996665
1044,741,0,100345
1045,742,0,0
1046,743,15000000,2856712
1047,744,15000000,47737094
1048,745,33000000,20648328
1049,746,65000000,40002112
1050,747,10000000,7433663
1051,214,68000000,75700000
1052,748,68000000,75700000
1053,749,0,8992523
1054,750,0,0
1055,751,26000000,57891803
1056,6121,26000000,57891803
1057,9399,26000000,57891803
1058,752,0,0
1059,753,6000000,180851
1060,754,0,0
1061,1690,0,0
1062,14957,0,0
1063,17758,0,0
1064,25533,0,0
1065,755,3200000,33395426
1066,756,0,0
1067,757,0,14947
1068,758,3500000,4100000
1069,759,0,0
1070,760,0,43840
1071,10224,0,43840
1072,761,17000000,127730736
1073,3074,17000000,127730736
1074,762,5000000,6341855
1075,596,25000000,119188334
1076,763,25000000,119188334
1077,764,9000000,8119285
1078,7712,9000000,8119285
1079,765,30000000,87937815
1080,766,6045750,3662671
1081,767,0,495268
1082,17189,0,495268
1083,28004,0,495268
1084,768,2900000,692079
1085,9689,2900000,692079
1086,21059,2900000,692079
1087,23539,2900000,692079
1088,29168,2900000,692079
1089,769,30000000,44516999
1090,770,15000000,12834936
1091,771,4000000,16675000
1092,772,0,0
1093,773,3500000,44019588
1094,774,0,0
1095,775,0,0
1096,776,0,0
1097,23339,0,0
1098,777,0,0
1099,3156,0,0
1100,29703,0,0
1101,778,5000000,45172994
1102,779,6000000,0
1103,780,19000000,35300645
1104,22754,19000000,35300645
1105,781,3500000,3657876
1106,782,0,0
1107,783,20000000,39143839
1108,784,0,0
1109,785,10000000,37608299
1110,5536,10000000,37608299
1111,11636,10000000,37608299
1112,13406,10000000,37608299
1113,18005,10000000,37608299
1114,22171,10000000,37608299
1115,786,0,0
1116,986,0,0
1117,7036,0,0
1118,787,0,4588389
1119,3581,0,4588389
1120,15935,0,4588389
1121,29451,0,4588389
1122,788,0,0
1123,789,0,581011
1124,790,0,0
1125,791,0,0
1126,792,0,0
1127,793,0,0
1128,794,0,0
1129,795,15000000,67062123
1130,2951,15000000,67062123
1131,796,14000000,0
1132,797,0,56385
1133,25459,0,56385
1134,798,0,0
1135,799,0,0
1136,800,0,0
1137,801,35000000,19165560
1138,802,9800000,5566776
1139,11958,9800000,5566776
1140,803,0,0
1141,804,0,0
1142,805,0,0
1143,7033,0,0
1144,18156,0,0
1145,806,14000000,38574362
1146,807,350000,0
1147,808,1000000,101758490
1148,809,0,0
1149,810,0,18875011
1150,811,9000000,27105095
1151,812,0,0
1152,813,0,0
1153,814,0,0
1154,815,0,0
1155,816,0,41624046
1156,6146,0,41624046
1157,11172,0,41624046
1158,817,4000000,44800000
1159,818,0,0
1160,6322,0,0
1161,819,0,0
1162,1900,0,0
1163,8597,0,0
1164,345,30000000,41002607
1165,820,30000000,41002607
1166,25940,30000000,41002607
1167,821,12000000,58010320
1168,1850,12000000,58010320
1169,16552,12000000,58010320
1170,613,18000000,46201432
1171,822,18000000,46201432
1172,823,80000000,91188905
1173,2072,80000000,91188905
1174,28798,80000000,91188905
1175,824,1800000,67738090
1176,825,0,0
1177,826,5000000,0
1178,827,0,0
1179,828,0,0
1180,829,20000000,24145613
1181,24469,20000000,24145613
1182,830,6000000,22168359
1183,831,0,0
1184,832,0,0
1185,833,5000000,0
1186,834,0,0
1187,835,33000000,62022014
1188,836,30000000,33296457
1189,837,7000000,36433975
1190,20759,7000000,36433975
1191,838,0,0
1192,2160,0,0
1193,5810,0,0
1194,11859,0,0
1195,15156,0,0
1196,15246,0,0
1197,21052,0,0
1198,21315,0,0
1199,24868,0,0
1200,25721,0,0
1201,29506,0,0
1202,839,0,0
1203,840,0,0
1204,6237,0,0
1205,841,0,0
1206,842,15000000,47074133
1207,843,0,14567
1208,844,40000000,0
1209,845,0,0
1210,846,27000000,56870414
1211,847,28000000,0
1212,848,5000000,0
1213,25299,5000000,0
1214,849,7000000,47078545
1215,850,26000000,0
1216,851,15000000,30524763
1217,852,1500000,30553395
1218,1400,1500000,30553395
1219,853,2000000,2340110
1220,13989,2000000,2340110
1221,854,20000000,45847751
1222,1529,20000000,45847751
1223,855,0,0
1224,856,8000000,0
1225,857,10951000,49851770
1226,858,22000000,9418365
1227,1166,22000000,9418365
1228,859,30000000,45867333
1229,860,0,0
1230,861,5000000,12534817
1231,862,0,135095
1232,3155,0,135095
1233,11432,0,135095
1234,863,0,0
1235,864,28000000,47053625
1236,865,744835,0
1237,866,4500000,3813293
1238,867,3500000,4159678
1239,364,60000000,37141130
1240,868,60000000,37141130
1241,869,89,0
1242,2928,89,0
1243,2990,89,0
1244,16111,89,0
1245,23233,89,0
1246,871,0,0
1247,872,100000,95000
1248,11256,100000,95000
1249,17070,100000,95000
1250,873,50000000,159773545
1251,874,25000000,48333932
1252,875,15000000,102836002
1253,1564,15000000,102836002
1254,24443,15000000,102836002
1255,876,0,0
1256,12758,0,0
1257,877,100000000,211989043
1258,878,0,0
1259,879,0,151042
1260,10129,0,151042
1261,880,10400000,7825000
1262,881,5000000,13809
1263,882,16000000,0
1264,1960,16000000,0
1265,883,0,21833
1266,884,1000000,9318
1267,6965,1000000,9318
1268,13365,1000000,9318
1269,29091,1000000,9318
1270,885,0,2141798
1271,886,1000000,0
1272,887,0,2405143
1273,888,5000000,470901
1274,11520,5000000,470901
1275,889,0,0
1276,890,1800000,0
1277,341,10000000,42800000
1278,891,10000000,42800000
1279,892,19000000,8247943
1280,1267,19000000,8247943
1281,893,0,365353
1282,894,5000000,3769214
1283,895,0,3643652
1284,1818,0,3643652
1285,2376,0,3643652
1286,7839,0,3643652
1287,10245,0,3643652
1288,10592,0,3643652
1289,11140,0,3643652
1290,13635,0,3643652
1291,14684,0,3643652
1292,16588,0,3643652
1293,16971,0,3643652
1294,20995,0,3643652
1295,26858,0,3643652
1296,30864,0,3643652
1297,896,0,52036
1298,897,0,0
1299,13669,0,0
1300,23147,0,0
1301,898,0,0
1302,13787,0,0
1303,899,30000000,29359216
1304,900,0,0
1305,901,0,0
1306,902,7000000,12400000
1307,903,3000000,1882074
1308,904,60000000,164648142
1309,905,0,0
1310,906,60000000,58072119
1311,30846,60000000,58072119
1312,907,0,0
1313,908,6000000,1023510
1314,909,0,0
1315,910,0,0
1316,911,0,0
1317,912,130000,54667954
1318,913,30000000,127369981
1319,2283,30000000,127369981
1320,4747,30000000,127369981
1321,20041,30000000,127369981
1322,914,0,0
1323,915,6000000,21150265
1324,916,6000000,14717854
1325,917,9900000,10975390
1326,26033,9900000,10975390
1327,918,3500000,25174316
1328,919,5000000,1319566
1329,920,0,0
1330,921,0,0
1331,3884,0,0
1332,922,0,0
1333,923,0,0
1334,924,4000000,0
1335,925,1500000,1165882
1336,926,500000,0
1337,927,1500000,850419
1338,928,5000000,38610009
1339,929,0,841334
1340,930,0,0
1341,931,300000,0
1342,3567,300000,0
1343,13489,300000,0
1344,26849,300000,0
1345,932,0,0
1346,933,5000000,0
1347,934,10000000,0
1348,935,3800000,0
1349,936,9831962,0
1350,937,0,2330777
1351,938,0,0
1352,939,100000,42664410
1353,940,0,0
1354,941,10500000,14144000
1355,942,35000000,45479110
1356,943,40000000,38805380
1357,1936,40000000,38805380
1358,944,25000000,36993168
1359,4623,25000000,36993168
1360,945,19000000,45158254
1361,985,19000000,45158254
1362,946,0,1640866
1363,947,0,0
1364,948,0,0
1365,16519,0,0
1366,949,0,0
1367,13791,0,0
1368,950,20000000,37597471
1369,4255,20000000,37597471
1370,951,0,0
1371,21828,0,0
1372,952,0,14097
1373,953,0,916727
1374,954,0,0
1375,955,0,0
1376,956,0,0
1377,957,2940457,0
1378,958,10000000,0
1379,959,0,0
1380,960,38000000,58401898
1381,961,10000000,77527732
1382,962,50000000,34806812
1383,963,5000000,0
1384,964,0,0
1385,19221,0,0
1386,21050,0,0
1387,23869,0,0
1388,965,38000000,29907685
1389,1505,38000000,29907685
1390,4171,38000000,29907685
1391,9883,38000000,29907685
1392,966,0,23665
1393,967,300000,4588899
1394,968,120000,0
1395,969,1000000,0
1396,970,5000000,22059211
1397,971,0,0
1398,972,28000000,10126458
1399,973,0,151086
1400,974,0,0
1401,975,2571,0
1402,976,0,0
1403,977,15000000,40283321
1404,978,1500000,32000
1405,979,1000000,956425
1406,980,980000,0
1407,981,10000000,25399945
1408,1182,10000000,25399945
1409,982,0,1119537
1410,983,5000000,0
1411,7293,5000000,0
1412,984,0,0
1413,945,26000000,61489265
1414,985,26000000,61489265
1415,987,0,0
1416,988,5952000,2120439
1417,989,0,0
1418,29042,0,0
1419,990,0,0
1420,991,1400000,0
1421,992,4000000,0
1422,993,0,0
1423,994,0,0
1424,995,0,0
1425,19755,0,0
1426,28680,0,0
1427,996,4200000,42918532
1428,997,0,0
1429,998,0,0
1430,999,7000000,3377430
1431,1000,4000000,0
1432,1001,8000000,12294931
1433,1002,250000,359853
1434,23054,250000,359853
1435,1003,30000000,10772144
1436,1004,1500000,0
1437,1005,0,1019041
1438,1006,0,0
1439,1007,0,0
1440,1008,22000000,63766510
1441,1009,2500000,0
1442,1010,0,169209
1443,1011,2620000,0
1444,1012,2400000,88273
1445,1013,35000000,11560806
1446,1014,0,0
1447,1015,0,0
1448,1016,5000000,7556
1449,1017,0,0
1450,1018,7000000,16624456
1451,1019,800000,2166797
1452,1020,0,0
1453,1021,3000000,2295825
1454,1022,1200000,0
1455,1023,0,0
1456,1024,0,0
1457,1025,2200000,0
1458,1026,0,0
1459,1027,900000,2023414
1460,1028,46000000,25232289
1461,5371,46000000,25232289
1462,1029,12000000,12077441
1463,1030,20000000,31198531
1464,1108,20000000,31198531
1465,1031,0,5596267
1466,1032,0,0
1467,1033,0,241278
1468,421,90000,0
1469,1034,90000,0
1470,1035,5000000,5224938
1471,1036,0,0
1472,18504,0,0
1473,25500,0,0
1474,1037,0,0
1475,1038,20000000,20308772
1476,13902,20000000,20308772
1477,14081,20000000,20308772
1478,15546,20000000,20308772
1479,1039,0,0
1480,1040,0,32075
1481,1041,10000000,0
1482,1042,0,2983784
1483,1043,4400000,0
1484,1044,10000000,30658387
1485,1045,0,0
1486,1046,50000,249905
1487,1047,4500000,6582065
1488,1048,0,0
1489,1049,0,0
1490,18959,0,0
1491,19866,0,0
1492,1050,10000000,12008642
1493,26657,10000000,12008642
1494,1051,1000000,0
1495,1052,0,1133031
1496,23150,0,1133031
1497,1053,0,2160298
1498,1054,0,0
1499,1055,0,0
1500,23815,0,0
1501,1056,0,0
1502,1057,0,0
1503,1058,0,2756
1504,1059,0,0
1505,1060,8000000,8810591
1506,1062,10000000,5343820
1507,1063,10000,0
1508,1064,0,0
1509,1065,0,70958
1510,1066,0,0
1511,1067,0,0
1512,1068,0,0
1513,1069,0,0
1514,1070,0,0
1515,1071,0,0
1516,14488,0,0
1517,1072,15000000,3533227
1518,1073,0,0
1519,1074,4500000,0
1520,1075,5000000,25562924
1521,1076,0,0
1522,1077,0,0
1523,1078,7000000,20901859
1524,1079,1000000,0
1525,1080,30000000,25480490
1526,16730,30000000,25480490
1527,1081,0,0
1528,1082,0,0
1529,1083,17000000,17186348
1530,1084,1400010,80631
1531,1085,100000,7000000
1532,1086,0,5577666
1533,30372,0,5577666
1534,1087,16000000,52545707
1535,12016,16000000,52545707
1536,14086,16000000,52545707
1537,1088,0,0
1538,1089,3000000,242623
1539,1090,0,0
1540,1091,0,0
1541,1092,4798235,209696
1542,3692,4798235,209696
1543,1093,2700000,0
1544,10450,2700000,0
1545,24759,2700000,0
1546,26286,2700000,0
1547,29288,2700000,0
1548,29526,2700000,0
1549,1094,0,0
1550,1095,37000000,40846082
1551,1344,37000000,40846082
1552,1096,0,0
1553,1097,0,0
1554,1098,250000,154323
1555,1099,1500000,14796236
1556,1718,1500000,14796236
1557,1100,0,0
1558,4107,0,0
1559,695,20000000,12693645
1560,1101,20000000,12693645
1561,2630,20000000,12693645
1562,1102,0,0
1563,1103,0,0
1564,15392,0,0
1565,1104,0,0
1566,1542,0,0
1567,3179,0,0
1568,6194,0,0
1569,7271,0,0
1570,18191,0,0
1571,1105,4000000,0
1572,1106,900000,6980986
1573,1107,25000,0
1574,25995,25000,0
1575,30720,25000,0
1576,1030,0,0
1577,1108,0,0
1578,1109,0,6554322
1579,1110,0,0
1580,1111,20000000,1017401
1581,1112,32000000,55305279
1582,1113,0,9195
1583,1114,0,0
1584,1115,0,0
1585,8480,0,0
1586,17026,0,0
1587,1116,5000000,19280931
1588,1117,14000000,29612137
1589,1118,0,0
1590,1119,2000000,3537283
1591,1120,20851,0
1592,1121,10000000,29450919
1593,1122,0,0
1594,13136,0,0
1595,15420,0,0
1596,18324,0,0
1597,1123,0,0
1598,1124,5000000,15179302
1599,1125,35000000,43203413
1600,1126,7000000,2900000
1601,1127,0,0
1602,1128,3500000,24946533
1603,2118,3500000,24946533
1604,1129,70000000,131002597
1605,6125,70000000,131002597
1606,14065,70000000,131002597
1607,15476,70000000,131002597
1608,1130,0,0
1609,1131,7000000,0
1610,1132,5000000,34725000
1611,1133,500000,0
1612,1134,0,0
1613,1135,0,0
1614,2495,0,0
1615,6461,0,0
1616,28968,0,0
1617,1136,5000000,0
1618,1137,3500000,34000000
1619,1801,3500000,34000000
1620,1138,0,37473
1621,1139,2000000,0
1622,5616,2000000,0
1623,30015,2000000,0
1624,1140,0,0
1625,1141,0,0
1626,1142,0,730762
1627,1143,0,0
1628,1144,318000,121179
1629,1145,0,0
1630,1146,3500000,0
1631,1147,14000000,85446075
1632,1148,0,8452
1633,1149,0,1300000
1634,1150,100000000,291420351
1635,1151,0,0
1636,1152,33000000,104155843
1637,26779,33000000,104155843
1638,1153,0,0
1639,13084,0,0
1640,14883,0,0
1641,25559,0,0
1642,25844,0,0
1643,28115,0,0
1644,1154,0,0
1645,13486,0,0
1646,27091,0,0
1647,1155,0,2864091
1648,1156,40000000,2622015
1649,28103,40000000,2622015
1650,1157,8000000,0
1651,1158,300000,0
1652,1159,20000000,70700000
1653,1160,0,0
1654,1161,8000000,8946600
1655,1162,0,0
1656,1349,0,0
1657,10832,0,0
1658,12979,0,0
1659,13999,0,0
1660,1163,0,0
1661,1164,0,0
1662,1165,5000000,16554699
1663,858,200000,2175000
1664,1166,200000,2175000
1665,1167,0,0
1666,1168,0,4947717
1667,1169,0,3435047
1668,1170,0,0
1669,1171,0,0
1670,1172,0,0
1671,1173,0,0
1672,1174,20000000,4609644
1673,1175,0,0
1674,6852,0,0
1675,12299,0,0
1676,1176,0,0
1677,1177,800000,1952653
1678,1178,30000000,64626786
1679,17596,30000000,64626786
1680,1179,29000000,70752904
1681,1180,0,0
1682,1181,500000,0
1683,19382,500000,0
1684,981,6000000,5844868
1685,1182,6000000,5844868
1686,1183,12000000,5500277
1687,1184,500000,0
1688,1185,0,20471382
1689,1186,0,0
1690,567,0,0
1691,1187,0,0
1692,7895,0,0
1693,8513,0,0
1694,1188,0,38903179
1695,1189,786801,1845819
1696,1190,31000000,53208180
1697,1191,0,0
1698,16556,0,0
1699,23447,0,0
1700,24010,0,0
1701,1192,10000000,0
1702,1193,0,0
1703,1194,1200000,112892319
1704,1195,4800000,0
1705,615,15000000,17080167
1706,1196,15000000,17080167
1707,1197,0,0
1708,1198,0,0
1709,1199,4000000,10785801
1710,1200,5000000,10166820
1711,1201,0,0
1712,1202,0,0
1713,1203,0,0
1714,1204,0,0
1715,1205,0,551760
1716,4606,0,551760
1717,14494,0,551760
1718,16660,0,551760
1719,25289,0,551760
1720,1206,0,709528
1721,1207,20000000,74827344
1722,1208,0,0
1723,1209,3500000,14000000
1724,1210,4500000,3606395
1725,1211,0,0
1726,1212,0,0
1727,1213,0,0
1728,2430,0,0
1729,1214,2800000,0
1730,6922,2800000,0
1731,16445,2800000,0
1732,1215,0,0
1733,714,700000,3000000
1734,1216,700000,3000000
1735,1217,0,0
1736,1218,0,12104595
1737,10650,0,12104595
1738,1219,0,517929
1739,16950,0,517929
1740,1220,0,0
1741,7671,0,0
1742,1221,12000000,0
1743,1222,900000,2250000
1744,1223,3000000,3902679
1745,1224,0,0
1746,1225,30000000,68357079
1747,1314,30000000,68357079
1748,8958,30000000,68357079
1749,13582,30000000,68357079
1750,18958,30000000,68357079
1751,19961,30000000,68357079
1752,1226,0,0
1753,1227,0,0
1754,1228,0,0
1755,16916,0,0
1756,1229,0,0
1757,1230,18000000,49101993
1758,1231,0,30911
1759,1232,0,0
1760,7912,0,0
1761,1233,0,0
1762,13886,0,0
1763,15159,0,0
1764,1234,0,0
1765,1235,0,0
1766,1236,150000,0
1767,1237,0,228894
1768,1238,0,0
1769,1239,0,0
1770,1240,104880,3500000
1771,1652,104880,3500000
1772,1819,104880,3500000
1773,3926,104880,3500000
1774,8967,104880,3500000
1775,11953,104880,3500000
1776,14022,104880,3500000
1777,1241,0,0
1778,1242,0,0
1779,1243,0,6291958
1780,1244,75000000,30700000
1781,2161,75000000,30700000
1782,17568,75000000,30700000
1783,1245,2000000,0
1784,1246,0,0
1785,1247,1600000,6263224
1786,1248,10000000,0
1787,1249,0,0
1788,1250,0,0
1789,1251,0,0
1790,1252,4100000,14225876
1791,1253,1500000,208550
1792,1254,0,0
1793,4973,0,0
1794,21055,0,0
1795,1255,787000,0
1796,1256,2500000,0
1797,1257,0,0
1798,1258,0,0
1799,1259,0,0
1800,3329,0,0
1801,8274,0,0
1802,374,0,0
1803,1260,0,0
1804,1261,0,0
1805,24580,0,0
1806,1262,45000000,11203026
1807,1263,1000000,10047674
1808,1264,0,397783
1809,1265,0,0
1810,1266,0,0
1811,892,110000,4000000
1812,1267,110000,4000000
1813,1268,250000,0
1814,1269,300000,0
1815,1270,14000000,72527595
1816,1271,500000,0
1817,1272,3000000,156362
1818,1273,0,0
1819,7209,0,0
1820,14727,0,0
1821,16609,0,0
1822,1274,0,0
1823,3630,0,0
1824,1275,0,0
1825,5443,0,0
1826,1276,3000000,0
1827,1441,3000000,0
1828,1277,2000000,58510
1829,1278,0,0
1830,19954,0,0
1831,28175,0,0
1832,1279,0,0
1833,4116,0,0
1834,1280,0,124191
1835,16126,0,124191
1836,1281,0,0
1837,1282,1000000,0
1838,1284,25000000,38748395
1839,28319,25000000,38748395
1840,1285,0,6158
1841,1286,5000000,0
1842,1287,12000000,40855419
1843,1288,0,0
1844,1289,3300000,64110728
1845,1290,0,0
1846,1291,0,881779
1847,2490,0,881779
1848,5283,0,881779
1849,1292,0,0
1850,1293,0,0
1851,1294,90000000,102000000
1852,1363,90000000,102000000
1853,1295,0,0
1854,1296,0,0
1855,1297,0,0
1856,1298,300000,0
1857,1299,0,1000000
1858,1300,25000,2000000
1859,1301,200000,1395610
1860,1302,5500000,0
1861,1303,25000000,11603545
1862,1304,0,0
1863,1305,20000,99000
1864,1306,0,30668
1865,1307,0,0
1866,8321,0,0
1867,1308,0,11000000
1868,1309,0,15185672
1869,1310,125000,0
1870,1311,10100000,0
1871,1312,0,0
1872,1313,0,0
1873,1225,4000000,1686839
1874,1314,4000000,1686839
1875,8958,4000000,1686839
1876,13582,4000000,1686839
1877,18958,4000000,1686839
1878,19961,4000000,1686839
1879,1315,0,0
1880,1316,0,0
1881,1317,0,0
1882,1318,0,566098
1883,1319,0,0
1884,1320,17000000,0
1885,1321,0,0
1886,1322,0,0
1887,1323,0,0
1888,1324,4000000,8095658
1889,3619,4000000,8095658
1890,1325,0,0
1891,2235,0,0
1892,11047,0,0
1893,1326,3000000,0
1894,1327,250000,0
1895,1328,0,1179002
1896,2021,0,1179002
1897,1329,10500000,11582891
1898,15629,10500000,11582891
1899,1330,0,0
1900,2140,0,0
1901,1331,10000000,0
1902,1332,0,22003
1903,1333,0,0
1904,1334,0,0
1905,1335,0,0
1906,1336,10000000,91196419
1907,22665,10000000,91196419
1908,1337,30000000,32500000
1909,1338,0,1382462
1910,24786,0,1382462
1911,1339,0,12175665
1912,1340,45000000,112006296
1913,1341,0,0
1914,1342,0,0
1915,1343,0,68904
1916,1095,200000,0
1917,1344,200000,0
1918,1345,135000,0
1919,6328,135000,0
1920,12546,135000,0
1921,22481,135000,0
1922,1346,9000000,21510851
1923,1508,9000000,21510851
1924,1821,9000000,21510851
1925,1347,0,0
1926,1348,0,0
1927,1162,13000000,3012210
1928,1349,13000000,3012210
1929,10832,13000000,3012210
1930,12979,13000000,3012210
1931,13999,13000000,3012210
1932,1350,0,349183
1933,8304,0,349183
1934,23833,0,349183
1935,212,230000,25000000
1936,1351,230000,25000000
1937,394,15000000,163169
1938,1352,15000000,163169
1939,1353,1200000,0
1940,1354,0,3551439
1941,1355,0,0
1942,14441,0,0
1943,1356,0,2225698
1944,1357,13000000,2651917
1945,6538,13000000,2651917
1946,19439,13000000,2651917
1947,1358,3200000,658573
1948,13170,3200000,658573
1949,1359,15000000,19853892
1950,1360,0,0
1951,1361,0,61782
1952,1362,4500000,0
1953,1294,0,0
1954,1363,0,0
1955,1364,0,2902552
1956,1365,0,0
1957,1366,0,0
1958,1367,6800000,26518355
1959,1368,32000000,75108998
1960,1369,0,0
1961,1370,6500000,31899000
1962,1371,0,289157
1963,1372,12000000,5285197
1964,11388,12000000,5285197
1965,23052,12000000,5285197
1966,1373,0,0
1967,1374,0,0
1968,1375,90000000,14828081
1969,1376,5000000,15738769
1970,1377,0,0
1971,1378,0,0
1972,1379,1500000,14293601
1973,1380,0,0
1974,1381,5000000,5728
1975,14234,5000000,5728
1976,15245,5000000,5728
1977,25151,5000000,5728
1978,1382,9000000,13277558
1979,6535,9000000,13277558
1980,1383,12500000,27206120
1981,1384,8000000,0
1982,1385,17000000,60613008
1983,1386,3500000,4385516
1984,1387,0,12884923
1985,1388,0,0
1986,1389,0,0
1987,1390,0,0
1988,1391,0,67132
1989,1392,0,0
1990,11913,0,0
1991,28808,0,0
1992,1393,0,0
1993,1394,0,0
1994,1395,2500000,165623
1995,1396,3000000,0
1996,11781,3000000,0
1997,15428,3000000,0
1998,22219,3000000,0
1999,24941,3000000,0
2000,1397,0,0
2001,5970,0,0
2002,11055,0,0
2003,18608,0,0
2004,1398,4000000,1104682
2005,1399,0,0
2006,852,0,0
2007,1400,0,0
2008,1401,0,0
2009,1402,0,0
2010,1403,0,0
2011,1550,0,0
2012,1404,0,0
2013,1405,0,0
2014,4184,0,0
2015,5210,0,0
2016,7626,0,0
2017,1406,0,1045873
2018,29165,0,1045873
2019,1407,0,0
2020,1408,25000000,25965144
2021,3488,25000000,25965144
2022,1409,0,0
2023,1410,0,0
2024,1411,0,0
2025,1412,3500000,16324573
2026,1413,0,0
2027,1533,0,0
2028,1414,25000000,3650275
2029,1415,10000000,0
2030,1416,0,0
2031,1417,0,0
2032,1418,0,0
2033,1419,0,0
2034,1420,0,0
2035,627,150000,0
2036,1421,150000,0
2037,1422,18000000,0
2038,1423,0,0
2039,1424,10000000,16300000
2040,1425,0,0
2041,1426,0,0
2042,1427,0,0
2043,5932,0,0
2044,14155,0,0
2045,1428,0,0
2046,1429,0,0
2047,1430,0,416792
2048,1431,0,0
2049,1433,0,0
2050,5266,0,0
2051,5856,0,0
2052,1434,0,0
2053,1435,60000000,33956608
2054,26993,60000000,33956608
2055,1436,0,0
2056,1437,0,0
2057,1438,0,0
2058,1439,0,1181929
2059,1440,0,0
2060,1276,12000000,0
2061,1441,12000000,0
2062,1442,0,19980
2063,1443,0,0
2064,1444,340000,0
2065,1445,0,7886857
2066,1446,0,0
2067,8457,0,0
2068,1447,17000000,9627492
2069,17894,17000000,9627492
2070,1448,0,0
2071,1449,0,0
2072,1450,45000000,148412065
2073,1451,22000000,851517
2074,1452,0,0
2075,1453,0,0
2076,1454,1300000,0
2077,1455,6000000,170255
2078,1456,0,0
2079,1457,0,0
2080,8182,0,0
2081,1458,0,0
2082,1459,900000,9097072
2083,1461,0,0
2084,1462,0,0
2085,1463,3000000,1675381
2086,1464,0,0
2087,9730,0,0
2088,1465,0,0
2089,1466,6000000,0
2090,1467,0,17671101
2091,1468,0,0
2092,1469,0,0
2093,1470,0,0
2094,1471,25000000,4152230
2095,1472,0,156941
2096,1473,0,0
2097,1474,28000000,14010832
2098,1475,0,4973
2099,1476,2500000,0
2100,1477,0,0
2101,1478,750000,0
2102,1479,0,5100000
2103,8054,0,5100000
2104,28814,0,5100000
2105,1480,1800000,0
2106,4632,1800000,0
2107,5496,1800000,0
2108,17889,1800000,0
2109,23882,1800000,0
2110,30373,1800000,0
2111,1481,0,0
2112,1482,5000000,9617000
2113,1483,300000,0
2114,11604,300000,0
2115,1484,0,0
2116,1485,0,0
2117,1486,0,5624282
2118,1487,40000000,62771059
2119,1488,525000,0
2120,1489,0,0
2121,5538,0,0
2122,6783,0,0
2123,29542,0,0
2124,1490,900000,0
2125,6593,900000,0
2126,12136,900000,0
2127,13270,900000,0
2128,13817,900000,0
2129,16720,900000,0
2130,17967,900000,0
2131,21433,900000,0
2132,23409,900000,0
2133,26775,900000,0
2134,26927,900000,0
2135,28416,900000,0
2136,1491,5000000,0
2137,1492,10000000,167445
2138,1493,0,0
2139,1494,0,0
2140,1495,10000000,0
2141,1496,25000,0
2142,1497,0,0
2143,1498,4500000,1798418
2144,1499,0,0
2145,4313,0,0
2146,1500,0,0
2147,1501,245000,0
2148,1502,0,0
2149,1503,0,0
2150,1504,500000,450275
2151,965,25000000,318451
2152,1505,25000000,318451
2153,4171,25000000,318451
2154,9883,25000000,318451
2155,1506,0,489884
2156,1507,1650000,0
2157,1346,620000,4053000
2158,1508,620000,4053000
2159,1821,620000,4053000
2160,1509,3800000,0
2161,1510,0,0
2162,1511,0,0
2163,1512,0,0
2164,1513,0,0
2165,1514,6000000,31347154
2166,1515,6000000,285000
2167,1516,0,3373474
2168,1517,0,0
2169,6015,0,0
2170,1518,0,0
2171,12314,0,0
2172,28467,0,0
2173,1519,0,0
2174,1520,3500000,12600000
2175,3221,3500000,12600000
2176,15257,3500000,12600000
2177,1521,0,0
2178,1522,0,791762
2179,11149,0,791762
2180,1523,0,0
2181,24897,0,0
2182,1524,3000000,14418922
2183,1525,10000,0
2184,1526,0,2647055
2185,1527,3200000,10000000
2186,1528,1355000,5000000
2187,854,1700000,16200000
2188,1529,1700000,16200000
2189,1530,0,0
2190,1531,50000000,31355910
2191,26770,50000000,31355910
2192,1532,0,0
2193,1534,0,0
2194,1535,5000000,9747988
2195,24951,5000000,9747988
2196,1536,0,58147
2197,1537,3000000,14182492
2198,1538,0,0
2199,1539,0,28037
2200,1540,0,0
2201,1541,1250000,0
2202,1543,2000000,0
2203,1544,0,0
2204,1545,8000000,16115878
2205,1546,0,0
2206,1547,2800000,3600000
2207,1548,0,165216
2208,30432,0,165216
2209,1549,21000000,17762705
2210,1403,30000000,5874530
2211,1550,30000000,5874530
2212,1551,1000000,1204739
2213,1552,5500000,24000000
2214,1553,0,22449857
2215,1554,0,0
2216,1555,0,0
2217,1556,0,0
2218,1557,13000000,21089146
2219,1558,3000000,216166
2220,1559,8000000,2131057
2221,1560,0,0
2222,1561,0,0
2223,1562,0,0
2224,1563,750000,0
2225,875,2200000,5672031
2226,1564,2200000,5672031
2227,24443,2200000,5672031
2228,1565,0,0
2229,1566,71640,0
2230,1567,0,0
2231,8567,0,0
2232,1568,0,0
2233,1569,0,14543394
2234,1570,0,0
2235,10991,0,0
2236,1571,0,0
2237,14845,0,0
2238,1572,4000000,10898293
2239,14616,4000000,10898293
2240,19882,4000000,10898293
2241,1573,0,0
2242,7929,0,0
2243,1574,0,0
2244,1575,0,0
2245,1576,0,0
2246,1577,0,0
2247,1578,0,0
2248,1579,0,0
2249,1580,0,0
2250,1581,800000,0
2251,1582,0,0
2252,1583,0,0
2253,1584,21000000,0
2254,1585,4000000,11000000
2255,12955,4000000,11000000
2256,1586,0,0
2257,1587,5000000,124048
2258,10955,5000000,124048
2259,1588,0,0
2260,1589,1000000,0
2261,1590,0,0
2262,1591,0,0
2263,1592,0,0
2264,3396,0,0
2265,1593,0,0
2266,1594,0,0
2267,1595,12000000,52223306
2268,1596,0,0
2269,1597,0,0
2270,1598,0,0
2271,1599,0,6713
2272,5999,0,6713
2273,23426,0,6713
2274,24448,0,6713
2275,1600,0,0
2276,1601,0,0
2277,1602,10000000,4633668
2278,1603,0,0
2279,1604,0,0
2280,1605,0,0
2281,1606,0,0
2282,1607,0,0
2283,1608,2000000,0
2284,1609,0,0
2285,458,0,0
2286,1610,0,0
2287,1611,0,0
2288,1612,0,4045770
2289,1613,300000,11988469
2290,25723,300000,11988469
2291,1614,0,0
2292,1615,15000000,0
2293,1616,6000000,0
2294,2537,6000000,0
2295,27750,6000000,0
2296,1617,0,0
2297,1618,12000000,21133087
2298,1619,3000000,0
2299,1620,0,0
2300,1621,5000000,3099314
2301,1622,30000,0
2302,1623,0,0
2303,1624,0,0
2304,1625,0,0
2305,4514,0,0
2306,7274,0,0
2307,1626,0,0
2308,1627,0,4352094
2309,1628,1500000,0
2310,1629,0,0
2311,1630,0,0
2312,1631,0,0
2313,1632,0,0
2314,1633,0,0
2315,1634,5000000,13085023
2316,6733,5000000,13085023
2317,8312,5000000,13085023
2318,17430,5000000,13085023
2319,18141,5000000,13085023
2320,21619,5000000,13085023
2321,1635,25000000,15704614
2322,1636,0,0
2323,1637,0,0
2324,1638,15000000,17507368
2325,1639,0,0
2326,1640,0,0
2327,1641,0,0
2328,1642,0,0
2329,1643,200000,0
2330,1644,8000000,8279017
2331,1645,0,0
2332,1646,0,0
2333,1647,0,0
2334,1648,0,0
2335,9044,0,0
2336,1649,0,0
2337,1650,0,0
2338,1651,650000,0
2339,1240,0,0
2340,1652,0,0
2341,1819,0,0
2342,3926,0,0
2343,8967,0,0
2344,11953,0,0
2345,14022,0,0
2346,1653,1000000,0
2347,1654,500000,0
2348,1655,350000,11000000
2349,1656,0,0
2350,1657,0,3639926
2351,1658,12000000,37170057
2352,1659,10000000,32100816
2353,19837,10000000,32100816
2354,1660,520000,0
2355,1661,0,0
2356,4635,0,0
2357,5989,0,0
2358,19597,0,0
2359,25392,0,0
2360,1662,7000000,0
2361,1663,4000000,9221
2362,1664,0,4910682
2363,1665,0,0
2364,1666,5000000,7000000
2365,1667,0,1081
2366,475,4500000,0
2367,1668,4500000,0
2368,4376,4500000,0
2369,1669,6200000,9205924
2370,1670,0,0
2371,1671,1300000,0
2372,1672,0,0
2373,1673,0,7865
2374,1674,30000,200000000
2375,1675,23000000,0
2376,1676,0,0
2377,1677,0,0
2378,1678,0,0
2379,1679,0,0
2380,1680,350000,10000000
2381,1786,350000,10000000
2382,11129,350000,10000000
2383,13967,350000,10000000
2384,1681,3000000,0
2385,1682,0,1824902
2386,1683,1500000,0
2387,4585,1500000,0
2388,24024,1500000,0
2389,26379,1500000,0
2390,30345,1500000,0
2391,1684,0,0
2392,1685,0,0
2393,1686,1000000,395000
2394,16612,1000000,395000
2395,1687,0,323776
2396,1688,0,0
2397,1689,0,0
2398,1691,7500000,0
2399,1692,0,0
2400,1693,0,0
2401,1694,2500000,0
2402,1695,0,0
2403,1696,0,0
2404,1697,0,0
2405,1698,0,0
2406,1699,0,0
2407,626,0,0
2408,1700,0,0
2409,3503,0,0
2410,1701,0,0
2411,1702,0,5708
2412,1703,5,6
2413,1704,0,0
2414,1705,0,12145169
2415,1706,0,0
2416,1707,15000000,6340723
2417,1708,0,6797218
2418,22880,0,6797218
2419,1709,0,0
2420,2470,0,0
2421,7870,0,0
2422,8910,0,0
2423,25505,0,0
2424,29603,0,0
2425,1710,0,0
2426,1711,0,0
2427,1712,1181389,56191
2428,1713,0,0
2429,1714,0,0
2430,1715,0,0
2431,1716,0,0
2432,1717,5000000,0
2433,1099,0,14796236
2434,1718,0,14796236
2435,1719,0,0
2436,1720,40000000,18902015
2437,1721,0,0
2438,1722,0,9200
2439,1723,700000,1271556
2440,1724,4500000,1261000
2441,25981,4500000,1261000
2442,1725,0,0
2443,1726,0,0
2444,4830,0,0
2445,11351,0,0
2446,15344,0,0
2447,1727,14000000,19800000
2448,1728,0,66456
2449,1729,0,0
2450,1730,7000000,19595031
2451,1731,1500000,0
2452,1732,0,0
2453,1733,100000,0
2454,1734,0,0
2455,1735,0,0
2456,1736,111000,0
2457,1737,0,0
2458,1738,0,0
2459,1739,20000000,67192859
2460,5665,20000000,67192859
2461,1740,0,0
2462,1741,3000000,0
2463,1797,3000000,0
2464,4547,3000000,0
2465,5463,3000000,0
2466,24681,3000000,0
2467,26797,3000000,0
2468,1742,0,0
2469,1743,0,0
2470,1744,0,0
2471,1745,12000000,9620399
2472,1746,0,0
2473,1747,0,0
2474,1748,10000000,0
2475,1749,0,4367497
2476,1750,0,0
2477,1751,0,0
2478,1752,0,0
2479,1753,0,0
2480,1754,0,0
2481,1755,0,0
2482,1756,8000000,0
2483,1757,10600000,24084
2484,1758,0,0
2485,1759,0,0
2486,1760,0,0
2487,1761,0,0
2488,6236,0,0
2489,1762,0,0
2490,1763,0,0
2491,1764,0,0
2492,1765,0,0
2493,1766,1500000,0
2494,1767,0,0
2495,23936,0,0
2496,1768,0,0
2497,1769,0,0
2498,1770,66500,0
2499,1771,0,0
2500,1772,3150000,0
2501,1773,0,0
2502,1774,0,0
2503,2262,0,0
2504,18203,0,0
2505,1775,0,5515163
2506,1776,0,0
2507,1777,0,0
2508,1778,5250000,10155690
2509,9820,5250000,10155690
2510,1779,79000000,0
2511,1780,0,0
2512,1781,0,0
2513,1782,100000,0
2514,1783,7700000,0
2515,1784,10000000,18000000
2516,209,658000,23800000
2517,1785,658000,23800000
2518,1680,6000000,31081
2519,1786,6000000,31081
2520,11129,6000000,31081
2521,13967,6000000,31081
2522,1787,0,0
2523,1788,0,0
2524,1789,0,0
2525,1790,0,0
2526,1791,10000000,20766616
2527,1792,0,0
2528,12987,0,0
2529,23757,0,0
2530,31076,0,0
2531,1793,8000000,0
2532,1794,0,0
2533,139,0,0
2534,1795,0,0
2535,2370,0,0
2536,2794,0,0
2537,5145,0,0
2538,19268,0,0
2539,21082,0,0
2540,27026,0,0
2541,1796,25000000,30120671
2542,1741,0,0
2543,1797,0,0
2544,4547,0,0
2545,5463,0,0
2546,24681,0,0
2547,26797,0,0
2548,1798,500000,98017
2549,204,0,0
2550,1799,0,0
2551,1933,0,0
2552,8217,0,0
2553,26812,0,0
2554,1800,18000000,0
2555,24097,18000000,0
2556,29767,18000000,0
2557,1137,18000000,0
2558,1801,18000000,0
2559,1802,6000000,12000000
2560,1803,0,0
2561,28284,0,0
2562,1804,0,0
2563,1806,0,0
2564,1807,0,0
2565,1808,0,0
2566,1809,0,90573
2567,1810,0,0
2568,1811,0,0
2569,6743,0,0
2570,1812,1000000,91549
2571,1813,1500000,5728953
2572,1814,6000000,359377
2573,1815,0,0
2574,1816,0,0
2575,1817,5000000,0
2576,895,0,0
2577,1818,0,0
2578,2376,0,0
2579,7839,0,0
2580,10245,0,0
2581,10592,0,0
2582,11140,0,0
2583,13635,0,0
2584,14684,0,0
2585,16588,0,0
2586,16971,0,0
2587,20995,0,0
2588,26858,0,0
2589,30864,0,0
2590,1820,0,0
2591,1346,5000000,18529730
2592,1508,5000000,18529730
2593,1821,5000000,18529730
2594,1822,0,0
2595,1823,0,0
2596,1824,0,1519796
2597,1825,1000000,35000000
2598,1826,0,0
2599,9552,0,0
2600,1827,10000000,1671196
2601,1828,314701,0
2602,1829,0,0
2603,24487,0,0
2604,1830,55000000,6632383
2605,1831,33000,205569
2606,1832,0,0
2607,1833,2000000,0
2608,1834,0,0
2609,1835,0,596370
2610,1836,10000000,0
2611,1837,1000000,0
2612,13016,1000000,0
2613,1838,0,0
2614,1839,0,5000000
2615,3959,0,5000000
2616,1840,0,0
2617,1841,0,0
2618,1842,0,0
2619,1843,0,0
2620,1844,800000,0
2621,1845,0,0
2622,1846,12000000,0
2623,1847,0,0
2624,1848,0,0
2625,1849,0,58221
2626,821,10706075,1766761
2627,1850,10706075,1766761
2628,16552,10706075,1766761
2629,1851,1500000,6945256
2630,2350,1500000,6945256
2631,6003,1500000,6945256
2632,16641,1500000,6945256
2633,25281,1500000,6945256
2634,1852,0,0
2635,1853,0,0
2636,1854,0,0
2637,1855,0,0
2638,1856,0,0
2639,1857,0,0
2640,1858,0,0
2641,1859,10000000,0
2642,2207,10000000,0
2643,1860,0,0
2644,1861,625000,0
2645,19631,625000,0
2646,22739,625000,0
2647,23780,625000,0
2648,24788,625000,0
2649,25583,625000,0
2650,25664,625000,0
2651,1862,0,0
2652,1863,0,0
2653,23018,0,0
2654,30932,0,0
2655,1864,0,0
2656,1865,0,0
2657,1866,7000000,9229401
2658,1867,0,0
2659,11401,0,0
2660,1868,0,49970
2661,1869,0,0
2662,1870,1100000,0
2663,1871,0,0
2664,1872,150000,83957
2665,12479,150000,83957
2666,23774,150000,83957
2667,1873,0,7399763
2668,1874,0,1333289
2669,1875,0,0
2670,1876,1500000,1612259
2671,1877,0,0
2672,1878,0,0
2673,1879,0,0
2674,1880,475000,800000
2675,1881,0,0
2676,1882,2000000,0
2677,8272,2000000,0
2678,14830,2000000,0
2679,1883,0,0
2680,1884,3000000,0
2681,1885,0,382879
2682,16188,0,382879
2683,19573,0,382879
2684,29772,0,382879
2685,1886,6000000,3661757
2686,1887,2000000,5540941
2687,1888,0,0
2688,1889,2400000,0
2689,1890,0,0
2690,1891,0,0
2691,1915,0,0
2692,17633,0,0
2693,1892,1500000,0
2694,1893,60400,0
2695,1894,6000000,0
2696,1895,0,0
2697,1896,0,0
2698,1897,0,0
2699,1898,0,0
2700,1899,0,0
2701,819,1000000,0
2702,1900,1000000,0
2703,8597,1000000,0
2704,1901,700000,0
2705,1902,7600000,12000000
2706,25237,7600000,12000000
2707,1903,6900000,0
2708,1904,0,0
2709,1905,10000000,0
2710,1906,2000000,0
2711,1907,25710,0
2712,1908,0,0
2713,17339,0,0
2714,1909,1500000,0
2715,1910,0,0
2716,1911,0,0
2717,1912,4000000,2206625
2718,1913,750000,78396
2719,1914,0,0
2720,1891,530000,0
2721,1915,530000,0
2722,17633,530000,0
2723,1916,0,23589
2724,1917,2500000,13500000
2725,1918,0,0
2726,1919,0,0
2727,1920,5000000,3377891
2728,1921,0,0
2729,1922,8000000,426224
2730,1923,0,0
2731,1924,2480000,0
2732,10755,2480000,0
2733,11873,2480000,0
2734,16929,2480000,0
2735,1925,0,0
2736,1926,0,4132000
2737,1927,0,0
2738,1928,0,0
2739,1929,0,0
2740,1930,30000,44652
2741,1931,0,5979292
2742,1932,0,0
2743,1934,500000,0
2744,1935,33000,0
2745,943,810000,0
2746,1936,810000,0
2747,1937,0,0
2748,2648,0,0
2749,13065,0,0
2750,1938,0,0
2751,1939,0,0
2752,1940,0,0
2753,1941,0,0
2754,1942,0,0
2755,1943,2000000,0
2756,1944,0,0
2757,1945,6900000,44287131
2758,97,3000000,3387000
2759,1946,3000000,3387000
2760,1947,2500000,156190
2761,1948,0,0
2762,1949,77532,516930
2763,1950,0,0
2764,1951,650000,33245
2765,1952,0,0
2766,1953,250000,0
2767,1954,20000000,5781885
2768,1955,0,0
2769,1956,0,0
2770,1957,280379,364937
2771,1958,0,198242
2772,1959,350000,0
2773,882,0,0
2774,1960,0,0
2775,1961,0,0
2776,1962,7500000,0
2777,20256,7500000,0
2778,1963,2000000,0
2779,4548,2000000,0
2780,27705,2000000,0
2781,1964,0,0
2782,1965,0,0
2783,1966,0,0
2784,9761,0,0
2785,13573,0,0
2786,1967,3000000,0
2787,1968,0,0
2788,1969,0,0
2789,5851,0,0
2790,1970,0,0
2791,1971,5000000,0
2792,3508,5000000,0
2793,1972,3000000,0
2794,1973,0,0
2795,1974,0,0
2796,22073,0,0
2797,1975,0,0
2798,1976,0,0
2799,1977,320000,6782283
2800,1978,0,0
2801,9574,0,0
2802,18479,0,0
2803,1979,0,0
2804,1980,17000000,0
2805,15835,17000000,0
2806,1981,0,0
2807,1982,0,0
2808,19352,0,0
2809,21723,0,0
2810,29869,0,0
2811,1983,8000000,0
2812,1984,0,2893660
2813,1985,0,0
2814,1986,0,0
2815,1987,1100000,5450815
2816,1988,8000000,0
2817,1989,87,0
2818,1990,5000000,591366
2819,1991,0,314785
2820,1992,0,0
2821,3845,0,0
2822,1993,0,0
2823,1994,0,0
2824,5734,0,0
2825,11562,0,0
2826,18611,0,0
2827,27112,0,0
2828,28080,0,0
2829,30755,0,0
2830,1995,1500000,0
2831,16012,1500000,0
2832,1996,0,0
2833,1997,425000,0
2834,3950,425000,0
2835,1998,0,0
2836,1999,0,0
2837,2000,0,0
2838,30075,0,0
2839,2001,0,0
2840,2002,0,0
2841,3458,0,0
2842,4233,0,0
2843,2003,17000000,4299141
2844,2004,1500000,268117
2845,2005,0,0
2846,2006,0,0
2847,2007,0,19613
2848,2008,0,0
2849,2009,0,0
2850,2010,40000000,0
2851,2011,0,0
2852,2012,5000000,1123136
2853,2013,0,1675484
2854,3312,0,1675484
2855,2014,0,0
2856,2015,0,0
2857,2016,0,0
2858,2017,12000000,13818181
2859,2018,0,0
2860,2019,0,0
2861,2020,3000000,0
2862,10996,3000000,0
2863,1328,0,0
2864,2021,0,0
2865,2022,0,0
2866,4341,0,0
2867,2023,13000000,428868
2868,2024,0,0
2869,2025,8400000,14481606
2870,2026,6000000,0
2871,2027,0,0
2872,2028,0,1198346
2873,2029,0,6333135
2874,2030,0,0
2875,2031,0,0
2876,15949,0,0
2877,2032,1500000,0
2878,2033,0,0
2879,27654,0,0
2880,2034,0,0
2881,2035,0,0
2882,2036,2900000,74918
2883,2037,2300000,0
2884,2038,0,0
2885,2039,0,0
2886,23542,0,0
2887,2040,0,0
2888,2041,0,0
2889,2042,0,0
2890,2043,0,0
2891,2044,0,0
2892,20083,0,0
2893,2045,0,0
2894,2046,0,0
2895,2047,0,0
2896,2048,0,0
2897,2049,1100000,0
2898,2050,4700000,0
2899,2051,0,0
2900,2052,5000000,0
2901,18297,5000000,0
2902,2053,0,0
2903,2054,0,0
2904,2055,4000000,192816
2905,2056,3000000,0
2906,2057,12000000,4884663
2907,2974,12000000,4884663
2908,2058,0,0
2909,2059,0,0
2910,2060,0,0
2911,2061,0,0
2912,14618,0,0
2913,2062,2500000,0
2914,2063,0,0
2915,2064,0,0
2916,2065,1100000,0
2917,29428,1100000,0
2918,2066,0,0
2919,9132,0,0
2920,12947,0,0
2921,2067,0,0
2922,2068,1250000,3412497
2923,2069,0,0
2924,2070,5200000,0
2925,2071,0,0
2926,823,0,0
2927,2072,0,0
2928,28798,0,0
2929,2073,0,0
2930,2074,0,2850927
2931,2075,0,0
2932,2076,0,0
2933,2077,500000,264349
2934,2078,950000,0
2935,2079,15000000,2409225
2936,2080,0,0
2937,2081,10000000,0
2938,2082,0,0
2939,2083,0,0
2940,2084,0,0
2941,2085,0,0
2942,2086,0,0
2943,2087,0,58656
2944,2088,125000,0
2945,2089,0,0
2946,2090,2000000,0
2947,2091,0,200298
2948,2092,0,1362653
2949,5390,0,1362653
2950,7691,0,1362653
2951,2093,0,0
2952,17453,0,0
2953,17747,0,0
2954,21151,0,0
2955,22843,0,0
2956,28089,0,0
2957,30558,0,0
2958,2094,0,0
2959,2096,500000,1000000
2960,3549,500000,1000000
2961,8633,500000,1000000
2962,22827,500000,1000000
2963,28790,500000,1000000
2964,2097,0,0
2965,2098,0,0
2966,2099,0,371396
2967,2100,5000000,0
2968,2101,0,0
2969,2102,0,0
2970,2103,425000,10604986
2971,2104,0,0
2972,2105,0,0
2973,2255,0,0
2974,6892,0,0
2975,23752,0,0
2976,24864,0,0
2977,29620,0,0
2978,2106,0,0
2979,2107,0,0
2980,2108,11000000,8862354
2981,2109,20000000,992181
2982,2110,0,0
2983,10575,0,0
2984,2111,0,8638072
2985,2112,0,164677
2986,2113,0,0
2987,2114,0,0
2988,2115,0,0
2989,2116,0,0
2990,2117,0,0
2991,1128,417000,3000000
2992,2118,417000,3000000
2993,2119,0,0
2994,2120,0,0
2995,2121,3000000,0
2996,2122,0,0
2997,2123,0,0
2998,2124,0,0
2999,2125,0,0
3000,2126,0,0
3001,2127,11000000,863044
3002,3660,11000000,863044
3003,23386,11000000,863044
3004,2128,700000,0
3005,2129,2500000,205068
3006,2130,270000,8000000
3007,2131,1000000,0
3008,17850,1000000,0
3009,2132,0,0
3010,2133,0,0
3011,2134,0,0
3012,2135,0,478535
3013,2136,4000000,0
3014,2137,0,0
3015,2139,0,427335
3016,1330,15000000,7938872
3017,2140,15000000,7938872
3018,2141,0,0
3019,2142,0,0
3020,2143,2000000,13101672
3021,2144,0,0
3022,2145,0,0
3023,2146,15000000,10611160
3024,2147,0,0
3025,2148,0,0
3026,11877,0,0
3027,2149,0,0
3028,2150,1700000,0
3029,2151,10000000,151493
3030,2152,0,0
3031,2153,7000000,9094451
3032,2154,6000000,12353768
3033,2155,0,0
3034,2156,0,0
3035,2157,0,0
3036,2158,0,0
3037,28544,0,0
3038,29051,0,0
3039,2159,0,0
3040,838,1000000,0
3041,2160,1000000,0
3042,5810,1000000,0
3043,11859,1000000,0
3044,15156,1000000,0
3045,15246,1000000,0
3046,21052,1000000,0
3047,21315,1000000,0
3048,24868,1000000,0
3049,25721,1000000,0
3050,29506,1000000,0
3051,1244,16000000,0
3052,2161,16000000,0
3053,17568,16000000,0
3054,2162,0,0
3055,2163,10000000,155362
3056,2164,0,0
3057,2165,0,110064
3058,2166,0,174
3059,2167,0,0
3060,2168,100,100
3061,2169,30000,0
3062,3419,30000,0
3063,2170,0,0
3064,2171,8500000,5001655
3065,2172,0,0
3066,2173,0,0
3067,2174,145786,0
3068,2175,3600000,0
3069,2176,15000000,11992014
3070,2722,15000000,11992014
3071,16345,15000000,11992014
3072,2177,0,0
3073,2178,0,0
3074,2179,0,0
3075,2180,0,0
3076,10610,0,0
3077,2181,0,0
3078,2182,0,0
3079,2183,0,32846
3080,2184,0,0
3081,2185,0,0
3082,2186,35000,0
3083,2187,0,0
3084,2188,0,0
3085,2189,50000,0
3086,2190,0,33225
3087,25680,0,33225
3088,2191,0,0
3089,2192,0,0
3090,2193,2000000,0
3091,5563,2000000,0
3092,17417,2000000,0
3093,2194,0,0
3094,2195,0,0
3095,2196,0,0
3096,2197,0,0
3097,2198,0,0
3098,15435,0,0
3099,2199,0,0
3100,2200,0,0
3101,2201,0,0
3102,8891,0,0
3103,2202,1420000,0
3104,2203,0,0
3105,2204,200000,17834867
3106,2205,500000,0
3107,2206,0,0
3108,1859,1200000,3109904
3109,2207,1200000,3109904
3110,2208,0,0
3111,2209,300000,15000000
3112,2210,500000,0
3113,2211,3500000,0
3114,2212,0,0
3115,2213,0,0
3116,2214,5000000,25900
3117,2215,0,0
3118,2216,2500000,1189315
3119,2217,0,0
3120,2218,0,0
3121,2219,0,0
3122,2220,0,0
3123,2221,0,350413
3124,2222,65000,0
3125,2223,0,0
3126,2224,0,0
3127,2225,0,0
3128,2226,4529850,0
3129,2227,0,0
3130,2228,2500000,71085
3131,2229,3000000,0
3132,2230,0,0
3133,2231,0,0
3134,2232,0,0
3135,2233,0,0
3136,4848,0,0
3137,2234,11500000,334748
3138,1325,5000000,0
3139,2235,5000000,0
3140,11047,5000000,0
3141,2236,0,0
3142,2237,0,0
3143,2238,7000000,1300000
3144,2239,0,0
3145,2240,0,0
3146,2241,1500000,0
3147,2242,0,0
3148,2243,4000000,0
3149,19042,4000000,0
3150,19389,4000000,0
3151,2244,978000,0
3152,2245,0,0
3153,2246,0,81381
3154,2449,0,81381
3155,26,0,0
3156,187,0,0
3157,2247,0,0
3158,2248,13000000,8038508
3159,2249,0,0
3160,2250,1500000,0
3161,2251,0,0
3162,2252,0,4498
3163,23452,0,4498
3164,2253,2500000,0
3165,2254,0,0
3166,2256,750000,0
3167,2257,7000000,5430822
3168,2258,2500000,0
3169,2259,0,0
3170,2260,500000,0
3171,2261,10000000,7316658
3172,1774,45000000,52400000
3173,2262,45000000,52400000
3174,18203,45000000,52400000
3175,2263,0,0
3176,2264,10000,0
3177,2265,6000000,0
3178,2266,0,0
3179,2267,0,0
3180,2268,30000,0
3181,5224,30000,0
3182,2269,3000000,808114
3183,2270,0,0
3184,2271,0,0
3185,2272,10600000,12241855
3186,11037,10600000,12241855
3187,16703,10600000,12241855
3188,24546,10600000,12241855
3189,2273,70000,0
3190,2274,2400000,0
3191,2275,0,0
3192,2276,7000000,1100000
3193,2277,2000000,0
3194,2278,7000000,5344577
3195,2279,0,0
3196,2280,0,0
3197,24003,0,0
3198,2281,0,0
3199,2282,1500000,0
3200,913,1900000,35461505
3201,2283,1900000,35461505
3202,4747,1900000,35461505
3203,20041,1900000,35461505
3204,2284,0,0
3205,2285,0,0
3206,2286,23000,0
3207,2287,0,8403433
3208,2288,0,0
3209,2289,98003,0
3210,2290,4500000,16000000
3211,2291,125000,0
3212,2292,7000000,0
3213,2293,8500000,0
3214,2294,0,2683519
3215,2295,0,2289000
3216,2296,350000,1499275
3217,7340,350000,1499275
3218,14916,350000,1499275
3219,15140,350000,1499275
3220,17062,350000,1499275
3221,24051,350000,1499275
3222,2297,0,0
3223,2298,0,0
3224,5725,0,0
3225,22131,0,0
3226,2299,6000,0
3227,2300,0,0
3228,2301,5500,0
3229,2302,0,0
3230,2303,0,0
3231,6623,0,0
3232,2304,0,1201428
3233,2305,25000000,21500813
3234,155,750000,3000000
3235,2306,750000,3000000
3236,2307,0,0
3237,4877,0,0
3238,2308,0,0
3239,5139,0,0
3240,2309,8500000,188126
3241,11819,8500000,188126
3242,2310,3000000,0
3243,16744,3000000,0
3244,2311,0,0
3245,2312,0,0
3246,10452,0,0
3247,18590,0,0
3248,19672,0,0
3249,27069,0,0
3250,2313,0,0
3251,2314,0,0
3252,2315,0,0
3253,2316,0,544476
3254,2317,600,0
3255,2318,1200000,0
3256,2319,0,0
3257,2320,0,0
3258,2321,0,0
3259,2322,0,0
3260,2323,30000,0
3261,12173,30000,0
3262,30229,30000,0
3263,2324,2000000,4389334
3264,2325,0,0
3265,24982,0,0
3266,2326,0,0
3267,2327,0,0
3268,17393,0,0
3269,2328,0,0
3270,2936,0,0
3271,9684,0,0
3272,10530,0,0
3273,2329,2000000,725131
3274,2330,0,0
3275,2331,140000,0
3276,2332,0,0
3277,2333,0,0
3278,2334,13000000,8946237
3279,2335,0,0
3280,2336,0,0
3281,2337,0,0
3282,2338,8000000,0
3283,2339,0,0
3284,2340,0,0
3285,2341,0,0
3286,2342,30000000,12017369
3287,2343,0,500287
3288,2344,0,0
3289,2345,0,0
3290,2642,0,0
3291,4657,0,0
3292,18563,0,0
3293,2346,0,0
3294,2347,0,0
3295,2348,0,0
3296,2349,0,0
3297,25407,0,0
3298,1851,0,3558669
3299,2350,0,3558669
3300,6003,0,3558669
3301,16641,0,3558669
3302,25281,0,3558669
3303,2351,0,0
3304,2352,0,0
3305,2353,6500000,0
3306,2354,179000,1000000
3307,2355,0,0
3308,2356,1700000,0
3309,12846,1700000,0
3310,2357,3000000,0
3311,2358,0,0
3312,2359,1000000,0
3313,25436,1000000,0
3314,2360,47000000,12379402
3315,2361,55500,0
3316,2362,35000000,0
3317,2363,0,0
3318,646,0,0
3319,2364,0,0
3320,8748,0,0
3321,2365,0,0
3322,2366,0,0
3323,2367,5000000,1919653
3324,2368,0,0
3325,9237,0,0
3326,2369,0,0
3327,3399,0,0
3328,2371,4300000,0
3329,23935,4300000,0
3330,2372,0,0
3331,2373,0,0
3332,2374,0,2727971
3333,2375,300,0
3334,2377,700000,0
3335,2378,9500,0
3336,2379,0,0
3337,4765,0,0
3338,21987,0,0
3339,2380,0,0
3340,2381,0,0
3341,3058,0,0
3342,18342,0,0
3343,2382,88000,480000
3344,2383,0,0
3345,2384,0,0
3346,5721,0,0
3347,17020,0,0
3348,29325,0,0
3349,2385,0,0
3350,2386,0,0
3351,2387,0,0
3352,11931,0,0
3353,2388,0,0
3354,2389,0,0
3355,18535,0,0
3356,2390,0,0
3357,2391,0,0
3358,2392,19000000,5656087
3359,17390,19000000,5656087
3360,2393,0,57998
3361,2394,0,0
3362,2395,0,0
3363,2396,5500000,801000
3364,2397,7000000,0
3365,2398,0,0
3366,2399,0,0
3367,2400,0,0
3368,2401,250000,0
3369,2402,1100000,0
3370,2403,0,0
3371,2404,0,0
3372,2405,0,0
3373,2406,0,0
3374,2407,0,0
3375,2408,0,0
3376,2409,0,8988731
3377,2410,500000,0
3378,2411,0,2270658
3379,2412,14000000,50113
3380,2413,0,0
3381,2414,0,0
3382,2415,0,22091
3383,2416,0,0
3384,2417,0,0
3385,2418,1000000,86872
3386,2419,0,0
3387,2420,0,0
3388,2421,0,0
3389,2422,2600000,0
3390,2423,0,0
3391,2424,0,0
3392,2425,0,69136
3393,2426,2000000,0
3394,2427,0,0
3395,2428,0,0
3396,2429,0,0
3397,2431,0,0
3398,2432,10000000,1415804
3399,2433,0,0
3400,2434,0,0
3401,2608,0,0
3402,2435,0,0
3403,2436,0,1069154
3404,2437,0,0
3405,2438,0,0
3406,2439,0,0
3407,2440,0,7800000
3408,2441,2000000,0
3409,2442,2000000,0
3410,2443,0,0
3411,2444,0,0
3412,2445,0,0
3413,2446,2200000,4000000
3414,2447,0,0
3415,6997,0,0
3416,2448,0,0
3417,2246,0,0
3418,2449,0,0
3419,2450,1300000,0
3420,2451,0,0
3421,2452,0,0
3422,2453,0,0
3423,2454,0,0
3424,2455,4400000,0
3425,2456,0,0
3426,17521,0,0
3427,2457,0,0
3428,2458,0,0
3429,2459,0,0
3430,2460,0,0
3431,2461,0,0
3432,2462,0,67474
3433,2463,0,0
3434,2464,0,0
3435,19038,0,0
3436,2465,0,0
3437,2466,2300000,0
3438,2467,5000000,143000
3439,313,20661,0
3440,870,20661,0
3441,2468,20661,0
3442,2469,0,0
3443,2471,0,0
3444,2472,0,2021735
3445,2473,0,0
3446,2474,0,0
3447,10654,0,0
3448,16017,0,0
3449,16966,0,0
3450,28320,0,0
3451,2475,0,0
3452,2476,0,0
3453,2477,0,0
3454,2478,0,0
3455,2479,0,0
3456,13147,0,0
3457,2480,0,0
3458,2481,1500000,0
3459,2482,0,0
3460,2483,0,137547
3461,2484,18000000,0
3462,2485,0,15151736
3463,2486,0,0
3464,2487,350000,318155
3465,2488,6000000,498088
3466,2489,0,0
3467,1291,0,0
3468,2490,0,0
3469,5283,0,0
3470,2491,0,0
3471,2492,70000,0
3472,2493,2500000,0
3473,2494,0,0
3474,1135,10000000,0
3475,2495,10000000,0
3476,6461,10000000,0
3477,28968,10000000,0
3478,2496,0,0
3479,2497,0,0
3480,3230,0,0
3481,2498,0,0
3482,2499,1700000,0
3483,28463,1700000,0
3484,2500,0,0
3485,2501,9000000,0
3486,2502,875,0
3487,2503,10000000,3100000
3488,6360,10000000,3100000
3489,2504,12000000,0
3490,2505,24500,4000000
3491,5787,24500,4000000
3492,2506,0,177182
3493,3881,0,177182
3494,2507,250000,0
3495,2508,3000000,4529892
3496,3342,3000000,4529892
3497,571,1,0
3498,2509,1,0
3499,22667,1,0
3500,25778,1,0
3501,2510,0,0
3502,2511,0,0
3503,2512,0,0
3504,15826,0,0
3505,26829,0,0
3506,2513,8300000,11068800
3507,2514,0,0
3508,2515,0,0
3509,2516,0,0
3510,2517,0,0
3511,6552,0,0
3512,15262,0,0
3513,2518,0,0
3514,2519,0,0
3515,2520,0,0
3516,2521,0,0
3517,2522,0,0
3518,2523,0,13102295
3519,2524,0,35456
3520,2525,0,0
3521,2526,0,0
3522,5626,0,0
3523,2527,0,0
3524,6929,0,0
3525,15367,0,0
3526,23775,0,0
3527,24098,0,0
3528,25709,0,0
3529,2528,0,0
3530,2529,0,0
3531,2530,0,0
3532,2531,0,0
3533,17378,0,0
3534,2532,0,0
3535,2533,0,0
3536,2534,10000000,4791599
3537,9033,10000000,4791599
3538,2535,6000000,15000000
3539,2536,0,36900000
3540,1616,40000000,49627779
3541,2537,40000000,49627779
3542,27750,40000000,49627779
3543,2538,4600000,0
3544,2539,0,0
3545,7395,0,0
3546,2540,0,0
3547,2541,5000000,0
3548,2542,0,320256
3549,431,0,0
3550,2543,0,0
3551,26815,0,0
3552,2544,360000,0
3553,2545,0,0
3554,2546,0,0
3555,2547,9000000,0
3556,2548,0,0
3557,2549,0,0
3558,2550,0,0
3559,2551,0,0
3560,2552,0,0
3561,2553,0,0
3562,2554,0,5588517
3563,26264,0,5588517
3564,2555,0,0
3565,2556,0,0
3566,2557,0,13940383
3567,2558,15000000,12201255
3568,2559,0,0
3569,2560,0,0
3570,2561,250000,0
3571,2562,0,0
3572,2563,3500000,1138322
3573,8986,3500000,1138322
3574,2564,4750000,206871
3575,2565,0,0
3576,20304,0,0
3577,22534,0,0
3578,23849,0,0
3579,2566,0,205585
3580,2568,0,0
3581,2569,0,0
3582,10987,0,0
3583,30643,0,0
3584,2570,0,0
3585,2571,90000,0
3586,2572,0,0
3587,2573,0,0
3588,2574,0,0
3589,2575,6500000,566736
3590,7462,6500000,566736
3591,9987,6500000,566736
3592,26309,6500000,566736
3593,2576,650000,0
3594,2577,0,0
3595,2578,0,0
3596,2579,0,0
3597,2580,0,0
3598,2581,0,0
3599,2582,1000000,0
3600,2583,0,0
3601,2584,0,0
3602,2585,0,14752
3603,2586,0,0
3604,2587,0,0
3605,2588,0,0
3606,2589,0,0
3607,2590,0,0
3608,2591,0,0
3609,3195,0,0
3610,14484,0,0
3611,2592,0,0
3612,2593,1000000,0
3613,2594,500,0
3614,2595,9700000,0
3615,2596,0,0
3616,691,275000,0
3617,2597,275000,0
3618,2598,0,0
3619,4444,0,0
3620,2599,0,0
3621,26817,0,0
3622,2600,0,0
3623,2601,0,1359257
3624,16343,0,1359257
3625,18899,0,1359257
3626,2602,6000000,397941
3627,2603,0,0
3628,2604,6700000,0
3629,405,0,0
3630,2605,0,0
3631,2606,1500000,0
3632,2607,18200000,0
3633,2609,35000,0
3634,2610,0,0
3635,24638,0,0
3636,2611,13000000,0
3637,2612,0,0
3638,16827,0,0
3639,2613,7000000,0
3640,8878,7000000,0
3641,2614,3000000,0
3642,2615,0,0
3643,2616,12000000,54000000
3644,2617,0,1362303
3645,2618,0,0
3646,2619,8000000,8143225
3647,2620,1000000,0
3648,2621,0,0
3649,2622,0,0
3650,3475,0,0
3651,4942,0,0
3652,11528,0,0
3653,13888,0,0
3654,14714,0,0
3655,18763,0,0
3656,21380,0,0
3657,22445,0,0
3658,26301,0,0
3659,30276,0,0
3660,2623,0,0
3661,2624,210000,5000000
3662,2625,0,0
3663,2626,0,0
3664,2627,0,0
3665,2628,0,0
3666,2629,0,0
3667,695,1000000,0
3668,1101,1000000,0
3669,2630,1000000,0
3670,2631,0,17042
3671,2632,0,0
3672,2633,0,0
3673,2634,0,0
3674,2635,0,142027
3675,2636,0,0
3676,2637,0,0
3677,2638,0,0
3678,2639,0,0
3679,2640,0,0
3680,2641,3300000,4941117
3681,12995,3300000,4941117
3682,30627,3300000,4941117
3683,2345,10000000,0
3684,2642,10000000,0
3685,4657,10000000,0
3686,18563,10000000,0
3687,2643,0,17037887
3688,10767,0,17037887
3689,2644,4000000,9797098
3690,28304,4000000,9797098
3691,2645,0,0
3692,2646,0,0
3693,2647,0,0
3694,1937,0,1558939
3695,2648,0,1558939
3696,13065,0,1558939
3697,2649,0,0
3698,2650,0,0
3699,2651,0,0
3700,2652,2000000,0
3701,2653,0,0
3702,2654,0,0
3703,2655,0,0
3704,3932,0,0
3705,5949,0,0
3706,17104,0,0
3707,2656,150000,0
3708,2657,6000000,0
3709,2658,0,0
3710,2659,2000000,0
3711,3385,2000000,0
3712,7158,2000000,0
3713,11574,2000000,0
3714,2660,0,0
3715,2661,1500000,0
3716,2662,0,719968
3717,7131,0,719968
3718,17380,0,719968
3719,2663,0,0
3720,2664,0,0
3721,23701,0,0
3722,2665,0,0
3723,17154,0,0
3724,2666,0,0
3725,2667,0,0
3726,2668,9000000,26055
3727,16039,9000000,26055
3728,2669,0,0
3729,2670,0,0
3730,2671,0,0
3731,2672,0,0
3732,2673,0,0
3733,2674,0,0
3734,2675,0,0
3735,2676,350000,0
3736,23363,350000,0
3737,2677,0,0
3738,2678,0,0
3739,2679,0,0
3740,2680,0,0
3741,15419,0,0
3742,2681,0,0
3743,2682,0,0
3744,2683,0,0
3745,2684,5000000,3588626
3746,2685,3000000,0
3747,2686,0,742476
3748,2687,0,0
3749,3890,0,0
3750,8355,0,0
3751,9697,0,0
3752,11608,0,0
3753,12139,0,0
3754,12409,0,0
3755,18382,0,0
3756,28687,0,0
3757,2688,0,0
3758,2689,2000000,0
3759,2690,0,0
3760,2691,0,1720450
3761,2692,0,0
3762,2693,4000000,0
3763,2694,0,0
3764,2695,0,0
3765,2696,0,0
3766,2697,0,0
3767,2698,0,0
3768,3669,0,0
3769,29253,0,0
3770,2699,300000,0
3771,2700,0,15
3772,2701,150000,0
3773,2702,13000000,29296
3774,2703,0,0
3775,2704,4000000,0
3776,2705,1300000,102986
3777,15511,1300000,102986
3778,2706,3000000,0
3779,2707,0,0
3780,6413,0,0
3781,12226,0,0
3782,14933,0,0
3783,15404,0,0
3784,26085,0,0
3785,26202,0,0
3786,2708,400000,0
3787,2709,0,0
3788,2710,0,0
3789,417,0,0
3790,2711,0,0
3791,12548,0,0
3792,15921,0,0
3793,2712,0,0
3794,2713,0,3
3795,2714,0,10639686
3796,2715,0,0
3797,2716,1000000,0
3798,2717,0,0
3799,2718,0,0
3800,2719,0,0
3801,2720,500000,0
3802,2721,0,0
3803,2176,0,0
3804,2722,0,0
3805,16345,0,0
3806,2723,0,0
3807,2724,0,18753438
3808,2725,65000,0
3809,2726,0,0
3810,2727,0,0
3811,2728,0,0
3812,2729,0,0
3813,2730,0,0
3814,2731,0,0
3815,2732,0,0
3816,2733,0,1738897
3817,20668,0,1738897
3818,2734,0,0
3819,2735,2000000,0
3820,2736,0,0
3821,2737,750000,0
3822,2738,0,0
3823,2739,180000,0
3824,2740,2400000,0
3825,2741,0,0
3826,2742,0,0
3827,2743,0,0
3828,2744,0,0
3829,2745,0,0
3830,2746,0,0
3831,2747,60000,0
3832,2748,0,0
3833,2749,2000000,0
3834,2750,0,0
3835,2751,3000000,0
3836,2752,5500000,0
3837,11981,5500000,0
3838,2753,0,0
3839,7747,0,0
3840,7796,0,0
3841,14850,0,0
3842,17220,0,0
3843,2754,0,0
3844,2755,0,4664641
3845,15425,0,4664641
3846,18615,0,4664641
3847,2756,1750000,100000
3848,2757,0,12334036
3849,2758,0,0
3850,13924,0,0
3851,2759,0,7400000
3852,2760,800000,0
3853,2761,0,2616000
3854,2762,0,0
3855,2763,2073816,0
3856,2764,0,21200
3857,2765,0,0
3858,2766,0,0
3859,11374,0,0
3860,2767,3000000,0
3861,2768,7500000,0
3862,2769,0,0
3863,2770,0,0
3864,2771,0,0
3865,2772,0,0
3866,2773,500000,0
3867,2774,0,0
3868,2775,0,0
3869,2776,0,0
3870,23771,0,0
3871,2777,250000,0
3872,2778,0,0
3873,2779,500000,17000000
3874,2780,0,0
3875,2781,0,635162
3876,2782,0,0
3877,2783,0,0
3878,2784,0,0
3879,2785,0,0
3880,2786,0,0
3881,2787,0,0
3882,2788,0,0
3883,2789,0,0
3884,2790,7000000,3604598
3885,2791,3000000,7282851
3886,2792,8000000,0
3887,2793,0,0
3888,139,500000,0
3889,1795,500000,0
3890,2370,500000,0
3891,2794,500000,0
3892,5145,500000,0
3893,19268,500000,0
3894,21082,500000,0
3895,27026,500000,0
3896,2795,0,0
3897,10864,0,0
3898,2796,0,0
3899,2797,0,0
3900,2798,0,0
3901,2799,0,0
3902,2800,0,3838
3903,2801,0,0
3904,7259,0,0
3905,8452,0,0
3906,10808,0,0
3907,339,0,0
3908,2802,0,0
3909,24422,0,0
3910,2803,0,0
3911,2804,0,2955917
3912,2805,0,0
3913,2806,0,0
3914,2807,0,0
3915,10448,0,0
3916,18170,0,0
3917,30068,0,0
3918,2808,0,0
3919,2809,0,0
3920,2810,0,0
3921,2811,0,0
3922,2812,0,0
3923,2813,0,0
3924,2814,0,0
3925,2815,0,0
3926,2816,0,0
3927,2817,0,0
3928,2818,0,0
3929,2819,0,0
3930,2820,0,0
3931,2821,0,0
3932,2822,0,0
3933,2823,17000000,10626725
3934,2824,0,7171
3935,2825,0,0
3936,2826,0,0
3937,6356,0,0
3938,28421,0,0
3939,2827,0,0
3940,2828,0,0
3941,2829,0,0
3942,2830,0,0
3943,2831,0,0
3944,2832,0,24998
3945,2833,0,0
3946,2834,200000,0
3947,2835,0,0
3948,2836,450000,0
3949,2837,1100000,631221
3950,2838,0,0
3951,2839,4000000,0
3952,2840,0,0
3953,2841,0,0
3954,2842,0,0
3955,2843,0,0
3956,2844,0,0
3957,2845,0,0
3958,2846,0,0
3959,2847,2000000,0
3960,23635,2000000,0
3961,2848,3500000,0
3962,8976,3500000,0
3963,2849,130000,0
3964,4353,130000,0
3965,8895,130000,0
3966,9860,130000,0
3967,11410,130000,0
3968,2850,0,0
3969,2851,0,0
3970,2852,0,0
3971,2853,0,0
3972,2854,0,0
3973,2855,0,0
3974,2856,150000,0
3975,2857,0,0
3976,2858,0,0
3977,2859,472000,0
3978,4918,472000,0
3979,29733,472000,0
3980,2860,0,0
3981,2861,374000,3000000
3982,29533,374000,3000000
3983,2862,2800000,0
3984,2863,0,0
3985,2864,0,0
3986,2865,0,0
3987,2866,0,8020
3988,2867,0,0
3989,2868,0,0
3990,2869,0,7819851
3991,8341,0,7819851
3992,2870,0,0
3993,2871,8000000,46509
3994,2872,0,0
3995,2873,0,0
3996,2874,0,0
3997,2875,0,200362
3998,2876,0,0
3999,2877,0,0
4000,2878,0,0
4001,2879,0,0
4002,2880,0,0
4003,15069,0,0
4004,2881,0,0
4005,2882,0,0
4006,2883,0,0
4007,2884,0,0
4008,2885,0,0
4009,2886,0,0
4010,24538,0,0
4011,25303,0,0
4012,2887,0,0
4013,2888,0,0
4014,2889,17000000,10921200
4015,2890,0,0
4016,2891,9364800,0
4017,2892,0,1028949
4018,2893,0,0
4019,2894,0,0
4020,2895,0,0
4021,23532,0,0
4022,2896,2395510,0
4023,2897,0,0
4024,2898,0,0
4025,2899,190000,0
4026,2900,0,0
4027,2901,0,0
4028,218,0,9559978
4029,1432,0,9559978
4030,2567,0,9559978
4031,2902,0,9559978
4032,7664,0,9559978
4033,7872,0,9559978
4034,13341,0,9559978
4035,23998,0,9559978
4036,26758,0,9559978
4037,27421,0,9559978
4038,28761,0,9559978
4039,29060,0,9559978
4040,30415,0,9559978
4041,2903,0,0
4042,2904,4000000,0
4043,2905,0,0
4044,2906,800000,7000000
4045,7165,800000,7000000
4046,15073,800000,7000000
4047,23205,800000,7000000
4048,2907,4000000,354704
4049,2908,0,0
4050,2909,30000,0
4051,2910,0,0
4052,2911,600000,0
4053,2912,0,0
4054,2913,0,0
4055,2914,1300000,0
4056,2915,0,0
4057,2916,3000000,0
4058,2917,0,0
4059,2918,50000000,82169884
4060,2919,0,0
4061,2920,0,0
4062,2921,140000,0
4063,2922,0,0
4064,2923,0,0
4065,2924,0,0
4066,178,12500,0
4067,2925,12500,0
4068,6164,12500,0
4069,9491,12500,0
4070,15768,12500,0
4071,16221,12500,0
4072,2926,0,0
4073,18572,0,0
4074,28102,0,0
4075,2927,0,0
4076,869,0,0
4077,2928,0,0
4078,2990,0,0
4079,16111,0,0
4080,23233,0,0
4081,2929,0,0
4082,24937,0,0
4083,2930,0,0
4084,2931,0,0
4085,2932,2000000,0
4086,2933,7000000,20000000
4087,2934,500000,0
4088,2935,0,0
4089,2328,22000000,0
4090,2936,22000000,0
4091,9684,22000000,0
4092,10530,22000000,0
4093,2937,0,0
4094,2938,0,0
4095,2939,0,0
4096,2940,0,0
4097,2941,0,0
4098,2942,0,0
4099,10232,0,0
4100,2943,0,31046
4101,2944,0,151203
4102,2945,7000000,958558
4103,2946,0,0
4104,2947,0,0
4105,2948,0,0
4106,2949,0,0
4107,2950,0,0
4108,795,0,0
4109,2951,0,0
4110,2952,0,0
4111,2953,0,0
4112,2954,1100000,0
4113,2955,1000000,0
4114,2956,0,0
4115,2957,0,0
4116,2958,0,0
4117,2959,1000000,0
4118,2960,0,0
4119,2961,3000000,921752
4120,2962,0,0
4121,6630,0,0
4122,11816,0,0
4123,2963,0,0
4124,2964,0,0
4125,17314,0,0
4126,18301,0,0
4127,2965,0,0
4128,2966,0,0
4129,2967,0,0
4130,2968,0,0
4131,2969,0,0
4132,14815,0,0
4133,2970,0,0
4134,2971,0,0
4135,27192,0,0
4136,2972,0,0
4137,2973,0,0
4138,2057,290000,0
4139,2974,290000,0
4140,2975,0,0
4141,2976,3800000,0
4142,2977,0,0
4143,10573,0,0
4144,30989,0,0
4145,2978,0,0
4146,2979,0,0
4147,20595,0,0
4148,23893,0,0
4149,25579,0,0
4150,2980,1000000,0
4151,2981,0,0
4152,2982,22000000,8564586
4153,4022,22000000,8564586
4154,2983,350000,0
4155,2984,9300,2000000
4156,2985,0,0
4157,2986,0,0
4158,2987,0,0
4159,2988,0,0
4160,2989,0,0
4161,2991,0,0
4162,2992,0,0
4163,2993,0,0
4164,2994,0,0
4165,2995,1500000,0
4166,2996,0,0
4167,5500,0,0
4168,15861,0,0
4169,2997,0,0
4170,3318,0,0
4171,24719,0,0
4172,2998,0,0
4173,2999,0,0
4174,3000,0,0
4175,5751,0,0
4176,20252,0,0
4177,26867,0,0
4178,3001,1800000,33000000
4179,3002,478375,0
4180,3003,0,0
4181,3004,0,0
4182,3005,0,0
4183,3006,1000000,0
4184,3007,1550000,0
4185,3008,0,0
4186,3009,0,0
4187,14397,0,0
4188,3010,1500000,0
4189,3011,0,0
4190,3012,0,0
4191,28329,0,0
4192,29809,0,0
4193,3013,0,0
4194,3014,0,0
4195,3015,60000,0
4196,3016,300000,0
4197,3017,0,0
4198,12989,0,0
4199,26583,0,0
4200,3018,0,0
4201,3019,0,1250000
4202,3020,0,0
4203,3021,0,0
4204,3022,0,0
4205,3023,0,0
4206,10805,0,0
4207,3024,125000,0
4208,3025,0,0
4209,3026,32000000,0
4210,3027,0,0
4211,3028,1100000,0
4212,3029,0,0
4213,3030,0,0
4214,18352,0,0
4215,3031,220000,3600000
4216,3032,0,0
4217,3033,14000000,0
4218,12827,14000000,0
4219,3034,2500000,0
4220,3035,0,0
4221,3036,3000000,0
4222,3037,0,0
4223,3038,0,0
4224,3176,0,0
4225,3039,0,14000000
4226,3040,0,0
4227,3041,0,0
4228,3042,65000000,240159255
4229,3043,0,0
4230,3044,0,0
4231,3045,1000000,0
4232,23477,1000000,0
4233,27713,1000000,0
4234,3046,0,0
4235,3047,0,0
4236,3048,0,0
4237,19118,0,0
4238,19198,0,0
4239,3049,200000,0
4240,6634,200000,0
4241,14577,200000,0
4242,3050,0,0
4243,5525,0,0
4244,3051,0,0
4245,3052,800000,1700000
4246,3053,400000,0
4247,3054,0,0
4248,3055,0,0
4249,3056,0,0
4250,28382,0,0
4251,3057,0,0
4252,3059,0,0
4253,3060,0,0
4254,3061,0,0
4255,24242,0,0
4256,3062,0,0
4257,3063,0,0
4258,3064,0,0
4259,6241,0,0
4260,3065,0,0
4261,3066,0,0
4262,3067,0,0
4263,3068,0,0
4264,6332,0,0
4265,549,0,0
4266,3069,0,0
4267,3070,9000000,0
4268,3071,0,0
4269,3072,0,1000000
4270,3073,0,0
4271,761,0,0
4272,3074,0,0
4273,3075,0,0
4274,3076,1400000,769563
4275,29850,1400000,769563
4276,3077,0,0
4277,3078,0,0
4278,3079,0,731753
4279,3080,0,0
4280,3081,250000,0
4281,3082,0,0
4282,3083,0,0
4283,3084,0,0
4284,3085,0,0
4285,3086,0,0
4286,10602,0,0
4287,3087,0,0
4288,3088,0,0
4289,3089,0,0
4290,3090,0,0
4291,3091,0,0
4292,3092,0,0
4293,28775,0,0
4294,30767,0,0
4295,3093,5000000,0
4296,9226,5000000,0
4297,13375,5000000,0
4298,26178,5000000,0
4299,3094,0,0
4300,3095,400000,0
4301,3096,0,0
4302,3097,0,0
4303,3098,500000,0
4304,3816,500000,0
4305,3099,0,8316206
4306,3100,0,0
4307,3101,0,0
4308,3102,0,0
4309,3103,0,0
4310,3104,0,0
4311,3105,0,0
4312,3106,0,0
4313,15169,0,0
4314,3107,0,0
4315,3108,0,0
4316,10101,0,0
4317,18346,0,0
4318,3109,0,0
4319,7960,0,0
4320,3110,0,0
4321,3111,0,0
4322,3112,2000000,0
4323,3113,0,0
4324,3114,90000,0
4325,3115,800000,1600000
4326,3116,72000,0
4327,3117,0,0
4328,5974,0,0
4329,3118,525000,0
4330,3119,0,0
4331,3120,3000000,0
4332,3121,0,0
4333,3122,0,0
4334,3123,0,0
4335,3124,0,0
4336,3125,0,2439448
4337,3126,0,0
4338,17187,0,0
4339,3127,0,0
4340,18,7119,0
4341,3128,7119,0
4342,29492,7119,0
4343,3129,4000000,0
4344,3130,0,0
4345,3131,0,0
4346,3132,0,0
4347,23898,0,0
4348,30882,0,0
4349,3133,4500000,432671
4350,3134,2000000,0
4351,3135,500000,0
4352,3136,0,0
4353,3137,2000000,0
4354,3138,0,0
4355,15144,0,0
4356,3139,15000000,0
4357,3140,1000000,0
4358,3732,1000000,0
4359,16473,1000000,0
4360,25222,1000000,0
4361,3141,19000,0
4362,3142,0,0
4363,3143,0,0
4364,3144,175000,0
4365,3145,0,0
4366,3146,0,0
4367,3147,0,0
4368,3148,0,0
4369,3149,0,0
4370,7325,0,0
4371,3150,761100,0
4372,3151,0,0
4373,4371,0,0
4374,3152,1000000,0
4375,17362,1000000,0
4376,30132,1000000,0
4377,30852,1000000,0
4378,3153,0,0
4379,3154,2500000,0
4380,862,0,0
4381,3155,0,0
4382,11432,0,0
4383,3157,0,0
4384,12475,0,0
4385,3158,0,0
4386,3159,0,0
4387,3160,0,43885000
4388,3161,0,7742572
4389,3162,0,0
4390,3163,0,0
4391,3164,2000000,0
4392,3165,450000,0
4393,3166,0,0
4394,3167,0,0
4395,3168,0,0
4396,3169,0,378600
4397,12268,0,378600
4398,3170,0,0
4399,3171,0,0
4400,3172,0,0
4401,3173,0,0
4402,3174,0,0
4403,3175,1000000,0
4404,3177,0,0
4405,3178,0,0
4406,3180,0,0
4407,5617,0,0
4408,3181,0,0
4409,28035,0,0
4410,3182,0,0
4411,3183,0,0
4412,3184,0,0
4413,3185,0,0
4414,3186,0,0
4415,11475,0,0
4416,19181,0,0
4417,20656,0,0
4418,25241,0,0
4419,3187,0,0
4420,3188,750000,0
4421,3189,1500000,173066
4422,3190,0,0
4423,3191,5000000,98559
4424,3192,0,0
4425,3193,0,4205000
4426,8991,0,4205000
4427,24804,0,4205000
4428,3194,0,0
4429,3255,0,0
4430,3916,0,0
4431,13342,0,0
4432,18126,0,0
4433,2591,2900000,0
4434,3195,2900000,0
4435,14484,2900000,0
4436,3196,0,0
4437,3197,0,0
4438,3198,0,0
4439,3199,0,0
4440,4594,0,0
4441,3200,0,0
4442,27474,0,0
4443,3201,0,0
4444,3202,0,0
4445,3203,0,0
4446,3204,0,0
4447,3205,0,157350
4448,3206,0,0
4449,3207,750000,0
4450,29865,750000,0
4451,3208,0,0
4452,15464,0,0
4453,3209,0,0
4454,3210,0,0
4455,3211,1500000,0
4456,3212,0,0
4457,3213,0,0
4458,3214,0,0
4459,3215,731000,0
4460,3216,0,0
4461,3217,0,0
4462,3218,0,0
4463,3219,0,0
4464,3220,10000000,22424195
4465,1520,0,0
4466,3221,0,0
4467,15257,0,0
4468,3222,2000000,0
4469,3223,0,0
4470,3224,0,0
4471,3225,13000000,8033397
4472,3226,0,0
4473,3227,350000,0
4474,4066,350000,0
4475,11789,350000,0
4476,21873,350000,0
4477,3228,0,0
4478,3229,0,0
4479,3231,0,0
4480,3232,1000000,0
4481,3233,0,0
4482,11094,0,0
4483,29443,0,0
4484,3234,743900,0
4485,3235,0,0
4486,3236,0,0
4487,3237,0,0
4488,3238,0,0
4489,3239,0,2041000
4490,21959,0,2041000
4491,3240,350000,0
4492,3241,2500000,0
4493,3242,4000000,0
4494,29324,4000000,0
4495,3243,0,1228051
4496,3244,0,0
4497,3245,0,0
4498,3246,0,0
4499,3511,0,0
4500,5757,0,0
4501,17238,0,0
4502,3247,3650000,0
4503,3248,0,0
4504,3249,0,0
4505,28894,0,0
4506,30280,0,0
4507,3250,0,0
4508,3251,0,0
4509,3252,75000,0
4510,3253,0,0
4511,3254,600000,0
4512,3194,10000000,0
4513,3255,10000000,0
4514,3916,10000000,0
4515,13342,10000000,0
4516,18126,10000000,0
4517,3256,0,0
4518,3257,0,0
4519,3258,8000000,1670477
4520,3259,4500000,10500000
4521,3260,0,0
4522,3261,0,0
4523,3262,0,0
4524,3263,0,0
4525,3264,0,0
4526,3265,0,548608
4527,3266,0,0
4528,26629,0,0
4529,3267,4000000,0
4530,3268,0,12756
4531,3269,0,0
4532,3270,0,0
4533,3271,750000,0
4534,3272,0,0
4535,16800,0,0
4536,17118,0,0
4537,24583,0,0
4538,25031,0,0
4539,3273,0,0
4540,3274,0,0
4541,3275,0,0
4542,3276,2000000,0
4543,3277,0,0
4544,3278,0,0
4545,3279,7000000,0
4546,3280,0,0
4547,3281,78000000,209196298
4548,3282,0,0
4549,3283,0,0
4550,3284,100000,0
4551,3285,0,0
4552,3286,0,0
4553,4091,0,0
4554,4467,0,0
4555,21398,0,0
4556,3287,0,0
4557,3288,0,0
4558,3289,0,0
4559,3290,100000,0
4560,3291,0,0
4561,3292,0,0
4562,10282,0,0
4563,3293,0,0
4564,3294,0,0
4565,14876,0,0
4566,22318,0,0
4567,3295,0,0
4568,3296,0,0
4569,3297,570000,0
4570,3298,0,0
4571,3299,0,0
4572,3300,0,0
4573,3301,0,0
4574,18812,0,0
4575,3302,0,0
4576,3303,0,0
4577,3304,0,0
4578,3305,0,0
4579,3306,0,0
4580,3307,0,13258670
4581,3308,0,0
4582,3309,0,0
4583,3310,0,0
4584,3311,0,0
4585,2013,0,0
4586,3312,0,0
4587,3313,0,0
4588,3314,0,0
4589,3315,0,0
4590,3316,0,0
4591,3317,0,0
4592,3319,0,0
4593,3320,0,0
4594,3321,0,0
4595,17706,0,0
4596,24978,0,0
4597,3322,6500000,0
4598,3323,0,0
4599,3324,0,0
4600,7760,0,0
4601,24322,0,0
4602,3325,1500000,0
4603,3326,0,0
4604,3327,0,0
4605,3328,3000000,0
4606,3330,0,0
4607,16160,0,0
4608,3331,3500000,0
4609,3332,0,0
4610,3333,0,0
4611,16702,0,0
4612,3334,0,0
4613,3335,0,0
4614,3336,0,0
4615,3337,0,0
4616,3338,0,0
4617,3339,0,270402
4618,3340,0,0
4619,3341,0,0
4620,2508,0,0
4621,3342,0,0
4622,3343,0,0
4623,3344,0,0
4624,3345,0,0
4625,3346,780000,0
4626,3347,6000000,12974636
4627,3348,0,0
4628,3349,100000,0
4629,3350,0,0
4630,3351,200000,30000
4631,3352,0,0
4632,3364,0,0
4633,3353,3500000,0
4634,3354,2393600,0
4635,3355,0,0
4636,3356,0,0
4637,3550,0,0
4638,14819,0,0
4639,16334,0,0
4640,3357,0,0
4641,3358,250000,0
4642,3359,0,0
4643,3360,0,0
4644,3361,0,0
4645,3362,0,0
4646,3363,0,0
4647,9643,0,0
4648,11759,0,0
4649,18078,0,0
4650,27361,0,0
4651,28545,0,0
4652,3352,7000,74
4653,3364,7000,74
4654,3365,0,0
4655,5786,0,0
4656,3366,5000000,0
4657,3367,0,0
4658,3368,0,7182
4659,3369,0,0
4660,3370,5000,0
4661,3371,0,0
4662,3372,0,0
4663,3373,0,0
4664,15987,0,0
4665,3374,0,0
4666,3375,0,0
4667,3376,62000,0
4668,3377,0,0
4669,9533,0,0
4670,10327,0,0
4671,11678,0,0
4672,20804,0,0
4673,21423,0,0
4674,3378,0,0
4675,3379,0,0
4676,3380,7300000,23998
4677,3381,2600000,3368452
4678,3382,0,0
4679,3383,0,0
4680,3384,0,0
4681,2659,200000,2000000
4682,3385,200000,2000000
4683,7158,200000,2000000
4684,11574,200000,2000000
4685,3386,0,0
4686,3387,0,0
4687,3388,0,6388
4688,3389,0,0
4689,21004,0,0
4690,3390,0,0
4691,3391,0,0
4692,3392,0,0
4693,3393,250000,0
4694,3394,0,0
4695,3395,0,0
4696,3397,0,0
4697,3398,0,0
4698,3400,0,0
4699,3401,0,0
4700,3402,0,0
4701,24661,0,0
4702,3403,0,0
4703,3404,3500000,0
4704,3405,8000,0
4705,3406,0,0
4706,3407,6000000,0
4707,3408,15000,0
4708,3409,0,0
4709,3410,0,0
4710,3411,0,0
4711,3412,800000,0
4712,3413,0,0
4713,27441,0,0
4714,3414,0,0
4715,3415,0,0
4716,3416,0,0
4717,3417,0,0
4718,3418,0,0
4719,2169,0,0
4720,3419,0,0
4721,3420,0,0
4722,13701,0,0
4723,3421,0,0
4724,3422,1200000,0
4725,3423,0,1938049
4726,3424,0,0
4727,3425,3000000,0
4728,30903,3000000,0
4729,3426,0,0
4730,16585,0,0
4731,3427,0,0
4732,3428,0,0
4733,3429,0,0
4734,21060,0,0
4735,3430,0,0
4736,3431,0,0
4737,3432,0,0
4738,3433,0,0
4739,3434,0,0
4740,3435,20000000,4634062
4741,3436,300000,0
4742,3437,0,0
4743,3438,0,0
4744,3439,1000000,0
4745,3440,0,446400
4746,5327,0,446400
4747,3441,0,0
4748,3442,0,0
4749,3443,0,0
4750,3444,0,0
4751,3445,0,14225876
4752,3446,0,0
4753,8681,0,0
4754,9170,0,0
4755,30457,0,0
4756,3447,0,0
4757,3448,500000,0
4758,3449,0,25570
4759,27724,0,25570
4760,3450,0,0
4761,3451,0,0
4762,3452,170000,0
4763,3453,0,0
4764,3454,0,0
4765,3455,0,0
4766,3456,0,0
4767,3457,4000000,0
4768,3459,0,0
4769,18724,0,0
4770,3460,0,0
4771,3461,0,0
4772,3462,0,0
4773,3463,1000000,0
4774,3464,0,0
4775,13813,0,0
4776,3465,0,0
4777,3466,0,0
4778,3467,0,0
4779,3468,0,0
4780,387,800000,0
4781,3469,800000,0
4782,12513,800000,0
4783,23808,800000,0
4784,31092,800000,0
4785,3470,2300000,0
4786,7550,2300000,0
4787,3471,0,0
4788,3472,0,0
4789,3473,0,0
4790,3474,0,0
4791,30044,0,0
4792,3476,140000,0
4793,3477,2000000,0
4794,10884,2000000,0
4795,17422,2000000,0
4796,3478,0,0
4797,3479,0,0
4798,3886,0,0
4799,3892,0,0
4800,16879,0,0
4801,3480,0,0
4802,3481,0,0
4803,3482,2400000,0
4804,3483,0,0
4805,3484,0,0
4806,9941,0,0
4807,3485,0,0
4808,3486,0,0
4809,3487,0,0
4810,1408,0,0
4811,3488,0,0
4812,3489,0,0
4813,3490,0,0
4814,3491,0,0
4815,3492,0,0
4816,3493,0,0
4817,3494,0,0
4818,3495,0,0
4819,3496,0,0
4820,3497,0,0
4821,3498,0,0
4822,3499,0,0
4823,3500,0,0
4824,3501,0,0
4825,14708,0,0
4826,3502,0,0
4827,3504,75000,0
4828,3505,0,0
4829,3506,2000000,0
4830,3507,0,0
4831,3509,0,0
4832,3510,500000,0
4833,3512,50000,0
4834,3513,700000,0
4835,3514,0,0
4836,11357,0,0
4837,27702,0,0
4838,3515,6000,0
4839,3516,1143043,0
4840,3518,0,0
4841,3519,0,0
4842,3520,0,0
4843,3521,0,0
4844,9916,0,0
4845,3522,0,0
4846,3523,0,0
4847,3524,0,0
4848,3525,0,0
4849,3526,0,0
4850,8459,0,0
4851,9720,0,0
4852,24623,0,0
4853,3527,0,0
4854,3528,2400000,0
4855,3529,0,0
4856,3530,0,0
4857,3531,0,0
4858,3532,0,0
4859,3533,0,0
4860,3534,0,0
4861,3535,0,33232
4862,3536,0,0
4863,3537,0,0
4864,3538,0,0
4865,3539,10000000,0
4866,4401,10000000,0
4867,7521,10000000,0
4868,17696,10000000,0
4869,28275,10000000,0
4870,3540,0,0
4871,10784,0,0
4872,3541,0,0
4873,3542,0,0
4874,3543,900,12097
4875,3544,0,30000
4876,612,0,0
4877,3545,0,0
4878,5038,0,0
4879,3546,0,0
4880,3547,0,0
4881,3548,0,0
4882,2096,60000,0
4883,3549,60000,0
4884,8633,60000,0
4885,22827,60000,0
4886,28790,60000,0
4887,3551,0,0
4888,3552,22000000,15700000
4889,15273,22000000,15700000
4890,3553,0,0
4891,3554,0,0
4892,3555,724805,1200000
4893,3556,0,0
4894,3557,0,140106
4895,3558,0,0
4896,3559,0,0
4897,3560,500000,0
4898,3561,3000000,533235
4899,3690,3000000,533235
4900,16915,3000000,533235
4901,29510,3000000,533235
4902,3562,0,0
4903,3563,0,0
4904,3564,0,0
4905,6792,0,0
4906,15714,0,0
4907,3565,300000,0
4908,3566,0,0
4909,931,0,0
4910,3567,0,0
4911,13489,0,0
4912,26849,0,0
4913,3568,0,0
4914,3569,0,0
4915,3570,0,0
4916,3571,0,0
4917,3572,1400000,37493
4918,3573,0,0
4919,3574,0,0
4920,3575,0,0
4921,4475,0,0
4922,15890,0,0
4923,16895,0,0
4924,22881,0,0
4925,3576,0,0
4926,3577,300000,0
4927,3578,15000000,0
4928,3579,0,0
4929,3580,0,0
4930,6042,0,0
4931,23908,0,0
4932,787,0,0
4933,3581,0,0
4934,15935,0,0
4935,29451,0,0
4936,3582,1000000,0
4937,3583,0,0
4938,3584,0,0
4939,3585,0,0
4940,3586,250000,0
4941,3587,2408070,0
4942,3588,0,1422749
4943,3589,0,0
4944,3590,1000000,0
4945,17611,1000000,0
4946,3591,0,0
4947,3592,0,0
4948,351,0,0
4949,3593,0,0
4950,3594,0,0
4951,3595,0,0
4952,9143,0,0
4953,3596,0,0
4954,11732,0,0
4955,16993,0,0
4956,28960,0,0
4957,3597,0,0
4958,3598,10000000,0
4959,3599,0,0
4960,3600,0,0
4961,3601,0,0
4962,4654,0,0
4963,3602,0,0
4964,3603,0,0
4965,3604,0,0
4966,3605,0,0
4967,3606,0,0
4968,11745,0,0
4969,3607,0,0
4970,7516,0,0
4971,13245,0,0
4972,3608,40000,0
4973,3609,0,0
4974,7605,0,0
4975,14663,0,0
4976,3610,0,0
4977,3611,0,0
4978,3612,0,0
4979,3613,0,0
4980,3614,0,0
4981,3615,125000,3470000
4982,3616,0,0
4983,3617,0,0
4984,3618,850000,0
4985,1324,0,0
4986,3619,0,0
4987,3620,0,0
4988,3621,0,0
4989,3622,0,0
4990,3623,0,0
4991,3624,2000000,0
4992,4709,2000000,0
4993,3625,1500000,0
4994,3626,0,0
4995,3627,0,0
4996,5076,0,0
4997,3628,0,0
4998,3629,9500000,0
4999,3631,0,0
5000,3632,0,0
5001,3633,0,0
5002,3634,0,0
5003,3635,0,0
5004,3636,0,0
5005,3637,0,0
5006,3638,0,1810000
5007,7810,0,1810000
5008,3639,270000,1450000
5009,9207,270000,1450000
5010,3640,1500000,0
5011,3641,0,0
5012,3642,0,0
5013,3643,0,0
5014,3644,0,0
5015,3645,1000000,0
5016,3646,0,0
5017,3647,0,0
5018,3648,0,0
5019,3649,0,263941
5020,3650,0,0
5021,3651,0,0
5022,3652,0,0
5023,3653,123000,1000000
5024,3654,0,0
5025,3655,1900000,891133
5026,3656,0,0
5027,3657,0,0
5028,3658,0,0
5029,3659,2000000,0
5030,2127,150,0
5031,3660,150,0
5032,23386,150,0
5033,3661,0,0
5034,3662,0,0
5035,3663,0,0
5036,3664,0,0
5037,3665,0,0
5038,3666,0,0
5039,3667,0,0
5040,3668,0,0
5041,3670,0,0
5042,3671,0,0
5043,3672,1500000,0
5044,3673,250000,0
5045,3675,6000000,0
5046,3676,0,0
5047,3677,0,0
5048,3678,0,0
5049,3679,0,0
5050,3680,0,0
5051,3681,0,0
5052,3682,1000000,0
5053,3683,8000000,0
5054,3684,2500000,0
5055,3685,0,0
5056,17410,0,0
5057,3686,0,0
5058,3687,0,0
5059,3688,0,0
5060,3689,150000,0
5061,3561,750000,0
5062,3690,750000,0
5063,16915,750000,0
5064,29510,750000,0
5065,3691,0,0
5066,1092,0,0
5067,3692,0,0
5068,3693,0,0
5069,3694,0,0
5070,3695,0,0
5071,3696,0,0
5072,3742,0,0
5073,8102,0,0
5074,3697,0,0
5075,3698,1000000,0
5076,10633,1000000,0
5077,3699,0,0
5078,3700,0,0
5079,3701,0,0
5080,3702,0,0
5081,13332,0,0
5082,3703,0,0
5083,3704,500000,0
5084,3705,0,0
5085,3706,800000,0
5086,13507,800000,0
5087,16843,800000,0
5088,19367,800000,0
5089,3707,0,0
5090,3708,10000,0
5091,3709,0,0
5092,10314,0,0
5093,17561,0,0
5094,3710,0,0
5095,3711,0,0
5096,3712,0,0
5097,3713,0,0
5098,3714,0,0
5099,3715,0,0
5100,3716,0,0
5101,3717,0,0
5102,3718,0,0
5103,3719,0,0
5104,19130,0,0
5105,3720,0,0
5106,3721,2000000,0
5107,3722,0,0
5108,3723,0,0
5109,3724,0,0
5110,3725,0,2368000
5111,3726,0,0
5112,3727,0,0
5113,3728,0,0
5114,3729,0,0
5115,3730,700000,0
5116,8545,700000,0
5117,11974,700000,0
5118,3731,1000000,0
5119,3140,0,0
5120,3732,0,0
5121,16473,0,0
5122,25222,0,0
5123,3733,0,0
5124,3734,0,0
5125,30425,0,0
5126,3735,0,68416
5127,3736,3000000,0
5128,3737,0,0
5129,3738,0,0
5130,3739,0,0
5131,19424,0,0
5132,3740,0,0
5133,3741,0,0
5134,3743,0,0
5135,3744,0,0
5136,3745,0,0
5137,3746,0,0
5138,3747,4000000,0
5139,3748,0,0
5140,3749,60000,0
5141,3866,60000,0
5142,3750,0,0
5143,3751,0,0
5144,20102,0,0
5145,3752,0,0
5146,3753,0,0
5147,3754,0,0
5148,3755,0,0
5149,3756,0,0
5150,3757,0,0
5151,3758,0,0
5152,3759,0,0
5153,3760,0,0
5154,3761,0,0
5155,3762,0,0
5156,3764,0,0
5157,3765,0,0
5158,3766,0,0
5159,3767,0,0
5160,3768,0,0
5161,3769,0,0
5162,3770,10340000,207496
5163,3771,0,4534
5164,3772,0,0
5165,3773,0,0
5166,3774,3000000,0
5167,3775,0,0
5168,3776,1000000,0
5169,3777,3000000,0
5170,3778,0,0
5171,3779,0,0
5172,3780,0,0
5173,3781,0,0
5174,3782,0,0
5175,3783,0,940173
5176,3784,0,0
5177,3785,0,0
5178,3786,0,0
5179,3787,0,0
5180,3788,0,0
5181,3789,0,0
5182,5356,0,0
5183,22692,0,0
5184,3790,0,0
5185,3791,0,0
5186,3792,0,0
5187,463,0,0
5188,3793,0,0
5189,17832,0,0
5190,3794,34600000,45900000
5191,3795,3000000,5758519
5192,4512,3000000,5758519
5193,11733,3000000,5758519
5194,22493,3000000,5758519
5195,3796,0,0
5196,3797,50000,0
5197,9342,50000,0
5198,3798,0,0
5199,3799,0,0
5200,3800,0,0
5201,3801,0,0
5202,3802,0,0
5203,6182,0,0
5204,6417,0,0
5205,9828,0,0
5206,10496,0,0
5207,23131,0,0
5208,24217,0,0
5209,28039,0,0
5210,29452,0,0
5211,3803,0,0
5212,23216,0,0
5213,3804,500000,0
5214,3805,0,0
5215,15074,0,0
5216,3806,0,0
5217,3807,0,0
5218,3809,3500,0
5219,3810,0,0
5220,3811,0,0
5221,3812,0,0
5222,3813,0,0
5223,3814,0,0
5224,3815,0,0
5225,3098,10000000,15500000
5226,3816,10000000,15500000
5227,3817,0,0
5228,3818,0,0
5229,3819,0,0
5230,3820,0,0
5231,3821,0,0
5232,3822,0,0
5233,3823,0,0
5234,3824,0,0
5235,3825,0,0
5236,3826,0,0
5237,3827,0,0
5238,3828,300000,0
5239,3829,0,0
5240,3830,0,0
5241,3831,0,0
5242,24753,0,0
5243,3832,0,0
5244,3833,30000,0
5245,3834,0,0
5246,19225,0,0
5247,30321,0,0
5248,30830,0,0
5249,3835,0,0
5250,3836,0,0
5251,17191,0,0
5252,3837,0,0
5253,3838,0,0
5254,3839,2000000,0
5255,3840,0,0
5256,3841,0,0
5257,3842,0,0
5258,3843,0,0
5259,3844,0,0
5260,3846,0,0
5261,3847,0,0
5262,10995,0,0
5263,18092,0,0
5264,19848,0,0
5265,3848,2500000,11364985
5266,24592,2500000,11364985
5267,3849,0,0
5268,3850,0,0
5269,3851,0,0
5270,3852,0,0
5271,3853,0,0
5272,3854,185000,0
5273,3855,0,0
5274,3856,0,0
5275,3857,0,0
5276,3858,0,0
5277,3859,0,0
5278,3860,0,0
5279,3861,0,0
5280,3862,1373769,0
5281,3863,115000,0
5282,3864,0,0
5283,3865,0,0
5284,3749,0,0
5285,3866,0,0
5286,3867,0,0
5287,3868,0,0
5288,3869,0,0
5289,3870,0,0
5290,3871,0,0
5291,3872,0,0
5292,6910,0,0
5293,28700,0,0
5294,3873,0,0
5295,3874,0,0
5296,3875,0,0
5297,3876,0,0
5298,3877,0,0
5299,3878,200000,0
5300,3879,0,0
5301,3880,0,0
5302,2506,0,0
5303,3881,0,0
5304,3882,0,0
5305,3883,0,0
5306,3885,0,0
5307,3479,0,28281
5308,3886,0,28281
5309,3892,0,28281
5310,16879,0,28281
5311,3887,0,0
5312,3888,0,0
5313,3889,0,0
5314,3891,350000,1242995
5315,3479,85876,0
5316,3886,85876,0
5317,3892,85876,0
5318,16879,85876,0
5319,3893,0,0
5320,11914,0,0
5321,16679,0,0
5322,3894,0,0
5323,3895,0,0
5324,3896,50000,0
5325,7077,50000,0
5326,3897,3500,0
5327,3898,0,0
5328,3899,0,0
5329,29377,0,0
5330,3900,0,0
5331,3901,2500000,0
5332,3902,0,0
5333,3903,10000000,0
5334,3904,0,0
5335,3905,1400000,0
5336,3906,0,0
5337,3907,0,0
5338,3908,0,0
5339,3909,0,0
5340,24020,0,0
5341,3910,0,0
5342,3911,4000000,0
5343,3912,0,0
5344,3913,0,0
5345,3914,0,0
5346,3915,0,0
5347,3917,0,0
5348,3918,0,0
5349,3919,0,0
5350,3920,0,0
5351,3921,0,0
5352,16829,0,0
5353,3922,0,0
5354,3923,0,0
5355,3924,0,0
5356,3925,0,0
5357,11547,0,0
5358,3927,0,0
5359,3928,2000000,0
5360,3929,0,0
5361,3930,0,0
5362,30703,0,0
5363,3931,7750000,0
5364,3933,580000,0
5365,3934,0,0
5366,3935,0,0
5367,6207,0,0
5368,3936,0,0
5369,3937,0,0
5370,3938,0,0
5371,3939,0,0
5372,3940,0,0
5373,3941,0,0
5374,3942,0,0
5375,3943,0,0
5376,3944,0,0
5377,3945,0,0
5378,3946,0,0
5379,3947,250000,0
5380,3948,0,0
5381,3949,0,0
5382,1997,0,0
5383,3950,0,0
5384,3951,0,0
5385,3952,0,0
5386,3953,0,0
5387,3954,0,0
5388,3955,0,0
5389,3956,150000,0
5390,3957,0,0
5391,3958,0,0
5392,18242,0,0
5393,23133,0,0
5394,1839,0,0
5395,3959,0,0
5396,3960,0,0
5397,3961,0,0
5398,3962,0,0
5399,3963,0,0
5400,3964,0,0
5401,3965,0,0
5402,28726,0,0
5403,3966,0,0
5404,3967,0,0
5405,3968,3500000,0
5406,3969,0,0
5407,3970,2500000,0
5408,11639,2500000,0
5409,3971,1000000,1753979
5410,3972,65000,0
5411,3973,0,0
5412,3974,0,0
5413,3975,0,0
5414,3976,0,0
5415,3977,0,0
5416,3978,0,0
5417,3979,0,0
5418,3980,0,0
5419,3981,0,0
5420,11700,0,0
5421,3982,0,0
5422,3983,0,0
5423,3984,0,7939761
5424,3985,0,0
5425,10746,0,0
5426,3986,0,0
5427,3987,0,0
5428,6974,0,0
5429,7647,0,0
5430,13281,0,0
5431,13785,0,0
5432,13850,0,0
5433,13918,0,0
5434,18798,0,0
5435,19111,0,0
5436,22365,0,0
5437,22457,0,0
5438,24984,0,0
5439,3988,0,0
5440,3989,0,0
5441,3990,0,0
5442,3991,4362560,0
5443,3992,0,0
5444,3993,0,2413427
5445,3994,9500000,0
5446,3995,0,0
5447,3996,0,0
5448,3997,3000000,0
5449,3998,0,0
5450,3999,0,0
5451,4000,0,0
5452,4001,0,0
5453,6127,0,0
5454,19211,0,0
5455,4002,0,0
5456,4003,0,0
5457,4004,0,0
5458,4005,0,0
5459,4006,0,0
5460,4007,0,5835036
5461,4008,0,0
5462,4009,0,0
5463,4010,0,0
5464,4011,0,0
5465,4012,2000000,7369373
5466,4013,0,0
5467,4014,0,0
5468,4015,0,0
5469,4016,0,0
5470,4017,82000,2000000
5471,4018,0,0
5472,4019,0,0
5473,4020,0,0
5474,10466,0,0
5475,13363,0,0
5476,22906,0,0
5477,4021,0,0
5478,20941,0,0
5479,22390,0,0
5480,25077,0,0
5481,28186,0,0
5482,2982,0,0
5483,4022,0,0
5484,4023,0,0
5485,9881,0,0
5486,4024,1300000,0
5487,4025,0,0
5488,4026,0,0
5489,4027,0,0
5490,4028,0,0
5491,4029,0,0
5492,4030,0,0
5493,4031,0,0
5494,4032,0,0
5495,4033,3000000,0
5496,4034,0,0
5497,4035,0,0
5498,4036,0,0
5499,4037,0,0
5500,4038,750,0
5501,4039,0,0
5502,4040,0,0
5503,4041,0,0
5504,4042,0,0
5505,4043,0,0
5506,4044,0,0
5507,4045,500000,0
5508,4046,0,0
5509,4047,0,4000000
5510,4048,0,0
5511,4049,0,0
5512,4050,0,0
5513,4051,0,0
5514,4052,0,0
5515,4053,0,0
5516,4054,0,0
5517,4055,0,0
5518,4056,0,0
5519,4057,0,0
5520,4058,0,0
5521,4059,12000000,5086909
5522,4060,0,0
5523,4061,0,0
5524,29845,0,0
5525,4062,0,0
5526,29997,0,0
5527,4063,0,0
5528,4064,0,0
5529,4065,1200000,0
5530,3227,130000,0
5531,4066,130000,0
5532,11789,130000,0
5533,21873,130000,0
5534,4067,0,0
5535,4068,0,0
5536,4069,5000000,0
5537,4070,0,0
5538,4071,0,0
5539,4072,0,0
5540,4073,0,0
5541,4074,0,0
5542,4075,0,0
5543,4076,0,0
5544,4077,0,0
5545,22406,0,0
5546,28749,0,0
5547,4078,7525000,0
5548,4079,0,0
5549,4080,0,0
5550,4081,1000000,0
5551,4082,0,0
5552,4083,0,0
5553,4084,0,0
5554,4085,1100000,1400000
5555,4086,0,0
5556,4087,0,0
5557,4088,0,0
5558,4089,0,0
5559,4090,0,0
5560,3286,90000,5000000
5561,4091,90000,5000000
5562,4467,90000,5000000
5563,21398,90000,5000000
5564,4092,0,0
5565,4093,0,0
5566,4094,0,0
5567,4095,0,0
5568,4096,350000,0
5569,4097,0,0
5570,4098,0,0
5571,4099,0,0
5572,4100,300000,0
5573,4101,10000,0
5574,4102,4000000,0
5575,4103,200000,0
5576,4104,0,0
5577,4105,0,0
5578,4106,3673315,0
5579,4108,8700000,0
5580,4109,90000,0
5581,4110,0,0
5582,4111,0,0
5583,11734,0,0
5584,4112,0,0
5585,89,2215773,1489526
5586,4113,2215773,1489526
5587,4114,0,0
5588,4115,0,0
5589,4117,840000,0
5590,4118,0,0
5591,15045,0,0
5592,4119,0,0
5593,4120,0,0
5594,4121,0,0
5595,4122,0,0
5596,4123,0,212780
5597,4124,5000000,0
5598,4125,0,0
5599,4126,567000,0
5600,4127,0,0
5601,4128,0,0
5602,4129,0,0
5603,4130,200000,0
5604,4131,4000000,0
5605,4132,0,0
5606,4133,0,0
5607,4134,0,0
5608,4135,0,0
5609,4136,0,0
5610,4137,0,0
5611,4138,37,0
5612,4139,0,0
5613,4140,8000000,0
5614,4141,0,0
5615,9348,0,0
5616,4142,0,0
5617,4143,0,0
5618,4144,500000,0
5619,4145,0,0
5620,4146,0,0
5621,6036,0,0
5622,18902,0,0
5623,4147,800000,1118634
5624,4148,0,0
5625,11415,0,0
5626,4149,0,0
5627,4150,0,0
5628,4151,0,0
5629,7010,0,0
5630,8854,0,0
5631,16315,0,0
5632,17147,0,0
5633,4152,0,0
5634,4153,0,0
5635,4154,0,0
5636,4155,0,0
5637,4156,0,0
5638,7721,0,0
5639,4157,0,0
5640,15377,0,0
5641,4158,175000,0
5642,4159,0,0
5643,4160,0,0
5644,4161,0,0
5645,4162,0,1156728
5646,13310,0,1156728
5647,14268,0,1156728
5648,4163,0,0
5649,4164,0,0
5650,4165,0,0
5651,4166,0,0
5652,4167,0,0
5653,4168,0,0
5654,4169,0,0
5655,4170,0,0
5656,6272,0,0
5657,19577,0,0
5658,22699,0,0
5659,23030,0,0
5660,24598,0,0
5661,26873,0,0
5662,965,0,40397
5663,1505,0,40397
5664,4171,0,40397
5665,9883,0,40397
5666,4172,0,0
5667,4173,0,0
5668,20186,0,0
5669,4174,0,0
5670,4175,0,0
5671,4176,0,0
5672,4177,0,0
5673,4178,0,0
5674,4179,350000,0
5675,4180,0,0
5676,4181,0,1131001
5677,22162,0,1131001
5678,4182,0,0
5679,4183,0,0
5680,1405,6000000,0
5681,4184,6000000,0
5682,5210,6000000,0
5683,7626,6000000,0
5684,4185,22000000,0
5685,4186,3600000,0
5686,4187,0,0
5687,4188,0,0
5688,4189,0,0
5689,4190,0,0
5690,4191,0,0
5691,6512,0,0
5692,11499,0,0
5693,12777,0,0
5694,12888,0,0
5695,15321,0,0
5696,25704,0,0
5697,4192,0,0
5698,22080,0,0
5699,4193,2000,0
5700,4194,0,0
5701,4195,0,0
5702,4196,0,0
5703,4197,600000,0
5704,4198,0,0
5705,4199,0,0
5706,4200,16000,1000000
5707,4201,0,0
5708,4202,0,0
5709,13555,0,0
5710,4203,0,0
5711,4204,0,0
5712,4205,0,0
5713,4206,0,0
5714,4207,0,0
5715,4208,0,0
5716,4209,0,0
5717,20565,0,0
5718,4210,0,0
5719,4211,0,0
5720,7247,0,0
5721,15320,0,0
5722,4212,11500000,0
5723,4213,3000000,0
5724,4214,0,0
5725,4215,0,0
5726,4216,0,0
5727,25317,0,0
5728,4217,0,0
5729,4218,0,2710
5730,28084,0,2710
5731,4219,0,0
5732,4220,0,0
5733,20018,0,0
5734,4221,3000000,0
5735,4222,0,0
5736,4223,0,0
5737,4224,0,0
5738,4225,0,0
5739,4226,0,0
5740,7296,0,0
5741,22262,0,0
5742,4227,0,0
5743,4228,0,0
5744,4229,3000000,0
5745,4230,0,0
5746,4231,0,0
5747,4232,0,0
5748,4234,0,0
5749,4235,320000,0
5750,8671,320000,0
5751,15183,320000,0
5752,15849,320000,0
5753,24136,320000,0
5754,4236,0,0
5755,4237,0,0
5756,4238,0,0
5757,4239,0,0
5758,8826,0,0
5759,4240,0,0
5760,4241,2000000,0
5761,24312,2000000,0
5762,4242,0,0
5763,4243,1114000,0
5764,4244,0,0
5765,4245,450000,0
5766,19598,450000,0
5767,4246,0,0
5768,4247,7000,0
5769,17411,7000,0
5770,4248,0,0
5771,4249,0,0
5772,4250,0,0
5773,4251,0,0
5774,4252,0,0
5775,4253,0,0
5776,4254,0,0
5777,950,0,0
5778,4255,0,0
5779,4256,0,0
5780,4257,4000,0
5781,4258,0,0
5782,4259,550000,0
5783,7062,550000,0
5784,19231,550000,0
5785,4260,0,0
5786,27308,0,0
5787,4261,0,860
5788,4262,0,0
5789,26973,0,0
5790,4263,0,0
5791,4264,0,6670680
5792,5476,0,6670680
5793,19697,0,6670680
5794,4265,0,0
5795,4266,0,0
5796,4380,0,0
5797,24578,0,0
5798,4267,0,0
5799,4268,65000,0
5800,4269,0,0
5801,4270,0,0
5802,4271,0,0
5803,4272,0,13684
5804,4273,0,0
5805,4274,0,0
5806,4275,0,0
5807,4276,0,0
5808,12322,0,0
5809,4277,0,0
5810,4278,5000000,0
5811,4279,5000000,0
5812,4280,0,0
5813,4281,0,0
5814,4282,0,0
5815,4283,0,10660802
5816,4284,0,0
5817,4285,0,0
5818,4286,0,0
5819,4287,1200000,0
5820,4288,1600000,0
5821,4289,0,0
5822,4290,0,0
5823,4291,0,0
5824,4292,0,0
5825,4293,0,0
5826,4294,0,0
5827,4295,0,0
5828,4296,0,0
5829,4297,0,0
5830,4298,0,0
5831,20130,0,0
5832,4299,0,0
5833,4300,0,0
5834,4301,0,0
5835,4302,0,0
5836,4303,0,0
5837,4304,3000000,0
5838,4305,0,0
5839,4306,0,0
5840,4307,0,0
5841,4308,100000,58156
5842,4309,1200000,0
5843,4310,0,0
5844,4311,0,0
5845,4312,0,0
5846,4314,0,0
5847,4315,0,0
5848,4316,0,0
5849,4317,0,0
5850,4318,0,0
5851,4319,0,0
5852,4320,900000,0
5853,4321,0,0
5854,4322,1200000,0
5855,4323,0,0
5856,4324,0,0
5857,5388,0,0
5858,4325,0,0
5859,4326,0,0
5860,4327,0,0
5861,4328,0,0
5862,4329,3000000,0
5863,18378,3000000,0
5864,4330,0,2750741
5865,6282,0,2750741
5866,4331,0,0
5867,4332,0,0
5868,4333,10000000,62500
5869,4334,0,0
5870,4335,0,0
5871,4336,0,0
5872,4337,0,0
5873,4338,0,0
5874,4339,1000000,0
5875,4340,232000,0
5876,4342,0,0
5877,4343,0,0
5878,22549,0,0
5879,4344,0,0
5880,4345,0,0
5881,4346,0,0
5882,4347,0,0
5883,4348,0,0
5884,4349,0,0
5885,4350,0,0
5886,4351,0,0
5887,4352,0,0
5888,2849,0,0
5889,4353,0,0
5890,8895,0,0
5891,9860,0,0
5892,11410,0,0
5893,4354,0,0
5894,4355,0,0
5895,4356,0,0
5896,4357,90000,0
5897,4358,0,0
5898,4359,0,0
5899,4360,800000,0
5900,6100,800000,0
5901,10097,800000,0
5902,4361,0,0
5903,4362,500000,1000000
5904,4363,0,0
5905,27028,0,0
5906,4364,165000,0
5907,4365,0,0
5908,4366,0,0
5909,4367,7000,0
5910,4368,0,0
5911,16628,0,0
5912,509,0,0
5913,4369,0,0
5914,4370,0,0
5915,25083,0,0
5916,4372,0,0
5917,4591,0,0
5918,4373,185000,0
5919,4792,185000,0
5920,9706,185000,0
5921,4374,0,0
5922,4375,0,0
5923,19370,0,0
5924,475,800000,0
5925,1668,800000,0
5926,4376,800000,0
5927,4377,0,0
5928,4378,0,0
5929,4379,0,0
5930,4266,0,107670
5931,4380,0,107670
5932,24578,0,107670
5933,4381,0,0
5934,4382,0,0
5935,4383,0,0
5936,4384,1200000,0
5937,4385,0,0
5938,4386,0,0
5939,4387,0,0
5940,4388,0,0
5941,4389,0,0
5942,4390,49200000,62405000
5943,4391,0,0
5944,4392,0,0
5945,4393,0,0
5946,4394,0,0
5947,4395,0,0
5948,4396,0,2146621
5949,4397,0,0
5950,4398,5000000,0
5951,4399,0,0
5952,4400,0,0
5953,15855,0,0
5954,23528,0,0
5955,3539,200000,0
5956,4401,200000,0
5957,7521,200000,0
5958,17696,200000,0
5959,28275,200000,0
5960,4402,0,0
5961,4403,0,0
5962,4404,0,0
5963,4405,0,0
5964,20114,0,0
5965,4406,0,0
5966,4407,0,0
5967,11383,0,0
5968,19977,0,0
5969,4408,0,0
5970,4409,0,0
5971,4410,40000,0
5972,4411,25000,0
5973,4412,500000,0
5974,4413,64319,1000000
5975,4414,0,0
5976,4415,0,0
5977,20624,0,0
5978,4416,0,0
5979,4417,0,0
5980,4418,0,0
5981,4419,0,0
5982,4420,2000000,0
5983,4421,0,0
5984,4422,50000,0
5985,4423,0,0
5986,4424,0,0
5987,4425,0,0
5988,4426,0,0
5989,4427,0,0
5990,4428,0,0
5991,4429,0,0
5992,4430,1200000,0
5993,27802,1200000,0
5994,702,0,0
5995,4431,0,0
5996,8042,0,0
5997,4432,1300000,0
5998,9019,1300000,0
5999,4433,0,0
6000,4434,0,0
6001,4435,0,0
6002,4436,0,0
6003,4437,0,0
6004,12255,0,0
6005,4438,0,0
6006,4439,2500000,0
6007,4440,0,0
6008,14224,0,0
6009,4441,22000000,0
6010,4442,0,0
6011,4443,3000000,0
6012,4445,0,0
6013,4446,0,0
6014,4447,0,0
6015,4448,5600000,2424174
6016,4449,0,0
6017,4450,0,0
6018,4451,0,0
6019,4452,0,0
6020,4453,0,0
6021,4454,0,0
6022,8914,0,0
6023,9283,0,0
6024,10059,0,0
6025,14253,0,0
6026,4455,0,0
6027,4456,0,0
6028,4457,0,0
6029,20932,0,0
6030,25904,0,0
6031,4458,0,0
6032,4459,60000,0
6033,4460,0,0
6034,4461,0,10615000
6035,4462,0,0
6036,4463,750000,0
6037,4464,0,0
6038,4465,3000000,0
6039,4466,0,0
6040,4468,0,0
6041,8143,0,0
6042,25660,0,0
6043,27371,0,0
6044,4469,0,0
6045,4470,7000000,0
6046,4471,0,0
6047,4472,0,0
6048,4473,1000000,0
6049,4474,0,0
6050,4476,0,0
6051,8652,0,0
6052,4477,0,0
6053,4478,0,0
6054,4479,0,0
6055,4480,0,0
6056,4481,500000,0
6057,4482,0,0
6058,4483,0,0
6059,4484,0,0
6060,21022,0,0
6061,4485,0,0
6062,4486,0,0
6063,4487,0,0
6064,440,0,0
6065,4488,0,0
6066,4489,0,0
6067,4490,0,0
6068,4491,0,0
6069,4492,0,3335984
6070,4493,210000,107352
6071,6835,210000,107352
6072,9683,210000,107352
6073,4494,0,0
6074,4495,2000000,0
6075,4496,150000,0
6076,4497,0,0
6077,4498,0,0
6078,4499,0,0
6079,4500,0,0
6080,4501,0,0
6081,13600,0,0
6082,4502,0,0
6083,4503,0,0
6084,4504,0,0
6085,4505,0,0
6086,4506,0,0
6087,4507,0,0
6088,4508,0,0
6089,24402,0,0
6090,4509,0,0
6091,4510,0,0
6092,4511,0,0
6093,3795,0,0
6094,4512,0,0
6095,11733,0,0
6096,22493,0,0
6097,656,0,0
6098,4513,0,0
6099,8476,0,0
6100,4515,0,0
6101,4516,0,0
6102,4517,250000,609524
6103,4518,0,0
6104,4519,0,0
6105,6209,0,0
6106,4520,0,0
6107,4521,200000,139683000
6108,4522,0,0
6109,4523,0,0
6110,4524,0,0
6111,4525,0,0
6112,4526,0,0
6113,4527,0,0
6114,4528,2000000,0
6115,4529,0,0
6116,4530,0,0
6117,4531,0,0
6118,4532,0,0
6119,20886,0,0
6120,4533,0,0
6121,4534,0,0
6122,27821,0,0
6123,4535,0,0
6124,4536,1300000,0
6125,14068,1300000,0
6126,23179,1300000,0
6127,4537,0,0
6128,4538,0,0
6129,4539,0,0
6130,4540,0,0
6131,12406,0,0
6132,4541,55000,0
6133,4542,0,0
6134,4543,0,0
6135,4544,2000000,1083395
6136,19011,2000000,1083395
6137,4545,0,0
6138,4546,1000000,0
6139,1963,0,0
6140,4548,0,0
6141,27705,0,0
6142,4549,0,0
6143,4550,0,0
6144,4551,0,0
6145,4552,0,0
6146,4554,0,0
6147,4555,1500000,0
6148,4556,500000,0
6149,4557,0,0
6150,4558,1700000,0
6151,14346,1700000,0
6152,16713,1700000,0
6153,19718,1700000,0
6154,4559,150,0
6155,4560,0,0
6156,4561,7500000,796368
6157,4562,90000,0
6158,4563,0,0
6159,4564,0,0
6160,10229,0,0
6161,12500,0,0
6162,4565,0,0
6163,4566,6000000,0
6164,10628,6000000,0
6165,4567,0,0
6166,4568,0,0
6167,4569,0,0
6168,4570,300,0
6169,4571,2000000,0
6170,4572,0,0
6171,4573,4210000,0
6172,4574,0,0
6173,4575,0,0
6174,4576,0,0
6175,4577,0,0
6176,4578,0,0
6177,4579,0,0
6178,4580,0,0
6179,17657,0,0
6180,4581,0,5030049
6181,4582,0,0
6182,4583,0,0
6183,4584,0,0
6184,1683,0,0
6185,4585,0,0
6186,24024,0,0
6187,26379,0,0
6188,30345,0,0
6189,4586,0,112749
6190,4587,0,0
6191,4588,0,0
6192,4589,0,0
6193,4590,9000000,0
6194,4372,4000000,0
6195,4591,4000000,0
6196,4592,0,0
6197,6433,0,0
6198,4593,0,0
6199,4595,0,0
6200,4596,0,0
6201,6993,0,0
6202,4597,3500000,0
6203,4598,0,0
6204,4599,0,0
6205,26342,0,0
6206,4600,120000,0
6207,4601,5500000,0
6208,17898,5500000,0
6209,4602,0,0
6210,4603,0,0
6211,4604,0,0
6212,4605,0,0
6213,1205,0,0
6214,4606,0,0
6215,14494,0,0
6216,16660,0,0
6217,25289,0,0
6218,4607,70000,0
6219,4608,0,0
6220,5591,0,0
6221,17290,0,0
6222,4609,0,0
6223,19415,0,0
6224,4610,0,0
6225,4611,3000000,0
6226,4858,3000000,0
6227,4612,0,0
6228,4613,2500000,0
6229,9221,2500000,0
6230,4614,0,0
6231,4615,0,0
6232,4616,0,0
6233,4617,0,0
6234,11218,0,0
6235,4618,0,0
6236,4619,1000000,0
6237,4620,0,0
6238,4621,0,0
6239,4622,0,0
6240,944,0,0
6241,4623,0,0
6242,4624,0,0
6243,4625,0,0
6244,4626,0,0
6245,4627,0,0
6246,4628,250000,0
6247,4629,0,0
6248,4630,0,0
6249,4631,0,0
6250,1480,0,0
6251,4632,0,0
6252,5496,0,0
6253,17889,0,0
6254,23882,0,0
6255,30373,0,0
6256,4633,0,0
6257,4634,0,0
6258,4636,0,0
6259,4637,0,0
6260,4638,0,0
6261,27765,0,0
6262,4639,750000,0
6263,4640,0,0
6264,5743,0,0
6265,12565,0,0
6266,13098,0,0
6267,24882,0,0
6268,4641,0,0
6269,4642,0,0
6270,22283,0,0
6271,23407,0,0
6272,25211,0,0
6273,25818,0,0
6274,4643,0,0
6275,4644,0,0
6276,4645,20000,0
6277,4646,0,0
6278,4647,0,0
6279,4648,0,0
6280,4649,0,0
6281,4650,0,0
6282,4651,0,0
6283,7883,0,0
6284,12256,0,0
6285,27508,0,0
6286,4652,0,0
6287,4653,0,0
6288,4655,650,0
6289,4656,0,0
6290,4658,0,0
6291,25810,0,0
6292,4659,0,0
6293,4660,0,0
6294,4661,0,0
6295,19158,0,0
6296,22601,0,0
6297,4662,0,0
6298,4663,0,0
6299,4664,0,0
6300,4665,0,0
6301,4666,300000,0
6302,4667,500000,0
6303,4668,0,0
6304,4669,0,0
6305,30579,0,0
6306,4670,0,0
6307,4671,1150000,0
6308,4672,0,0
6309,4673,600000,0
6310,4674,0,0
6311,4675,0,0
6312,4676,0,0
6313,8831,0,0
6314,4677,0,0
6315,4678,2000000,0
6316,4679,0,0
6317,4680,0,0
6318,4681,0,0
6319,4682,0,0
6320,4683,0,0
6321,4684,0,0
6322,4685,0,0
6323,4686,0,0
6324,4687,0,0
6325,4688,600000,0
6326,4689,0,0
6327,4690,0,0
6328,13652,0,0
6329,27168,0,0
6330,4691,0,0
6331,4692,0,0
6332,4693,0,0
6333,4694,0,0
6334,4695,75000,0
6335,4696,0,0
6336,4697,20000,0
6337,4698,0,0
6338,4699,0,0
6339,4700,0,0
6340,4701,0,0
6341,4702,0,0
6342,4703,75000,0
6343,4704,0,0
6344,4705,0,0
6345,4706,0,0
6346,4707,0,0
6347,4708,0,0
6348,3624,900000,0
6349,4709,900000,0
6350,4710,0,0
6351,4711,0,0
6352,4712,0,0
6353,4713,0,0
6354,4714,0,0
6355,4715,0,0
6356,4716,0,0
6357,19369,0,0
6358,4717,0,0
6359,4718,0,0
6360,4719,0,0
6361,4720,0,0
6362,4721,0,0
6363,8752,0,0
6364,8753,0,0
6365,8754,0,0
6366,4722,0,0
6367,4723,0,0
6368,4724,2000000,0
6369,4725,0,0
6370,4726,0,0
6371,4727,0,0
6372,4728,0,0
6373,28944,0,0
6374,4729,0,0
6375,4730,0,0
6376,4731,3500000,0
6377,4732,0,0
6378,4733,0,0
6379,4734,150000,0
6380,4735,0,0
6381,4736,0,0
6382,4737,1585602,0
6383,4738,0,0
6384,4739,0,0
6385,4740,0,0
6386,4741,1100000,0
6387,4742,0,0
6388,4743,0,0
6389,4744,0,0
6390,4745,0,0
6391,4746,0,0
6392,913,0,0
6393,2283,0,0
6394,4747,0,0
6395,20041,0,0
6396,4748,4410000,2107861
6397,4749,0,0
6398,4750,0,0
6399,4751,0,0
6400,4752,0,0
6401,4753,0,0
6402,4754,0,10000000
6403,13400,0,10000000
6404,18521,0,10000000
6405,4755,0,0
6406,4756,0,0
6407,22088,0,0
6408,4757,0,0
6409,6369,0,0
6410,4758,0,0
6411,4759,0,0
6412,4760,0,0
6413,4761,0,0
6414,4762,0,0
6415,4763,2000000,0
6416,4764,0,0
6417,4766,0,0
6418,19793,0,0
6419,4767,0,0
6420,4768,0,0
6421,4769,0,0
6422,14444,0,0
6423,4770,0,0
6424,4771,0,0
6425,4772,0,0
6426,4773,0,0
6427,4774,0,0
6428,4775,160000,22000000
6429,4776,0,0
6430,4777,0,0
6431,4778,0,0
6432,4779,0,0
6433,4780,1000000,0
6434,4781,0,0
6435,4782,0,0
6436,4783,7974534,0
6437,4784,0,0
6438,442,0,0
6439,4785,0,0
6440,8926,0,0
6441,17162,0,0
6442,21434,0,0
6443,24184,0,0
6444,4786,0,0
6445,4787,0,0
6446,4788,15000,3274
6447,4789,0,0
6448,4790,0,0
6449,4791,0,0
6450,4373,8800000,0
6451,4792,8800000,0
6452,9706,8800000,0
6453,4793,0,0
6454,4794,0,0
6455,4795,0,0
6456,4796,0,0
6457,4797,0,0
6458,4798,0,0
6459,4799,0,0
6460,4800,0,0
6461,4801,0,0
6462,4802,0,0
6463,4803,0,0
6464,4804,0,0
6465,4805,0,0
6466,4806,0,0
6467,9650,0,0
6468,4807,0,0
6469,5265,0,0
6470,7621,0,0
6471,11969,0,0
6472,25591,0,0
6473,4808,0,0
6474,28579,0,0
6475,4809,0,0
6476,4810,0,0
6477,24474,0,0
6478,27064,0,0
6479,4811,6400000,0
6480,4812,0,0
6481,7529,0,0
6482,10398,0,0
6483,4813,0,0
6484,4814,600000,1208479
6485,4815,0,0
6486,7496,0,0
6487,14344,0,0
6488,4816,0,0
6489,4817,0,0
6490,4818,0,0
6491,4819,0,0
6492,4820,0,0
6493,4821,700000,0
6494,4822,0,0
6495,4823,0,0
6496,4824,0,0
6497,16389,0,0
6498,4825,0,0
6499,4826,2500,0
6500,4827,75000,0
6501,4828,5000000,1189612
6502,4829,0,0
6503,4831,0,0
6504,4832,0,0
6505,4833,0,0
6506,4834,0,0
6507,4835,0,0
6508,4836,0,0
6509,4837,0,0
6510,4838,1000000,0
6511,4839,0,0
6512,4840,820000,0
6513,4841,1500000,0
6514,4842,0,0
6515,4843,1500000,398016
6516,4844,0,0
6517,12943,0,0
6518,14868,0,0
6519,4845,0,0
6520,4846,0,0
6521,4847,0,0
6522,4849,175000,594947
6523,4850,0,0
6524,4851,0,0
6525,4852,0,147131
6526,25488,0,147131
6527,4853,0,0
6528,11038,0,0
6529,4854,0,0
6530,13795,0,0
6531,4855,0,0
6532,4856,0,0
6533,4857,0,0
6534,4611,0,0
6535,4858,0,0
6536,4859,0,0
6537,5298,0,0
6538,4860,0,0
6539,4861,0,0
6540,18064,0,0
6541,4862,23497,0
6542,4863,0,0
6543,4864,0,0
6544,4865,0,0
6545,4866,0,0
6546,4867,0,0
6547,8414,0,0
6548,4868,0,0
6549,4869,0,0
6550,4870,0,0
6551,4871,0,0
6552,13008,0,0
6553,4872,0,0
6554,4873,0,0
6555,4874,0,0
6556,17952,0,0
6557,28209,0,0
6558,4875,0,0
6559,4876,0,0
6560,2307,3250000,3250000
6561,4877,3250000,3250000
6562,4878,0,0
6563,4879,0,0
6564,4880,0,0
6565,4881,0,0
6566,4882,0,0
6567,4883,0,0
6568,4884,20000,0
6569,9305,20000,0
6570,4885,0,0
6571,4886,0,0
6572,4887,0,0
6573,4888,0,0
6574,4889,0,0
6575,4890,0,0
6576,4891,0,0
6577,4892,0,0
6578,9647,0,0
6579,20797,0,0
6580,4893,20000,0
6581,4894,0,0
6582,4895,0,0
6583,4896,500000,0
6584,4897,0,0
6585,4898,0,0
6586,118,1500000,0
6587,4899,1500000,0
6588,4900,0,0
6589,4901,0,0
6590,4902,0,0
6591,4903,0,0
6592,4904,64000,7000000
6593,4905,0,0
6594,25253,0,0
6595,4906,300000,0
6596,8317,300000,0
6597,4907,0,0
6598,4908,0,0
6599,4909,0,0
6600,4910,0,0
6601,5844,0,0
6602,4911,0,0
6603,4912,0,0
6604,4913,0,0
6605,4914,0,0
6606,4915,0,0
6607,4916,0,0
6608,4917,0,0
6609,2859,0,0
6610,4918,0,0
6611,29733,0,0
6612,4919,0,0
6613,4920,0,0
6614,4921,2000000,0
6615,4922,0,0
6616,4923,1000000,0
6617,4924,0,0
6618,4925,0,0
6619,4926,0,0
6620,4927,4500000,0
6621,4928,0,0
6622,4929,0,0
6623,4930,0,0
6624,4931,0,0
6625,4932,0,0
6626,4933,0,0
6627,4934,0,0
6628,4935,0,0
6629,4936,0,0
6630,4937,0,11295
6631,4938,0,0
6632,10112,0,0
6633,19979,0,0
6634,4939,0,0
6635,4940,0,0
6636,4941,0,0
6637,4943,0,0
6638,9420,0,0
6639,10923,0,0
6640,13721,0,0
6641,15079,0,0
6642,17767,0,0
6643,18919,0,0
6644,20803,0,0
6645,24531,0,0
6646,25142,0,0
6647,27438,0,0
6648,4944,0,0
6649,16640,0,0
6650,4946,0,0
6651,4947,0,0
6652,4948,25000,0
6653,4949,0,0
6654,4950,0,0
6655,4951,0,0
6656,4952,0,0
6657,4953,3500000,3119957
6658,4954,0,0
6659,4955,0,0
6660,4956,2,0
6661,4957,0,0
6662,4958,0,0
6663,4959,0,0
6664,4960,0,0
6665,20714,0,0
6666,4961,0,0
6667,4962,0,0
6668,6600,0,0
6669,20703,0,0
6670,4963,0,0
6671,4964,0,0
6672,17782,0,0
6673,4965,0,0
6674,4966,0,0
6675,4967,0,0
6676,4968,0,0
6677,4969,0,0
6678,4970,0,0
6679,30766,0,0
6680,4971,0,0
6681,4972,0,0
6682,4974,0,0
6683,4975,76000,0
6684,4976,0,0
6685,4977,0,0
6686,27691,0,0
6687,4978,0,0
6688,4979,0,0
6689,4980,0,0
6690,20962,0,0
6691,24716,0,0
6692,4981,0,0
6693,4982,0,0
6694,4983,0,0
6695,4984,0,0
6696,4985,0,0
6697,4986,0,0
6698,4987,0,0
6699,4988,0,0
6700,4989,0,0
6701,4990,100,0
6702,4991,0,0
6703,4992,900000,0
6704,4993,0,0
6705,4994,0,0
6706,12273,0,0
6707,4995,0,0
6708,4996,0,0
6709,4997,0,0
6710,4998,0,0
6711,4999,0,0
6712,5000,0,0
6713,5001,0,0
6714,5002,1000000,0
6715,14702,1000000,0
6716,19498,1000000,0
6717,24958,1000000,0
6718,26007,1000000,0
6719,5003,0,0
6720,5004,0,0
6721,5005,63500,0
6722,5006,0,0
6723,5007,0,0
6724,28266,0,0
6725,5008,0,0
6726,5009,35000,0
6727,5011,0,0
6728,5012,0,0
6729,5013,0,0
6730,24647,0,0
6731,5014,0,0
6732,5015,0,0
6733,5016,0,0
6734,7190,0,0
6735,10861,0,0
6736,15966,0,0
6737,16053,0,0
6738,21020,0,0
6739,27936,0,0
6740,30762,0,0
6741,5017,0,0
6742,5018,0,0
6743,5019,0,0
6744,6397,0,0
6745,5020,0,0
6746,5021,0,0
6747,5022,0,0
6748,13518,0,0
6749,5023,500000,0
6750,20097,500000,0
6751,5024,0,0
6752,46,0,6337299
6753,5025,0,6337299
6754,5026,0,0
6755,5027,0,0
6756,5028,0,0
6757,5029,0,0
6758,13394,0,0
6759,5030,3000000,1449945
6760,5031,2500000,0
6761,5032,20000,0
6762,5033,0,0
6763,5034,0,0
6764,5035,0,0
6765,5036,0,0
6766,5037,0,0
6767,5039,0,0
6768,5040,0,0
6769,5041,0,0
6770,5042,0,0
6771,5043,0,0
6772,5044,150000,560000
6773,5045,0,0
6774,5046,0,0
6775,5047,1000000,0
6776,5048,8000000,0
6777,5049,0,0
6778,5050,0,0
6779,5051,0,0
6780,5052,0,0
6781,5053,0,0
6782,5054,0,0
6783,5055,0,0
6784,5056,0,0
6785,5057,0,0
6786,5058,0,0
6787,5059,0,0
6788,5060,0,0
6789,5061,0,0
6790,5062,0,0
6791,5063,0,0
6792,5064,0,0
6793,5065,0,0
6794,5066,0,0
6795,5067,0,0
6796,5068,0,0
6797,5069,0,0
6798,5070,0,0
6799,5071,0,0
6800,5072,0,0
6801,18055,0,0
6802,5073,35000,0
6803,5074,0,0
6804,5075,0,0
6805,5077,0,0
6806,5078,0,0
6807,5079,0,0
6808,5080,0,0
6809,5081,40000,0
6810,5082,0,0
6811,5083,0,0
6812,5084,0,0
6813,5085,0,0
6814,5086,0,0
6815,5087,14000,0
6816,5088,0,0
6817,5089,0,0
6818,5090,7000000,0
6819,5091,0,0
6820,5092,0,0
6821,5093,0,0
6822,5094,0,0
6823,5095,70000,0
6824,5096,1500000,0
6825,11085,1500000,0
6826,5097,26000,0
6827,5098,0,0
6828,26756,0,0
6829,5099,0,0
6830,5100,0,0
6831,5101,3200000,0
6832,5102,0,0
6833,5103,0,0
6834,5104,0,0
6835,5105,0,0
6836,5106,0,0
6837,7558,0,0
6838,30102,0,0
6839,5107,0,0
6840,5108,0,0
6841,5109,0,0
6842,5110,0,0
6843,5111,0,0
6844,29863,0,0
6845,5112,0,0
6846,5113,0,0
6847,5114,0,0
6848,5115,0,0
6849,5116,10000,0
6850,5117,1000000,0
6851,17688,1000000,0
6852,5118,0,0
6853,5119,0,0
6854,5120,0,0
6855,5121,0,0
6856,5122,170000,0
6857,5123,0,0
6858,5124,0,0
6859,5125,3000000,0
6860,5126,2400000,0
6861,5127,0,0
6862,5128,0,0
6863,5129,0,0
6864,5130,0,0
6865,5131,0,0
6866,5132,0,0
6867,5133,0,0
6868,5134,250000,0
6869,5135,0,0
6870,5136,0,0
6871,5137,0,0
6872,5138,2000000,0
6873,5140,0,0
6874,5141,0,0
6875,7809,0,0
6876,5142,3000000,0
6877,5143,0,0
6878,5144,0,0
6879,139,400,0
6880,1795,400,0
6881,2370,400,0
6882,2794,400,0
6883,5145,400,0
6884,19268,400,0
6885,21082,400,0
6886,27026,400,0
6887,5146,0,0
6888,5147,0,0
6889,5148,0,0
6890,13532,0,0
6891,22541,0,0
6892,23776,0,0
6893,5149,0,0
6894,5150,1000000,0
6895,5151,0,0
6896,5152,0,0
6897,5153,0,0
6898,5154,0,0
6899,5155,0,0
6900,5156,0,0
6901,5157,0,0
6902,5158,0,0
6903,5159,180000,175742
6904,5160,0,0
6905,12486,0,0
6906,5161,0,0
6907,5162,0,0
6908,5163,0,0
6909,5164,0,0
6910,5165,0,0
6911,5166,0,0
6912,5167,0,0
6913,5168,0,0
6914,5169,0,0
6915,5170,116000,0
6916,10967,116000,0
6917,11176,116000,0
6918,27363,116000,0
6919,5171,0,0
6920,5172,0,0
6921,5173,100000,0
6922,5174,25000,0
6923,5175,1800000,0
6924,5176,0,200046
6925,5177,3000000,0
6926,5178,0,0
6927,5179,10000,0
6928,5180,0,0
6929,5181,0,0
6930,5182,0,0
6931,5183,350000,0
6932,5184,0,0
6933,5185,0,0
6934,5186,0,0
6935,5187,0,0
6936,5188,2000000,0
6937,5189,0,0
6938,5190,0,0
6939,5191,0,0
6940,5192,0,0
6941,23419,0,0
6942,23420,0,0
6943,5193,2500000,0
6944,5194,0,0
6945,5195,0,0
6946,5196,0,0
6947,5197,0,0
6948,5198,250000,0
6949,5199,0,0
6950,5200,0,0
6951,5201,0,0
6952,5202,0,0
6953,5203,0,0
6954,5204,0,0
6955,5205,0,0
6956,5206,0,0
6957,5207,0,0
6958,5208,0,0
6959,5209,0,0
6960,1405,350000,0
6961,4184,350000,0
6962,5210,350000,0
6963,7626,350000,0
6964,5211,0,0
6965,5212,0,0
6966,5213,0,0
6967,5214,0,0
6968,5215,200000,0
6969,5216,0,0
6970,5217,0,0
6971,5218,0,0
6972,5219,100000,0
6973,5220,146000,0
6974,5221,0,0
6975,5222,0,0
6976,5223,0,0
6977,2268,2000000,0
6978,5224,2000000,0
6979,5225,1000000,0
6980,5226,0,0
6981,5227,0,0
6982,5228,0,8316
6983,7979,0,8316
6984,5229,0,1820534
6985,5608,0,1820534
6986,11245,0,1820534
6987,17429,0,1820534
6988,29001,0,1820534
6989,5230,11012,0
6990,5231,0,0
6991,5232,0,0
6992,5233,0,0
6993,12177,0,0
6994,14607,0,0
6995,24589,0,0
6996,5234,0,0
6997,5235,0,0
6998,5236,0,0
6999,5237,0,0
7000,5238,0,0
7001,5239,0,0
7002,5240,0,0
7003,5241,0,0
7004,10312,0,0
7005,11711,0,0
7006,13323,0,0
7007,5242,0,0
7008,5243,0,0
7009,5244,0,0
7010,9774,0,0
7011,21730,0,0
7012,5245,0,0
7013,5246,0,0
7014,5247,47000,0
7015,5248,1400000,0
7016,5249,0,0
7017,5250,2000000,0
7018,5251,0,0
7019,5252,2000000,0
7020,5253,0,0
7021,5254,0,0
7022,5255,0,0
7023,5256,213090,0
7024,5257,0,0
7025,5258,0,0
7026,5259,0,0
7027,5260,0,0
7028,5261,0,0
7029,5262,0,0
7030,5263,0,0
7031,5264,150000,102433
7032,4807,2000000,0
7033,5265,2000000,0
7034,7621,2000000,0
7035,11969,2000000,0
7036,25591,2000000,0
7037,5267,840000,0
7038,11014,840000,0
7039,5268,0,0
7040,5269,0,0
7041,5270,0,0
7042,5271,70000,0
7043,5272,0,0
7044,5273,0,0
7045,9887,0,0
7046,19971,0,0
7047,5274,0,0
7048,18850,0,0
7049,29549,0,0
7050,5275,0,0
7051,5276,0,0
7052,5277,0,0
7053,5278,0,0
7054,13563,0,0
7055,5279,0,0
7056,30288,0,0
7057,5280,0,0
7058,5281,0,0
7059,5282,0,0
7060,5284,0,0
7061,5285,0,0
7062,22408,0,0
7063,5286,0,0
7064,5287,2300000,0
7065,5288,0,0
7066,5289,0,0
7067,5290,0,0
7068,5291,0,0
7069,5292,0,0
7070,5293,0,0
7071,5294,0,0
7072,5295,0,0
7073,5296,0,0
7074,5297,1500000,0
7075,5299,0,0
7076,5300,0,0
7077,5301,75000,0
7078,197,0,0
7079,5302,0,0
7080,8618,0,0
7081,5303,0,0
7082,5304,0,0
7083,5305,0,0
7084,5306,0,0
7085,5307,2000000,0
7086,5308,0,0
7087,5309,0,0
7088,5310,656000,0
7089,5311,0,0
7090,5312,0,310000
7091,5313,1000000,0
7092,5314,0,0
7093,5315,0,0
7094,6002,0,0
7095,24926,0,0
7096,5316,0,0
7097,5317,0,0
7098,5318,0,0
7099,5319,0,0
7100,5320,930000,0
7101,5321,0,0
7102,5322,0,0
7103,5323,0,0
7104,5324,0,1500000
7105,5325,0,0
7106,5326,0,0
7107,3440,0,0
7108,5327,0,0
7109,5328,0,0
7110,5329,0,0
7111,5330,0,0
7112,5331,0,0
7113,5332,0,0
7114,5333,0,0
7115,5334,0,0
7116,5335,0,0
7117,5336,0,0
7118,5337,0,0
7119,5338,0,1296826
7120,5339,1327,0
7121,5340,0,0
7122,5341,0,0
7123,5342,125000,0
7124,5343,0,0
7125,5344,0,0
7126,21441,0,0
7127,5345,0,0
7128,7438,0,0
7129,9217,0,0
7130,11652,0,0
7131,12654,0,0
7132,24274,0,0
7133,5346,0,0
7134,5347,0,0
7135,5348,0,0
7136,5349,0,0
7137,5350,30000,0
7138,5351,40000,0
7139,5352,0,0
7140,5353,0,0
7141,12956,0,0
7142,5354,0,0
7143,5355,0,0
7144,5357,0,0
7145,5358,0,0
7146,5359,125000,0
7147,5360,37000,0
7148,5361,0,0
7149,5362,0,0
7150,5363,0,1300000
7151,5364,0,0
7152,5365,0,0
7153,5366,0,0
7154,5367,0,0
7155,5368,0,0
7156,5369,0,0
7157,5370,10000,0
7158,1028,0,0
7159,5371,0,0
7160,5372,0,0
7161,5373,0,0
7162,5374,1500000,0
7163,5375,237000,0
7164,5376,0,0
7165,26082,0,0
7166,5377,500000,0
7167,5378,0,0
7168,5379,0,0
7169,5380,0,0
7170,5381,0,0
7171,5382,0,0
7172,669,0,0
7173,5383,0,0
7174,5384,0,0
7175,5385,0,0
7176,5386,0,0
7177,5387,1100000,0
7178,5389,2700000,5400000
7179,2092,0,0
7180,5390,0,0
7181,7691,0,0
7182,5391,0,0
7183,5392,0,0
7184,30292,0,0
7185,5393,156660,0
7186,5394,27000,0
7187,14993,27000,0
7188,5395,0,0
7189,5396,0,0
7190,5397,0,0
7191,5398,1000000,2228115
7192,5399,0,0
7193,5400,0,0
7194,5401,0,0
7195,5402,0,0
7196,5403,750000,0
7197,5404,0,0
7198,13588,0,0
7199,5405,2000,0
7200,5406,0,0
7201,5407,0,0
7202,5408,0,0
7203,9969,0,0
7204,18408,0,0
7205,24281,0,0
7206,5409,1500000,7800000
7207,5410,0,0
7208,5411,0,0
7209,5412,0,0
7210,5413,0,0
7211,5414,1000000,0
7212,5415,350000,0
7213,5416,0,0
7214,5417,0,0
7215,5418,0,0
7216,5419,0,0
7217,20235,0,0
7218,20692,0,0
7219,5420,0,0
7220,5421,6000,0
7221,5422,0,0
7222,5423,0,0
7223,5424,0,0
7224,5425,0,0
7225,9547,0,0
7226,5426,1500000,0
7227,5427,0,0
7228,5428,0,0
7229,5429,0,0
7230,5430,0,0
7231,5431,0,0
7232,5432,0,0
7233,5433,0,0
7234,17000,0,0
7235,5434,0,0
7236,5435,0,0
7237,5436,75000,0
7238,5437,0,0
7239,5438,0,0
7240,5439,0,0
7241,5440,0,0
7242,5441,0,0
7243,17304,0,0
7244,26802,0,0
7245,5442,0,0
7246,5444,0,0
7247,5445,0,0
7248,5446,0,0
7249,5447,0,0
7250,5448,0,0
7251,5449,1000000,0
7252,5450,0,0
7253,5451,0,0
7254,18889,0,0
7255,5452,0,0
7256,5453,4000,0
7257,5454,0,0
7258,21937,0,0
7259,5455,0,0
7260,26914,0,0
7261,5456,0,0
7262,11027,0,0
7263,21332,0,0
7264,28471,0,0
7265,5457,0,0
7266,5458,0,0
7267,23027,0,0
7268,5459,0,0
7269,5460,0,0
7270,5461,0,0
7271,5462,0,0
7272,5464,0,168180
7273,5465,0,0
7274,5466,0,0
7275,5467,0,0
7276,5468,0,0
7277,5469,2000000,0
7278,5470,6500,0
7279,5471,100000,0
7280,5472,0,0
7281,16478,0,0
7282,5473,0,0
7283,5474,0,0
7284,5475,0,0
7285,4264,0,0
7286,5476,0,0
7287,19697,0,0
7288,5477,0,0
7289,5478,0,0
7290,5479,0,0
7291,10581,0,0
7292,5480,0,0
7293,5481,0,0
7294,5482,0,0
7295,5483,0,0
7296,5484,1800000,0
7297,5485,0,0
7298,5486,0,0
7299,5487,0,0
7300,5488,0,0
7301,5489,0,0
7302,5490,1000000,0
7303,5491,0,0
7304,5492,0,0
7305,5493,0,0
7306,5494,0,0
7307,5495,0,0
7308,26940,0,0
7309,5497,0,0
7310,5498,0,0
7311,5499,0,0
7312,27782,0,0
7313,5501,0,0
7314,5502,0,0
7315,5503,0,0
7316,5504,0,0
7317,5505,0,0
7318,5506,0,0
7319,5507,2000000,0
7320,5508,0,0
7321,5509,0,0
7322,5510,0,0
7323,21127,0,0
7324,5511,0,0
7325,5512,0,0
7326,5513,0,0
7327,8306,0,0
7328,10030,0,0
7329,21365,0,0
7330,5514,0,0
7331,5515,0,0
7332,5516,0,0
7333,5517,0,0
7334,5518,100000,0
7335,5519,0,0
7336,5520,0,0
7337,5521,0,0
7338,5522,0,0
7339,5523,0,0
7340,5524,0,0
7341,3050,2000000,0
7342,5525,2000000,0
7343,5526,3000000,0
7344,5527,0,0
7345,5528,0,0
7346,16564,0,0
7347,5529,0,0
7348,5530,0,41176
7349,5531,0,0
7350,5532,0,0
7351,13604,0,0
7352,5533,0,0
7353,5534,0,0
7354,5535,0,0
7355,785,0,0
7356,5536,0,0
7357,11636,0,0
7358,13406,0,0
7359,18005,0,0
7360,22171,0,0
7361,5537,0,0
7362,1489,150000,0
7363,5538,150000,0
7364,6783,150000,0
7365,29542,150000,0
7366,5539,0,0
7367,5540,0,0
7368,5541,1000000,0
7369,5542,0,0
7370,24457,0,0
7371,5543,0,0
7372,5544,0,0
7373,5545,0,0
7374,5546,0,0
7375,5547,0,0
7376,5548,0,0
7377,5549,0,0
7378,5550,1000000,0
7379,5551,0,0
7380,5552,0,0
7381,13045,0,0
7382,5553,0,0
7383,5554,45000,0
7384,5555,0,0
7385,5556,0,0
7386,5557,0,0
7387,5558,5000000,0
7388,5559,0,0
7389,5560,20000,0
7390,5561,0,0
7391,16332,0,0
7392,5562,0,0
7393,2193,0,0
7394,5563,0,0
7395,17417,0,0
7396,5564,1000000,0
7397,5565,0,0
7398,5566,0,0
7399,5567,0,0
7400,22126,0,0
7401,5568,0,0
7402,9816,0,0
7403,5569,0,0
7404,5570,0,0
7405,11468,0,0
7406,5571,0,0
7407,5572,1066480,0
7408,28321,1066480,0
7409,5573,0,0
7410,5574,0,0
7411,5575,0,0
7412,5576,0,0
7413,5577,0,0
7414,5578,10000,0
7415,5579,0,0
7416,5580,0,0
7417,5581,1600,0
7418,5582,2000000,0
7419,5583,0,0
7420,5584,0,0
7421,5585,0,0
7422,5586,0,0
7423,5587,0,0
7424,5588,23000,0
7425,5589,0,0
7426,5590,0,0
7427,4608,25000,0
7428,5591,25000,0
7429,17290,25000,0
7430,5592,0,0
7431,5593,0,0
7432,5594,0,0
7433,5595,0,0
7434,5596,0,0
7435,7394,0,0
7436,12052,0,0
7437,14677,0,0
7438,5597,0,0
7439,5598,0,0
7440,5599,0,0
7441,5600,0,0
7442,22576,0,0
7443,5601,0,0
7444,8746,0,0
7445,5602,0,0
7446,5603,0,0
7447,5604,0,0
7448,5605,0,0
7449,6812,0,0
7450,5606,0,0
7451,5607,0,0
7452,5229,0,0
7453,5608,0,0
7454,11245,0,0
7455,17429,0,0
7456,29001,0,0
7457,5609,0,0
7458,5610,0,32890
7459,5611,0,0
7460,5612,6250000,8000000
7461,5613,0,0
7462,14771,0,0
7463,5614,0,0
7464,5615,250000,0
7465,1139,250000,0
7466,5616,250000,0
7467,30015,250000,0
7468,5618,0,0
7469,5619,0,0
7470,5620,0,0
7471,5621,0,0
7472,435,0,0
7473,5622,0,0
7474,6114,0,0
7475,12305,0,0
7476,5623,0,0
7477,5624,0,0
7478,5625,35000,0
7479,5627,2000000,0
7480,5628,0,0
7481,5629,0,0
7482,5630,0,0
7483,5631,0,0
7484,5632,0,0
7485,5633,0,0
7486,5634,0,0
7487,5635,0,0
7488,5636,0,0
7489,5637,0,0
7490,5638,0,0
7491,5639,0,0
7492,9628,0,0
7493,5640,0,0
7494,11345,0,0
7495,5641,0,0
7496,5642,0,0
7497,5643,0,0
7498,10248,0,0
7499,21863,0,0
7500,5644,0,0
7501,5645,0,858591
7502,5646,0,0
7503,5647,0,0
7504,5648,1000000,100000000
7505,5649,0,0
7506,5650,0,0
7507,5651,0,0
7508,5652,0,0
7509,5653,0,0
7510,5654,0,0
7511,5655,0,0
7512,5656,0,0
7513,5657,0,0
7514,5658,0,0
7515,5659,600000,0
7516,5660,0,0
7517,5661,0,0
7518,5662,1500000,0
7519,5663,1300000,0
7520,5664,0,0
7521,1739,0,0
7522,5665,0,0
7523,5666,0,0
7524,5667,0,0
7525,5668,0,0
7526,5669,0,0
7527,5670,0,0
7528,5671,0,0
7529,5672,0,0
7530,8529,0,0
7531,5673,0,0
7532,5674,0,0
7533,5675,0,0
7534,5676,0,0
7535,5677,750000,0
7536,5679,0,0
7537,5680,0,0
7538,24642,0,0
7539,5681,0,0
7540,5682,0,0
7541,5683,0,0
7542,5684,0,0
7543,5685,0,0
7544,5686,0,0
7545,5687,0,0
7546,8528,0,0
7547,5688,0,0
7548,14446,0,0
7549,5689,0,0
7550,5690,0,0
7551,15176,0,0
7552,16715,0,0
7553,23073,0,0
7554,27006,0,0
7555,5691,0,0
7556,5692,0,0
7557,5693,1500000,0
7558,5694,0,0
7559,5695,0,0
7560,5696,0,0
7561,5697,4000000,0
7562,5698,0,0
7563,5699,0,0
7564,5700,0,0
7565,6141,0,0
7566,15405,0,0
7567,22441,0,0
7568,27809,0,0
7569,28684,0,0
7570,5701,0,0
7571,5702,0,0
7572,5703,600,0
7573,5704,0,0
7574,5705,0,0
7575,5706,0,0
7576,5707,7200000,12600000
7577,5708,0,0
7578,5709,0,0
7579,5710,0,0
7580,5711,0,0
7581,17413,0,0
7582,21769,0,0
7583,5712,10000,0
7584,5713,0,0
7585,5714,0,6500000
7586,5715,0,0
7587,5716,2500000,0
7588,5717,0,0
7589,5718,0,0
7590,5719,0,0
7591,5720,92,0
7592,5722,0,0
7593,5723,0,0
7594,5724,0,0
7595,5726,0,0
7596,5727,0,0
7597,5728,9000000,2429573
7598,5729,0,0
7599,5730,0,0
7600,5731,0,0
7601,5732,0,0
7602,5733,0,0
7603,5735,0,0
7604,5736,0,0
7605,5737,0,0
7606,5738,0,0
7607,5739,0,0
7608,5740,0,0
7609,5741,0,0
7610,5742,0,0
7611,5744,0,0
7612,5745,0,0
7613,5746,0,0
7614,5747,0,0
7615,5748,0,0
7616,5749,0,0
7617,5750,0,0
7618,14207,0,0
7619,5752,3500000,0
7620,5753,0,0
7621,5754,500000,0
7622,5755,0,0
7623,5756,0,0
7624,15071,0,0
7625,5758,13000,0
7626,15757,13000,0
7627,5759,0,0
7628,5760,0,0
7629,5761,0,0
7630,5762,40000,0
7631,5763,0,0
7632,5764,0,0
7633,5765,0,0
7634,21459,0,0
7635,5766,0,0
7636,5767,0,0
7637,5768,0,0
7638,5769,500000,0
7639,5770,0,0
7640,5771,0,0
7641,5772,0,0
7642,5773,0,7000
7643,5774,250000,0
7644,12106,250000,0
7645,5775,0,0
7646,5776,0,0
7647,5777,1000000,0
7648,5778,0,0
7649,13343,0,0
7650,5779,100000,0
7651,5780,0,0
7652,5781,0,0
7653,5782,0,0
7654,5783,0,0
7655,5784,250000,0
7656,12349,250000,0
7657,5785,500000,0
7658,2505,0,0
7659,5787,0,0
7660,5788,0,0
7661,5789,0,0
7662,5790,53000,0
7663,5791,0,0
7664,5792,0,0
7665,5793,0,0
7666,5794,0,0
7667,5795,0,0
7668,5796,0,0
7669,5797,0,0
7670,5798,0,0
7671,5799,0,0
7672,5800,0,0
7673,5801,0,0
7674,5802,0,0
7675,5803,4000000,219449
7676,5804,0,0
7677,5805,0,0
7678,5806,1500000,0
7679,5807,500000,0
7680,15275,500000,0
7681,23446,500000,0
7682,27693,500000,0
7683,5808,0,0
7684,5809,0,0
7685,5811,0,0
7686,5812,0,0
7687,5813,0,0
7688,5814,0,0
7689,5815,0,0
7690,5816,400000,0
7691,5817,0,0
7692,5818,40000,0
7693,5819,0,0
7694,5820,120000,14904
7695,5821,0,0
7696,5822,750000,0
7697,5823,0,0
7698,5824,0,0
7699,5825,0,0
7700,5826,0,0
7701,5827,0,0
7702,5828,0,0
7703,5829,0,0
7704,5830,0,0
7705,5831,0,0
7706,5832,0,0
7707,5833,200000,0
7708,5834,0,0
7709,5835,0,0
7710,5836,3100000,0
7711,8593,3100000,0
7712,8764,3100000,0
7713,14485,3100000,0
7714,27162,3100000,0
7715,27944,3100000,0
7716,28311,3100000,0
7717,29122,3100000,0
7718,5837,0,0
7719,5838,0,0
7720,5839,0,0
7721,5840,500000,0
7722,8742,500000,0
7723,5841,0,0
7724,5842,0,0
7725,13844,0,0
7726,5843,0,0
7727,6407,0,0
7728,25194,0,0
7729,29559,0,0
7730,4910,200,0
7731,5844,200,0
7732,5845,0,0
7733,5846,10000,1000000
7734,5847,0,0
7735,5848,0,0
7736,5849,0,0
7737,5850,0,0
7738,1969,4000000,0
7739,5851,4000000,0
7740,5852,0,0
7741,5853,0,0
7742,5854,0,0
7743,5855,0,0
7744,5857,2000000,0
7745,5858,500000,0
7746,5859,0,0
7747,5860,0,0
7748,5861,2000000,0
7749,5862,7000000,136203
7750,5863,0,0
7751,17179,0,0
7752,5864,0,0
7753,5865,0,0
7754,5866,0,0
7755,5867,0,0
7756,5868,0,88
7757,9690,0,88
7758,5869,0,0
7759,5870,0,0
7760,5871,0,0
7761,5872,0,0
7762,5873,200000,0
7763,5874,1130800,0
7764,5875,0,0
7765,5876,4700000,0
7766,5877,0,0
7767,22979,0,0
7768,23,0,0
7769,5878,0,0
7770,5879,0,0
7771,5880,0,0
7772,5881,0,0
7773,5882,0,0
7774,5883,0,0
7775,5884,0,0
7776,5885,0,0
7777,5886,0,0
7778,7366,0,0
7779,22278,0,0
7780,5887,0,0
7781,5888,0,0
7782,5889,0,0
7783,5890,0,0
7784,5891,0,0
7785,5892,0,0
7786,5893,0,0
7787,5894,0,0
7788,5895,0,0
7789,5896,0,0
7790,5897,0,0
7791,5898,0,0
7792,5899,0,0
7793,5900,0,0
7794,5901,0,0
7795,5902,0,0
7796,5903,0,0
7797,5904,0,0
7798,5905,0,0
7799,5906,0,0
7800,9097,0,0
7801,5907,0,0
7802,5908,0,0
7803,5909,0,0
7804,5910,35000,0
7805,5911,0,0
7806,5912,0,0
7807,5913,500000,0
7808,5914,0,1831166
7809,5915,0,0
7810,5916,0,0
7811,5917,0,0
7812,5918,0,0
7813,5919,0,0
7814,5920,0,0
7815,5921,0,0
7816,5922,0,0
7817,5923,0,0
7818,5924,0,0
7819,141,2000000,0
7820,5925,2000000,0
7821,5926,0,0
7822,5927,3871707,0
7823,8549,3871707,0
7824,5928,0,0
7825,5929,10000,0
7826,5930,0,0
7827,5931,0,0
7828,5933,0,0
7829,5934,0,0
7830,5935,50000,0
7831,5936,300000,0
7832,5937,1000000,0
7833,5938,0,0
7834,5939,0,0
7835,5940,0,0
7836,5941,0,0
7837,5942,0,0
7838,5943,0,0
7839,5944,0,0
7840,5945,0,0
7841,5946,0,0
7842,5947,0,0
7843,5948,35000,0
7844,2655,35000,0
7845,3932,35000,0
7846,5949,35000,0
7847,17104,35000,0
7848,5950,0,0
7849,5951,0,0
7850,5952,0,0
7851,5953,0,0
7852,5954,750000,0
7853,101,0,0
7854,150,0,0
7855,5955,0,0
7856,22668,0,0
7857,5956,0,0
7858,5957,0,0
7859,5958,500000,0
7860,5959,0,0
7861,5960,0,0
7862,5961,0,0
7863,5962,0,0
7864,5963,0,0
7865,5964,0,0
7866,5965,0,0
7867,5966,0,0
7868,5967,0,0
7869,5968,0,0
7870,5969,0,0
7871,5971,0,0
7872,5972,0,0
7873,5973,1000000,0
7874,3117,6,0
7875,5974,6,0
7876,5975,0,8921
7877,5976,149000,0
7878,5977,5000000,0
7879,5978,0,0
7880,5979,0,0
7881,5980,0,0
7882,5982,0,0
7883,5983,1000000,0
7884,5984,0,0
7885,5985,0,0
7886,8782,0,0
7887,10918,0,0
7888,20589,0,0
7889,29488,0,0
7890,5986,0,0
7891,12640,0,0
7892,5987,0,0
7893,5988,0,0
7894,5990,0,0
7895,5991,0,0
7896,5992,0,0
7897,16305,0,0
7898,30118,0,0
7899,5993,2000000,0
7900,5994,0,0
7901,5995,0,0
7902,8419,0,0
7903,5996,0,0
7904,5997,0,0
7905,5998,0,0
7906,1599,3000000,0
7907,5999,3000000,0
7908,23426,3000000,0
7909,24448,3000000,0
7910,6000,0,0
7911,6001,45,0
7912,5315,3000000,0
7913,6002,3000000,0
7914,24926,3000000,0
7915,1851,0,0
7916,2350,0,0
7917,6003,0,0
7918,16641,0,0
7919,25281,0,0
7920,6004,0,0
7921,6005,0,0
7922,6006,0,0
7923,6007,0,0
7924,6008,0,0
7925,6009,0,0
7926,6010,500000,0
7927,6011,1000000,0
7928,6012,0,0
7929,6013,0,0
7930,6014,0,0
7931,6016,0,0
7932,23878,0,0
7933,6017,0,0
7934,6018,0,0
7935,6019,125000,0
7936,6020,0,0
7937,6021,0,0
7938,6022,0,0
7939,6023,1600000,0
7940,6024,250000,0
7941,6025,0,0
7942,6026,0,0
7943,10371,0,0
7944,6027,0,0
7945,6028,325000,0
7946,6029,0,0
7947,6030,1,0
7948,6031,0,0
7949,6032,0,0
7950,6033,0,0
7951,6034,1446950,0
7952,20013,1446950,0
7953,28098,1446950,0
7954,6035,0,0
7955,6037,0,0
7956,6038,0,0
7957,6039,0,0
7958,13923,0,0
7959,6040,0,0
7960,6041,70000,0
7961,7738,70000,0
7962,15491,70000,0
7963,22780,70000,0
7964,23804,70000,0
7965,24554,70000,0
7966,6043,0,0
7967,6044,0,0
7968,6045,0,0
7969,6046,0,0
7970,7456,0,0
7971,6047,0,0
7972,6048,0,0
7973,6049,0,0
7974,6050,0,0
7975,6051,0,0
7976,6052,0,0
7977,6053,0,0
7978,6054,0,0
7979,6055,0,0
7980,6056,0,0
7981,6057,3600000,14000000
7982,6058,0,0
7983,6059,0,0
7984,6060,0,0
7985,6061,0,0
7986,6062,0,0
7987,6063,0,0
7988,6064,0,0
7989,6065,220000,0
7990,27477,220000,0
7991,6066,0,0
7992,6067,0,0
7993,20792,0,0
7994,24688,0,0
7995,6068,0,0
7996,6069,0,0
7997,6070,0,0
7998,6071,0,0
7999,6072,0,0
8000,6073,0,0
8001,6074,0,0
8002,6075,0,0
8003,6076,0,0
8004,6077,65000,1730000
8005,13079,65000,1730000
8006,6078,2600000,6000000
8007,16452,2600000,6000000
8008,6079,0,0
8009,6080,0,0
8010,6081,0,0
8011,6082,0,0
8012,6083,0,0
8013,6084,1000000,0
8014,6085,0,0
8015,6086,0,0
8016,6087,0,0
8017,6088,0,0
8018,6089,0,0
8019,6090,0,0
8020,6091,0,0
8021,6092,0,0
8022,6093,0,0
8023,6094,750000,0
8024,9359,750000,0
8025,6095,0,0
8026,6096,0,0
8027,6097,0,0
8028,6098,2000000,0
8029,6099,0,0
8030,4360,0,0
8031,6100,0,0
8032,10097,0,0
8033,6101,0,0
8034,6102,0,0
8035,6103,0,0
8036,6104,0,0
8037,6105,0,0
8038,6106,0,0
8039,7901,0,0
8040,6107,8000,0
8041,6108,0,0
8042,6109,1912000,0
8043,6110,0,0
8044,6111,0,0
8045,6112,0,0
8046,16684,0,0
8047,6113,0,0
8048,6115,0,0
8049,6116,0,0
8050,6117,0,0
8051,6118,0,0
8052,6119,0,0
8053,6120,0,0
8054,751,0,0
8055,6121,0,0
8056,9399,0,0
8057,6122,0,0
8058,6123,0,0
8059,6124,0,0
8060,1129,0,0
8061,6125,0,0
8062,14065,0,0
8063,15476,0,0
8064,6126,0,0
8065,6128,0,0
8066,6129,50000,0
8067,6130,0,0
8068,6131,0,0
8069,6132,0,0
8070,9718,0,0
8071,6133,0,0
8072,6134,0,0
8073,6135,70000,0
8074,6136,0,0
8075,6137,0,0
8076,6138,0,0
8077,6139,271157,0
8078,6140,0,0
8079,6142,0,0
8080,6143,0,0
8081,6144,0,0
8082,6145,0,0
8083,816,0,0
8084,6146,0,0
8085,11172,0,0
8086,6147,50000,0
8087,6148,0,0
8088,6149,0,1547867
8089,6150,0,0
8090,6151,2400000,0
8091,6152,0,0
8092,6153,0,0
8093,6154,0,0
8094,6155,0,0
8095,6156,0,1500000
8096,6157,0,0
8097,6158,0,0
8098,6159,500000,0
8099,6160,0,0
8100,6161,0,0
8101,6162,0,0
8102,6163,0,0
8103,178,0,0
8104,2925,0,0
8105,6164,0,0
8106,9491,0,0
8107,15768,0,0
8108,16221,0,0
8109,6165,0,0
8110,6166,1200000,0
8111,6167,0,0
8112,6168,0,0
8113,6169,250000,0
8114,6170,0,0
8115,6171,0,0
8116,6172,0,0
8117,6173,0,0
8118,6174,0,0
8119,6175,0,0
8120,6176,0,0
8121,6177,0,0
8122,6178,0,0
8123,6179,500000,0
8124,6180,0,0
8125,6181,1000000,0
8126,6183,0,0
8127,270,1200000,0
8128,6184,1200000,0
8129,15854,1200000,0
8130,25138,1200000,0
8131,6185,0,0
8132,6186,0,0
8133,6187,0,0
8134,6188,0,0
8135,6189,0,0
8136,6190,0,426965
8137,16338,0,426965
8138,19613,0,426965
8139,6191,0,0
8140,6192,0,0
8141,6193,0,0
8142,6195,0,0
8143,6196,0,0
8144,6197,1000000,0
8145,6198,0,0
8146,6199,0,0
8147,17549,0,0
8148,6200,0,0
8149,6201,0,0
8150,6202,0,0
8151,6203,314701,0
8152,6204,0,0
8153,6205,0,0
8154,6206,0,0
8155,6208,0,0
8156,6210,61733,0
8157,6211,0,0
8158,6212,0,0
8159,6213,0,0
8160,6214,0,0
8161,24454,0,0
8162,6215,0,0
8163,6216,0,0
8164,6217,1150000,0
8165,6218,0,0
8166,6219,0,0
8167,6220,0,0
8168,6221,500000,0
8169,6222,810000,0
8170,10819,810000,0
8171,6223,0,168406
8172,6224,0,0
8173,6225,0,0
8174,6226,0,0
8175,6227,0,0
8176,26267,0,0
8177,6228,0,0
8178,6229,0,0
8179,6230,0,0
8180,6231,0,0
8181,14179,0,0
8182,6232,0,0
8183,6233,0,0
8184,6234,0,0
8185,6235,0,0
8186,29437,0,0
8187,1761,70000,0
8188,6236,70000,0
8189,840,600000,0
8190,6237,600000,0
8191,6238,0,0
8192,6239,0,0
8193,6240,0,0
8194,6242,0,0
8195,6243,0,0
8196,6244,0,0
8197,6245,0,0
8198,6246,0,0
8199,6247,0,0
8200,6248,0,0
8201,6249,0,0
8202,6250,0,0
8203,6881,0,0
8204,11612,0,0
8205,25744,0,0
8206,6251,50000,0
8207,6252,0,0
8208,6253,0,0
8209,6254,0,0
8210,6255,0,0
8211,6256,0,0
8212,6257,0,0
8213,6258,0,0
8214,6259,750000,0
8215,6260,0,0
8216,6261,0,0
8217,6262,0,0
8218,6263,0,0
8219,6264,0,0
8220,6265,0,0
8221,6266,0,0
8222,21808,0,0
8223,21810,0,0
8224,6267,0,0
8225,6268,0,0
8226,6269,0,0
8227,6270,0,0
8228,6271,0,0
8229,6273,0,0
8230,6274,120000,0
8231,6275,0,0
8232,6276,0,0
8233,6277,0,0
8234,6278,0,0
8235,6279,0,0
8236,6280,0,0
8237,6281,0,0
8238,4330,0,0
8239,6282,0,0
8240,6283,0,0
8241,6284,0,0
8242,6285,200000,0
8243,6980,200000,0
8244,20264,200000,0
8245,6286,0,0
8246,6287,0,0
8247,6288,0,0
8248,6289,0,0
8249,6290,0,0
8250,6291,0,0
8251,6292,0,0
8252,6293,0,0
8253,6294,0,0
8254,6295,0,0
8255,6296,0,0
8256,7256,0,0
8257,6297,0,0
8258,10333,0,0
8259,19089,0,0
8260,24354,0,0
8261,6298,0,0
8262,6299,0,0
8263,6300,0,0
8264,6301,0,0
8265,6302,0,0
8266,6303,0,0
8267,6304,0,0
8268,23754,0,0
8269,6305,0,0
8270,6306,30000,0
8271,6307,0,0
8272,6308,0,0
8273,6309,0,0
8274,6310,0,0
8275,6311,0,373530
8276,6312,0,0
8277,6313,1000000,0
8278,6314,0,0
8279,6315,0,0
8280,6316,0,0
8281,6317,0,0
8282,6318,0,0
8283,6319,0,0
8284,6320,0,0
8285,6321,0,0
8286,6323,0,0
8287,6324,0,0
8288,6325,0,0
8289,6326,0,0
8290,6327,0,0
8291,1345,0,0
8292,6328,0,0
8293,12546,0,0
8294,22481,0,0
8295,6329,0,0
8296,6330,0,0
8297,6331,0,0
8298,6333,0,0
8299,6334,0,0
8300,6335,0,0
8301,6336,0,0
8302,6337,0,0
8303,6338,0,0
8304,6339,0,0
8305,6340,0,0
8306,6341,0,0
8307,6342,0,0
8308,6343,0,0
8309,6344,0,0
8310,6345,1700000,0
8311,6346,140000,0
8312,6347,0,0
8313,6348,180000,0
8314,22270,180000,0
8315,6349,0,0
8316,6350,0,0
8317,6351,1000000,0
8318,6352,0,0
8319,15915,0,0
8320,6353,4000000,670774
8321,6354,0,0
8322,6355,0,0
8323,6357,0,0
8324,6358,0,0
8325,6359,0,0
8326,2503,0,0
8327,6360,0,0
8328,6361,1000000,0
8329,6362,0,0
8330,6363,0,0
8331,6364,0,0
8332,6365,0,0
8333,6366,70000,0
8334,6367,0,0
8335,6368,1500000,0
8336,6370,200000,0
8337,13618,200000,0
8338,6371,0,0
8339,6372,0,0
8340,6373,0,0
8341,6374,0,0
8342,6375,33000,0
8343,6376,0,0
8344,6377,0,0
8345,6378,20000,0
8346,6380,15000,0
8347,6381,0,0
8348,14555,0,0
8349,6382,0,0
8350,6383,0,0
8351,6384,0,0
8352,6385,0,0
8353,6386,10000,0
8354,6387,0,0
8355,6388,0,0
8356,6389,0,0
8357,6390,0,0
8358,6391,0,0
8359,6392,25000,0
8360,6393,0,0
8361,6394,0,0
8362,6395,100000,0
8363,6396,0,493857
8364,27215,0,493857
8365,5019,30000,0
8366,6397,30000,0
8367,6398,0,0
8368,15023,0,0
8369,6399,0,44162
8370,6400,0,0
8371,6401,25000,0
8372,6402,0,0
8373,6403,0,0
8374,6404,0,0
8375,6405,0,0
8376,6406,0,0
8377,6408,0,0
8378,6409,0,0
8379,6410,35000,0
8380,6411,0,0
8381,6412,0,0
8382,2707,15000,0
8383,6413,15000,0
8384,12226,15000,0
8385,14933,15000,0
8386,15404,15000,0
8387,26085,15000,0
8388,26202,15000,0
8389,6414,0,0
8390,6415,0,0
8391,6416,0,0
8392,6418,0,0
8393,6419,0,0
8394,6420,0,0
8395,6421,0,0
8396,6422,0,0
8397,15802,0,0
8398,29271,0,0
8399,6423,0,0
8400,6424,0,676805
8401,6425,0,0
8402,6426,0,0
8403,6427,0,0
8404,25868,0,0
8405,6428,0,0
8406,24100,0,0
8407,6429,0,0
8408,6430,0,0
8409,17709,0,0
8410,6431,0,0
8411,6432,0,0
8412,12559,0,0
8413,18587,0,0
8414,6434,0,0
8415,6435,4000,0
8416,6436,0,0
8417,6437,0,0
8418,6438,0,0
8419,6439,0,0
8420,6440,500000,0
8421,6441,0,0
8422,6442,0,0
8423,6443,0,0
8424,6444,0,0
8425,6445,0,0
8426,6446,0,0
8427,6447,0,91260
8428,6448,0,0
8429,6449,0,0
8430,6450,0,0
8431,6451,0,0
8432,6452,0,7141571
8433,6453,0,0
8434,6547,0,0
8435,6454,2000000,0
8436,6455,0,0
8437,6456,0,0
8438,8258,0,0
8439,25445,0,0
8440,6457,0,0
8441,6458,0,0
8442,6459,225,0
8443,6460,0,0
8444,1135,2150000,0
8445,2495,2150000,0
8446,6461,2150000,0
8447,28968,2150000,0
8448,6462,0,4970
8449,6463,0,0
8450,6464,0,337812
8451,6465,0,0
8452,6466,0,0
8453,6467,0,0
8454,6468,35000,0
8455,6469,18000,0
8456,6470,210000,0
8457,6471,0,0
8458,6472,3900000,0
8459,6473,0,0
8460,6474,0,0
8461,6475,0,0
8462,6476,0,0
8463,6477,0,0
8464,14482,0,0
8465,6478,0,0
8466,6479,0,0
8467,6480,100000,0
8468,6481,7750000,1372469
8469,6482,0,0
8470,6483,0,0
8471,6484,0,0
8472,6485,0,0
8473,6486,0,0
8474,6487,0,0
8475,6488,0,0
8476,6489,0,0
8477,6490,0,0
8478,6491,0,0
8479,6492,0,31100
8480,6493,0,0
8481,6494,500000,0
8482,6495,0,0
8483,6496,0,0
8484,6497,0,0
8485,6498,0,0
8486,21226,0,0
8487,26471,0,0
8488,6499,0,0
8489,6500,0,0
8490,6501,2700000,9600000
8491,6502,0,0
8492,6503,0,0
8493,6504,0,0
8494,6505,0,0
8495,6506,0,0
8496,6507,0,0
8497,6508,0,0
8498,6509,65000,0
8499,6510,0,0
8500,6511,0,0
8501,6513,0,0
8502,6514,0,0
8503,12639,0,0
8504,6515,0,0
8505,6516,0,0
8506,6517,0,0
8507,6518,0,0
8508,6519,250000,0
8509,6520,500000,0
8510,6521,1600,0
8511,8554,1600,0
8512,6522,0,0
8513,6523,0,0
8514,6524,0,0
8515,6525,3000000,0
8516,6526,0,0
8517,6527,0,0
8518,17276,0,0
8519,25175,0,0
8520,6528,1,1
8521,6529,200000,0
8522,6530,0,0
8523,6531,0,0
8524,6532,0,0
8525,26686,0,0
8526,6533,0,0
8527,6534,0,0
8528,1382,0,0
8529,6535,0,0
8530,6536,0,0
8531,6537,0,0
8532,1357,0,0
8533,6538,0,0
8534,19439,0,0
8535,6539,0,0
8536,6540,0,0
8537,6541,20000,0
8538,6542,0,0
8539,6543,0,0
8540,6544,0,0
8541,6545,0,0
8542,6546,0,0
8543,6548,1500000,0
8544,6549,2000000,16344
8545,6550,0,0
8546,6551,0,0
8547,6553,0,0
8548,6554,0,0
8549,6555,0,0
8550,6556,0,0
8551,6557,0,0
8552,6558,0,0
8553,6559,0,0
8554,6560,0,0
8555,6561,5000000,485772
8556,6562,0,0
8557,6563,0,0
8558,6564,0,0
8559,6565,0,0
8560,17778,0,0
8561,23211,0,0
8562,29058,0,0
8563,29213,0,0
8564,6566,0,0
8565,6567,0,0
8566,6568,0,0
8567,6569,0,0
8568,6570,0,0
8569,6571,0,0
8570,6572,0,0
8571,6573,0,0
8572,6574,25000,0
8573,6575,0,0
8574,6576,0,0
8575,6577,0,0
8576,6578,0,0
8577,6579,0,0
8578,6580,0,0
8579,6581,475000,0
8580,6582,0,0
8581,6583,0,0
8582,6584,0,0
8583,6585,0,0
8584,6586,456781,0
8585,6587,0,0
8586,6588,0,0
8587,6589,0,0
8588,6590,0,0
8589,6591,0,0
8590,6592,0,0
8591,1490,0,0
8592,6593,0,0
8593,12136,0,0
8594,13270,0,0
8595,13817,0,0
8596,16720,0,0
8597,17967,0,0
8598,21433,0,0
8599,23409,0,0
8600,26775,0,0
8601,26927,0,0
8602,28416,0,0
8603,6594,0,0
8604,6595,0,0
8605,6596,0,0
8606,6597,0,0
8607,6598,1800000,0
8608,6599,0,0
8609,8013,0,0
8610,10883,0,0
8611,15531,0,0
8612,22403,0,0
8613,24025,0,0
8614,6601,0,0
8615,6602,0,0
8616,8354,0,0
8617,6603,0,0
8618,6604,0,0
8619,6605,0,0
8620,6606,40000000,312242626
8621,6607,0,0
8622,6608,50000,0
8623,6609,0,0
8624,6610,0,0
8625,6611,0,0
8626,6612,0,0
8627,6613,0,0
8628,6614,0,1066555
8629,6615,1000000,0
8630,6616,0,0
8631,6617,0,0
8632,6618,0,0
8633,8482,0,0
8634,19698,0,0
8635,6619,0,0
8636,6620,0,0
8637,6621,0,0
8638,6622,0,0
8639,6624,0,0
8640,6625,0,0
8641,6626,0,0
8642,13449,0,0
8643,6627,0,0
8644,6628,0,0
8645,6629,0,0
8646,6631,0,0
8647,6632,0,0
8648,6633,0,0
8649,3049,0,0
8650,6634,0,0
8651,14577,0,0
8652,6635,0,0
8653,6636,0,0
8654,6637,0,0
8655,6638,0,0
8656,20564,0,0
8657,6639,0,0
8658,6640,0,0
8659,6641,0,0
8660,6642,0,0
8661,6643,0,0
8662,6644,0,28115
8663,6645,0,0
8664,10941,0,0
8665,29760,0,0
8666,6646,0,0
8667,6647,0,0
8668,6648,0,0
8669,6649,0,0
8670,6650,0,0
8671,28496,0,0
8672,6651,0,0
8673,6652,1000000,0
8674,6653,0,0
8675,6654,0,0
8676,6655,0,0
8677,6656,0,0
8678,6657,0,0
8679,6658,0,0
8680,6659,0,0
8681,6660,0,2000000
8682,6661,0,0
8683,6662,0,0
8684,6663,0,0
8685,6664,0,0
8686,6857,0,0
8687,6665,0,0
8688,6666,0,0
8689,6667,0,0
8690,6668,0,0
8691,6669,1,0
8692,6670,0,0
8693,6671,0,0
8694,6672,0,0
8695,6673,0,0
8696,20030,0,0
8697,6674,0,0
8698,8647,0,0
8699,13858,0,0
8700,16664,0,0
8701,25295,0,0
8702,29323,0,0
8703,29455,0,0
8704,29855,0,0
8705,6675,0,0
8706,6676,0,0
8707,6677,0,0
8708,6678,0,0
8709,6679,0,1632
8710,6680,0,0
8711,6681,1596010,0
8712,6682,0,0
8713,6683,0,0
8714,6684,0,0
8715,6685,70000,0
8716,6686,0,0
8717,6687,0,0
8718,6688,0,0
8719,6689,0,0
8720,6690,1340000,0
8721,6691,0,0
8722,6692,0,0
8723,6693,0,0
8724,6694,0,0
8725,21498,0,0
8726,6695,0,0
8727,6696,0,0
8728,6697,0,0
8729,6698,0,0
8730,6699,0,0
8731,6700,0,0
8732,6701,0,0
8733,6702,0,0
8734,11984,0,0
8735,12353,0,0
8736,23546,0,0
8737,24321,0,0
8738,6703,32350,0
8739,6704,0,0
8740,14048,0,0
8741,15207,0,0
8742,6705,0,0
8743,6706,0,0
8744,6707,0,0
8745,6708,0,0
8746,6709,0,0
8747,6710,0,0
8748,23670,0,0
8749,6711,0,0
8750,6712,0,0
8751,19138,0,0
8752,22059,0,0
8753,29337,0,0
8754,6713,14000,0
8755,6714,0,0
8756,15100,0,0
8757,6715,0,0
8758,6716,0,0
8759,6717,0,0
8760,6718,0,0
8761,6719,0,0
8762,6720,0,0
8763,6721,3000000,0
8764,6722,0,0
8765,6723,0,0
8766,6724,0,0
8767,6725,0,0
8768,6726,0,0
8769,6727,0,0
8770,6728,0,0
8771,23405,0,0
8772,24813,0,0
8773,6729,0,0
8774,6730,0,0
8775,6731,0,0
8776,6732,0,0
8777,1634,0,0
8778,6733,0,0
8779,8312,0,0
8780,17430,0,0
8781,18141,0,0
8782,21619,0,0
8783,6734,750000,0
8784,6735,5000,0
8785,11271,5000,0
8786,6736,0,0
8787,6737,0,0
8788,6738,0,0
8789,6739,0,0
8790,6740,0,0
8791,6741,0,0
8792,6742,0,0
8793,6744,0,0
8794,6745,0,0
8795,6746,0,0
8796,6747,0,0
8797,6748,0,0
8798,6749,0,0
8799,13920,0,0
8800,18582,0,0
8801,6750,0,3882
8802,6751,0,0
8803,6752,0,0
8804,6753,0,0
8805,6754,0,0
8806,6755,0,0
8807,6756,0,0
8808,6757,2000,0
8809,6758,0,0
8810,6759,0,0
8811,6760,0,0
8812,12977,0,0
8813,18244,0,0
8814,18938,0,0
8815,23265,0,0
8816,24380,0,0
8817,29697,0,0
8818,6761,0,0
8819,6762,0,0
8820,6763,0,0
8821,6764,0,0
8822,6765,0,0
8823,6766,0,0
8824,6767,0,0
8825,6768,0,0
8826,6769,0,0
8827,6770,0,0
8828,6771,0,0
8829,6772,10000,0
8830,6773,0,0
8831,6774,450000,0
8832,6775,1,0
8833,6776,0,0
8834,6777,0,0
8835,6778,3000,0
8836,6779,0,0
8837,6780,0,0
8838,6781,0,0
8839,6782,0,0
8840,6784,0,0
8841,6785,0,0
8842,6786,0,0
8843,682,0,0
8844,6787,0,0
8845,6788,0,0
8846,6789,0,0
8847,6790,0,0
8848,6791,1000000,0
8849,6793,0,0
8850,6794,0,0
8851,9225,0,0
8852,9504,0,0
8853,6795,0,0
8854,6796,0,0
8855,6797,0,0
8856,6798,0,0
8857,6799,0,0
8858,6800,2500000,0
8859,6801,0,0
8860,6802,0,0
8861,6803,0,0
8862,6804,0,0
8863,6805,0,0
8864,6806,0,0
8865,6807,0,0
8866,6808,0,0
8867,6809,0,0
8868,6810,0,0
8869,6811,0,0
8870,6813,0,0
8871,6814,500000,0
8872,6815,0,0
8873,6816,780000,0
8874,6817,0,0
8875,6818,0,0
8876,6819,0,0
8877,6820,0,0
8878,6821,0,0
8879,6822,0,0
8880,6823,5000,0
8881,6824,0,0
8882,6825,3300000,0
8883,6826,0,0
8884,6827,0,0
8885,6828,0,0
8886,6829,0,0
8887,6830,0,0
8888,6831,0,0
8889,6832,2,0
8890,6833,0,0
8891,6834,0,0
8892,4493,100000,1000000
8893,6835,100000,1000000
8894,9683,100000,1000000
8895,6836,0,0
8896,6837,0,0
8897,6838,0,0
8898,6839,0,0
8899,6840,0,0
8900,6841,0,0
8901,6842,0,0
8902,6843,0,0
8903,6844,0,0
8904,6845,0,0
8905,6846,0,0
8906,6847,0,0
8907,6848,0,0
8908,6849,0,0
8909,6850,0,0
8910,6851,0,96830
8911,6853,0,0
8912,6854,0,0
8913,6855,0,0
8914,8034,0,0
8915,16100,0,0
8916,23105,0,0
8917,27007,0,0
8918,6856,0,0
8919,6664,240000,2800000
8920,6857,240000,2800000
8921,6858,0,0
8922,6859,0,0
8923,6860,0,0
8924,6861,0,0
8925,6862,0,0
8926,6863,0,0
8927,6864,0,0
8928,6865,0,0
8929,6866,0,0
8930,6867,0,0
8931,6868,750000,0
8932,6869,0,0
8933,6870,0,0
8934,6871,0,0
8935,6872,0,0
8936,6873,0,0
8937,6874,0,0
8938,6875,0,0
8939,6876,0,0
8940,6877,3400000,0
8941,17992,3400000,0
8942,6878,0,0
8943,6879,0,0
8944,6880,0,0
8945,6882,3000000,0
8946,6883,0,0
8947,6884,0,0
8948,6885,0,0
8949,6886,0,0
8950,6887,150000,0
8951,6888,6,7
8952,6889,0,0
8953,6890,0,0
8954,18924,0,0
8955,6891,0,0
8956,6893,0,0
8957,6894,0,0
8958,6895,0,0
8959,6896,0,0
8960,6897,0,0
8961,6898,0,0
8962,6899,0,0
8963,6900,0,0
8964,6901,3000000,0
8965,6902,200000,0
8966,15175,200000,0
8967,19708,200000,0
8968,6903,0,0
8969,6904,0,25092
8970,6905,0,0
8971,16041,0,0
8972,6906,0,0
8973,6907,0,0
8974,6908,0,0
8975,6909,0,0
8976,6911,0,0
8977,7467,0,0
8978,19665,0,0
8979,6912,0,0
8980,6913,0,0
8981,6914,26000,0
8982,6915,0,57696
8983,6916,0,0
8984,6917,0,0
8985,6918,1900000,0
8986,6919,0,0
8987,6920,0,0
8988,6921,0,0
8989,1214,0,0
8990,6922,0,0
8991,16445,0,0
8992,6923,0,0
8993,24654,0,0
8994,6924,0,0
8995,6925,0,0
8996,6926,4000000,0
8997,6927,0,0
8998,6928,0,0
8999,2527,0,60700
9000,6929,0,60700
9001,15367,0,60700
9002,23775,0,60700
9003,24098,0,60700
9004,25709,0,60700
9005,6930,55000,0
9006,6931,0,0
9007,6932,0,0
9008,6933,0,0
9009,6934,0,0
9010,6935,0,0
9011,6936,0,0
9012,6937,0,0
9013,6938,50000,0
9014,6939,0,0
9015,6940,0,0
9016,6941,500000,0
9017,6942,0,0
9018,6943,0,0
9019,6944,0,0
9020,6945,0,0
9021,6946,0,0
9022,6947,0,0
9023,6948,0,0
9024,6949,0,0
9025,14546,0,0
9026,15499,0,0
9027,6950,0,0
9028,6951,0,0
9029,6952,0,0
9030,6953,0,0
9031,6954,0,0
9032,6955,0,0
9033,16307,0,0
9034,29210,0,0
9035,6956,0,0
9036,6957,0,0
9037,15985,0,0
9038,6958,0,0
9039,6959,0,0
9040,6960,0,0
9041,6961,0,0
9042,6962,0,0
9043,6963,0,0
9044,7531,0,0
9045,10616,0,0
9046,17906,0,0
9047,18076,0,0
9048,21186,0,0
9049,26880,0,0
9050,30346,0,0
9051,31049,0,0
9052,6964,0,0
9053,884,0,0
9054,6965,0,0
9055,13365,0,0
9056,29091,0,0
9057,6966,0,0
9058,6967,100000,0
9059,6968,0,0
9060,16833,0,0
9061,17763,0,0
9062,21741,0,0
9063,6969,0,0
9064,6970,0,0
9065,6971,0,0
9066,6972,0,0
9067,6973,0,0
9068,6975,110000,0
9069,6976,300,110000
9070,6977,0,0
9071,6978,0,0
9072,6979,0,0
9073,6285,1000000,0
9074,6980,1000000,0
9075,20264,1000000,0
9076,6981,50000,0
9077,6982,0,2396341
9078,6983,0,0
9079,6984,0,0
9080,6985,2600000,0
9081,6986,0,0
9082,6987,2500000,0
9083,6988,0,0
9084,6989,0,0
9085,6990,0,0
9086,12726,0,0
9087,6991,0,0
9088,12425,0,0
9089,6992,0,0
9090,15244,0,0
9091,6994,0,0
9092,6995,0,0
9093,6996,0,0
9094,6998,0,0
9095,6999,0,0
9096,7000,10000,0
9097,7001,0,0
9098,7002,0,0
9099,7003,500000,0
9100,7004,0,0
9101,7005,0,0
9102,7006,0,0
9103,12653,0,0
9104,21389,0,0
9105,7007,0,0
9106,7008,0,0
9107,7009,0,0
9108,7011,0,0
9109,7012,0,0
9110,7013,0,0
9111,7014,0,0
9112,7015,0,0
9113,7016,0,0
9114,7017,0,0
9115,7018,0,0
9116,7019,0,0
9117,7020,0,0
9118,7021,0,0
9119,7022,0,0
9120,13154,0,0
9121,7023,0,0
9122,7024,0,0
9123,7025,0,0
9124,7026,0,0
9125,7027,0,0
9126,7028,0,0
9127,7029,0,0
9128,7030,300000,0
9129,7031,0,0
9130,7032,0,0
9131,11641,0,0
9132,7034,0,0
9133,8675,0,0
9134,14624,0,0
9135,22326,0,0
9136,7035,0,0
9137,7037,0,0
9138,7038,0,0
9139,21133,0,0
9140,7039,0,0
9141,7040,0,0
9142,7041,0,0
9143,7042,0,0
9144,7043,0,0
9145,7044,10000000,0
9146,7045,0,0
9147,7046,0,0
9148,7047,0,0
9149,7048,3700000,0
9150,7049,0,0
9151,7050,0,0
9152,7051,0,0
9153,20207,0,0
9154,7052,0,0
9155,7053,0,0
9156,7054,0,0
9157,7055,0,0
9158,7056,0,0
9159,7057,0,1652711
9160,7058,0,0
9161,7059,0,0
9162,7060,0,0
9163,7061,0,0
9164,4259,45000,0
9165,7062,45000,0
9166,19231,45000,0
9167,7063,0,0
9168,7064,0,0
9169,7065,0,0
9170,7066,0,0
9171,7067,0,0
9172,7068,0,0
9173,7069,0,0
9174,7070,0,0
9175,7071,0,0
9176,7072,0,0
9177,7073,0,0
9178,7074,2400,0
9179,7075,0,0
9180,7076,0,0
9181,3896,0,0
9182,7077,0,0
9183,7078,0,0
9184,7079,0,0
9185,7080,0,0
9186,7081,0,0
9187,7082,0,0
9188,7083,0,0
9189,7084,0,0
9190,7085,100000,0
9191,7086,0,0
9192,7087,1200000,0
9193,7088,0,0
9194,7089,135000,0
9195,7090,0,0
9196,7091,0,0
9197,7092,0,0
9198,7093,0,0
9199,7094,0,0
9200,7095,0,0
9201,7096,0,0
9202,7097,0,0
9203,7098,0,0
9204,7285,0,0
9205,7099,0,0
9206,7100,0,0
9207,7101,0,0
9208,7102,0,0
9209,7103,0,0
9210,7104,0,0
9211,7105,1500000,0
9212,7106,4000000,0
9213,7107,0,0
9214,7108,90000,0
9215,7109,0,0
9216,7110,0,0
9217,28263,0,0
9218,7111,0,0
9219,7113,0,0
9220,7114,0,0
9221,7115,0,0
9222,7116,30000,0
9223,7117,250000,0
9224,7118,0,0
9225,7119,0,0
9226,7120,0,0
9227,7121,0,0
9228,7122,0,0
9229,7123,0,0
9230,7124,0,0
9231,7125,0,0
9232,7126,550000,0
9233,7127,0,0
9234,7128,0,0
9235,7129,0,0
9236,7130,0,0
9237,2662,200000,0
9238,7131,200000,0
9239,17380,200000,0
9240,7132,0,0
9241,7133,0,0
9242,7134,0,0
9243,7135,0,0
9244,7136,0,0
9245,7137,0,0
9246,7138,0,0
9247,7139,0,0
9248,7140,0,0
9249,7141,0,0
9250,7142,1500000,0
9251,7143,0,0
9252,7144,0,0
9253,7145,0,0
9254,7146,0,0
9255,7147,0,0
9256,16765,0,0
9257,7148,0,0
9258,7149,1000000,0
9259,7150,0,0
9260,7151,0,0
9261,7152,2300000,0
9262,7153,1200000,0
9263,7154,0,0
9264,7155,0,0
9265,7156,0,0
9266,23091,0,0
9267,30001,0,0
9268,7157,0,0
9269,9955,0,0
9270,11723,0,0
9271,14733,0,0
9272,2659,0,0
9273,3385,0,0
9274,7158,0,0
9275,11574,0,0
9276,7159,0,0
9277,7160,0,0
9278,7161,0,0
9279,7162,0,0
9280,7163,0,0
9281,7164,0,0
9282,2906,0,0
9283,7165,0,0
9284,15073,0,0
9285,23205,0,0
9286,7166,0,0
9287,7167,0,0
9288,7168,0,0
9289,8146,0,0
9290,21311,0,0
9291,7169,0,0
9292,10070,0,0
9293,7170,0,0
9294,7171,0,0
9295,7172,0,0
9296,7173,110000,0
9297,7174,800000,0
9298,7175,100000,0
9299,22140,100000,0
9300,7176,0,0
9301,7177,0,0
9302,29138,0,0
9303,7178,0,0
9304,7179,0,0
9305,7180,500000,0
9306,10817,500000,0
9307,7181,0,0
9308,8344,0,0
9309,15382,0,0
9310,7182,0,0
9311,7183,0,0
9312,7184,0,0
9313,7185,0,0
9314,7186,0,0
9315,7187,0,0
9316,7188,0,0
9317,7189,0,0
9318,7191,0,0
9319,9295,0,0
9320,12971,0,0
9321,24289,0,0
9322,7192,1500000,0
9323,7193,74000,0
9324,26445,74000,0
9325,7194,0,0
9326,7195,1500000,0
9327,7196,150000,0
9328,7197,0,0
9329,7198,0,0
9330,7199,0,0
9331,7200,0,0
9332,7201,0,0
9333,7202,0,0
9334,7203,225000,0
9335,7204,0,0
9336,13679,0,0
9337,7205,0,0
9338,7206,0,0
9339,7207,0,0
9340,7208,0,0
9341,7210,1000000,0
9342,7211,0,0
9343,7212,0,0
9344,7213,0,0
9345,7214,150000,0
9346,7215,0,0
9347,7216,0,0
9348,7217,0,0
9349,7218,0,0
9350,7219,0,0
9351,7220,250000,0
9352,7221,750,0
9353,7222,0,0
9354,7223,3000000,0
9355,7224,0,0
9356,7225,0,0
9357,7226,0,0
9358,7227,0,0
9359,7228,500,0
9360,23567,500,0
9361,7229,0,0
9362,7230,0,0
9363,7231,0,0
9364,7232,0,0
9365,7233,0,0
9366,7234,0,0
9367,7235,750000,0
9368,7981,750000,0
9369,10456,750000,0
9370,7236,0,0
9371,7237,12000,0
9372,7238,0,0
9373,7239,0,0
9374,7240,0,0
9375,7241,0,0
9376,7242,0,0
9377,7243,0,0
9378,7244,1000000,0
9379,7245,0,0
9380,7246,0,0
9381,7248,0,0
9382,7249,0,0
9383,7250,0,0
9384,7251,0,0
9385,28367,0,0
9386,7252,0,0
9387,7253,0,0
9388,7254,0,0
9389,7255,0,0
9390,7257,0,0
9391,7258,0,0
9392,7260,0,0
9393,7261,0,0
9394,7262,0,0
9395,7263,257000,0
9396,7264,0,0
9397,7265,0,0
9398,7266,0,0
9399,7267,0,0
9400,7268,0,0
9401,7269,0,0
9402,7270,0,0
9403,7272,0,0
9404,12294,0,0
9405,7273,0,0
9406,1625,1600000,0
9407,4514,1600000,0
9408,7274,1600000,0
9409,7275,0,0
9410,7276,40000,0
9411,7277,30000,0
9412,7278,0,0
9413,7279,0,0
9414,7280,3500000,0
9415,10071,3500000,0
9416,7281,0,0
9417,7282,0,0
9418,7283,0,0
9419,7284,0,0
9420,7098,3000000,0
9421,7285,3000000,0
9422,7286,0,0
9423,7287,0,0
9424,15482,0,0
9425,7288,0,0
9426,7289,0,0
9427,7290,0,0
9428,7455,0,0
9429,7291,0,0
9430,7292,0,0
9431,983,0,0
9432,7293,0,0
9433,7294,0,0
9434,7295,0,0
9435,7297,0,0
9436,17925,0,0
9437,7298,0,0
9438,7299,0,0
9439,7300,0,0
9440,15308,0,0
9441,7301,0,0
9442,7302,0,0
9443,7303,0,0
9444,7304,0,0
9445,7305,0,0
9446,7306,0,0
9447,7307,0,0
9448,7308,0,0
9449,7309,0,0
9450,7310,0,0
9451,7311,0,0
9452,7312,0,0
9453,7313,0,0
9454,7314,0,0
9455,7315,0,0
9456,7316,0,0
9457,7317,0,0
9458,7318,0,0
9459,7320,0,0
9460,7321,0,0
9461,7322,0,0
9462,7323,0,0
9463,7324,0,0
9464,7326,0,0
9465,7327,0,0
9466,7328,0,0
9467,7329,0,0
9468,7330,0,0
9469,7331,0,0
9470,7332,0,0
9471,7333,0,0
9472,7334,0,0
9473,9022,0,0
9474,7335,0,0
9475,7336,406100,0
9476,7337,0,0
9477,7338,0,0
9478,7339,3000,0
9479,2296,0,0
9480,7340,0,0
9481,14916,0,0
9482,15140,0,0
9483,17062,0,0
9484,24051,0,0
9485,7341,0,0
9486,7342,0,0
9487,7343,0,0
9488,7344,0,0
9489,7345,0,0
9490,7346,0,0
9491,7347,0,0
9492,7348,0,0
9493,7349,300000,0
9494,7350,0,0
9495,7351,0,0
9496,7352,0,0
9497,7353,0,0
9498,7354,0,0
9499,7355,0,0
9500,7356,0,0
9501,7357,0,0
9502,7358,0,0
9503,7359,0,0
9504,7360,0,0
9505,7361,0,0
9506,7362,0,0
9507,7363,2915739,14000000
9508,7364,0,0
9509,7365,0,0
9510,7367,300000,0
9511,7368,0,0
9512,7369,0,0
9513,7370,60000,0
9514,7371,0,0
9515,7372,0,0
9516,7373,0,0
9517,7374,0,0
9518,7375,0,0
9519,7376,0,0
9520,7377,0,0
9521,7378,0,0
9522,7379,0,0
9523,7380,0,0
9524,7381,0,0
9525,7382,0,0
9526,7383,0,0
9527,22335,0,0
9528,7384,600000,0
9529,7385,0,0
9530,7386,0,0
9531,15431,0,0
9532,7387,0,0
9533,7388,0,0
9534,7389,450000,0
9535,7390,0,0
9536,7391,0,0
9537,7392,0,0
9538,7393,0,0
9539,7396,10,0
9540,7397,0,0
9541,7398,0,0
9542,7399,0,0
9543,7400,0,0
9544,7401,0,0
9545,7402,0,0
9546,7403,0,0
9547,7404,0,0
9548,7405,0,0
9549,7406,0,0
9550,7407,85000,0
9551,7408,0,0
9552,7409,35000,0
9553,7410,0,0
9554,7411,0,0
9555,7412,0,0
9556,7413,0,0
9557,7414,0,0
9558,7415,0,0
9559,7416,0,0
9560,7417,0,0
9561,7418,0,0
9562,7419,0,466369
9563,7420,50000,0
9564,7421,1000000,0
9565,15373,1000000,0
9566,7422,500000,0
9567,7423,300,0
9568,7424,0,0
9569,7425,0,0
9570,28244,0,0
9571,7426,900,0
9572,7427,0,0
9573,7428,0,0
9574,7429,0,0
9575,7430,0,0
9576,7431,1000000,0
9577,7432,0,0
9578,7433,0,0
9579,7434,0,0
9580,7435,0,0
9581,7436,0,0
9582,7437,0,0
9583,7439,0,0
9584,7440,0,0
9585,7441,200,0
9586,7442,4000000,0
9587,7443,0,0
9588,7444,0,0
9589,8640,0,0
9590,26728,0,0
9591,7445,0,0
9592,7446,0,0
9593,7447,0,0
9594,7448,1900000,0
9595,7449,0,0
9596,7450,0,1691811
9597,21587,0,1691811
9598,29939,0,1691811
9599,7451,0,0
9600,7452,0,0
9601,7453,10000,0
9602,7454,500000,0
9603,7457,0,0
9604,7458,0,0
9605,7459,0,0
9606,7460,0,0
9607,7461,12,0
9608,2575,0,0
9609,7462,0,0
9610,9987,0,0
9611,26309,0,0
9612,7463,0,0
9613,7464,0,0
9614,7465,0,0
9615,7466,0,0
9616,7468,0,0
9617,7469,0,0
9618,7470,1000000,0
9619,7471,0,0
9620,8153,0,0
9621,16538,0,0
9622,23005,0,0
9623,7472,450000,0
9624,306,0,0
9625,7473,0,0
9626,12938,0,0
9627,7474,100000,0
9628,12099,100000,0
9629,7475,0,0
9630,28757,0,0
9631,7476,0,0
9632,7477,350000,0
9633,7478,0,0
9634,27344,0,0
9635,28215,0,0
9636,7479,0,0
9637,7480,0,0
9638,7481,0,0
9639,7482,200000,0
9640,7483,300000,0
9641,7484,0,0
9642,7485,0,0
9643,7486,0,0
9644,7487,0,0
9645,7488,0,0
9646,7489,0,0
9647,7490,16500,0
9648,7491,0,0
9649,7492,0,0
9650,7493,0,0
9651,7494,0,0
9652,19663,0,0
9653,7495,0,0
9654,7497,0,0
9655,7498,150,0
9656,7499,0,0
9657,7500,0,0
9658,7501,1500000,0
9659,7502,0,0
9660,7503,2000000,0
9661,7504,0,0
9662,7505,0,0
9663,7506,500000,0
9664,7507,0,0
9665,7508,0,0
9666,7509,0,0
9667,11493,0,0
9668,7510,0,0
9669,7511,0,0
9670,7512,950000,0
9671,7513,0,0
9672,7514,0,0
9673,7515,0,0
9674,7517,0,0
9675,7518,1000000,0
9676,7519,40000,0
9677,7520,0,0
9678,3539,0,0
9679,4401,0,0
9680,7521,0,0
9681,17696,0,0
9682,28275,0,0
9683,7522,0,0
9684,7523,0,0
9685,7524,0,0
9686,7525,0,0
9687,7526,0,0
9688,8844,0,0
9689,29385,0,0
9690,7527,0,0
9691,7528,0,0
9692,7530,0,0
9693,7532,0,0
9694,7533,0,0
9695,7534,0,0
9696,7535,500000,0
9697,7536,0,0
9698,7537,0,0
9699,20576,0,0
9700,7538,0,0
9701,7539,0,0
9702,7540,0,0
9703,7541,0,0
9704,7542,0,0
9705,7543,0,0
9706,7544,0,0
9707,7545,0,0
9708,7546,0,0
9709,7547,0,0
9710,7548,0,0
9711,7549,0,0
9712,3470,0,0
9713,7550,0,0
9714,7551,98000,0
9715,7552,500000,0
9716,7553,0,0
9717,7554,0,0
9718,7555,0,0
9719,7556,0,0
9720,7557,0,0
9721,7559,0,0
9722,7560,0,0
9723,7561,0,0
9724,7562,0,0
9725,7563,0,0
9726,7564,0,0
9727,7565,0,0
9728,7566,0,0
9729,9060,0,0
9730,9910,0,0
9731,15266,0,0
9732,15379,0,0
9733,27285,0,0
9734,7567,0,0
9735,15801,0,0
9736,7568,23000,0
9737,7569,0,0
9738,8542,0,0
9739,7570,0,0
9740,7571,0,0
9741,12581,0,0
9742,7572,60000,0
9743,7573,0,0
9744,7574,0,0
9745,7575,0,0
9746,7576,0,0
9747,7577,0,0
9748,7578,0,0
9749,26311,0,0
9750,7579,0,0
9751,7580,0,0
9752,7581,1000000,0
9753,7582,0,0
9754,7583,0,0
9755,7584,0,0
9756,7585,0,0
9757,7586,0,0
9758,7587,0,0
9759,7588,0,0
9760,10357,0,0
9761,7589,0,0
9762,7590,0,0
9763,7591,0,0
9764,7592,0,0
9765,7593,0,0
9766,7594,0,0
9767,7595,0,1000
9768,7596,0,0
9769,7597,0,0
9770,7598,0,0
9771,7599,0,0
9772,7600,0,0
9773,7601,130790,0
9774,7602,0,0
9775,7603,0,0
9776,7604,0,0
9777,7606,0,0
9778,7607,0,0
9779,7608,0,0
9780,7609,0,0
9781,7610,0,0
9782,7611,70000,0
9783,7612,0,0
9784,7613,0,0
9785,7615,0,0
9786,17930,0,0
9787,22072,0,0
9788,7616,0,0
9789,7617,3000000,0
9790,7618,2500000,0
9791,7619,0,0
9792,7620,0,0
9793,7622,0,0
9794,7623,0,0
9795,7956,0,0
9796,16662,0,0
9797,7624,0,0
9798,7625,0,0
9799,7627,0,0
9800,7628,0,0
9801,7629,250000,0
9802,14565,250000,0
9803,23315,250000,0
9804,25732,250000,0
9805,7630,0,0
9806,7631,0,0
9807,29763,0,0
9808,7632,0,0
9809,7633,0,0
9810,7634,0,0
9811,7635,0,0
9812,7636,0,0
9813,7637,0,0
9814,7638,0,0
9815,7639,0,0
9816,7640,0,0
9817,7641,0,0
9818,7642,0,0
9819,7643,0,0
9820,7644,5000000,0
9821,7645,0,0
9822,7646,0,0
9823,13847,0,0
9824,7648,0,0
9825,7649,0,0
9826,7650,0,0
9827,7651,0,0
9828,25736,0,0
9829,7652,0,0
9830,7653,0,0
9831,7654,0,0
9832,7655,0,0
9833,7656,0,0
9834,7657,0,0
9835,26443,0,0
9836,7658,0,0
9837,7659,0,0
9838,7660,75000,0
9839,7661,0,0
9840,7662,0,0
9841,7663,0,0
9842,7665,0,0
9843,7666,150000,0
9844,7667,0,0
9845,7668,350000,0
9846,7669,0,0
9847,7670,0,0
9848,7672,0,0
9849,7673,0,0
9850,7674,0,0
9851,9864,0,0
9852,19682,0,0
9853,7675,0,0
9854,7676,0,0
9855,7677,0,0
9856,7678,0,0
9857,7679,70000,0
9858,7680,0,0
9859,7681,1000000,0
9860,7682,0,0
9861,7683,200000,0
9862,7684,0,0
9863,7685,0,0
9864,7686,0,0
9865,7687,0,0
9866,7688,0,0
9867,7689,0,0
9868,7690,150000,0
9869,7692,0,0
9870,7693,0,0
9871,7694,0,0
9872,7695,0,0
9873,7696,0,0
9874,21228,0,0
9875,7697,0,0
9876,7698,0,0
9877,7699,0,0
9878,7700,0,0
9879,7701,0,0
9880,7702,0,0
9881,7703,0,0
9882,7704,0,0
9883,7705,0,0
9884,7706,0,0
9885,7707,0,0
9886,7708,0,0
9887,7709,0,0
9888,7710,0,0
9889,7711,0,0
9890,764,0,0
9891,7712,0,0
9892,7713,0,0
9893,7714,0,0
9894,7715,0,0
9895,27258,0,0
9896,7716,0,10759
9897,7717,0,0
9898,7718,0,0
9899,7719,2000000,0
9900,7720,0,0
9901,4156,450000,0
9902,7721,450000,0
9903,7722,0,0
9904,7723,0,0
9905,7724,13000,40000
9906,7725,0,0
9907,7726,0,0
9908,7727,0,0
9909,7728,0,0
9910,7729,0,0
9911,7730,0,0
9912,7731,0,0
9913,7732,0,0
9914,7733,0,0
9915,19446,0,0
9916,7734,0,0
9917,7735,0,0
9918,7736,0,0
9919,7737,3000000,0
9920,9455,3000000,0
9921,11970,3000000,0
9922,6041,0,0
9923,7738,0,0
9924,15491,0,0
9925,22780,0,0
9926,23804,0,0
9927,24554,0,0
9928,7739,750000,0
9929,7740,0,0
9930,7741,0,0
9931,7742,1850000,0
9932,7743,0,0
9933,7744,2000,0
9934,7745,0,0
9935,7746,0,0
9936,7748,0,0
9937,7749,0,0
9938,7750,0,0
9939,7751,0,0
9940,7752,490000,5000000
9941,7753,0,0
9942,7754,0,0
9943,7755,0,0
9944,7756,0,0
9945,17190,0,0
9946,7757,0,0
9947,7758,0,0
9948,7759,450000,0
9949,7761,0,0
9950,7762,0,0
9951,7763,0,0
9952,7764,15000,0
9953,7765,5000000,0
9954,7766,0,0
9955,7767,0,0
9956,7768,0,0
9957,7769,0,0
9958,7770,0,0
9959,7771,0,0
9960,7772,0,0
9961,7773,0,0
9962,7774,0,0
9963,7775,0,0
9964,7776,0,0
9965,11016,0,0
9966,21219,0,0
9967,7777,0,0
9968,7778,107000,0
9969,7779,0,0
9970,7780,0,0
9971,7781,0,0
9972,7782,1000000,0
9973,7783,0,0
9974,7784,0,3400000
9975,7785,0,0
9976,7786,0,0
9977,7787,0,0
9978,7788,0,0
9979,7789,0,0
9980,7790,0,0
9981,7791,0,0
9982,7792,0,0
9983,7793,0,0
9984,7794,0,0
9985,7795,250000,0
9986,7797,50000,0
9987,7798,0,0
9988,7799,0,0
9989,7800,0,0
9990,7801,100000,0
9991,7802,0,0
9992,7803,0,0
9993,7804,0,0
9994,7805,0,0
9995,7806,0,0
9996,7807,0,0
9997,7808,0,0
9998,3638,0,0
9999,7810,0,0
10000,7811,850000,0
10001,7812,0,0
10002,7813,0,0
10003,7814,200000,0
10004,7815,0,0
10005,7816,0,0
10006,7817,0,0
10007,7818,0,0
10008,7819,0,0
10009,7820,0,0
10010,7821,1000000,0
10011,7822,0,0
10012,7823,0,0
10013,7824,1599411,0
10014,7825,0,0
10015,7826,0,0
10016,7827,0,0
10017,7828,0,0
10018,19958,0,0
10019,7829,0,0
10020,7830,0,0
10021,14100,0,0
10022,7831,0,0
10023,7832,0,0
10024,7833,0,0
10025,7834,30000,0
10026,7835,0,0
10027,7836,0,0
10028,7837,0,0
10029,7838,0,0
10030,7840,0,0
10031,7841,0,0
10032,7842,0,0
10033,7843,0,0
10034,7844,0,0
10035,7845,0,0
10036,7846,0,1500000
10037,7847,2000,0
10038,7848,0,0
10039,7849,0,0
10040,7850,200000,0
10041,22862,200000,0
10042,7851,1000000,0
10043,7852,0,0
10044,8868,0,0
10045,7853,0,0
10046,7854,0,0
10047,7855,0,0
10048,7856,0,0
10049,7857,0,0
10050,7858,0,0
10051,7859,0,0
10052,7860,0,0
10053,7861,0,0
10054,7862,0,0
10055,11713,0,0
10056,12782,0,0
10057,7863,0,0
10058,7864,0,0
10059,7865,0,0
10060,7866,0,0
10061,7867,0,0
10062,7868,0,0
10063,7869,0,0
10064,7871,0,0
10065,27087,0,0
10066,7873,0,0
10067,7874,0,0
10068,7875,0,0
10069,7876,0,0
10070,7877,0,1105114
10071,7878,0,0
10072,7879,0,0
10073,7880,0,0
10074,7881,0,0
10075,7882,0,0
10076,20070,0,0
10077,4651,125000,0
10078,7883,125000,0
10079,12256,125000,0
10080,27508,125000,0
10081,7884,0,0
10082,7885,0,0
10083,7886,0,0
10084,29473,0,0
10085,7887,0,0
10086,7888,0,0
10087,7889,0,0
10088,7890,100000,0
10089,7891,0,0
10090,7892,1500000,0
10091,7893,0,0
10092,7894,0,0
10093,7896,0,0
10094,7897,0,0
10095,7898,0,0
10096,7899,0,0
10097,7900,1000000,0
10098,7902,0,0
10099,7903,0,0
10100,11058,0,0
10101,17387,0,0
10102,30965,0,0
10103,7904,0,0
10104,7905,10000000,1000000
10105,7906,0,0
10106,7907,130000,0
10107,12259,130000,0
10108,19676,130000,0
10109,20345,130000,0
10110,7908,0,0
10111,7909,0,0
10112,7910,0,0
10113,7911,0,0
10114,1232,250000,2160000
10115,7912,250000,2160000
10116,7913,0,0
10117,7914,0,0
10118,7915,0,0
10119,7916,0,0
10120,7917,0,0
10121,7918,0,0
10122,7919,0,0
10123,7920,0,0
10124,7921,0,0
10125,7922,0,0
10126,7923,0,0
10127,7924,0,0
10128,7925,0,0
10129,7926,0,0
10130,7927,0,0
10131,7928,10000,0
10132,7930,0,0
10133,7931,0,0
10134,7932,0,0
10135,7933,0,0
10136,7934,0,0
10137,7935,0,0
10138,7936,2100000,0
10139,16671,2100000,0
10140,26222,2100000,0
10141,7937,0,0
10142,7938,0,0
10143,24436,0,0
10144,25135,0,0
10145,27321,0,0
10146,27903,0,0
10147,7939,0,0
10148,7940,0,0
10149,7941,0,0
10150,7942,0,0
10151,7943,0,0
10152,7944,1000000,0
10153,7945,0,0
10154,7946,0,0
10155,7947,0,0
10156,7948,0,0
10157,7949,7000,0
10158,7950,0,0
10159,7951,0,0
10160,7952,0,0
10161,7953,0,0
10162,7954,0,0
10163,7955,0,0
10164,7957,0,0
10165,8382,0,0
10166,27048,0,0
10167,7958,0,0
10168,7959,0,0
10169,7961,0,0
10170,7962,0,0
10171,7963,0,0
10172,14753,0,0
10173,16470,0,0
10174,17164,0,0
10175,28881,0,0
10176,7964,350000,0
10177,7965,0,0
10178,7966,0,0
10179,7967,0,0
10180,7968,0,0
10181,27257,0,0
10182,7969,0,0
10183,7970,1000000,0
10184,7971,3000,0
10185,7972,0,0
10186,7973,0,0
10187,7974,500000,0
10188,7975,0,0
10189,7976,0,0
10190,7977,0,0
10191,7978,0,0
10192,5228,0,0
10193,7979,0,0
10194,7980,0,0
10195,7235,0,0
10196,7981,0,0
10197,10456,0,0
10198,7982,0,0
10199,7983,0,0
10200,7984,0,0
10201,7985,0,0
10202,7986,0,0
10203,7987,0,0
10204,14994,0,0
10205,7988,0,0
10206,7989,0,0
10207,7990,0,0
10208,10820,0,0
10209,21770,0,0
10210,28316,0,0
10211,7991,0,0
10212,7992,0,0
10213,7993,0,0
10214,7994,0,0
10215,7995,0,0
10216,10313,0,0
10217,7996,0,0
10218,26155,0,0
10219,7997,0,0
10220,7998,0,0
10221,7999,0,0
10222,8000,0,0
10223,8001,0,0
10224,31047,0,0
10225,8002,0,0
10226,8003,0,0
10227,8004,25000,0
10228,9335,25000,0
10229,8005,0,0
10230,8006,500000,0
10231,8007,0,0
10232,8008,0,0
10233,8009,0,0
10234,8010,500000,0
10235,8011,0,0
10236,8012,0,0
10237,8014,1300,0
10238,8015,0,0
10239,8016,0,0
10240,8017,0,0
10241,8018,0,0
10242,8019,0,0
10243,402,35000,0
10244,8020,35000,0
10245,8021,0,0
10246,8022,300000,0
10247,8023,0,0
10248,8024,500000,0
10249,8025,25000,0
10250,16792,25000,0
10251,8026,0,0
10252,8027,0,0
10253,8028,20000,0
10254,8029,0,0
10255,8030,0,0
10256,8031,0,0
10257,8032,0,0
10258,8033,0,0
10259,8035,0,0
10260,8036,0,0
10261,8037,0,0
10262,8038,0,0
10263,8039,0,0
10264,8040,0,0
10265,8041,0,0
10266,8043,0,0
10267,8044,0,0
10268,8045,0,0
10269,8046,0,0
10270,8047,0,0
10271,8048,0,0
10272,8049,0,0
10273,8050,0,0
10274,8051,0,27642
10275,8052,0,0
10276,8053,0,0
10277,1479,0,0
10278,8054,0,0
10279,28814,0,0
10280,8055,0,0
10281,8056,0,0
10282,8057,0,0
10283,8058,12000,0
10284,8059,0,0
10285,8060,850000,0
10286,8061,0,0
10287,8062,0,0
10288,8063,0,0
10289,8064,0,0
10290,8065,24000,0
10291,8066,0,0
10292,8067,0,0
10293,8068,0,0
10294,8069,0,0
10295,8070,0,25488
10296,8071,0,0
10297,8072,2000000,0
10298,8073,0,0
10299,8074,0,0
10300,8075,0,0
10301,8076,0,0
10302,8077,0,0
10303,8078,0,0
10304,8079,150000,0
10305,8080,0,0
10306,8081,0,0
10307,8082,0,0
10308,8083,0,0
10309,8084,0,0
10310,8085,0,0
10311,8086,0,0
10312,8087,0,1320000
10313,8088,0,0
10314,8089,0,0
10315,8090,0,0
10316,14709,0,0
10317,16169,0,0
10318,20452,0,0
10319,28350,0,0
10320,8091,15000000,0
10321,8092,0,0
10322,8093,0,0
10323,8094,0,0
10324,8095,0,0
10325,8096,0,0
10326,26671,0,0
10327,8097,0,0
10328,8098,0,0
10329,8099,0,0
10330,9310,0,0
10331,8100,0,0
10332,8101,0,0
10333,8103,0,0
10334,8104,0,0
10335,8105,4000000,0
10336,8106,100000,0
10337,8107,0,0
10338,8108,0,0
10339,8109,0,0
10340,8110,33000,0
10341,8111,0,0
10342,8112,0,0
10343,8113,0,0
10344,8114,0,0
10345,12630,0,0
10346,25839,0,0
10347,8115,500000,500000
10348,17158,500000,500000
10349,8116,0,0
10350,8117,0,0
10351,10231,0,0
10352,8118,8000,0
10353,8119,0,0
10354,8120,0,0
10355,8121,0,0
10356,8122,0,0
10357,8123,8900000,0
10358,8124,0,0
10359,8125,0,0
10360,28110,0,0
10361,8126,0,0
10362,8127,0,0
10363,8128,0,0
10364,8129,0,0
10365,8130,0,0
10366,8131,0,0
10367,8132,0,0
10368,8133,0,0
10369,8134,0,0
10370,8135,0,0
10371,17784,0,0
10372,23068,0,0
10373,8136,0,0
10374,8137,0,0
10375,8138,0,0
10376,8139,0,0
10377,8140,0,0
10378,8141,0,0
10379,8142,0,0
10380,8144,0,0
10381,8145,0,0
10382,7168,46921,0
10383,8146,46921,0
10384,21311,46921,0
10385,8147,0,0
10386,8148,0,0
10387,8149,0,0
10388,8150,0,0
10389,8151,93,0
10390,8152,0,0
10391,8154,0,0
10392,8155,0,0
10393,8156,0,0
10394,8157,0,0
10395,8158,0,0
10396,8159,0,0
10397,8160,0,0
10398,24770,0,0
10399,8161,0,7841
10400,8162,0,0
10401,8163,0,0
10402,8164,0,0
10403,8165,0,0
10404,8166,0,0
10405,8167,0,0
10406,8168,0,0
10407,22951,0,0
10408,8169,0,0
10409,8170,0,0
10410,8171,0,0
10411,8172,0,0
10412,8173,0,0
10413,8174,0,0
10414,8175,2500000,0
10415,8176,1000000,0
10416,8177,0,0
10417,8178,0,0
10418,8179,0,0
10419,8180,0,0
10420,8181,0,0
10421,8183,0,0
10422,8184,20,0
10423,8185,0,0
10424,8186,0,0
10425,8187,100000,0
10426,8188,0,0
10427,8189,125000,0
10428,8190,0,0
10429,8191,140000,0
10430,8192,0,0
10431,8193,0,0
10432,8194,0,0
10433,8195,0,0
10434,8196,0,0
10435,8197,0,0
10436,8198,0,0
10437,8199,0,0
10438,29847,0,0
10439,8200,0,0
10440,8201,0,0
10441,8202,0,0
10442,8203,0,0
10443,8204,0,0
10444,8205,0,0
10445,8206,1500,0
10446,8207,1000000,0
10447,8208,0,0
10448,8209,0,0
10449,8210,0,0
10450,8211,0,0
10451,8212,0,0
10452,8213,0,0
10453,8214,55000,0
10454,8215,0,0
10455,8216,0,0
10456,25990,0,0
10457,31048,0,0
10458,8218,0,0
10459,8219,0,0
10460,8220,0,0
10461,8221,0,0
10462,8222,420000,0
10463,8223,200000,0
10464,8224,0,0
10465,16270,0,0
10466,8225,0,0
10467,8226,0,0
10468,8227,0,0
10469,8228,0,0
10470,8229,0,0
10471,8230,0,0
10472,16852,0,0
10473,8231,0,0
10474,8232,0,0
10475,8233,0,0
10476,8234,0,0
10477,8235,0,0
10478,8236,0,0
10479,8237,0,0
10480,8238,0,0
10481,8239,0,0
10482,8240,0,0
10483,11290,0,0
10484,31050,0,0
10485,8241,0,0
10486,8242,0,0
10487,8243,40000,0
10488,24131,40000,0
10489,8244,0,0
10490,8245,0,0
10491,8246,0,0
10492,8247,0,0
10493,8248,0,0
10494,8249,0,0
10495,8250,80000,0
10496,8251,0,0
10497,12401,0,0
10498,8252,0,0
10499,8253,0,0
10500,16896,0,0
10501,8254,0,0
10502,8255,0,0
10503,8256,0,0
10504,8257,0,0
10505,8259,0,0
10506,8260,0,0
10507,8261,0,0
10508,8262,0,0
10509,8263,0,0
10510,8264,0,0
10511,8265,0,0
10512,8266,0,0
10513,8267,500,0
10514,8268,130000,0
10515,8269,0,0
10516,8270,0,0
10517,8271,0,0
10518,1882,0,0
10519,8272,0,0
10520,14830,0,0
10521,8273,0,0
10522,8275,0,0
10523,8276,1000000,0
10524,8277,0,0
10525,8278,0,0
10526,8279,0,0
10527,8280,0,0
10528,8281,0,0
10529,15063,0,0
10530,8282,0,0
10531,8283,17000,0
10532,8284,0,0
10533,8285,0,0
10534,8286,0,0
10535,8287,0,0
10536,24417,0,0
10537,8288,0,0
10538,8289,0,0
10539,8290,0,0
10540,8291,0,0
10541,8292,0,0
10542,8293,0,0
10543,8294,0,0
10544,8295,0,0
10545,8296,0,0
10546,8297,0,0
10547,8298,300000,200000
10548,8299,0,0
10549,8300,0,0
10550,8301,0,0
10551,8302,600,3
10552,8303,0,0
10553,1350,0,0
10554,8304,0,0
10555,23833,0,0
10556,8305,0,0
10557,8307,250000,0
10558,8308,0,0
10559,8309,20000,0
10560,31007,20000,0
10561,8310,1850000,0
10562,8311,0,0
10563,8313,0,0
10564,8314,0,0
10565,8315,0,0
10566,8316,0,0
10567,4906,0,0
10568,8317,0,0
10569,8318,0,0
10570,8319,0,0
10571,29370,0,0
10572,8320,0,0
10573,8322,0,0
10574,8323,0,0
10575,8324,0,0
10576,8325,0,0
10577,8326,0,0
10578,8327,10000,0
10579,8328,0,0
10580,8329,500000,0
10581,8330,0,0
10582,8331,0,0
10583,8332,0,0
10584,8333,0,0
10585,8334,0,0
10586,8335,0,0
10587,8336,0,0
10588,8337,0,0
10589,8338,0,0
10590,8339,0,0
10591,8340,0,0
10592,2869,0,0
10593,8341,0,0
10594,8342,0,0
10595,8343,50000,0
10596,8345,0,0
10597,8346,0,0
10598,8347,0,0
10599,8348,0,0
10600,8349,1000,0
10601,8350,0,0
10602,8351,0,0
10603,8352,0,0
10604,8353,0,0
10605,6602,100000,0
10606,8354,100000,0
10607,8356,0,0
10608,8357,0,0
10609,8358,1000000,0
10610,8359,0,0
10611,8360,1200000,0
10612,8361,0,0
10613,8362,0,0
10614,8363,0,0
10615,8364,0,0
10616,8365,0,0
10617,8366,0,0
10618,8367,0,0
10619,15518,0,0
10620,8368,0,0
10621,8369,0,0
10622,8370,0,0
10623,8371,0,0
10624,8372,0,0
10625,8373,0,0
10626,8374,30000,0
10627,8375,0,0
10628,8376,0,0
10629,8377,0,0
10630,8378,0,0
10631,8379,0,0
10632,8380,0,0
10633,8381,0,0
10634,8383,0,1138807
10635,8384,0,0
10636,24430,0,0
10637,8385,0,0
10638,8386,0,0
10639,8387,0,0
10640,8388,0,0
10641,8389,0,0
10642,8390,0,0
10643,8391,0,0
10644,8392,0,0
10645,8393,2500,0
10646,8394,9000,0
10647,8395,0,0
10648,8396,0,0
10649,8397,0,0
10650,8398,0,0
10651,8399,0,0
10652,8400,10000,0
10653,8401,0,0
10654,8402,0,0
10655,8403,0,0
10656,23155,0,0
10657,8404,0,0
10658,8405,0,0
10659,8406,0,0
10660,8407,0,0
10661,8408,0,0
10662,8409,0,0
10663,8410,0,0
10664,8411,0,0
10665,8412,0,0
10666,8413,0,0
10667,8415,0,0
10668,8416,0,0
10669,8417,750000,0
10670,11232,750000,0
10671,20150,750000,0
10672,8418,0,0
10673,5995,5000000,0
10674,8419,5000000,0
10675,8420,0,0
10676,8421,600000,0
10677,8422,0,0
10678,8423,0,0
10679,14248,0,0
10680,14472,0,0
10681,8424,0,0
10682,8425,0,0
10683,8426,0,0
10684,8427,0,0
10685,8428,0,0
10686,8429,0,0
10687,8430,0,0
10688,8431,85000,0
10689,8432,0,0
10690,8433,0,0
10691,8434,0,0
10692,8435,1000,0
10693,8436,0,0
10694,8437,0,0
10695,8438,0,0
10696,8439,0,0
10697,8440,0,0
10698,8441,0,0
10699,8442,0,0
10700,8443,0,0
10701,8444,0,0
10702,8445,100,0
10703,8446,0,0
10704,8447,0,0
10705,8448,0,0
10706,8449,3000000,0
10707,8450,0,0
10708,8451,0,0
10709,8453,0,0
10710,8454,0,0
10711,8455,0,0
10712,8456,0,0
10713,8458,0,0
10714,8460,200000,0
10715,8461,0,0
10716,8462,550000,0
10717,8463,0,0
10718,8464,0,0
10719,8465,0,745
10720,17558,0,745
10721,8466,0,0
10722,8467,0,0
10723,8468,15000,0
10724,8469,0,0
10725,8470,0,0
10726,11621,0,0
10727,8471,0,0
10728,8472,0,0
10729,8473,0,0
10730,8474,0,0
10731,8475,0,0
10732,8477,35000,0
10733,26455,35000,0
10734,8478,1500,0
10735,8479,0,0
10736,8481,0,0
10737,8483,0,0
10738,8484,0,0
10739,8485,0,0
10740,8486,0,0
10741,8487,0,0
10742,8488,0,0
10743,8489,0,0
10744,8490,0,0
10745,8491,0,0
10746,8492,0,0
10747,8493,0,0
10748,8494,0,0
10749,8495,0,0
10750,10806,0,0
10751,20103,0,0
10752,20679,0,0
10753,20977,0,0
10754,27027,0,0
10755,29239,0,0
10756,8496,0,0
10757,8497,0,0
10758,8498,0,0
10759,8499,75000,0
10760,8500,0,0
10761,8501,50000,0
10762,8502,0,0
10763,8503,0,0
10764,8504,0,0
10765,8505,0,0
10766,8506,0,0
10767,8507,0,0
10768,8508,0,0
10769,8509,0,0
10770,17448,0,0
10771,8510,0,0
10772,8511,0,0
10773,8512,0,0
10774,567,200000,0
10775,1187,200000,0
10776,7895,200000,0
10777,8513,200000,0
10778,8514,40000,0
10779,8515,0,0
10780,8516,0,0
10781,8517,0,0
10782,8518,0,0
10783,8519,0,0
10784,8520,0,0
10785,19523,0,0
10786,25924,0,0
10787,8521,0,0
10788,8522,1500,0
10789,8523,0,0
10790,8524,0,0
10791,8525,0,0
10792,8526,0,0
10793,8527,0,0
10794,8530,0,0
10795,8531,0,0
10796,8532,0,357
10797,8533,0,0
10798,8534,0,0
10799,8535,0,0
10800,8536,0,0
10801,8537,0,0
10802,8538,0,0
10803,8539,0,0
10804,8540,0,0
10805,8541,745000,0
10806,8543,0,0
10807,8544,0,0
10808,3730,0,0
10809,8545,0,0
10810,11974,0,0
10811,8546,0,0
10812,8547,0,0
10813,8548,0,0
10814,5927,0,0
10815,8549,0,0
10816,8550,0,0
10817,8551,0,0
10818,8552,0,0
10819,8553,0,0
10820,6521,0,0
10821,8554,0,0
10822,8555,0,0
10823,11532,0,0
10824,25540,0,0
10825,8556,0,0
10826,17341,0,0
10827,8557,0,0
10828,8558,0,0
10829,8559,450000,0
10830,8560,0,0
10831,8561,0,0
10832,8562,0,0
10833,8563,0,0
10834,8564,5500,0
10835,28100,5500,0
10836,8565,0,0
10837,8566,12000,0
10838,8568,1000,0
10839,8569,0,0
10840,8570,0,0
10841,9934,0,0
10842,8571,0,0
10843,15042,0,0
10844,8572,0,0
10845,8573,15000,0
10846,8574,0,0
10847,8575,0,0
10848,24884,0,0
10849,25958,0,0
10850,8576,2000000,0
10851,8577,0,0
10852,8578,100000,0
10853,8579,0,0
10854,8580,0,0
10855,8581,0,0
10856,8582,0,0
10857,8583,3500000,6500000
10858,8584,0,0
10859,8585,2000,0
10860,8586,0,0
10861,8587,0,0
10862,8588,0,0
10863,8589,0,0
10864,8590,0,0
10865,8591,0,0
10866,8592,0,0
10867,5836,0,0
10868,8593,0,0
10869,8764,0,0
10870,14485,0,0
10871,27162,0,0
10872,27944,0,0
10873,28311,0,0
10874,29122,0,0
10875,8594,0,0
10876,8595,0,0
10877,8596,0,0
10878,8598,0,0
10879,8599,0,0
10880,8600,0,0
10881,8601,0,0
10882,8602,500000,0
10883,8603,250000,0
10884,8604,0,0
10885,8605,0,0
10886,8606,0,0
10887,13565,0,0
10888,26167,0,0
10889,8607,0,0
10890,8608,0,0
10891,8609,0,0
10892,8610,0,0
10893,8611,0,0
10894,8612,0,0
10895,8613,0,0
10896,8614,125000,0
10897,8615,0,0
10898,8616,0,0
10899,8617,0,0
10900,8619,0,0
10901,8620,0,0
10902,8621,0,0
10903,8622,0,0
10904,8623,15000,0
10905,8624,0,0
10906,18804,0,0
10907,25041,0,0
10908,8625,1,0
10909,8626,0,0
10910,8627,0,0
10911,8628,0,0
10912,8629,0,0
10913,8630,0,0
10914,8631,0,0
10915,8632,0,0
10916,2096,0,0
10917,3549,0,0
10918,8633,0,0
10919,22827,0,0
10920,28790,0,0
10921,8634,0,0
10922,8635,0,0
10923,8636,750000,0
10924,20666,750000,0
10925,29781,750000,0
10926,8637,250000,0
10927,8638,450000,0
10928,8639,0,0
10929,7444,200000,0
10930,8640,200000,0
10931,26728,200000,0
10932,8641,0,0
10933,8642,0,0
10934,8643,25000,0
10935,21043,25000,0
10936,8644,0,0
10937,8645,0,0
10938,8646,0,0
10939,19018,0,0
10940,8648,48000,0
10941,8649,0,0
10942,8650,0,0
10943,8651,0,0
10944,8653,0,0
10945,8654,38000,0
10946,8655,0,0
10947,8656,0,0
10948,8657,0,0
10949,8658,0,0
10950,177,0,0
10951,8659,0,0
10952,9792,0,0
10953,8660,0,0
10954,8661,10000,0
10955,8662,200000,0
10956,13242,200000,0
10957,8663,0,0
10958,8664,0,0
10959,8665,0,0
10960,8666,0,0
10961,8667,0,0
10962,8668,0,0
10963,8669,0,0
10964,8670,0,0
10965,4235,0,0
10966,8671,0,0
10967,15183,0,0
10968,15849,0,0
10969,24136,0,0
10970,8672,0,0
10971,8673,0,0
10972,21344,0,0
10973,8674,0,0
10974,8676,0,0
10975,8677,0,0
10976,8678,0,0
10977,8679,0,0
10978,8680,0,438694
10979,28054,0,438694
10980,8682,20000,0
10981,8683,0,0
10982,8684,0,0
10983,8685,160,0
10984,8686,0,0
10985,8687,0,0
10986,8688,0,0
10987,8689,25000000,0
10988,8690,0,0
10989,8691,0,0
10990,8692,0,0
10991,8693,0,0
10992,8694,0,0
10993,8695,0,0
10994,8696,0,0
10995,8697,0,0
10996,8698,0,0
10997,8699,0,0
10998,8700,65,0
10999,8701,30000,0
11000,8702,0,0
11001,8703,0,0
11002,8704,0,0
11003,8705,0,0
11004,8706,0,0
11005,8707,0,0
11006,8708,0,0
11007,8709,1870000,0
11008,8710,1000000,0
11009,8711,0,0
11010,8712,0,0
11011,8713,0,0
11012,8714,0,0
11013,8715,0,0
11014,8716,0,0
11015,8717,0,0
11016,8718,0,0
11017,8719,0,0
11018,8720,0,0
11019,8721,0,0
11020,8722,0,0
11021,8723,0,0
11022,8724,0,0
11023,8725,0,0
11024,8726,950000,0
11025,8727,0,0
11026,8728,0,0
11027,8729,0,0
11028,8730,0,0
11029,8731,0,0
11030,8732,0,0
11031,8733,0,0
11032,8734,0,0
11033,8735,0,0
11034,8736,10000,0
11035,8737,0,0
11036,8738,0,0
11037,16226,0,0
11038,8739,0,0
11039,8740,0,0
11040,8741,0,0
11041,5840,0,0
11042,8742,0,0
11043,8743,0,0
11044,8744,0,0
11045,8745,0,0
11046,8747,0,0
11047,8749,0,0
11048,8750,0,0
11049,8751,1000000,0
11050,8755,2000000,0
11051,20225,2000000,0
11052,8756,0,0
11053,8757,0,0
11054,8758,0,0
11055,28618,0,0
11056,8759,150000,0
11057,8760,0,0
11058,8761,0,0
11059,8762,30000,0
11060,8763,0,0
11061,8765,0,0
11062,8766,0,0
11063,8767,0,0
11064,9383,0,0
11065,8768,0,0
11066,8769,0,0
11067,8770,0,0
11068,8771,500000,0
11069,8772,0,0
11070,8773,0,0
11071,8774,900000,0
11072,8775,0,0
11073,8776,0,0
11074,8777,0,0
11075,8778,0,0
11076,8779,0,15000000
11077,8780,0,0
11078,8781,0,0
11079,8783,20000,0
11080,8784,1000000,0
11081,20003,1000000,0
11082,8785,0,0
11083,8786,0,0
11084,8787,0,0
11085,23521,0,0
11086,8788,0,0
11087,8789,0,0
11088,8790,0,0
11089,8791,222000,0
11090,8792,408750,0
11091,8793,0,0
11092,8794,10000,0
11093,8795,0,0
11094,8796,0,0
11095,8797,50000,0
11096,8798,1100000,0
11097,8799,85000,0
11098,8800,0,0
11099,8801,0,0
11100,8802,0,0
11101,8803,0,0
11102,8804,0,0
11103,8805,0,0
11104,8806,0,0
11105,8807,400000,0
11106,8808,0,0
11107,8809,0,0
11108,8810,40000,0
11109,8811,25000,0
11110,17966,25000,0
11111,28569,25000,0
11112,8812,25433,0
11113,8985,25433,0
11114,13397,25433,0
11115,25870,25433,0
11116,8813,15000,0
11117,8814,0,0
11118,8815,0,0
11119,8816,0,0
11120,8817,0,0
11121,8818,0,0
11122,8819,0,0
11123,8820,10000,0
11124,8821,0,0
11125,8822,425000,0
11126,8823,0,0
11127,8824,0,0
11128,8825,0,0
11129,8827,0,0
11130,8828,0,0
11131,8829,0,0
11132,8830,0,0
11133,8832,0,0
11134,8833,0,0
11135,8834,0,0
11136,8835,0,26400
11137,8836,1200000,0
11138,22546,1200000,0
11139,57,0,0
11140,624,0,0
11141,8837,0,0
11142,26186,0,0
11143,8838,0,0
11144,8839,700000,0
11145,8840,0,0
11146,8841,0,0
11147,8842,0,0
11148,8843,0,0
11149,8845,0,0
11150,8846,0,0
11151,8847,0,0
11152,8848,2000,0
11153,8849,0,0
11154,8850,0,0
11155,31029,0,0
11156,362,0,0
11157,8851,0,0
11158,19037,0,0
11159,23310,0,0
11160,30038,0,0
11161,8852,0,0
11162,8853,0,0
11163,8855,0,0
11164,8856,0,0
11165,9154,0,0
11166,24159,0,0
11167,8857,1000,0
11168,8858,250,0
11169,8859,0,0
11170,8860,0,0
11171,15522,0,0
11172,25351,0,0
11173,8861,0,0
11174,8862,0,0
11175,8863,0,0
11176,8864,0,0
11177,8865,100000,0
11178,8866,0,0
11179,8867,0,0
11180,8869,3000000,0
11181,8870,0,0
11182,12540,0,0
11183,8871,0,0
11184,8872,0,0
11185,8873,0,0
11186,8874,0,0
11187,8875,0,0
11188,8876,0,0
11189,8877,0,0
11190,2613,0,0
11191,8878,0,0
11192,8879,0,0
11193,8880,0,0
11194,15994,0,0
11195,8881,0,0
11196,8882,0,0
11197,8883,0,0
11198,8884,0,0
11199,8885,0,0
11200,8886,0,0
11201,8887,0,0
11202,13356,0,0
11203,8888,0,0
11204,8889,0,0
11205,8890,0,0
11206,8892,0,0
11207,8893,0,0
11208,8894,0,0
11209,8896,0,0
11210,8897,0,0
11211,8898,0,0
11212,8899,600000,0
11213,8900,0,0
11214,8901,0,0
11215,8902,0,0
11216,8904,0,0
11217,8905,0,0
11218,8906,0,0
11219,8907,0,0
11220,8908,0,0
11221,8909,0,0
11222,8911,1000,0
11223,8912,0,0
11224,8913,0,0
11225,8915,0,0
11226,8916,0,0
11227,8917,55000,0
11228,8918,0,0
11229,8919,0,0
11230,8920,0,0
11231,8921,0,0
11232,8922,0,0
11233,8923,0,0
11234,8924,0,0
11235,8925,0,0
11236,442,10000,0
11237,4785,10000,0
11238,8926,10000,0
11239,17162,10000,0
11240,21434,10000,0
11241,24184,10000,0
11242,8927,0,0
11243,8928,0,0
11244,8929,0,0
11245,8930,0,0
11246,8931,25000,0
11247,11155,25000,0
11248,8932,0,0
11249,8933,0,0
11250,8934,0,0
11251,8935,0,0
11252,8936,0,0
11253,8937,0,0
11254,27174,0,0
11255,8938,0,0
11256,8939,0,0
11257,8940,0,0
11258,8941,0,0
11259,8942,0,0
11260,8943,0,0
11261,8944,0,0
11262,8945,0,0
11263,8946,0,0
11264,8947,0,0
11265,19677,0,0
11266,20561,0,0
11267,8948,0,0
11268,8949,0,0
11269,8950,0,0
11270,8951,0,0
11271,8952,0,0
11272,8953,0,0
11273,8954,0,0
11274,28707,0,0
11275,8955,0,0
11276,8956,0,0
11277,8957,0,0
11278,1225,0,0
11279,1314,0,0
11280,8958,0,0
11281,13582,0,0
11282,18958,0,0
11283,19961,0,0
11284,492,0,0
11285,8959,0,0
11286,13086,0,0
11287,16546,0,0
11288,23115,0,0
11289,26054,0,0
11290,8960,0,0
11291,8961,0,0
11292,8962,0,0
11293,8963,0,0
11294,8964,0,0
11295,8965,0,0
11296,8966,0,0
11297,1240,10000000,0
11298,1652,10000000,0
11299,1819,10000000,0
11300,3926,10000000,0
11301,8967,10000000,0
11302,11953,10000000,0
11303,14022,10000000,0
11304,8968,0,0
11305,8969,0,0
11306,8970,10000,0
11307,8971,0,0
11308,8972,0,0
11309,8973,0,0
11310,8974,0,0
11311,8975,191000,0
11312,2848,0,0
11313,8976,0,0
11314,8977,0,0
11315,8978,300000,0
11316,8979,0,0
11317,8980,0,0
11318,8981,0,0
11319,8982,0,0
11320,8983,200,0
11321,14197,200,0
11322,8984,32000,0
11323,22137,32000,0
11324,8812,0,0
11325,8985,0,0
11326,13397,0,0
11327,25870,0,0
11328,2563,0,0
11329,8986,0,0
11330,8987,250000,0
11331,20545,250000,0
11332,8988,0,0
11333,8989,0,0
11334,8990,0,0
11335,3193,0,0
11336,8991,0,0
11337,24804,0,0
11338,8992,0,0
11339,8993,0,0
11340,8994,0,0
11341,8995,1000000,0
11342,8996,0,0
11343,8997,0,0
11344,8998,0,0
11345,8999,0,0
11346,9000,0,0
11347,9001,0,0
11348,9002,0,0
11349,9003,0,0
11350,9004,0,0
11351,9005,0,0
11352,9006,2000000,0
11353,9007,0,0
11354,9008,0,0
11355,10336,0,0
11356,9009,0,0
11357,9010,0,0
11358,9011,200,0
11359,9012,0,0
11360,9013,0,0
11361,9014,0,0
11362,25560,0,0
11363,9015,0,0
11364,9016,0,0
11365,9017,0,0
11366,9018,0,0
11367,4432,0,0
11368,9019,0,0
11369,9020,0,0
11370,9021,0,0
11371,9023,500,0
11372,9024,0,0
11373,9025,0,0
11374,9026,200000,0
11375,9027,0,0
11376,9028,0,0
11377,9029,0,0
11378,9030,0,0
11379,9031,15000,0
11380,9032,110000,0
11381,2534,0,0
11382,9033,0,0
11383,9034,0,0
11384,9035,0,0
11385,9036,80000,0
11386,9037,250000,0
11387,9038,0,0
11388,9039,0,0
11389,9040,11500,0
11390,9041,0,0
11391,9042,0,0
11392,9043,0,0
11393,1648,15000,0
11394,9044,15000,0
11395,9045,0,0
11396,9046,0,0
11397,9047,0,0
11398,9048,0,0
11399,9049,0,0
11400,9050,0,0
11401,11362,0,0
11402,9051,0,0
11403,9052,0,0
11404,9053,0,0
11405,9054,0,0
11406,9555,0,0
11407,21120,0,0
11408,24169,0,0
11409,9055,0,0
11410,9056,0,0
11411,9057,0,0
11412,9058,0,0
11413,9059,0,0
11414,9061,0,0
11415,9062,0,0
11416,9063,0,0
11417,9064,0,0
11418,29312,0,0
11419,30189,0,0
11420,30559,0,0
11421,9065,60,0
11422,9066,683558,0
11423,9067,0,0
11424,9068,5000000,0
11425,9069,0,0
11426,9070,2,0
11427,9071,0,0
11428,9072,20000,0
11429,9073,0,0
11430,9074,11000,0
11431,9075,0,0
11432,9076,0,0
11433,9077,0,0
11434,9078,0,0
11435,9079,0,0
11436,9080,0,0
11437,9081,0,0
11438,9082,0,0
11439,9083,0,0
11440,9084,600000,0
11441,9085,50000,0
11442,9086,0,0
11443,9087,200000,0
11444,504,0,0
11445,9088,0,0
11446,9089,0,0
11447,9090,0,0
11448,9091,0,0
11449,9092,0,0
11450,9093,0,0
11451,17741,0,0
11452,9094,0,0
11453,9095,0,0
11454,9096,0,0
11455,5906,1,0
11456,9097,1,0
11457,9098,0,0
11458,16225,0,0
11459,9099,0,0
11460,9100,0,0
11461,9101,0,0
11462,9102,0,0
11463,9103,0,0
11464,9104,0,0
11465,9105,15000,0
11466,9106,0,0
11467,9107,110000,0
11468,9108,1000,0
11469,9109,0,0
11470,9110,0,0
11471,9111,60000000,300228084
11472,9112,0,0
11473,14651,0,0
11474,9113,600,0
11475,9114,0,0
11476,9115,0,0
11477,9116,0,0
11478,9117,0,0
11479,9118,0,0
11480,9119,600000,0
11481,9120,0,0
11482,9121,0,0
11483,9122,0,0
11484,9123,0,0
11485,9124,0,0
11486,9125,0,0
11487,9126,0,0
11488,9127,1000000,0
11489,9128,2000000,0
11490,11842,2000000,0
11491,25580,2000000,0
11492,9129,646955,709452
11493,9130,0,0
11494,9131,0,0
11495,9133,0,0
11496,9134,0,0
11497,9135,0,0
11498,9136,0,0
11499,9137,1750000,0
11500,9138,0,0
11501,9139,5200000,159828
11502,9140,2000,10604
11503,9141,0,0
11504,9142,0,0
11505,9144,0,0
11506,9145,300,0
11507,9146,0,0
11508,9147,3000000,3098924
11509,9148,0,0
11510,9149,0,0
11511,9150,0,0
11512,9151,0,0
11513,9152,0,0
11514,9153,0,0
11515,9155,0,0
11516,9156,0,0
11517,9157,0,0
11518,9158,0,0
11519,9159,10000,0
11520,9160,0,0
11521,9161,0,0
11522,9162,0,0
11523,9163,0,0
11524,9164,0,0
11525,9165,0,0
11526,9166,0,0
11527,9167,0,0
11528,9168,0,0
11529,9169,0,0
11530,9171,175000,0
11531,9172,0,0
11532,9173,0,0
11533,9174,2000000,0
11534,10255,2000000,0
11535,9175,0,0
11536,9176,0,0
11537,9177,0,0
11538,9178,2000000,0
11539,9179,0,0
11540,9180,0,0
11541,9181,0,0
11542,9182,0,0
11543,9183,0,0
11544,9184,0,0
11545,9185,0,0
11546,9186,0,0
11547,9187,0,0
11548,9188,0,0
11549,16999,0,0
11550,20711,0,0
11551,9189,0,0
11552,9190,0,0
11553,9191,0,0
11554,9192,0,0
11555,9193,0,0
11556,9194,0,0
11557,9195,0,0
11558,9196,0,0
11559,22848,0,0
11560,9197,0,0
11561,9268,0,0
11562,11786,0,0
11563,12413,0,0
11564,26142,0,0
11565,9198,0,0
11566,9199,0,0
11567,9200,2000,0
11568,9201,0,0
11569,9202,0,0
11570,9203,0,0
11571,9204,0,0
11572,9205,400000,0
11573,9206,0,0
11574,3639,1000000,0
11575,9207,1000000,0
11576,9208,0,0
11577,9209,0,0
11578,9210,0,0
11579,9211,0,0
11580,9212,0,0
11581,9213,2300000,0
11582,9214,3,0
11583,9215,35000,0
11584,9216,1000000,0
11585,14098,1000000,0
11586,17042,1000000,0
11587,9218,0,0
11588,9219,0,0
11589,27391,0,0
11590,9220,0,0
11591,4613,0,0
11592,9221,0,0
11593,9222,0,0
11594,9223,0,0
11595,9224,0,0
11596,3093,0,0
11597,9226,0,0
11598,13375,0,0
11599,26178,0,0
11600,9227,0,0
11601,9228,0,0
11602,9229,0,0
11603,9230,0,3073994
11604,9231,0,0
11605,9232,0,0
11606,9233,0,0
11607,9234,0,0
11608,9235,0,0
11609,9236,0,0
11610,18109,0,0
11611,26428,0,0
11612,9238,0,0
11613,9239,0,0
11614,9240,0,0
11615,9241,82000,0
11616,9242,0,0
11617,9243,1000,0
11618,9244,0,0
11619,9245,0,0
11620,9246,0,0
11621,29501,0,0
11622,9247,5800,2950
11623,9248,0,0
11624,9249,0,0
11625,9250,0,0
11626,9251,0,0
11627,9252,200000,0
11628,9253,0,0
11629,9254,0,0
11630,9255,0,0
11631,9256,0,0
11632,9257,0,0
11633,9258,0,0
11634,9259,0,0
11635,9260,0,0
11636,9261,1100000,0
11637,9262,0,0
11638,9263,0,0
11639,9264,0,0
11640,9265,0,0
11641,9266,0,0
11642,9267,0,0
11643,9269,0,0
11644,9270,0,0
11645,9271,0,0
11646,9272,0,0
11647,9273,0,0
11648,9274,75000,0
11649,9275,250000,0
11650,18168,250000,0
11651,9276,0,0
11652,9277,0,0
11653,9278,0,0
11654,9279,0,0
11655,9280,0,0
11656,20492,0,0
11657,27366,0,0
11658,9281,0,0
11659,9282,0,0
11660,9284,0,0
11661,9285,0,0
11662,9286,0,0
11663,9287,0,0
11664,9288,0,0
11665,9289,0,0
11666,9290,0,0
11667,9291,0,0
11668,9292,0,0
11669,9293,0,0
11670,9294,0,0
11671,9296,0,0
11672,9297,0,0
11673,9298,0,0
11674,9299,0,0
11675,9300,0,0
11676,9301,0,0
11677,9302,0,0
11678,9303,4500,0
11679,9304,0,0
11680,4884,0,0
11681,9305,0,0
11682,9306,0,0
11683,9307,0,0
11684,9308,0,0
11685,9309,5000000,0
11686,8099,130000,1677
11687,9310,130000,1677
11688,9311,0,0
11689,9312,0,0
11690,9313,0,0
11691,9314,55000,0
11692,9315,0,0
11693,9316,0,0
11694,9317,0,0
11695,9318,250000,0
11696,9319,0,0
11697,9320,0,0
11698,9321,0,0
11699,9322,0,0
11700,9323,0,0
11701,9324,0,0
11702,9325,0,0
11703,9326,20000,0
11704,9327,0,0
11705,9328,0,0
11706,9329,0,0
11707,10661,0,0
11708,23197,0,0
11709,27378,0,0
11710,28390,0,0
11711,9330,0,0
11712,9331,0,0
11713,11112,0,0
11714,9332,0,0
11715,9333,0,0
11716,9334,0,0
11717,8004,0,0
11718,9335,0,0
11719,9336,0,0
11720,9337,8500000,0
11721,9338,0,0
11722,9339,0,0
11723,9340,0,0
11724,9341,0,0
11725,22627,0,0
11726,3797,0,0
11727,9342,0,0
11728,9343,0,0
11729,9344,0,0
11730,9345,0,0
11731,9346,0,0
11732,9347,0,0
11733,9349,0,0
11734,9350,0,0
11735,9351,0,0
11736,9352,0,0
11737,9353,100000,0
11738,9354,0,0
11739,9355,0,0
11740,9356,200000,0
11741,9357,0,0
11742,9358,0,0
11743,6094,0,0
11744,9359,0,0
11745,9360,0,0
11746,9361,0,0
11747,9362,0,0
11748,14881,0,0
11749,9363,0,0
11750,9364,4000000,0
11751,9365,0,0
11752,9366,0,0
11753,9367,0,0
11754,12184,0,0
11755,21359,0,0
11756,9368,0,0
11757,9369,0,0
11758,9370,0,0
11759,9371,0,0
11760,9372,0,0
11761,9373,0,0
11762,9374,0,0
11763,9375,0,0
11764,9376,0,0
11765,9377,0,0
11766,9378,0,0
11767,9379,0,0
11768,9380,0,0
11769,9381,0,0
11770,9382,0,0
11771,8767,3,1
11772,9383,3,1
11773,9384,0,0
11774,9385,0,0
11775,9386,0,0
11776,9387,0,0
11777,9388,0,0
11778,9389,0,0
11779,9390,0,0
11780,9391,0,0
11781,9392,0,0
11782,9393,0,0
11783,9394,0,0
11784,9395,0,0
11785,9396,0,0
11786,9397,325000,0
11787,9398,0,0
11788,17440,0,0
11789,23680,0,0
11790,751,10000,0
11791,6121,10000,0
11792,9399,10000,0
11793,9400,0,0
11794,9401,0,0
11795,9402,0,0
11796,9403,0,0
11797,9404,0,0
11798,9405,0,0
11799,10343,0,0
11800,9406,0,0
11801,9407,0,0
11802,14252,0,0
11803,15223,0,0
11804,18391,0,0
11805,24333,0,0
11806,27218,0,0
11807,9408,0,0
11808,9409,0,0
11809,9410,0,0
11810,9411,0,0
11811,9412,0,0
11812,9413,0,0
11813,9414,0,0
11814,9415,365000,0
11815,9416,4000,0
11816,9417,0,0
11817,9418,0,0
11818,9419,0,0
11819,9421,0,0
11820,9422,0,0
11821,9423,0,0
11822,9424,0,0
11823,9425,0,0
11824,9426,0,0
11825,9427,0,0
11826,9428,0,0
11827,9429,0,0
11828,9430,0,0
11829,9431,39500,42660
11830,9432,0,0
11831,9433,0,0
11832,13221,0,0
11833,9434,0,0
11834,9435,0,804033
11835,9436,0,0
11836,9437,0,0
11837,9438,0,0
11838,9439,0,0
11839,9440,0,0
11840,26688,0,0
11841,9441,0,0
11842,15290,0,0
11843,30156,0,0
11844,9442,1250000,0
11845,9443,0,0
11846,9444,0,0
11847,9445,35000,0
11848,9446,0,0
11849,9447,0,0
11850,9448,0,0
11851,9449,0,0
11852,9450,0,0
11853,9451,0,0
11854,9452,45000,0
11855,9453,0,0
11856,9454,0,0
11857,7737,0,0
11858,9455,0,0
11859,11970,0,0
11860,9456,0,0
11861,9457,0,0
11862,9458,0,0
11863,9459,0,0
11864,9460,0,0
11865,9461,10000,0
11866,9462,0,0
11867,9463,0,0
11868,21646,0,0
11869,21878,0,0
11870,9464,0,0
11871,9465,0,0
11872,9466,0,0
11873,9467,0,0
11874,9468,50000,0
11875,9469,0,0
11876,9470,0,0
11877,9471,0,0
11878,9472,0,0
11879,9473,0,0
11880,9474,0,0
11881,21322,0,0
11882,21629,0,0
11883,9475,0,0
11884,9476,0,0
11885,9477,0,0
11886,9478,0,0
11887,9479,0,0
11888,9480,0,0
11889,15395,0,0
11890,9481,0,0
11891,9482,0,0
11892,9483,0,0
11893,9484,0,0
11894,9485,0,0
11895,9486,0,0
11896,9487,0,0
11897,9488,0,0
11898,9489,0,0
11899,9490,0,0
11900,12251,0,0
11901,9492,0,0
11902,9493,0,0
11903,9494,0,0
11904,11478,0,0
11905,18119,0,0
11906,25747,0,0
11907,25899,0,0
11908,9495,0,0
11909,9496,0,0
11910,9497,0,0
11911,10131,0,0
11912,9498,0,0
11913,9499,40000,0
11914,9500,0,0
11915,9501,0,0
11916,9502,0,0
11917,9503,0,0
11918,9505,0,0
11919,9506,0,0
11920,9507,0,0
11921,9508,500000,0
11922,9509,5000,0
11923,9510,0,0
11924,9511,0,0
11925,9512,0,0
11926,9513,0,0
11927,9514,0,0
11928,9566,0,0
11929,9515,100000,0
11930,9516,0,0
11931,9517,0,0
11932,9518,25000,0
11933,9519,0,0
11934,9520,1500,0
11935,9521,0,0
11936,9522,0,0
11937,9523,0,0
11938,9524,0,0
11939,9525,0,0
11940,9526,0,0
11941,9527,0,0
11942,15504,0,0
11943,18309,0,0
11944,9528,0,0
11945,9529,42500,0
11946,9530,0,0
11947,18571,0,0
11948,9531,0,0
11949,9532,0,0
11950,9534,0,0
11951,9535,0,0
11952,9536,1500000,0
11953,9537,5000,0
11954,9538,0,0
11955,9539,0,0
11956,9540,0,0
11957,9541,0,0
11958,9542,0,0
11959,9543,0,0
11960,18467,0,0
11961,9544,30000,0
11962,9545,0,0
11963,9546,0,0
11964,5425,9000,0
11965,9547,9000,0
11966,9548,0,0
11967,9549,0,0
11968,9550,0,0
11969,9551,0,0
11970,9553,0,0
11971,9554,0,0
11972,9556,0,0
11973,9557,170000,0
11974,9558,0,0
11975,9559,0,0
11976,9560,0,0
11977,9561,0,0
11978,9562,0,0
11979,9563,0,0
11980,9564,0,0
11981,13177,0,0
11982,9565,0,0
11983,9567,0,0
11984,9568,0,0
11985,9569,0,0
11986,9570,0,0
11987,9571,0,0
11988,9572,1000000,0
11989,9573,0,0
11990,9575,0,0
11991,9576,0,0
11992,9577,0,0
11993,9578,0,0
11994,9579,0,0
11995,9580,750000,2760000
11996,9581,40000,0
11997,9582,100000,0
11998,9583,0,0
11999,17517,0,0
12000,9584,0,0
12001,9585,0,0
12002,9586,0,0
12003,9587,0,0
12004,9588,0,0
12005,9589,680000,0
12006,9590,0,0
12007,9591,0,0
12008,9592,0,0
12009,9593,0,0
12010,9594,0,0
12011,9595,0,0
12012,9596,0,0
12013,9597,0,0
12014,9598,0,1155954
12015,9599,0,0
12016,9600,0,0
12017,9601,0,0
12018,9782,0,0
12019,22619,0,0
12020,9602,0,0
12021,9603,300000,83322
12022,9604,23000,0
12023,9605,0,0
12024,9606,0,0
12025,29184,0,0
12026,9607,250000,0
12027,9608,0,0
12028,9609,0,0
12029,9610,0,0
12030,9611,0,0
12031,9612,0,0
12032,9613,0,0
12033,9614,0,0
12034,9615,0,0
12035,9616,0,0
12036,9617,0,0
12037,9618,0,0
12038,9619,0,0
12039,9620,15000,0
12040,9621,0,0
12041,9622,0,0
12042,9623,0,0
12043,9624,0,0
12044,9625,0,0
12045,25653,0,0
12046,9626,0,0
12047,9627,0,0
12048,9629,0,0
12049,9630,0,0
12050,9631,400000,0
12051,9632,0,0
12052,9633,0,0
12053,9634,0,0
12054,12061,0,0
12055,9635,0,0
12056,9636,0,0
12057,9637,0,0
12058,9638,100000,0
12059,9639,0,0
12060,9640,0,0
12061,19305,0,0
12062,9641,0,0
12063,9642,0,0
12064,9644,0,0
12065,11446,0,0
12066,12686,0,0
12067,17242,0,0
12068,9645,0,0
12069,9646,50000,0
12070,9648,0,0
12071,9649,0,0
12072,9651,0,0
12073,9652,0,0
12074,9653,0,0
12075,9654,0,0
12076,9655,0,0
12077,9656,0,0
12078,9657,2000,0
12079,9658,0,0
12080,9659,0,0
12081,9660,0,0
12082,9661,0,0
12083,9662,0,0
12084,9663,0,0
12085,9664,0,0
12086,9665,70,0
12087,9666,0,0
12088,9667,0,0
12089,9668,1000000,0
12090,9669,0,0
12091,9670,0,586283
12092,9671,0,0
12093,9672,0,0
12094,9673,100000,0
12095,9674,0,22000
12096,18894,0,22000
12097,9675,0,0
12098,9676,0,0
12099,22182,0,0
12100,9677,0,0
12101,9678,0,307716
12102,9679,0,0
12103,9680,0,0
12104,9681,0,0
12105,9682,0,0
12106,4493,0,0
12107,6835,0,0
12108,9683,0,0
12109,9685,0,0
12110,9686,0,0
12111,17102,0,0
12112,9687,200000,0
12113,9688,0,0
12114,768,150000,0
12115,9689,150000,0
12116,21059,150000,0
12117,23539,150000,0
12118,29168,150000,0
12119,5868,0,0
12120,9690,0,0
12121,9691,0,0
12122,9692,0,0
12123,9693,38200,0
12124,9694,0,0
12125,9695,0,0
12126,18167,0,0
12127,9696,0,0
12128,9698,0,0
12129,9699,600000,0
12130,9700,0,0
12131,9701,0,0
12132,9702,6000000,0
12133,9703,0,0
12134,11884,0,0
12135,9704,0,0
12136,9705,0,0
12137,4373,0,0
12138,4792,0,0
12139,9706,0,0
12140,9707,0,0
12141,9708,0,0
12142,9709,0,0
12143,9710,0,0
12144,9711,0,0
12145,14038,0,0
12146,16937,0,0
12147,9712,300000,0
12148,9713,0,0
12149,9714,0,0
12150,9715,680,0
12151,9716,500000,0
12152,9717,0,0
12153,6132,500,5
12154,9718,500,5
12155,9719,50000,0
12156,3526,40000,0
12157,8459,40000,0
12158,9720,40000,0
12159,24623,40000,0
12160,9721,0,0
12161,9722,0,0
12162,9723,650000,0
12163,9724,0,0
12164,9725,0,0
12165,26658,0,0
12166,9726,1056753,0
12167,9727,0,0
12168,9728,0,0
12169,9729,50000,0
12170,9731,0,0
12171,9732,0,0
12172,9733,10000,0
12173,9734,1000000,0
12174,9735,0,0
12175,9736,0,0
12176,9737,0,0
12177,9738,0,0
12178,9739,0,0
12179,9740,0,0
12180,9741,0,0
12181,9742,0,0
12182,9743,0,0
12183,9744,0,0
12184,25119,0,0
12185,9745,0,0
12186,9746,0,0
12187,9747,0,0
12188,9748,0,0
12189,9749,0,0
12190,9750,0,0
12191,9751,0,0
12192,9752,0,0
12193,9753,0,0
12194,9754,0,0
12195,9755,0,0
12196,9756,0,0
12197,9757,0,0
12198,9758,0,0
12199,9759,0,3401771
12200,9760,0,0
12201,9762,0,0
12202,9763,0,0
12203,9764,0,0
12204,9765,475000,0
12205,9766,0,0
12206,9767,0,0
12207,9768,0,0
12208,9769,500000,0
12209,9770,2500000,0
12210,9771,0,0
12211,9772,0,0
12212,9773,0,0
12213,9775,0,0
12214,9776,300000,0
12215,18510,300000,0
12216,9777,0,0
12217,9778,0,0
12218,11643,0,0
12219,28168,0,0
12220,9779,0,0
12221,9780,0,0
12222,10612,0,0
12223,11437,0,0
12224,9781,0,0
12225,9783,0,0
12226,17122,0,0
12227,9784,0,0
12228,9785,0,0
12229,9786,0,0
12230,9787,0,0
12231,9788,40000,0
12232,22936,40000,0
12233,9789,0,0
12234,9790,0,0
12235,9791,0,0
12236,9793,0,0
12237,9794,0,0
12238,9795,100000,0
12239,9796,0,0
12240,9797,5000,0
12241,9798,0,0
12242,9799,0,0
12243,9800,0,0
12244,9801,0,0
12245,22701,0,0
12246,9802,0,0
12247,9803,0,0
12248,9804,30000,0
12249,9805,0,0
12250,9806,0,0
12251,9807,0,0
12252,9808,0,0
12253,9809,0,0
12254,9810,750000,0
12255,9811,0,0
12256,9812,0,0
12257,9813,0,0
12258,14717,0,0
12259,9814,0,0
12260,9815,0,0
12261,9817,500000,0
12262,9818,0,0
12263,9819,0,0
12264,1778,0,0
12265,9820,0,0
12266,9821,0,0
12267,9822,0,0
12268,9823,0,0
12269,9824,30000,10147
12270,9825,0,0
12271,9826,5000000,0
12272,9827,0,0
12273,9829,0,0
12274,9830,0,0
12275,9831,0,0
12276,27266,0,0
12277,9832,0,0
12278,9833,0,0
12279,9834,10000,0
12280,9835,0,0
12281,9836,0,0
12282,9837,0,0
12283,9838,0,0
12284,9839,0,0
12285,9840,0,0
12286,9841,0,0
12287,9842,0,0
12288,9843,0,0
12289,9844,0,0
12290,9845,0,0
12291,9846,0,0
12292,9847,0,0
12293,9848,0,0
12294,9849,30000,0
12295,9850,0,0
12296,9851,0,0
12297,9852,0,0
12298,9853,0,0
12299,9854,0,0
12300,9855,30000,0
12301,9856,0,0
12302,9857,0,0
12303,9858,0,0
12304,9859,0,0
12305,9861,0,0
12306,9862,1200000,0
12307,9863,0,0
12308,9865,0,0
12309,9866,0,0
12310,9867,0,0
12311,9868,0,0
12312,9869,0,0
12313,9870,0,0
12314,9871,0,0
12315,9872,0,0
12316,9873,0,0
12317,9874,0,0
12318,9875,0,0
12319,9876,0,0
12320,9877,0,0
12321,9878,4000,0
12322,9879,0,0
12323,9880,0,0
12324,9882,0,0
12325,12709,0,0
12326,965,0,0
12327,1505,0,0
12328,4171,0,0
12329,9883,0,0
12330,9884,0,0
12331,9885,0,0
12332,9886,0,2465876
12333,5273,0,200340
12334,9887,0,200340
12335,19971,0,200340
12336,9888,0,0
12337,9889,0,0
12338,9890,0,0
12339,9891,0,0
12340,9892,0,0
12341,9893,0,0
12342,9894,0,0
12343,9895,0,0
12344,9896,0,0
12345,9897,0,0
12346,9898,300,0
12347,9899,0,0
12348,9900,0,0
12349,9901,300,0
12350,9902,0,0
12351,9903,0,0
12352,9904,0,0
12353,9905,0,0
12354,9906,0,0
12355,9907,0,0
12356,21626,0,0
12357,9908,250000,0
12358,9909,0,0
12359,9911,0,0
12360,9912,0,1919930
12361,9913,7500,0
12362,18274,7500,0
12363,9914,0,0
12364,9915,0,0
12365,9917,0,0
12366,9918,0,0
12367,9919,0,0
12368,9920,0,0
12369,9921,0,0
12370,9922,0,0
12371,9923,0,0
12372,9924,1200000,0
12373,9925,2000000,0
12374,9926,430000,0
12375,9927,0,0
12376,9928,0,0
12377,9929,0,0
12378,9930,50000,0
12379,9931,0,0
12380,9932,0,0
12381,27067,0,0
12382,9933,0,0
12383,8570,3000,0
12384,9934,3000,0
12385,9935,0,0
12386,9936,0,0
12387,9937,0,0
12388,9938,0,0
12389,9939,0,0
12390,9940,0,0
12391,9942,0,0
12392,9943,0,0
12393,9944,0,0
12394,9945,0,0
12395,9946,67000,0
12396,9947,0,0
12397,9948,0,0
12398,9949,0,0
12399,9950,450,0
12400,9951,0,0
12401,9952,0,0
12402,9953,0,0
12403,9954,0,0
12404,9956,0,0
12405,9957,0,0
12406,9958,0,0
12407,9959,100000,0
12408,9960,0,0
12409,9961,0,0
12410,9962,17000,0
12411,9963,0,0
12412,9964,0,0
12413,9965,0,0
12414,9966,0,0
12415,9967,0,2171000
12416,10347,0,2171000
12417,9968,0,0
12418,9970,0,0
12419,9971,0,0
12420,9972,0,0
12421,9973,10000,0
12422,9974,0,0
12423,9975,0,0
12424,9976,0,0
12425,9977,0,0
12426,9978,152000,0
12427,9979,0,0
12428,9980,0,0
12429,9981,0,0
12430,9982,0,0
12431,9983,0,0
12432,9984,0,0
12433,9985,10,0
12434,9986,0,0
12435,9988,0,0
12436,9989,0,0
12437,9990,0,0
12438,14724,0,0
12439,9991,0,0
12440,9992,0,0
12441,9993,0,0
12442,9994,0,0
12443,9995,200000,0
12444,9996,0,0
12445,9997,0,0
12446,9998,0,0
12447,9999,0,0
12448,10000,0,0
12449,10001,0,0
12450,10002,0,0
12451,10003,0,0
12452,10004,1000000,0
12453,10005,0,0
12454,10006,50000,0
12455,10007,0,0
12456,10008,0,0
12457,10009,0,0
12458,10010,0,0
12459,10011,0,0
12460,10012,0,0
12461,10013,0,0
12462,31058,0,0
12463,10014,0,0
12464,10015,0,0
12465,10016,0,0
12466,10017,0,0
12467,10018,170000,0
12468,10019,0,0
12469,10020,450000,0
12470,10021,0,0
12471,10022,0,0
12472,10023,0,0
12473,10024,0,0
12474,10025,0,0
12475,10026,0,0
12476,10027,0,0
12477,10028,0,0
12478,10029,0,0
12479,5513,605370,0
12480,8306,605370,0
12481,10030,605370,0
12482,21365,605370,0
12483,10031,0,0
12484,10032,3500000,0
12485,10033,0,0
12486,10034,0,0
12487,12182,0,0
12488,10035,0,0
12489,10036,0,0
12490,10037,0,0
12491,10038,0,0
12492,10039,0,0
12493,10040,0,0
12494,10041,0,0
12495,10042,0,0
12496,10043,0,0
12497,10044,349999,0
12498,10045,0,0
12499,10046,0,0
12500,10047,0,0
12501,10048,0,0
12502,10049,0,0
12503,10050,0,0
12504,10051,0,0
12505,10052,0,0
12506,10053,0,0
12507,25318,0,0
12508,10054,0,0
12509,10055,1000,0
12510,10056,5000,0
12511,10057,0,0
12512,10058,0,0
12513,10060,0,1612100
12514,10061,18,0
12515,10062,0,0
12516,10063,0,0
12517,14582,0,0
12518,10064,0,0
12519,10065,0,0
12520,10066,0,0
12521,10067,0,0
12522,10068,0,0
12523,10069,0,0
12524,7280,0,0
12525,10071,0,0
12526,10072,0,0
12527,10073,0,0
12528,10074,10000,0
12529,10075,0,0
12530,10076,0,0
12531,10077,0,0
12532,10078,0,0
12533,12483,0,0
12534,10079,0,0
12535,10080,0,0
12536,10081,0,0
12537,10082,0,0
12538,10083,0,0
12539,10084,0,0
12540,10085,0,0
12541,10086,0,0
12542,10087,0,0
12543,10088,52000,0
12544,10089,0,0
12545,10090,3000000,0
12546,10091,0,0
12547,10092,0,0
12548,10093,0,0
12549,10094,0,0
12550,10095,0,0
12551,10096,0,0
12552,10098,260,0
12553,10099,0,0
12554,10100,0,0
12555,10102,0,0
12556,10103,0,0
12557,10104,0,0
12558,10105,0,0
12559,10106,25000,0
12560,10107,0,0
12561,10108,0,0
12562,10109,33000,0
12563,10110,0,0
12564,10111,13000,0
12565,10113,4500,0
12566,10114,0,0
12567,10115,0,0
12568,10116,0,0
12569,10117,0,0
12570,26257,0,0
12571,10118,0,0
12572,24142,0,0
12573,10119,0,0
12574,10120,48000,0
12575,10121,0,0
12576,10122,0,0
12577,10123,0,0
12578,10124,0,0
12579,10125,0,0
12580,10126,0,0
12581,10127,0,0
12582,10128,0,0
12583,879,0,0
12584,10129,0,0
12585,10130,8000,0
12586,10132,0,0
12587,10133,0,0
12588,10134,0,0
12589,10135,300,0
12590,10136,0,0
12591,10137,0,0
12592,10138,0,0
12593,10139,0,0
12594,21931,0,0
12595,25110,0,0
12596,10140,0,0
12597,10141,0,0
12598,10142,0,0
12599,10143,0,0
12600,10144,0,0
12601,10145,1,0
12602,12200,1,0
12603,10146,0,0
12604,10147,0,0
12605,21675,0,0
12606,10148,0,0
12607,10149,0,0
12608,10150,0,0
12609,10151,20,0
12610,23720,20,0
12611,10152,0,0
12612,10153,0,0
12613,10154,0,0
12614,11381,0,0
12615,13774,0,0
12616,15383,0,0
12617,17081,0,0
12618,20725,0,0
12619,23396,0,0
12620,28568,0,0
12621,10155,0,0
12622,10156,0,0
12623,10157,0,0
12624,10158,0,0
12625,10159,0,0
12626,10160,0,0
12627,10161,0,0
12628,10162,0,0
12629,19418,0,0
12630,10163,0,0
12631,10164,0,0
12632,10165,15,0
12633,10166,0,0
12634,10167,0,0
12635,10168,0,0
12636,12473,0,0
12637,10169,0,0
12638,14854,0,0
12639,26738,0,0
12640,29560,0,0
12641,10170,0,0
12642,10171,0,0
12643,10172,0,0
12644,14447,0,0
12645,15334,0,0
12646,16721,0,0
12647,10173,0,0
12648,10174,0,0
12649,10175,0,0
12650,10176,153000,0
12651,10177,60000,0
12652,10178,0,0
12653,22405,0,0
12654,10179,0,0
12655,10180,0,0
12656,25988,0,0
12657,10181,0,0
12658,10182,0,0
12659,10183,0,0
12660,10184,0,0
12661,10185,0,0
12662,10186,0,0
12663,10187,0,0
12664,10188,0,0
12665,10189,0,0
12666,26846,0,0
12667,10190,0,0
12668,10191,0,0
12669,10192,0,0
12670,10193,0,0
12671,10194,0,0
12672,10195,0,0
12673,10196,0,0
12674,10197,0,0
12675,10198,0,0
12676,10199,0,5000
12677,10200,0,0
12678,10201,0,0
12679,10202,0,0
12680,10203,0,0
12681,19610,0,0
12682,10204,0,0
12683,10205,0,0
12684,10206,0,0
12685,10207,0,0
12686,10208,0,0
12687,14608,0,0
12688,10209,0,0
12689,10210,0,0
12690,10211,0,0
12691,20020,0,0
12692,10212,0,0
12693,10213,0,0
12694,10214,0,0
12695,10215,0,0
12696,10216,20000,0
12697,10217,0,0
12698,10218,0,0
12699,10219,0,0
12700,10220,0,0
12701,10221,0,0
12702,10222,0,0
12703,10223,0,0
12704,760,1500,0
12705,10224,1500,0
12706,10225,10,0
12707,10226,0,0
12708,10227,0,0
12709,10228,0,0
12710,10230,0,0
12711,8117,800,0
12712,10231,800,0
12713,10233,0,0
12714,10234,0,0
12715,10235,0,0
12716,22651,0,0
12717,10236,0,0
12718,10237,0,0
12719,10238,0,0
12720,10239,0,0
12721,10240,0,0
12722,10241,0,0
12723,10242,20000,0
12724,10243,1000000,0
12725,10244,0,0
12726,895,0,4164
12727,1818,0,4164
12728,2376,0,4164
12729,7839,0,4164
12730,10245,0,4164
12731,10592,0,4164
12732,11140,0,4164
12733,13635,0,4164
12734,14684,0,4164
12735,16588,0,4164
12736,16971,0,4164
12737,20995,0,4164
12738,26858,0,4164
12739,30864,0,4164
12740,10246,0,0
12741,10247,0,0
12742,10249,0,0
12743,10250,0,0
12744,10251,0,0
12745,15836,0,0
12746,10252,1500000,0
12747,10253,60000,0
12748,10254,0,0
12749,25499,0,0
12750,9174,0,0
12751,10255,0,0
12752,10256,0,0
12753,10257,0,0
12754,10258,61,0
12755,10259,300000,0
12756,10455,300000,0
12757,10260,0,0
12758,12747,0,0
12759,10261,0,0
12760,10262,0,0
12761,13579,0,0
12762,10263,0,0
12763,10264,0,0
12764,15087,0,0
12765,22761,0,0
12766,28620,0,0
12767,10265,0,0
12768,10266,4500000,0
12769,10267,0,0
12770,10268,0,0
12771,10269,0,0
12772,10270,0,0
12773,10271,0,0
12774,10272,0,0
12775,406,40000,0
12776,10273,40000,0
12777,10274,0,0
12778,10275,10000,0
12779,10276,1000000,0
12780,10277,0,0
12781,10278,0,0
12782,10279,0,0
12783,10280,50000,0
12784,10281,0,0
12785,10283,100000,0
12786,10284,0,0
12787,10285,1000000,0
12788,10286,0,0
12789,10287,0,0
12790,10288,0,0
12791,10289,0,0
12792,10290,0,0
12793,10291,0,0
12794,10292,10000,0
12795,27259,10000,0
12796,10293,0,0
12797,10294,0,0
12798,10295,0,0
12799,10296,9000,0
12800,10297,0,0
12801,10298,0,0
12802,13209,0,0
12803,10299,0,0
12804,10300,0,0
12805,10301,0,0
12806,10302,0,0
12807,10303,0,0
12808,10304,0,0
12809,10305,0,0
12810,10306,0,0
12811,10307,0,0
12812,10308,0,0
12813,10309,0,0
12814,10310,0,0
12815,10311,0,0
12816,10315,0,0
12817,10316,0,0
12818,10317,0,0
12819,10318,2100000,0
12820,10319,0,0
12821,10320,0,0
12822,10321,0,0
12823,10322,0,0
12824,10323,0,0
12825,10324,15000,0
12826,10325,0,0
12827,10326,0,0
12828,10328,10,0
12829,10329,0,0
12830,12880,0,0
12831,10330,25000,0
12832,10331,0,0
12833,10332,1000000,0
12834,10334,0,15462
12835,10335,0,0
12836,10337,0,0
12837,10338,0,0
12838,10339,0,0
12839,10340,0,0
12840,10341,0,0
12841,10342,0,0
12842,10344,0,0
12843,15976,0,0
12844,19023,0,0
12845,10345,0,0
12846,10346,0,0
12847,9967,2200000,0
12848,10347,2200000,0
12849,10348,0,0
12850,10349,0,0
12851,10350,0,0
12852,10351,0,0
12853,10352,0,0
12854,10353,0,0
12855,10354,2000,0
12856,10355,0,0
12857,10356,750000,890000
12858,10358,150000,0
12859,10359,1000000,0
12860,10360,0,0
12861,10361,0,0
12862,17684,0,0
12863,10362,0,0
12864,10363,0,0
12865,10364,0,0
12866,10365,0,0
12867,10366,0,0
12868,10367,0,0
12869,10368,0,0
12870,10369,22361,721651
12871,10370,0,0
12872,10372,0,0
12873,10373,0,0
12874,10374,0,0
12875,10375,0,0
12876,10376,0,0
12877,10377,0,0
12878,10378,0,0
12879,10379,0,0
12880,10380,0,0
12881,10381,0,0
12882,10382,0,0
12883,10383,0,0
12884,10384,50000,0
12885,10385,100000,0
12886,10386,0,0
12887,668,0,0
12888,10387,0,0
12889,10388,0,0
12890,10389,0,0
12891,10390,0,0
12892,10391,0,0
12893,10392,0,0
12894,10393,0,0
12895,10394,0,0
12896,10395,0,0
12897,23034,0,0
12898,10396,0,0
12899,10397,0,0
12900,10399,52000,0
12901,10400,0,0
12902,10401,0,0
12903,10402,0,0
12904,10403,100000,0
12905,10404,200000,0
12906,10405,0,0
12907,10406,0,0
12908,10407,0,0
12909,10408,0,0
12910,10409,0,0
12911,10410,0,0
12912,10411,0,0
12913,10412,0,0
12914,10413,0,0
12915,10414,0,0
12916,10415,50000,0
12917,10416,0,0
12918,10417,0,0
12919,10418,0,0
12920,10419,0,0
12921,10420,0,0
12922,10421,0,0
12923,10422,0,0
12924,10423,30000,0
12925,10424,0,0
12926,10425,0,0
12927,10426,0,0
12928,10427,300,110000
12929,10428,0,0
12930,10429,0,0
12931,10430,0,0
12932,10431,0,0
12933,10432,1800000,0
12934,10433,0,0
12935,10434,0,0
12936,10435,0,0
12937,10436,5000,0
12938,10437,0,0
12939,10438,0,0
12940,10439,0,0
12941,10440,0,0
12942,10441,0,0
12943,10442,0,0
12944,10443,500000,0
12945,10444,0,0
12946,10445,0,0
12947,10446,0,0
12948,10447,0,0
12949,10449,0,0
12950,1093,0,0
12951,10450,0,0
12952,24759,0,0
12953,26286,0,0
12954,29288,0,0
12955,29526,0,0
12956,10451,0,0
12957,10453,0,0
12958,10454,0,0
12959,10259,0,0
12960,10455,0,0
12961,10457,3000000,0
12962,10458,0,0
12963,10459,0,0
12964,10460,0,0
12965,10461,0,0
12966,10462,0,0
12967,10463,0,0
12968,10464,0,0
12969,10465,0,0
12970,10467,0,0
12971,10468,0,0
12972,10469,0,0
12973,10470,0,0
12974,13210,0,0
12975,27711,0,0
12976,28893,0,0
12977,29171,0,0
12978,10471,0,0
12979,10472,0,0
12980,10473,0,0
12981,10474,0,0
12982,10475,0,0
12983,10476,0,0
12984,10477,0,0
12985,10478,0,0
12986,10479,0,0
12987,10480,0,0
12988,10481,0,0
12989,10482,0,0
12990,10483,0,0
12991,10484,0,0
12992,24593,0,0
12993,10485,0,0
12994,10486,0,0
12995,10487,0,0
12996,10488,115000,0
12997,10489,550,0
12998,10490,0,0
12999,10491,0,0
13000,10492,0,0
13001,16540,0,0
13002,18861,0,0
13003,10493,500000,0
13004,10494,0,0
13005,13051,0,0
13006,27740,0,0
13007,10495,0,0
13008,3802,15000,45000
13009,6182,15000,45000
13010,6417,15000,45000
13011,9828,15000,45000
13012,10496,15000,45000
13013,23131,15000,45000
13014,24217,15000,45000
13015,28039,15000,45000
13016,29452,15000,45000
13017,10497,0,0
13018,10498,0,0
13019,10499,0,0
13020,10500,0,0
13021,10501,0,0
13022,10502,0,0
13023,10503,0,0
13024,10504,0,0
13025,10505,0,0
13026,10506,0,0
13027,10507,0,0
13028,18400,0,0
13029,10508,0,0
13030,10509,0,0
13031,10510,0,0
13032,10511,0,0
13033,10512,0,0
13034,10513,0,0
13035,10514,0,0
13036,10515,0,0
13037,10516,0,0
13038,10517,0,0
13039,10518,0,0
13040,10519,0,0
13041,10520,0,0
13042,10521,0,0
13043,10522,0,0
13044,10523,0,0
13045,10524,0,0
13046,10525,0,0
13047,10526,0,0
13048,10527,0,0
13049,10528,0,0
13050,10529,0,0
13051,10531,0,0
13052,10532,0,0
13053,10533,8000,0
13054,10534,400000,0
13055,10535,0,0
13056,10536,0,0
13057,10537,0,0
13058,10538,0,0
13059,10539,0,0
13060,10540,0,0
13061,10541,0,0
13062,10542,0,0
13063,10543,0,0
13064,10544,0,0
13065,10545,0,0
13066,10546,0,0
13067,10547,625000,0
13068,23259,625000,0
13069,10548,0,0
13070,10549,0,0
13071,10550,0,0
13072,10551,0,0
13073,10552,0,0
13074,10553,15000,0
13075,10554,0,0
13076,10555,0,0
13077,10556,0,0
13078,10557,3000,0
13079,10558,0,0
13080,10559,0,0
13081,10560,0,0
13082,14556,0,0
13083,16129,0,0
13084,17830,0,0
13085,22053,0,0
13086,10561,0,0
13087,10562,0,0
13088,10563,125,0
13089,10564,30000,0
13090,10565,0,0
13091,30916,0,0
13092,10566,0,0
13093,10567,2500000,0
13094,10568,0,0
13095,10569,0,0
13096,21075,0,0
13097,10570,0,0
13098,10571,0,0
13099,10572,1600000,0
13100,10574,50000,0
13101,10576,30000,0
13102,10577,154000,0
13103,10578,1000000,0
13104,10579,0,0
13105,10580,0,0
13106,10582,0,0
13107,10583,0,0
13108,10584,2400000,0
13109,10585,0,0
13110,10586,0,0
13111,10587,0,0
13112,10588,0,0
13113,10589,0,0
13114,10590,0,0
13115,10591,15000,0
13116,10593,1000000,0
13117,10594,0,0
13118,10595,0,0
13119,10596,0,0
13120,10597,0,0
13121,10598,0,0
13122,10599,0,0
13123,10600,0,0
13124,10601,500000,0
13125,3086,40000,0
13126,10602,40000,0
13127,10603,100000,0
13128,10604,15000,0
13129,10605,0,0
13130,10606,0,0
13131,10607,0,0
13132,10608,0,0
13133,10609,0,0
13134,2180,500000,0
13135,10610,500000,0
13136,10611,0,0
13137,15402,0,0
13138,22643,0,0
13139,22901,0,0
13140,27175,0,0
13141,29244,0,0
13142,29933,0,0
13143,9780,1000000,0
13144,10612,1000000,0
13145,11437,1000000,0
13146,10613,0,0
13147,10614,12000,0
13148,10615,0,0
13149,10617,0,0
13150,10618,0,0
13151,10619,14000,0
13152,10620,500,0
13153,10621,0,0
13154,10622,1550000,0
13155,10623,0,0
13156,10624,33000000,42000000
13157,10625,8000,0
13158,10626,0,0
13159,10627,0,0
13160,4566,265000,0
13161,10628,265000,0
13162,10629,0,0
13163,11933,0,0
13164,10630,0,0
13165,10631,0,0
13166,10632,0,0
13167,3698,0,0
13168,10633,0,0
13169,10634,0,0
13170,10635,0,0
13171,10636,0,0
13172,10637,240000,0
13173,10638,0,0
13174,10639,0,0
13175,10640,0,0
13176,10641,0,0
13177,10642,0,0
13178,10643,0,0
13179,10644,0,0
13180,10645,0,0
13181,10646,0,0
13182,10647,0,0
13183,10648,0,0
13184,10649,0,0
13185,19137,0,0
13186,1218,0,0
13187,10650,0,0
13188,10651,0,0
13189,10652,0,0
13190,10653,0,0
13191,10655,0,0
13192,10656,0,0
13193,10657,0,0
13194,10658,0,0
13195,10659,0,0
13196,10660,0,0
13197,12288,0,0
13198,10662,0,0
13199,10663,0,0
13200,10664,0,0
13201,10665,0,0
13202,10666,0,0
13203,10667,0,0
13204,10668,0,0
13205,10669,0,0
13206,10670,6000,0
13207,10671,18500,0
13208,12339,18500,0
13209,10672,0,0
13210,10673,0,0
13211,10674,0,0
13212,10675,0,0
13213,10676,0,0
13214,10677,0,0
13215,10678,0,0
13216,10679,0,0
13217,16257,0,0
13218,10680,35000,0
13219,14199,35000,0
13220,10681,0,0
13221,10682,0,0
13222,10683,0,0
13223,10684,0,0
13224,10685,0,0
13225,25209,0,0
13226,10686,0,0
13227,10687,0,0
13228,10688,0,0
13229,10689,0,0
13230,10690,0,0
13231,10691,100000,0
13232,10692,0,0
13233,10693,2576871,749981
13234,10694,0,0
13235,10695,0,0
13236,10696,0,0
13237,10697,0,0
13238,10698,0,0
13239,10699,0,0
13240,10700,0,0
13241,10701,0,0
13242,10702,0,0
13243,10703,0,0
13244,10704,0,0
13245,10705,0,0
13246,23143,0,0
13247,10706,3,0
13248,10707,0,0
13249,10708,5000,0
13250,10709,0,0
13251,10710,0,0
13252,10711,85000,0
13253,10712,0,0
13254,10713,0,0
13255,10714,0,0
13256,10715,0,0
13257,10716,1000,0
13258,10717,0,0
13259,10718,0,0
13260,10719,0,0
13261,10720,0,0
13262,10721,1650,0
13263,10722,4500,0
13264,10723,0,0
13265,10724,0,0
13266,10725,0,0
13267,10726,0,0
13268,10727,0,0
13269,10728,0,0
13270,10729,0,0
13271,22463,0,0
13272,10730,0,0
13273,10731,500000,0
13274,10732,0,0
13275,10733,0,0
13276,10734,0,0
13277,10735,0,0
13278,10736,0,0
13279,10737,60,0
13280,10738,1000000,0
13281,10739,0,0
13282,10740,0,0
13283,10741,100000,0
13284,10742,0,0
13285,10743,0,0
13286,16311,0,0
13287,19215,0,0
13288,10744,0,0
13289,10745,0,0
13290,3985,3000000,0
13291,10746,3000000,0
13292,10747,0,0
13293,29279,0,0
13294,30878,0,0
13295,10748,0,0
13296,10749,0,0
13297,10750,0,0
13298,10751,0,0
13299,10752,0,0
13300,10753,0,0
13301,10754,0,0
13302,1924,0,0
13303,10755,0,0
13304,11873,0,0
13305,16929,0,0
13306,10756,3,2
13307,10757,1000000,0
13308,10758,10000,0
13309,10759,0,0
13310,10760,0,0
13311,10761,15000,0
13312,10762,0,0
13313,10763,0,0
13314,10764,0,0
13315,11125,0,0
13316,19144,0,0
13317,10765,0,0
13318,10766,600000,0
13319,24431,600000,0
13320,2643,1000000,0
13321,10767,1000000,0
13322,10768,0,0
13323,10769,0,0
13324,10770,0,0
13325,10771,20,0
13326,10772,0,0
13327,10773,13000,0
13328,10774,0,0
13329,10775,0,0
13330,10776,0,0
13331,10777,0,0
13332,10778,0,0
13333,10779,0,0
13334,10780,0,0
13335,10781,0,0
13336,10782,0,0
13337,10783,0,0
13338,10785,0,0
13339,10786,0,0
13340,10787,0,0
13341,10788,0,0
13342,10789,30000,0
13343,10790,0,0
13344,10791,0,0
13345,10792,0,0
13346,10793,0,0
13347,10794,0,0
13348,10795,0,0
13349,10796,0,0
13350,10797,0,0
13351,10798,0,0
13352,10799,0,0
13353,10800,0,0
13354,10801,0,0
13355,10802,0,0
13356,10803,0,0
13357,10804,0,0
13358,3023,10000,0
13359,10805,10000,0
13360,8495,50000,0
13361,10806,50000,0
13362,20103,50000,0
13363,20679,50000,0
13364,20977,50000,0
13365,27027,50000,0
13366,29239,50000,0
13367,10807,475000,0
13368,10809,0,0
13369,10810,0,0
13370,10811,0,0
13371,10812,0,0
13372,10813,1,0
13373,10814,0,0
13374,10815,0,0
13375,10816,0,0
13376,10818,0,0
13377,25507,0,0
13378,6222,0,0
13379,10819,0,0
13380,10821,0,0
13381,10822,0,0
13382,10823,0,0
13383,10824,0,0
13384,10825,5000,0
13385,10826,250000,0
13386,10827,0,0
13387,10828,5000,0
13388,10829,0,0
13389,18143,0,0
13390,22686,0,0
13391,10830,0,0
13392,10831,0,0
13393,10833,0,0
13394,10834,0,0
13395,10835,0,0
13396,10836,100,0
13397,10837,125000,0
13398,10838,265000,0
13399,10839,0,0
13400,10840,0,0
13401,10841,0,0
13402,10842,0,0
13403,10843,3000,0
13404,10844,0,0
13405,10845,0,0
13406,10846,0,0
13407,10847,0,0
13408,10848,0,0
13409,10849,0,0
13410,10850,0,0
13411,10851,0,0
13412,10852,0,0
13413,10853,50000,1200000
13414,10854,0,0
13415,10855,0,0
13416,10856,0,0
13417,10857,0,0
13418,10858,0,0
13419,10859,0,0
13420,10860,80000,0
13421,10862,0,0
13422,10863,700,0
13423,10865,0,0
13424,10866,0,0
13425,10867,0,0
13426,10868,0,0
13427,10869,0,0
13428,10870,0,0
13429,10871,60000,0
13430,10872,0,0
13431,10873,0,0
13432,10874,0,0
13433,10875,0,0
13434,10876,500,0
13435,10877,0,0
13436,10878,0,0
13437,10879,0,0
13438,10880,0,0
13439,10881,0,0
13440,23978,0,0
13441,10882,0,0
13442,3477,12000,0
13443,10884,12000,0
13444,17422,12000,0
13445,10885,0,0
13446,10886,0,0
13447,10887,0,0
13448,12227,0,0
13449,10888,0,0
13450,10889,0,0
13451,10890,0,0
13452,10891,0,0
13453,10892,11605,0
13454,10893,0,0
13455,348,0,0
13456,673,0,0
13457,10894,0,0
13458,10895,0,0
13459,10896,0,0
13460,22885,0,0
13461,23212,0,0
13462,10897,0,0
13463,10898,0,0
13464,10899,0,0
13465,10900,0,0
13466,10901,100000,0
13467,10902,0,0
13468,30143,0,0
13469,10903,0,0
13470,10904,0,0
13471,10905,0,0
13472,10906,0,0
13473,10907,100000,0
13474,10908,2400000,0
13475,10909,0,0
13476,10910,0,0
13477,30,5000,0
13478,10911,5000,0
13479,10912,0,0
13480,10913,0,0
13481,10914,1791280,2035311
13482,10915,0,0
13483,10916,3918,0
13484,10917,0,0
13485,10919,0,0
13486,10920,0,0
13487,10921,125000,0
13488,10922,3000,500000
13489,10924,0,0
13490,10925,0,0
13491,20663,0,0
13492,22141,0,0
13493,24099,0,0
13494,10926,0,0
13495,10927,0,0
13496,10928,0,0
13497,10929,0,0
13498,10930,1000000,0
13499,20198,1000000,0
13500,10931,0,0
13501,10932,0,0
13502,10933,14000,0
13503,10934,1000000,0
13504,10935,1000,0
13505,10936,0,0
13506,10937,0,0
13507,10938,0,0
13508,10939,0,0
13509,10940,0,0
13510,13305,0,0
13511,19807,0,0
13512,20866,0,0
13513,10942,0,0
13514,10943,0,0
13515,10944,0,0
13516,10945,0,970000
13517,10946,0,0
13518,10947,3000000,0
13519,10948,1,0
13520,10949,0,0
13521,10950,0,0
13522,14527,0,0
13523,21579,0,0
13524,10951,0,0
13525,10952,10000,0
13526,10953,0,0
13527,10954,0,0
13528,1587,0,0
13529,10955,0,0
13530,10956,0,0
13531,19471,0,0
13532,10957,0,0
13533,10958,0,0
13534,10959,0,25193
13535,10960,0,0
13536,10961,0,0
13537,10962,0,0
13538,10963,40,0
13539,10964,0,0
13540,10965,0,0
13541,10966,1200,4300
13542,5170,0,0
13543,10967,0,0
13544,11176,0,0
13545,27363,0,0
13546,10968,0,0
13547,10969,0,0
13548,10970,0,0
13549,10971,0,0
13550,10972,0,0
13551,10973,500,0
13552,10974,0,0
13553,10975,400,0
13554,10976,0,0
13555,10977,0,0
13556,10978,0,0
13557,10979,0,0
13558,10980,210000,0
13559,10981,0,0
13560,10982,0,0
13561,10983,0,0
13562,10984,0,0
13563,10985,0,0
13564,10986,0,0
13565,10988,0,0
13566,10989,0,0
13567,10990,0,0
13568,10992,0,0
13569,10993,10000,0
13570,10994,0,0
13571,2020,0,0
13572,10996,0,0
13573,10997,8000,80000
13574,10998,0,0
13575,10999,0,0
13576,11000,0,0
13577,11001,600000,0
13578,11002,0,0
13579,11003,0,0
13580,11004,0,0
13581,11005,0,0
13582,11006,40000,0
13583,11007,0,0
13584,11008,0,0
13585,23769,0,0
13586,27280,0,0
13587,11009,0,0
13588,11010,0,0
13589,11011,0,0
13590,11012,0,0
13591,11013,0,0
13592,5267,0,0
13593,11014,0,0
13594,11015,0,0
13595,11017,0,0
13596,11018,0,0
13597,11019,0,0
13598,14226,0,0
13599,20814,0,0
13600,11020,0,0
13601,11021,0,0
13602,11022,2500000,0
13603,11023,0,0
13604,11025,0,0
13605,11026,0,0
13606,11028,0,0
13607,11029,0,0
13608,11030,0,0
13609,11031,0,0
13610,11032,0,0
13611,11033,0,0
13612,11034,23000,0
13613,11035,0,0
13614,19303,0,0
13615,24673,0,0
13616,28585,0,0
13617,11036,0,0
13618,2272,5000,0
13619,11037,5000,0
13620,16703,5000,0
13621,24546,5000,0
13622,11039,0,0
13623,11040,20000,0
13624,11041,0,0
13625,11042,0,0
13626,11043,0,0
13627,11044,0,0
13628,11045,0,0
13629,11046,0,0
13630,11048,0,0
13631,11049,0,0
13632,11050,0,0
13633,11051,0,0
13634,11052,0,0
13635,11053,1500000,0
13636,11054,0,0
13637,11056,0,0
13638,11057,0,0
13639,11059,0,0
13640,21143,0,0
13641,22338,0,0
13642,11060,0,0
13643,11061,0,0
13644,11062,0,0
13645,11063,0,0
13646,11064,0,0
13647,16103,0,0
13648,11065,0,0
13649,11066,0,0
13650,11067,0,0
13651,12355,0,0
13652,11068,0,53074
13653,11069,466000,0
13654,11070,0,0
13655,11071,100000,0
13656,11072,0,0
13657,11073,0,0
13658,11074,0,0
13659,15888,0,0
13660,11075,0,0
13661,11076,0,0
13662,11077,0,0
13663,11078,0,0
13664,11079,0,0
13665,11080,6000,0
13666,11081,0,0
13667,11082,0,0
13668,11083,0,0
13669,11084,0,0
13670,5096,0,0
13671,11085,0,0
13672,11086,0,0
13673,11087,0,0
13674,11088,0,0
13675,11089,0,0
13676,14902,0,0
13677,11090,0,0
13678,24041,0,0
13679,11091,0,0
13680,11092,0,0
13681,11093,0,0
13682,11095,0,0
13683,11096,0,0
13684,11097,0,0
13685,11098,500,0
13686,11099,18000,0
13687,11100,0,0
13688,11101,0,0
13689,11102,0,0
13690,11103,0,0
13691,11104,10000,0
13692,11105,0,0
13693,25113,0,0
13694,11106,0,0
13695,11107,0,0
13696,11108,0,0
13697,11109,0,0
13698,11110,0,0
13699,11111,0,0
13700,11113,0,0
13701,11114,0,0
13702,11115,4000,0
13703,11116,0,0
13704,18404,0,0
13705,11117,0,0
13706,11118,0,0
13707,11119,150000,0
13708,11120,0,0
13709,11121,200,0
13710,11122,0,0
13711,11123,0,0
13712,11124,0,0
13713,25563,0,0
13714,11126,0,0
13715,11127,0,0
13716,11128,0,0
13717,1680,0,0
13718,1786,0,0
13719,11129,0,0
13720,13967,0,0
13721,11130,1000000,0
13722,11131,0,0
13723,30868,0,0
13724,11132,0,0
13725,11133,0,0
13726,14085,0,0
13727,11134,0,0
13728,11135,0,0
13729,11136,0,0
13730,11137,0,0
13731,11138,0,0
13732,11139,0,0
13733,11141,0,0
13734,11142,0,0
13735,11143,0,0
13736,11144,0,0
13737,11145,0,0
13738,11146,0,0
13739,11147,0,0
13740,11148,0,0
13741,1522,0,0
13742,11149,0,0
13743,11150,0,0
13744,11151,0,0
13745,11152,0,0
13746,11153,0,0
13747,11154,0,0
13748,8931,0,0
13749,11155,0,0
13750,11156,0,0
13751,11157,5000,0
13752,11158,0,0
13753,11159,0,0
13754,11160,0,0
13755,11161,0,0
13756,11162,0,0
13757,11163,0,0
13758,11164,25000,0
13759,11165,0,0
13760,14519,0,0
13761,11166,80000,0
13762,11167,0,0
13763,11168,0,0
13764,11169,0,0
13765,11170,0,0
13766,11171,0,0
13767,11173,0,0
13768,11174,0,0
13769,21136,0,0
13770,11175,0,0
13771,11177,0,0
13772,11178,0,0
13773,11179,0,0
13774,11180,0,0
13775,11181,0,0
13776,11182,0,0
13777,11183,50000,0
13778,11184,0,0
13779,11185,0,0
13780,11186,0,0
13781,11187,0,0
13782,11188,500,0
13783,11189,0,0
13784,11190,1000000,0
13785,11191,0,0
13786,11192,25000,0
13787,11193,0,0
13788,11194,0,0
13789,11195,1000,0
13790,11196,1500000,0
13791,11197,0,0
13792,11198,5000,0
13793,11199,75000,0
13794,11200,0,0
13795,11201,0,0
13796,11202,0,0
13797,11203,0,0
13798,11204,0,0
13799,11205,0,0
13800,11206,0,0
13801,11207,0,0
13802,11208,0,0
13803,11209,0,0
13804,11210,0,0
13805,24147,0,0
13806,11211,0,418467
13807,11212,0,0
13808,11213,5000,0
13809,11214,0,0
13810,11215,0,0
13811,28529,0,0
13812,11216,0,0
13813,11217,0,0
13814,11219,0,0
13815,11220,0,0
13816,11221,2844660,0
13817,11222,5000,0
13818,27166,5000,0
13819,11223,0,0
13820,11224,0,0
13821,11225,0,0
13822,11226,0,0
13823,11227,0,0
13824,11228,0,0
13825,11229,0,0
13826,14111,0,0
13827,11230,0,0
13828,11231,0,0
13829,8417,1000000,0
13830,11232,1000000,0
13831,20150,1000000,0
13832,11233,0,0
13833,11234,0,0
13834,11235,0,0
13835,16399,0,0
13836,11236,0,0
13837,11237,0,0
13838,11238,0,0
13839,11239,0,0
13840,11240,0,0
13841,11241,0,0
13842,11242,2553,0
13843,11243,0,0
13844,11244,0,0
13845,11246,0,0
13846,11247,0,0
13847,11248,0,0
13848,11249,0,0
13849,11250,0,0
13850,11251,0,0
13851,11252,0,0
13852,11253,0,0
13853,11254,0,0
13854,11255,0,0
13855,872,0,0
13856,11256,0,0
13857,17070,0,0
13858,11257,0,0
13859,27797,0,0
13860,11258,0,0
13861,11259,0,0
13862,20322,0,0
13863,11260,0,0
13864,11261,0,0
13865,11262,0,0
13866,11263,0,0
13867,11264,0,0
13868,11265,0,0
13869,11266,0,0
13870,11267,0,0
13871,11268,661,0
13872,11269,0,0
13873,11270,0,0
13874,6735,0,0
13875,11271,0,0
13876,11272,0,0
13877,11273,0,0
13878,11274,0,0
13879,11275,0,0
13880,11276,15000,0
13881,11277,0,0
13882,17575,0,0
13883,25678,0,0
13884,11278,0,0
13885,11279,0,0
13886,11280,0,0
13887,11281,10000,0
13888,11282,0,0
13889,11283,0,0
13890,11284,0,0
13891,11285,0,0
13892,11286,0,0
13893,11287,0,0
13894,11288,35000,0
13895,11289,0,0
13896,23273,0,0
13897,11291,0,0
13898,11292,0,0
13899,11293,0,0
13900,11294,0,0
13901,11295,5000,0
13902,11296,0,0
13903,11297,0,0
13904,11298,0,0
13905,11299,0,0
13906,11300,0,0
13907,11301,0,0
13908,11302,0,0
13909,11303,115000,0
13910,11304,0,0
13911,11305,0,0
13912,11306,50,0
13913,11307,0,0
13914,11308,250000,0
13915,11309,0,0
13916,21506,0,0
13917,11310,0,0
13918,11311,0,0
13919,11312,100000,75000
13920,11313,0,0
13921,11314,0,0
13922,11315,0,0
13923,11316,0,0
13924,11317,0,0
13925,11318,0,0
13926,11319,0,0
13927,11320,0,0
13928,11321,300000,0
13929,22432,300000,0
13930,11322,0,0
13931,27281,0,0
13932,11323,0,0
13933,11324,0,0
13934,11325,0,0
13935,11326,0,0
13936,11327,275000,0
13937,11328,0,0
13938,11329,0,0
13939,11330,0,0
13940,11331,0,0
13941,11332,120000,0
13942,11333,0,0
13943,11334,0,0
13944,11335,0,0
13945,11336,0,0
13946,11337,0,0
13947,11338,0,0
13948,11339,0,0
13949,11340,0,0
13950,11341,0,0
13951,11342,0,0
13952,11343,0,0
13953,11344,0,0
13954,11346,0,0
13955,11347,0,0
13956,11348,0,0
13957,11349,0,0
13958,11350,0,0
13959,19256,0,0
13960,11352,0,0
13961,11353,0,0
13962,11354,10000,0
13963,11355,0,0
13964,11356,0,0
13965,11358,0,0
13966,11359,0,0
13967,11361,1500,0
13968,11363,0,0
13969,11364,126000,0
13970,11365,0,0
13971,11366,0,0
13972,11367,1000000,0
13973,30940,1000000,0
13974,11368,0,0
13975,11369,0,0
13976,11370,0,0
13977,11371,0,0
13978,11372,0,0
13979,11373,0,0
13980,11375,0,0
13981,11376,0,0
13982,11377,0,0
13983,11378,0,0
13984,11379,0,0
13985,11380,0,0
13986,11382,0,0
13987,11384,0,0
13988,11385,0,0
13989,20451,0,0
13990,11386,0,0
13991,11387,0,0
13992,1372,20000,0
13993,11388,20000,0
13994,23052,20000,0
13995,11389,0,0
13996,11390,0,0
13997,11391,0,0
13998,11392,0,0
13999,11393,0,0
14000,11394,0,0
14001,11395,107760,0
14002,11396,12500,0
14003,11397,0,0
14004,11398,0,0
14005,11399,0,0
14006,11400,0,0
14007,11402,0,0
14008,11403,0,0
14009,11404,0,0
14010,11405,0,0
14011,11406,0,0
14012,11407,0,0
14013,11408,0,0
14014,11409,0,0
14015,11411,0,0
14016,11412,0,0
14017,11413,0,0
14018,11414,0,0
14019,11416,0,0
14020,11417,0,0
14021,11418,0,0
14022,11419,500000,0
14023,11420,100000,0
14024,11422,0,0
14025,23523,0,0
14026,11423,0,0
14027,11424,0,0
14028,18699,0,0
14029,11425,0,0
14030,11426,0,0
14031,11427,750000,0
14032,17565,750000,0
14033,11428,0,0
14034,11429,0,0
14035,16289,0,0
14036,11430,0,0
14037,11431,0,0
14038,11433,0,0
14039,11434,0,0
14040,11435,0,0
14041,11436,0,0
14042,11438,782640,0
14043,11439,0,0
14044,11440,0,0
14045,11441,0,0
14046,11442,0,0
14047,11443,78000,0
14048,11444,0,0
14049,11445,0,0
14050,11447,0,0
14051,11448,0,0
14052,11449,0,0
14053,11450,0,0
14054,11451,0,0
14055,11452,0,0
14056,11453,0,0
14057,11454,0,0
14058,11455,0,0
14059,11456,0,0
14060,11457,5000,0
14061,11458,0,0
14062,11459,0,0
14063,11460,0,0
14064,11461,0,0
14065,11462,0,0
14066,11463,0,0
14067,11464,0,0
14068,11465,0,0
14069,11466,0,0
14070,11467,0,0
14071,5570,350,0
14072,11468,350,0
14073,11469,0,0
14074,11470,0,0
14075,11471,0,0
14076,11472,0,0
14077,11473,30000,0
14078,11474,0,0
14079,11476,0,0
14080,11477,0,0
14081,11479,0,0
14082,11480,0,0
14083,11481,0,0
14084,11482,0,0
14085,11483,0,0
14086,11484,0,0
14087,11485,0,0
14088,11486,0,0
14089,11487,0,0
14090,11488,0,0
14091,11489,0,0
14092,11490,0,0
14093,11491,0,0
14094,11492,0,0
14095,11494,0,0
14096,11495,0,0
14097,11496,0,0
14098,11497,0,0
14099,11498,0,0
14100,11500,0,0
14101,11501,0,0
14102,27753,0,0
14103,11502,0,0
14104,11503,0,0
14105,11504,0,0
14106,11505,0,0
14107,11506,3000,0
14108,11507,0,0
14109,11508,0,0
14110,11509,0,0
14111,11510,0,0
14112,11511,0,0
14113,11512,0,0
14114,11513,0,0
14115,11514,0,0
14116,11515,0,0
14117,11516,0,0
14118,11517,0,0
14119,11518,0,0
14120,11519,0,0
14121,888,10000,0
14122,11520,10000,0
14123,11521,0,0
14124,11522,55000,0
14125,11523,0,0
14126,11524,0,0
14127,11525,82800,0
14128,11526,0,0
14129,11527,0,0
14130,11529,0,0
14131,11530,0,0
14132,11531,0,0
14133,11533,0,0
14134,11534,0,0
14135,11535,0,0
14136,11536,0,0
14137,11537,0,0
14138,11538,0,0
14139,11539,0,0
14140,11540,0,0
14141,11541,0,0
14142,11542,0,0
14143,28400,0,0
14144,11543,22000,0
14145,11544,0,0
14146,11545,0,0
14147,11546,0,0
14148,11548,0,0
14149,11549,0,0
14150,11550,0,0
14151,11551,0,0
14152,12704,0,0
14153,17234,0,0
14154,11552,0,0
14155,11553,0,0
14156,11554,0,0
14157,11555,0,0
14158,11556,0,0
14159,11557,35,0
14160,11558,0,0
14161,14240,0,0
14162,11559,0,0
14163,11560,0,0
14164,11561,0,0
14165,11563,0,0
14166,11564,0,0
14167,11565,0,0
14168,11566,0,0
14169,11567,0,0
14170,11568,0,0
14171,17664,0,0
14172,11569,0,0
14173,11570,0,0
14174,11571,0,0
14175,11572,0,0
14176,11573,0,0
14177,11575,0,0
14178,11576,200000,0
14179,11577,0,0
14180,11578,0,0
14181,11579,0,0
14182,21428,0,0
14183,11580,0,0
14184,11581,0,0
14185,11582,0,0
14186,11583,0,0
14187,11584,0,0
14188,11585,0,0
14189,27342,0,0
14190,11586,0,0
14191,11587,0,0
14192,11588,0,0
14193,11589,0,0
14194,11590,0,0
14195,11591,500000,0
14196,11592,0,0
14197,11593,0,0
14198,11594,0,0
14199,11595,0,0
14200,11596,0,0
14201,11597,3000,0
14202,11598,0,0
14203,11599,0,0
14204,11600,0,0
14205,11601,0,0
14206,11602,0,0
14207,11603,0,0
14208,1483,0,0
14209,11604,0,0
14210,11605,0,0
14211,11606,0,0
14212,11607,0,0
14213,11609,0,0
14214,11610,0,0
14215,11611,0,0
14216,11613,0,0
14217,11614,0,0
14218,11615,0,0
14219,11616,0,0
14220,11617,0,0
14221,11618,0,0
14222,11619,0,0
14223,11620,0,0
14224,11622,0,0
14225,11623,0,0
14226,11624,0,0
14227,11625,0,0
14228,11626,0,0
14229,11627,0,0
14230,11628,0,0
14231,11629,0,0
14232,11630,0,0
14233,11631,0,0
14234,11632,0,0
14235,11633,0,0
14236,11634,0,0
14237,11635,0,0
14238,11637,0,0
14239,11638,0,0
14240,3970,0,0
14241,11639,0,0
14242,11640,0,0
14243,11642,0,0
14244,11644,0,0
14245,11645,0,0
14246,11646,0,0
14247,11647,0,0
14248,11648,0,0
14249,11649,0,0
14250,11650,0,0
14251,11651,0,0
14252,5345,260,0
14253,7438,260,0
14254,9217,260,0
14255,11652,260,0
14256,12654,260,0
14257,24274,260,0
14258,11653,0,0
14259,11654,0,0
14260,11655,0,0
14261,11656,0,0
14262,11657,0,0
14263,11658,0,0
14264,11659,0,0
14265,11660,0,0
14266,11661,0,0
14267,11662,0,0
14268,11663,0,0
14269,25502,0,0
14270,11664,0,0
14271,11665,0,0
14272,11666,0,0
14273,11667,0,0
14274,11668,0,0
14275,11669,0,0
14276,11670,0,0
14277,11671,0,0
14278,11672,32000,0
14279,11673,0,0
14280,11674,0,0
14281,11675,8500,0
14282,11676,0,0
14283,11677,0,0
14284,3377,50000,0
14285,9533,50000,0
14286,10327,50000,0
14287,11678,50000,0
14288,20804,50000,0
14289,21423,50000,0
14290,11679,10000,0
14291,11680,0,0
14292,11681,0,0
14293,11682,0,0
14294,11683,0,0
14295,11684,0,0
14296,11685,0,0
14297,11686,0,0
14298,11687,0,0
14299,11688,0,0
14300,11689,0,0
14301,11690,0,0
14302,11691,0,0
14303,11692,0,0
14304,11693,0,0
14305,11694,0,0
14306,11695,0,0
14307,11696,0,0
14308,11697,2,0
14309,11698,0,0
14310,11699,0,0
14311,11701,0,0
14312,11702,0,0
14313,11703,0,0
14314,11704,0,0
14315,11705,0,0
14316,11706,0,0
14317,11707,0,0
14318,11708,0,0
14319,11709,0,0
14320,11710,0,0
14321,11712,0,0
14322,11714,179000,0
14323,11715,0,0
14324,11716,0,0
14325,11717,0,0
14326,11718,0,0
14327,11719,0,0
14328,17305,0,0
14329,11720,0,0
14330,11721,0,0
14331,11722,0,0
14332,11724,0,0
14333,11725,1700000,0
14334,11726,0,0
14335,13007,0,0
14336,11727,200000000,5224221
14337,11728,0,0
14338,11729,0,0
14339,11730,0,0
14340,11731,0,0
14341,11735,0,0
14342,11736,20000,0
14343,11737,0,0
14344,11738,0,0
14345,11739,0,0
14346,11740,100000,0
14347,11741,0,0
14348,11742,0,0
14349,11743,0,0
14350,11744,0,0
14351,11746,0,0
14352,11747,0,0
14353,14439,0,0
14354,11748,0,0
14355,11749,0,0
14356,11750,0,0
14357,11751,0,0
14358,11752,0,0
14359,11753,0,0
14360,11754,0,0
14361,11755,0,0
14362,11756,0,0
14363,11757,0,0
14364,11758,0,0
14365,11760,0,0
14366,11761,0,0
14367,11762,0,0
14368,11763,0,0
14369,11764,0,0
14370,14596,0,0
14371,11765,70000,0
14372,11766,0,0
14373,11767,0,0
14374,11768,0,0
14375,11769,0,0
14376,11770,5000,120
14377,11771,0,0
14378,11772,0,0
14379,11773,6500,0
14380,25975,6500,0
14381,11774,0,0
14382,11775,0,0
14383,11776,0,0
14384,11777,0,0
14385,11778,0,0
14386,11779,60000,0
14387,11780,0,0
14388,1396,0,0
14389,11781,0,0
14390,15428,0,0
14391,22219,0,0
14392,24941,0,0
14393,11782,0,0
14394,372,0,0
14395,11783,0,0
14396,11784,0,0
14397,11785,0,0
14398,11787,0,0
14399,11788,0,0
14400,3227,0,0
14401,4066,0,0
14402,11789,0,0
14403,21873,0,0
14404,11790,0,0
14405,11791,0,0
14406,11792,0,0
14407,11793,0,0
14408,11794,0,0
14409,11795,0,0
14410,11796,0,0
14411,11797,0,0
14412,11798,0,0
14413,11799,0,0
14414,11800,0,0
14415,11801,0,0
14416,11802,40000,0
14417,11803,3000,0
14418,11804,0,0
14419,11805,0,0
14420,11806,100000,0
14421,11807,0,0
14422,11808,0,0
14423,11809,0,0
14424,11810,1600000,636990
14425,11811,0,0
14426,11812,0,0
14427,11813,0,0
14428,11814,0,0
14429,11815,0,0
14430,11817,0,0
14431,11818,0,0
14432,2309,0,0
14433,11819,0,0
14434,11820,1,720
14435,11821,0,0
14436,11822,0,0
14437,11823,0,0
14438,11824,0,0
14439,11825,0,0
14440,11826,0,0
14441,11827,0,0
14442,11828,405,0
14443,11829,0,0
14444,11830,0,0
14445,11831,4622,0
14446,11832,0,0
14447,11833,25000,0
14448,11834,0,0
14449,11835,0,0
14450,11836,0,0
14451,11837,0,0
14452,11838,0,0
14453,11839,0,0
14454,11840,0,0
14455,11841,0,0
14456,9128,5000,0
14457,11842,5000,0
14458,25580,5000,0
14459,11843,0,0
14460,11844,0,0
14461,11845,0,0
14462,11846,0,0
14463,16989,0,0
14464,11847,0,0
14465,11848,0,0
14466,11849,0,0
14467,11850,0,0
14468,11851,50000,0
14469,11852,0,0
14470,11853,0,0
14471,11854,10000,0
14472,11855,0,0
14473,11856,0,0
14474,11857,0,0
14475,11858,0,0
14476,11860,0,0
14477,27808,0,0
14478,11861,0,0
14479,11862,0,0
14480,11863,0,0
14481,11864,0,0
14482,11865,0,0
14483,11866,0,0
14484,11867,0,0
14485,11868,0,0
14486,11869,0,0
14487,11870,50000,0
14488,11871,0,0
14489,11872,0,0
14490,11874,0,0
14491,14648,0,0
14492,11875,0,0
14493,11876,0,0
14494,11878,0,0
14495,11879,100000,0
14496,11880,0,0
14497,11881,0,0
14498,11882,0,0
14499,11883,0,0
14500,11885,0,0
14501,11886,0,0
14502,11887,0,0
14503,11888,0,0
14504,11889,0,0
14505,11890,75,0
14506,11891,0,0
14507,11892,1,0
14508,11893,0,178210
14509,11894,0,0
14510,11895,0,0
14511,11896,0,0
14512,11897,0,0
14513,11898,0,0
14514,11899,0,0
14515,11900,0,0
14516,11901,0,0
14517,11902,0,0
14518,11903,0,0
14519,21694,0,0
14520,11904,0,0
14521,27349,0,0
14522,11905,0,0
14523,11906,0,0
14524,11907,0,0
14525,11908,0,0
14526,11909,50000,0
14527,11910,0,0
14528,11911,0,0
14529,11912,0,0
14530,11915,0,0
14531,11916,0,0
14532,11917,0,0
14533,21008,0,0
14534,31107,0,0
14535,11918,0,0
14536,14518,0,0
14537,17400,0,0
14538,27535,0,0
14539,11919,0,0
14540,11920,0,0
14541,11921,0,0
14542,11922,0,0
14543,11923,0,0
14544,11924,0,0
14545,11925,365000,40
14546,11926,700000,0
14547,11927,400,0
14548,11928,0,0
14549,11929,0,0
14550,11930,0,0
14551,11932,0,0
14552,11934,0,0
14553,11935,0,0
14554,11936,0,0
14555,27999,0,0
14556,11937,0,0
14557,11938,0,0
14558,11939,0,0
14559,11940,0,0
14560,11941,0,0
14561,11942,0,0
14562,11943,0,0
14563,11944,0,0
14564,11945,0,0
14565,11946,1500,0
14566,11947,25000,0
14567,11948,540000,0
14568,11949,0,0
14569,11950,0,0
14570,11951,0,0
14571,26002,0,0
14572,27194,0,0
14573,11952,0,0
14574,1240,37000,0
14575,1652,37000,0
14576,1819,37000,0
14577,3926,37000,0
14578,8967,37000,0
14579,11953,37000,0
14580,14022,37000,0
14581,11954,100,0
14582,11955,0,796205
14583,11956,0,0
14584,11957,0,0
14585,802,0,0
14586,11958,0,0
14587,11959,0,0
14588,11960,0,0
14589,11961,0,0
14590,11962,66000,0
14591,11963,0,0
14592,11964,0,0
14593,11965,0,0
14594,11966,0,0
14595,11967,0,0
14596,11968,0,0
14597,11971,14000,0
14598,11972,0,0
14599,11973,0,0
14600,11975,0,0
14601,11976,0,0
14602,11977,0,0
14603,11978,0,0
14604,11979,0,0
14605,11980,0,0
14606,2752,0,0
14607,11981,0,0
14608,11982,0,0
14609,11983,0,0
14610,11985,0,0
14611,11986,0,0
14612,11987,0,0
14613,11988,0,0
14614,11989,0,0
14615,11990,0,0
14616,11991,0,0
14617,11992,0,0
14618,11993,0,0
14619,11994,0,0
14620,11995,0,0
14621,11996,0,0
14622,11997,0,0
14623,11998,0,0
14624,11999,0,0
14625,324,0,0
14626,12000,0,0
14627,12001,0,0
14628,12002,0,0
14629,12003,0,0
14630,12004,0,0
14631,12005,2000000,0
14632,12006,0,0
14633,12007,0,0
14634,12008,0,0
14635,12009,0,0
14636,12010,0,0
14637,12011,0,0
14638,12012,0,0
14639,12013,0,0
14640,12014,1000000,0
14641,12015,0,0
14642,1087,0,0
14643,12016,0,0
14644,14086,0,0
14645,12017,5000,0
14646,12018,0,0
14647,12019,0,0
14648,12020,0,0
14649,12021,0,0
14650,12022,0,0
14651,12023,0,0
14652,12024,0,0
14653,12025,0,0
14654,12026,0,0
14655,12027,0,0
14656,12028,0,0
14657,12029,0,0
14658,12030,0,0
14659,12031,0,0
14660,12032,0,0
14661,12033,0,0
14662,12034,0,0
14663,12035,0,0
14664,12036,0,0
14665,12037,0,0
14666,12038,0,0
14667,12039,0,0
14668,16177,0,0
14669,12040,1000000,0
14670,12041,0,0
14671,12917,0,0
14672,12042,0,0
14673,12043,65000,0
14674,12044,0,0
14675,12045,35000,0
14676,12046,0,0
14677,12047,0,3898774
14678,29514,0,3898774
14679,12048,0,0
14680,12049,0,0
14681,12050,0,0
14682,12051,5000,0
14683,12053,0,0
14684,12054,0,0
14685,12055,0,0
14686,12056,8000,0
14687,12057,0,0
14688,12058,221987,0
14689,12059,0,0
14690,12060,0,0
14691,9634,150000,0
14692,12061,150000,0
14693,12062,0,0
14694,12063,0,0
14695,12064,0,0
14696,12065,0,0
14697,12066,0,0
14698,12067,0,0
14699,25617,0,0
14700,29919,0,0
14701,12068,0,0
14702,12069,0,0
14703,12070,0,0
14704,12071,0,0
14705,12072,0,0
14706,12073,0,0
14707,12074,49000,0
14708,12075,1000,0
14709,12076,0,0
14710,12077,0,0
14711,12078,0,0
14712,12079,0,0
14713,12080,0,0
14714,12081,150,0
14715,12082,0,0
14716,12083,0,0
14717,12084,0,0
14718,12085,0,0
14719,12086,0,0
14720,12087,0,0
14721,12088,0,0
14722,12089,140000,0
14723,12090,0,0
14724,12091,0,0
14725,12092,0,0
14726,12093,0,0
14727,12094,0,0
14728,12095,0,0
14729,12096,0,0
14730,12097,0,0
14731,12098,0,0
14732,12100,0,0
14733,12101,178000,0
14734,12102,0,0
14735,12103,0,0
14736,12104,0,0
14737,12105,0,0
14738,5774,0,0
14739,12106,0,0
14740,12107,0,0
14741,12108,0,0
14742,12109,0,0
14743,12110,0,0
14744,12111,0,0
14745,12112,0,0
14746,12113,0,0
14747,12114,0,0
14748,12115,0,0
14749,12116,0,0
14750,12117,0,0
14751,12118,0,0
14752,12119,0,0
14753,12120,0,0
14754,12121,0,0
14755,12122,0,0
14756,12123,0,0
14757,12124,0,0
14758,12125,0,0
14759,12126,0,0
14760,12127,0,0
14761,12128,0,0
14762,12129,400000,0
14763,24488,400000,0
14764,12130,65000,0
14765,12131,0,0
14766,12132,0,0
14767,12133,10000,0
14768,12134,0,0
14769,12135,0,0
14770,12137,0,0
14771,12138,0,0
14772,12140,0,0
14773,12141,0,0
14774,12142,0,0
14775,12143,0,0
14776,12144,0,0
14777,12145,5000,0
14778,12146,150000,0
14779,12147,100000,0
14780,18985,100000,0
14781,12148,0,0
14782,12149,0,0
14783,12150,0,0
14784,12151,0,0
14785,17492,0,0
14786,12152,0,0
14787,12153,0,0
14788,12154,10000,0
14789,25850,10000,0
14790,12155,0,0
14791,12156,250000,0
14792,12157,0,0
14793,12158,0,0
14794,12159,0,0
14795,12160,0,0
14796,12161,0,0
14797,12162,0,0
14798,12163,0,0
14799,12164,0,0
14800,12165,0,0
14801,26972,0,0
14802,12166,0,0
14803,12167,0,0
14804,12168,3000000,0
14805,12169,0,0
14806,12170,0,0
14807,12171,0,0
14808,12172,0,0
14809,2323,0,0
14810,12173,0,0
14811,30229,0,0
14812,12174,0,0
14813,12175,0,0
14814,12176,100000,0
14815,5233,1500000,0
14816,12177,1500000,0
14817,14607,1500000,0
14818,24589,1500000,0
14819,12178,0,0
14820,12179,10000,0
14821,12180,0,0
14822,12181,0,0
14823,12183,0,0
14824,12185,0,0
14825,12186,0,0
14826,12187,0,0
14827,12188,0,0
14828,12189,0,0
14829,12190,80000,0
14830,12191,0,0
14831,12192,0,0
14832,12193,0,0
14833,12194,0,0
14834,12195,0,0
14835,12196,0,0
14836,12197,0,0
14837,12198,0,0
14838,12199,0,0
14839,10145,0,0
14840,12200,0,0
14841,12201,0,0
14842,12202,0,0
14843,12203,0,0
14844,12204,0,0
14845,12205,0,0
14846,12206,0,0
14847,12207,0,0
14848,12208,0,0
14849,12209,0,0
14850,12210,0,0
14851,12211,18000,0
14852,12212,0,0
14853,12213,0,0
14854,12214,0,0
14855,12215,18000,0
14856,12216,0,0
14857,12217,0,0
14858,12218,0,0
14859,12219,750000,0
14860,14748,750000,0
14861,12220,0,0
14862,12221,0,0
14863,12222,10,0
14864,15940,10,0
14865,12223,0,0
14866,12224,0,0
14867,12225,0,0
14868,12228,0,0
14869,12229,0,0
14870,12230,1100,25206
14871,12231,0,0
14872,12232,25000,54474
14873,12233,0,0
14874,12234,12000,0
14875,12235,0,0
14876,12236,0,0
14877,12237,0,0
14878,12238,0,0
14879,12239,0,0
14880,12240,0,0
14881,12241,0,0
14882,12242,0,0
14883,12243,5300,0
14884,12244,0,0
14885,12245,0,0
14886,12246,0,0
14887,12247,0,0
14888,12248,0,0
14889,12249,0,0
14890,12250,0,0
14891,19743,0,0
14892,9490,1000,0
14893,12251,1000,0
14894,12252,0,0
14895,12253,0,0
14896,12254,0,0
14897,12257,29000,0
14898,12258,0,0
14899,7907,0,0
14900,12259,0,0
14901,19676,0,0
14902,20345,0,0
14903,12260,0,0
14904,719,0,0
14905,12261,0,0
14906,12262,0,0
14907,12263,0,0
14908,20005,0,0
14909,12264,0,0
14910,12265,0,0
14911,12266,0,0
14912,26957,0,0
14913,12267,0,0
14914,3169,0,0
14915,12268,0,0
14916,12269,0,0
14917,12270,0,0
14918,12271,0,0
14919,12272,0,0
14920,12274,0,0
14921,12275,0,0
14922,12276,0,0
14923,12277,0,15000
14924,12278,0,0
14925,12279,210000,0
14926,12280,0,0
14927,12281,5000,0
14928,12282,0,0
14929,12283,0,0
14930,12284,0,0
14931,12285,0,0
14932,12286,0,0
14933,12287,0,0
14934,12289,0,0
14935,12290,0,0
14936,12291,0,0
14937,12292,0,0
14938,12293,0,0
14939,12295,0,0
14940,15397,0,0
14941,16726,0,0
14942,12296,0,0
14943,12297,0,0
14944,12298,0,0
14945,12300,120000,0
14946,12301,0,0
14947,12302,100000,0
14948,12303,0,0
14949,12304,0,0
14950,12306,0,0
14951,12307,0,0
14952,12308,0,0
14953,12309,0,0
14954,12310,0,0
14955,29667,0,0
14956,12311,0,0
14957,12312,0,0
14958,12313,0,0
14959,12315,0,0
14960,12316,0,0
14961,12317,0,0
14962,12318,0,0
14963,12319,10000,0
14964,12320,0,0
14965,12321,0,0
14966,12323,0,0
14967,12324,50,0
14968,12325,0,0
14969,12326,0,0
14970,12327,0,0
14971,12328,0,0
14972,12329,0,0
14973,12330,0,0
14974,12331,13700,0
14975,12332,0,6
14976,12333,0,0
14977,12334,0,0
14978,12335,0,0
14979,12336,0,0
14980,12337,0,0
14981,12338,0,0
14982,10671,0,0
14983,12339,0,0
14984,12340,0,0
14985,12341,0,0
14986,12342,0,0
14987,12343,0,0
14988,12344,0,0
14989,12345,0,0
14990,12346,0,0
14991,12347,0,0
14992,602,0,0
14993,12348,0,0
14994,5784,880,0
14995,12349,880,0
14996,12350,0,0
14997,12351,0,0
14998,12352,1500000,0
14999,12354,0,0
15000,12356,0,0
15001,12357,0,0
15002,12358,0,0
15003,12359,0,0
15004,12360,0,0
15005,12361,0,0
15006,12362,200,0
15007,12363,0,0
15008,12364,0,0
15009,12365,0,0
15010,12366,30000,0
15011,12367,0,0
15012,12368,1700000,0
15013,12369,0,0
15014,12370,0,0
15015,12371,0,0
15016,12372,0,0
15017,12373,0,0
15018,12374,0,0
15019,12375,0,0
15020,12376,0,0
15021,12377,0,0
15022,12378,0,0
15023,12379,0,0
15024,12380,0,0
15025,12381,0,0
15026,12382,0,0
15027,12383,0,0
15028,12384,0,0
15029,12385,0,0
15030,12386,0,0
15031,12387,0,0
15032,12388,0,0
15033,12389,0,0
15034,12390,500000,0
15035,12391,0,0
15036,12392,20000,0
15037,12393,0,0
15038,12394,0,0
15039,12395,0,0
15040,12396,0,0
15041,12397,0,0
15042,12398,0,0
15043,12399,0,0
15044,12400,0,0
15045,12402,0,0
15046,12403,0,0
15047,12404,0,0
15048,12405,0,0
15049,12407,10000,0
15050,12408,0,0
15051,12410,0,0
15052,27473,0,0
15053,12411,0,0
15054,12412,0,0
15055,12414,0,0
15056,30806,0,0
15057,30807,0,0
15058,12415,0,0
15059,12416,10000,0
15060,12417,25,10
15061,12418,25000,0
15062,12419,0,0
15063,12420,200000,0
15064,12421,0,0
15065,12422,0,0
15066,12423,0,0
15067,12424,6000,0
15068,12426,0,0
15069,12427,0,0
15070,12428,0,0
15071,12429,0,0
15072,12430,0,0
15073,12431,0,0
15074,12660,0,0
15075,12432,0,0
15076,12433,0,0
15077,12434,0,0
15078,12435,0,0
15079,12436,0,0
15080,12437,0,0
15081,12438,0,0
15082,12439,0,0
15083,12440,0,0
15084,12441,0,0
15085,12442,1500,0
15086,12443,0,0
15087,12444,0,0
15088,12445,0,0
15089,12446,5000,0
15090,12447,0,0
15091,12448,10000,0
15092,12449,0,0
15093,12450,0,0
15094,12451,0,496000
15095,12452,0,0
15096,12453,0,0
15097,12454,0,0
15098,12455,100000,0
15099,12456,0,0
15100,12457,367,0
15101,12458,0,0
15102,12459,0,0
15103,12460,0,0
15104,12461,0,0
15105,12462,0,0
15106,12463,0,0
15107,12464,0,0
15108,12465,0,0
15109,12466,0,0
15110,12467,0,0
15111,12468,0,0
15112,12469,0,0
15113,12470,570000,0
15114,12471,0,0
15115,12472,0,0
15116,10168,70000,0
15117,12473,70000,0
15118,12474,20000,0
15119,12476,0,0
15120,12477,0,0
15121,12478,0,0
15122,1872,0,0
15123,12479,0,0
15124,23774,0,0
15125,12480,0,0
15126,12481,0,0
15127,12482,0,0
15128,12484,0,0
15129,12485,0,0
15130,12487,1800000,0
15131,12488,0,0
15132,12489,0,0
15133,12490,0,0
15134,12491,0,0
15135,12492,110000,0
15136,12493,0,0
15137,12494,0,0
15138,12495,0,0
15139,12496,0,0
15140,12497,0,0
15141,12498,0,0
15142,12499,0,0
15143,14924,0,0
15144,4564,980,0
15145,10229,980,0
15146,12500,980,0
15147,12501,0,0
15148,12502,0,0
15149,12503,0,0
15150,12504,0,0
15151,12505,0,0
15152,12506,0,0
15153,12507,0,0
15154,12508,0,0
15155,12509,0,0
15156,12510,0,0
15157,12511,0,0
15158,12512,0,0
15159,12514,0,0
15160,12515,0,0
15161,12516,0,0
15162,12517,0,0
15163,12518,0,0
15164,12519,90,0
15165,12520,0,0
15166,12521,0,0
15167,12522,0,0
15168,12523,0,0
15169,12524,0,0
15170,12525,0,0
15171,12526,0,0
15172,12527,0,0
15173,12528,0,0
15174,12529,0,0
15175,14547,0,0
15176,12530,0,0
15177,12531,0,0
15178,12532,0,0
15179,12533,0,0
15180,12534,0,0
15181,12535,500000,0
15182,12536,0,0
15183,12537,23000,0
15184,12538,200,0
15185,12539,0,0
15186,8870,3000000,0
15187,12540,3000000,0
15188,12541,0,0
15189,12542,0,0
15190,12543,0,0
15191,12544,0,0
15192,18540,0,0
15193,21512,0,0
15194,12545,0,0
15195,12547,0,0
15196,13681,0,0
15197,417,20000,0
15198,2711,20000,0
15199,12548,20000,0
15200,15921,20000,0
15201,12549,0,0
15202,12550,0,0
15203,12551,5000,0
15204,12552,0,0
15205,12553,10000,0
15206,20643,10000,0
15207,31114,10000,0
15208,12554,0,0
15209,12555,0,0
15210,12556,0,0
15211,29316,0,0
15212,12557,0,0
15213,12558,0,0
15214,12560,3000,0
15215,12561,0,0
15216,12562,0,0
15217,12563,0,0
15218,12564,0,0
15219,12566,0,0
15220,12567,0,0
15221,12568,0,0
15222,12569,0,0
15223,12570,0,0
15224,12571,0,0
15225,12572,0,0
15226,12573,0,0
15227,12574,2000,0
15228,12575,1000,0
15229,18525,1000,0
15230,24126,1000,0
15231,12576,0,0
15232,12577,0,500000
15233,12578,0,0
15234,12579,0,0
15235,19833,0,0
15236,27646,0,0
15237,12580,0,0
15238,12582,0,0
15239,12583,150,0
15240,12584,0,0
15241,12585,0,0
15242,12586,0,0
15243,12587,0,0
15244,12588,0,0
15245,14775,0,0
15246,17935,0,0
15247,22930,0,0
15248,12589,0,0
15249,12590,0,0
15250,12591,0,0
15251,12592,0,0
15252,12593,0,0
15253,12594,0,0
15254,12595,0,0
15255,12596,0,0
15256,12597,0,0
15257,12598,0,0
15258,12599,0,0
15259,12600,0,0
15260,12601,0,0
15261,12602,0,0
15262,12603,0,1
15263,12604,0,0
15264,12605,0,0
15265,12606,0,0
15266,12607,5000,0
15267,12608,0,0
15268,12609,0,0
15269,12610,500,0
15270,12611,0,0
15271,12612,0,0
15272,12613,1000000,0
15273,12614,0,0
15274,12615,0,0
15275,12616,0,0
15276,12617,0,0
15277,12618,0,0
15278,12619,0,0
15279,12620,0,0
15280,22492,0,0
15281,12621,0,0
15282,12622,5000,0
15283,12623,0,0
15284,12624,0,0
15285,12625,1000000,0
15286,12626,0,0
15287,16052,0,0
15288,24291,0,0
15289,27063,0,0
15290,12627,0,0
15291,12628,0,0
15292,12629,0,0
15293,12631,0,0
15294,12632,5000,0
15295,12633,0,0
15296,12634,0,0
15297,24766,0,0
15298,12635,0,0
15299,12636,0,0
15300,12637,0,0
15301,22728,0,0
15302,24605,0,0
15303,12638,0,0
15304,5986,1794,0
15305,12640,1794,0
15306,12641,19000,0
15307,12642,0,0
15308,12643,70000,0
15309,12644,0,0
15310,12645,0,0
15311,12646,0,0
15312,12647,0,0
15313,12648,0,0
15314,12649,0,0
15315,12650,0,0
15316,12651,0,0
15317,12652,0,0
15318,12655,50000,0
15319,12656,0,0
15320,12657,0,0
15321,12658,0,0
15322,12659,0,0
15323,12661,30000,0
15324,12662,0,0
15325,12663,0,0
15326,12664,0,0
15327,12665,5000000,0
15328,12666,0,0
15329,12667,0,0
15330,12668,0,0
15331,12669,0,0
15332,12670,0,0
15333,12671,0,0
15334,12672,0,0
15335,12673,0,0
15336,12674,0,0
15337,12675,0,0
15338,12676,0,0
15339,12677,0,0
15340,12678,50000,0
15341,12679,0,0
15342,12680,0,0
15343,12681,0,0
15344,12682,0,0
15345,12683,0,0
15346,12684,0,0
15347,12685,0,0
15348,12687,0,0
15349,12688,0,0
15350,12689,1000000,0
15351,12690,0,0
15352,12691,0,0
15353,21224,0,0
15354,12692,0,0
15355,12693,0,0
15356,12694,0,0
15357,12695,0,0
15358,12696,0,0
15359,12697,0,0
15360,12698,0,0
15361,22518,0,0
15362,24774,0,0
15363,26406,0,0
15364,12699,0,0
15365,12700,0,0
15366,12701,0,0
15367,12702,0,0
15368,12703,0,0
15369,14814,0,0
15370,16845,0,0
15371,11551,4000,0
15372,12704,4000,0
15373,17234,4000,0
15374,12705,0,0
15375,16492,0,0
15376,12706,100000,0
15377,12707,0,0
15378,12708,0,0
15379,12710,0,0
15380,12711,0,0
15381,12712,0,0
15382,21745,0,0
15383,12713,0,0
15384,12714,0,0
15385,12715,0,0
15386,12716,0,0
15387,12717,0,0
15388,12718,0,0
15389,12719,0,0
15390,12720,0,0
15391,12721,0,0
15392,28126,0,0
15393,12722,0,0
15394,12723,0,0
15395,12724,0,0
15396,12725,0,0
15397,12727,0,0
15398,12728,235000,0
15399,12729,0,0
15400,12730,0,0
15401,12731,0,0
15402,12732,0,0
15403,12733,0,0
15404,12734,0,1400000
15405,12735,15000,0
15406,12736,0,0
15407,12737,0,0
15408,12738,0,0
15409,12739,0,0
15410,12740,0,0
15411,12741,0,0
15412,12742,30000,0
15413,12743,0,0
15414,12744,10000,0
15415,12745,0,0
15416,20752,0,0
15417,12746,0,0
15418,12748,0,0
15419,12749,0,0
15420,12750,0,0
15421,12751,0,0
15422,12752,0,0
15423,12753,0,0
15424,12754,0,0
15425,12755,5000,0
15426,12756,0,0
15427,12757,0,0
15428,16358,0,0
15429,12759,0,0
15430,12760,0,0
15431,12761,0,0
15432,12762,0,0
15433,12763,0,0
15434,12764,0,0
15435,12765,0,0
15436,12766,0,0
15437,12767,0,0
15438,12768,0,0
15439,12769,0,0
15440,12770,0,0
15441,25216,0,0
15442,12771,0,0
15443,12772,0,0
15444,12773,0,0
15445,13632,0,0
15446,12774,0,0
15447,12775,0,0
15448,12776,2000,0
15449,12778,0,0
15450,12779,500,0
15451,12780,0,0
15452,12781,310000,1200000
15453,12783,0,0
15454,12784,0,0
15455,12785,0,0
15456,12786,0,1861285
15457,12787,500,0
15458,12788,0,0
15459,12789,0,0
15460,24968,0,0
15461,30814,0,0
15462,12790,0,0
15463,12791,0,0
15464,12792,0,0
15465,12793,0,0
15466,12794,0,0
15467,12795,0,0
15468,12796,0,0
15469,12797,150000,0
15470,12798,0,0
15471,12799,0,0
15472,12800,5000,0
15473,12801,0,0
15474,12802,20000,0
15475,12803,0,0
15476,12804,0,0
15477,12805,0,0
15478,12806,0,0
15479,12807,0,0
15480,12808,0,0
15481,12809,0,0
15482,12810,0,0
15483,12811,0,0
15484,12812,0,0
15485,12813,0,0
15486,12814,500000,0
15487,12815,0,0
15488,12816,0,0
15489,12817,0,0
15490,12818,0,0
15491,12819,20000,0
15492,12820,0,0
15493,12821,0,0
15494,12822,0,0
15495,12823,0,0
15496,12824,0,0
15497,12825,0,0
15498,12826,0,0
15499,3033,0,0
15500,12827,0,0
15501,12828,5,0
15502,12829,120000,0
15503,12830,0,0
15504,12831,0,0
15505,12832,0,0
15506,12833,75000,0
15507,12834,0,0
15508,12835,0,0
15509,12836,0,0
15510,12837,0,0
15511,12838,500000,0
15512,12839,0,0
15513,12840,0,0
15514,12841,0,0
15515,12842,0,0
15516,12843,0,3245033
15517,12844,0,0
15518,12845,15000,0
15519,2356,0,0
15520,12846,0,0
15521,12847,0,0
15522,12848,0,0
15523,12849,0,0
15524,12850,500000,0
15525,12851,0,0
15526,12852,0,0
15527,12853,0,0
15528,12854,0,0
15529,12855,0,0
15530,12856,20000,0
15531,12857,10000,0
15532,12858,0,0
15533,12859,0,0
15534,12860,0,0
15535,12861,0,0
15536,12862,0,0
15537,12863,0,0
15538,12864,0,0
15539,12865,0,0
15540,22003,0,0
15541,12866,9000,0
15542,12867,0,0
15543,12868,100,0
15544,12869,0,0
15545,12870,0,0
15546,12871,0,0
15547,12872,1500000,0
15548,12873,0,0
15549,12874,0,0
15550,12875,0,0
15551,12876,0,0
15552,12877,0,0
15553,12878,0,0
15554,12879,0,0
15555,10329,1000,0
15556,12880,1000,0
15557,12881,0,0
15558,12882,0,0
15559,12883,100000,0
15560,12884,400000,0
15561,12885,0,0
15562,12886,0,0
15563,12887,0,0
15564,12889,0,0
15565,12890,0,0
15566,12891,0,0
15567,19441,0,0
15568,12892,0,0
15569,12893,0,0
15570,12894,0,0
15571,12895,10000,0
15572,12896,0,0
15573,12897,0,0
15574,12898,0,0
15575,12899,0,0
15576,12900,0,0
15577,12901,0,0
15578,12902,0,0
15579,12903,0,0
15580,12904,0,0
15581,12905,0,0
15582,12906,0,0
15583,12907,0,0
15584,12908,0,0
15585,12909,0,0
15586,12910,0,0
15587,12911,0,0
15588,12912,0,0
15589,20640,0,0
15590,12913,0,0
15591,12914,0,0
15592,12915,0,0
15593,12916,3000,0
15594,12918,0,0
15595,15026,0,0
15596,22116,0,0
15597,26685,0,0
15598,12919,0,0
15599,12920,0,0
15600,12921,0,0
15601,12922,0,0
15602,16499,0,0
15603,12923,0,0
15604,12924,1000,0
15605,12925,0,0
15606,12926,0,0
15607,12927,10000,0
15608,12928,30000,0
15609,12929,0,0
15610,12930,0,0
15611,12931,0,0
15612,12932,0,0
15613,12933,0,0
15614,12934,0,0
15615,12935,0,0
15616,15738,0,0
15617,12936,0,0
15618,12937,2200000,0
15619,12939,0,0
15620,12940,0,0
15621,12941,0,0
15622,12942,0,0
15623,12944,0,0
15624,12945,0,0
15625,12946,0,0
15626,2066,2000,0
15627,9132,2000,0
15628,12947,2000,0
15629,12948,0,0
15630,12949,0,0
15631,12950,0,0
15632,12951,0,0
15633,12952,0,0
15634,12953,0,0
15635,12954,0,0
15636,1585,0,0
15637,12955,0,0
15638,12957,0,0
15639,12958,10000000,0
15640,12959,0,0
15641,12960,0,0
15642,12961,0,0
15643,12962,0,0
15644,12963,0,0
15645,12964,0,0
15646,12965,300,0
15647,12966,125000,0
15648,12967,0,0
15649,12968,0,0
15650,12969,0,0
15651,14490,0,0
15652,16030,0,0
15653,12970,0,0
15654,12972,0,0
15655,12973,0,0
15656,12974,0,0
15657,12975,0,0
15658,12976,45178,0
15659,6760,300000,0
15660,12977,300000,0
15661,18244,300000,0
15662,18938,300000,0
15663,23265,300000,0
15664,24380,300000,0
15665,29697,300000,0
15666,12978,0,0
15667,12980,5000,0
15668,12981,0,0
15669,12982,0,0
15670,12983,0,0
15671,12984,0,0
15672,12985,0,0
15673,12986,0,0
15674,12988,0,0
15675,12990,1700000,9037000
15676,12991,0,0
15677,12992,0,0
15678,12993,0,0
15679,12994,0,0
15680,2641,0,0
15681,12995,0,0
15682,30627,0,0
15683,12996,0,0
15684,12997,0,0
15685,12998,0,0
15686,12999,0,0
15687,13000,0,0
15688,13001,3000,4000
15689,13002,0,0
15690,13003,0,0
15691,13004,0,0
15692,13005,0,0
15693,13006,0,131966
15694,13009,200000,0
15695,13010,0,0
15696,13011,0,0
15697,13012,20000,0
15698,13013,0,0
15699,13014,0,0
15700,13015,0,0
15701,1837,78000,0
15702,13016,78000,0
15703,13017,0,0
15704,13018,0,0
15705,13019,0,0
15706,13020,0,0
15707,13021,0,0
15708,13022,0,0
15709,13023,100000,0
15710,25323,100000,0
15711,13024,393894,1058591
15712,13025,0,0
15713,13026,0,0
15714,13027,0,0
15715,13028,0,0
15716,13029,0,0
15717,13030,326000,0
15718,13031,1000,0
15719,13032,0,0
15720,13033,0,0
15721,13034,100000,0
15722,13035,0,0
15723,13036,0,0
15724,13414,0,0
15725,14652,0,0
15726,13037,0,0
15727,21312,0,0
15728,13038,0,0
15729,13039,50000000,0
15730,13040,25000,0
15731,13041,0,0
15732,13570,0,0
15733,13042,2500,0
15734,16740,2500,0
15735,27872,2500,0
15736,13043,0,0
15737,13044,0,0
15738,13046,0,0
15739,13047,0,0
15740,13048,0,0
15741,13049,0,0
15742,13050,0,0
15743,13052,0,0
15744,13053,0,0
15745,13054,0,0
15746,13055,0,0
15747,13056,0,0
15748,13057,0,0
15749,13058,0,0
15750,13059,0,0
15751,13060,0,0
15752,13061,0,0
15753,13062,0,0
15754,13063,0,0
15755,21204,0,0
15756,13064,0,0
15757,13066,0,0
15758,13067,0,0
15759,13068,0,0
15760,13069,0,0
15761,13070,0,0
15762,13071,0,0
15763,13072,0,0
15764,13073,0,0
15765,13074,0,0
15766,13075,0,0
15767,13076,350000,0
15768,13077,0,0
15769,13078,0,0
15770,6077,0,0
15771,13079,0,0
15772,13080,0,0
15773,13081,0,0
15774,13082,0,0
15775,13083,0,0
15776,13085,0,0
15777,13087,0,0
15778,13088,0,0
15779,13089,0,0
15780,13090,11000,0
15781,13091,0,0
15782,13092,0,0
15783,13093,0,0
15784,13094,0,0
15785,13095,0,0
15786,13096,20,0
15787,13097,0,0
15788,13099,0,0
15789,13100,0,0
15790,13101,0,0
15791,13102,0,0
15792,13103,0,0
15793,13104,0,0
15794,13105,0,0
15795,13106,8000,0
15796,13107,0,0
15797,13108,0,0
15798,13109,25000,0
15799,13110,0,0
15800,13111,0,0
15801,13112,7500,0
15802,13113,0,0
15803,13114,0,0
15804,13115,30000,0
15805,13116,0,0
15806,13117,0,0
15807,13118,0,0
15808,13119,0,0
15809,13120,0,0
15810,13121,1600,0
15811,13122,0,0
15812,13123,6000,0
15813,13124,0,0
15814,13125,0,0
15815,13126,5000,0
15816,13127,0,0
15817,13128,0,0
15818,13129,0,0
15819,13130,10000,0
15820,13131,0,0
15821,13132,0,0
15822,13133,0,0
15823,13134,0,0
15824,13135,0,0
15825,13137,0,0
15826,13138,0,0
15827,13139,0,0
15828,13140,0,0
15829,13141,0,0
15830,13142,0,0
15831,13143,0,0
15832,13144,0,0
15833,13145,0,0
15834,13146,0,0
15835,13148,0,0
15836,13149,0,0
15837,13150,0,0
15838,13151,0,0
15839,13152,0,0
15840,13153,0,0
15841,13155,0,0
15842,13156,20,0
15843,13157,1000,0
15844,13158,0,0
15845,13159,2300,0
15846,13160,0,0
15847,13161,0,0
15848,13162,0,0
15849,13163,0,0
15850,13164,0,0
15851,13165,0,0
15852,13166,0,0
15853,13167,0,0
15854,13168,0,0
15855,13169,0,0
15856,1358,0,0
15857,13170,0,0
15858,13171,0,0
15859,13172,0,0
15860,13173,0,0
15861,13174,0,0
15862,13175,0,0
15863,13176,0,0
15864,13178,0,0
15865,13179,0,0
15866,13180,0,0
15867,13181,0,0
15868,13182,0,0
15869,13183,0,0
15870,13184,0,0
15871,13185,0,0
15872,13186,0,0
15873,13187,0,0
15874,13188,0,0
15875,13189,0,0
15876,13190,0,0
15877,13191,0,0
15878,13192,0,0
15879,13193,0,0
15880,13194,0,0
15881,13195,0,0
15882,13196,0,0
15883,13197,0,0
15884,13198,300000,0
15885,13199,0,0
15886,13200,0,0
15887,13201,0,0
15888,13202,0,0
15889,13203,0,0
15890,13204,0,0
15891,13205,0,0
15892,13206,0,0
15893,13207,0,0
15894,13208,0,0
15895,13211,0,0
15896,13212,0,0
15897,13213,0,0
15898,13214,0,0
15899,13215,0,0
15900,13216,0,0
15901,13217,0,0
15902,13218,0,0
15903,13219,0,0
15904,13220,0,0
15905,13222,0,0
15906,13223,0,0
15907,30842,0,0
15908,13224,0,0
15909,13225,0,0
15910,13757,0,0
15911,22682,0,0
15912,13226,0,0
15913,13227,10,15
15914,13228,0,0
15915,13229,0,0
15916,13230,1000,0
15917,13231,0,0
15918,14275,0,0
15919,27114,0,0
15920,13232,0,0
15921,13233,0,0
15922,13234,0,0
15923,13235,970000,2800000
15924,13236,0,0
15925,20707,0,0
15926,13237,0,0
15927,13238,0,0
15928,13239,0,0
15929,13240,0,0
15930,13241,0,0
15931,8662,0,0
15932,13242,0,0
15933,13243,0,0
15934,13244,0,0
15935,3607,40000,0
15936,7516,40000,0
15937,13245,40000,0
15938,13246,0,0
15939,13247,0,0
15940,13248,0,0
15941,13249,0,0
15942,13250,0,0
15943,19930,0,0
15944,13251,10847,2025
15945,13252,0,0
15946,13253,0,0
15947,13254,0,0
15948,13255,0,0
15949,15815,0,0
15950,13256,0,0
15951,13257,0,0
15952,13258,2500,0
15953,13259,0,0
15954,13260,0,0
15955,13261,0,0
15956,13262,0,0
15957,13263,0,0
15958,13264,0,0
15959,13265,0,0
15960,13266,0,0
15961,13267,0,0
15962,13268,0,0
15963,13269,0,0
15964,13271,0,0
15965,13272,0,0
15966,13273,0,0
15967,13274,0,0
15968,13275,0,0
15969,13276,0,0
15970,13277,0,0
15971,13278,100,0
15972,13279,0,0
15973,13280,0,0
15974,13282,0,0
15975,13283,0,0
15976,26891,0,0
15977,13284,0,0
15978,13285,0,0
15979,23241,0,0
15980,13286,0,0
15981,13287,0,0
15982,13288,0,0
15983,13289,50000,0
15984,13290,0,0
15985,13291,0,0
15986,13292,0,0
15987,24641,0,0
15988,13293,0,0
15989,13294,0,0
15990,13295,0,0
15991,13296,0,0
15992,13297,0,0
15993,15279,0,0
15994,13298,0,0
15995,13299,0,0
15996,13300,0,0
15997,13301,2000,0
15998,13302,0,0
15999,13303,150000,0
16000,13304,0,0
16001,13306,0,0
16002,13307,0,0
16003,14334,0,0
16004,13308,0,0
16005,13309,0,0
16006,4162,1000000,0
16007,13310,1000000,0
16008,14268,1000000,0
16009,13311,0,0
16010,13312,0,0
16011,13313,0,0
16012,13314,0,0
16013,13315,0,0
16014,13316,0,0
16015,13317,1200000,0
16016,13318,0,0
16017,13319,0,0
16018,13320,0,0
16019,13321,0,0
16020,13322,0,0
16021,13324,0,0
16022,13325,0,0
16023,13326,0,0
16024,13327,0,0
16025,13328,0,0
16026,13329,100000,0
16027,13330,0,0
16028,13331,0,0
16029,3702,15000,0
16030,13332,15000,0
16031,13333,0,0
16032,13334,0,0
16033,13335,250000,0
16034,13336,0,0
16035,13337,0,0
16036,13338,0,0
16037,13339,0,0
16038,13340,5000,0
16039,5778,425000,0
16040,13343,425000,0
16041,13344,0,0
16042,13345,0,0
16043,13346,0,0
16044,13347,0,0
16045,13348,0,0
16046,13349,0,0
16047,13350,0,72587
16048,13351,0,0
16049,19061,0,0
16050,13352,0,0
16051,13353,0,0
16052,13354,0,0
16053,13355,0,0
16054,8887,500,0
16055,13356,500,0
16056,13357,0,0
16057,13358,0,0
16058,13359,4000,0
16059,13360,0,0
16060,13361,0,0
16061,13362,0,0
16062,13364,0,0
16063,13366,0,0
16064,23379,0,0
16065,13367,0,0
16066,13368,30000,0
16067,13369,0,0
16068,13370,0,0
16069,13371,0,0
16070,13372,0,0
16071,13373,0,0
16072,13374,0,0
16073,13376,0,0
16074,13377,0,0
16075,13378,0,0
16076,13379,0,0
16077,13380,0,0
16078,13381,0,0
16079,13382,0,0
16080,13383,0,0
16081,13384,0,0
16082,13385,3200,0
16083,13386,0,0
16084,13387,0,0
16085,13388,1000000,0
16086,13389,0,0
16087,13390,0,0
16088,19779,0,0
16089,13391,0,0
16090,13392,0,0
16091,13393,0,0
16092,13395,50000,0
16093,13396,0,0
16094,13398,0,0
16095,13399,0,0
16096,4754,1500000,206626
16097,13400,1500000,206626
16098,18521,1500000,206626
16099,13401,0,0
16100,13402,0,0
16101,13403,0,0
16102,13404,0,0
16103,13405,0,0
16104,785,2,0
16105,5536,2,0
16106,11636,2,0
16107,13406,2,0
16108,18005,2,0
16109,22171,2,0
16110,13407,0,0
16111,13408,0,0
16112,13409,0,0
16113,13410,120000,70
16114,13411,0,0
16115,13412,0,0
16116,13413,0,0
16117,13415,0,0
16118,13416,0,0
16119,13417,0,0
16120,13418,0,0
16121,13419,0,0
16122,13420,0,0
16123,13421,0,0
16124,13422,0,0
16125,13423,0,0
16126,13424,0,0
16127,23370,0,0
16128,13425,0,0
16129,13426,120000,0
16130,13427,0,117438
16131,13428,0,0
16132,13429,0,0
16133,13430,0,0
16134,13431,0,0
16135,13432,0,0
16136,13433,0,0
16137,43,0,0
16138,13434,0,0
16139,13435,0,0
16140,13436,0,0
16141,13437,0,0
16142,13438,0,0
16143,13439,0,0
16144,13440,0,0
16145,13441,4800000,0
16146,13442,0,0
16147,13443,35000,0
16148,13444,0,0
16149,13445,0,0
16150,16498,0,0
16151,13446,0,0
16152,13447,0,0
16153,13448,0,0
16154,6626,5,0
16155,13449,5,0
16156,13450,10000,100000
16157,13451,0,0
16158,13452,0,0
16159,13453,0,0
16160,13454,0,0
16161,13455,0,0
16162,13456,0,0
16163,13457,20000,0
16164,13458,0,0
16165,13459,0,0
16166,13460,0,0
16167,13461,0,0
16168,17705,0,0
16169,13462,0,0
16170,13463,0,0
16171,13464,0,0
16172,13465,0,0
16173,13466,0,0
16174,13467,0,0
16175,13468,0,0
16176,13469,0,0
16177,13470,0,0
16178,13471,0,0
16179,13472,0,0
16180,13473,0,0
16181,13474,0,0
16182,13475,0,0
16183,13476,0,0
16184,13477,12000,0
16185,13478,0,419559
16186,13479,0,0
16187,13480,0,0
16188,13481,0,0
16189,13482,0,0
16190,13483,0,0
16191,13484,0,0
16192,13485,0,0
16193,13487,0,0
16194,13488,0,0
16195,13490,0,0
16196,13491,0,0
16197,13492,0,0
16198,26224,0,0
16199,13493,0,0
16200,13494,0,0
16201,13495,0,0
16202,13496,0,0
16203,13497,0,0
16204,13498,0,0
16205,13499,0,0
16206,13500,0,0
16207,13501,0,0
16208,13502,0,0
16209,13503,0,0
16210,13504,0,0
16211,13505,0,0
16212,13506,0,0
16213,3706,0,0
16214,13507,0,0
16215,16843,0,0
16216,19367,0,0
16217,13508,0,0
16218,13509,1,1
16219,13510,0,0
16220,24212,0,0
16221,30496,0,0
16222,13511,0,0
16223,13512,0,0
16224,13513,0,0
16225,13514,100000,0
16226,13515,0,0
16227,13516,0,0
16228,13517,175000,0
16229,5022,10000,0
16230,13518,10000,0
16231,13519,0,0
16232,13520,0,0
16233,13521,0,0
16234,13522,275000,0
16235,13523,0,0
16236,13524,0,0
16237,13525,0,0
16238,13526,0,0
16239,13527,0,0
16240,13528,0,0
16241,13529,0,0
16242,13530,0,0
16243,13531,0,0
16244,13533,0,0
16245,13534,0,0
16246,13535,0,0
16247,13536,5000,0
16248,13537,0,0
16249,13538,0,0
16250,13539,0,0
16251,13540,0,0
16252,13541,0,0
16253,13542,0,0
16254,13543,0,0
16255,13544,0,0
16256,13545,0,0
16257,13546,0,0
16258,13547,0,0
16259,13548,0,0
16260,13549,0,0
16261,13550,0,0
16262,13551,0,0
16263,13552,0,0
16264,13553,0,0
16265,13554,0,0
16266,13556,0,0
16267,13557,0,0
16268,13558,0,0
16269,13559,0,0
16270,13560,0,0
16271,13561,0,0
16272,13562,0,0
16273,13564,0,0
16274,13566,0,0
16275,13567,127,0
16276,13568,0,0
16277,13569,0,0
16278,13571,0,0
16279,13572,0,0
16280,13574,0,0
16281,13575,0,0
16282,13576,0,0
16283,13577,0,0
16284,13578,0,0
16285,10262,50000,123000
16286,13579,50000,123000
16287,13580,0,0
16288,13581,0,0
16289,13583,0,0
16290,13584,250,0
16291,13585,0,0
16292,13586,0,0
16293,13587,120000,0
16294,13589,0,0
16295,13590,0,0
16296,13591,20000,0
16297,13592,0,0
16298,13593,0,0
16299,13594,50000,0
16300,13595,0,0
16301,13596,0,0
16302,13597,0,0
16303,13598,0,0
16304,13599,0,0
16305,21511,0,0
16306,13601,0,0
16307,13602,0,0
16308,13603,0,0
16309,13605,70000,0
16310,13606,0,0
16311,13607,0,0
16312,13608,5000,0
16313,13609,0,0
16314,13610,0,0
16315,20251,0,0
16316,13611,0,0
16317,13612,0,0
16318,13613,0,0
16319,13614,0,0
16320,13615,0,0
16321,13616,0,0
16322,13617,0,0
16323,6370,0,0
16324,13618,0,0
16325,13619,0,0
16326,13620,0,0
16327,13621,0,0
16328,13622,0,0
16329,13623,0,0
16330,13624,0,0
16331,13625,0,0
16332,13626,0,0
16333,13627,0,0
16334,13628,400000,0
16335,13629,0,0
16336,13630,0,0
16337,13631,0,0
16338,13633,0,0
16339,13634,0,0
16340,13636,0,0
16341,13637,0,0
16342,13638,0,0
16343,13639,0,0
16344,13640,0,0
16345,13641,0,0
16346,13642,0,0
16347,13643,0,0
16348,13644,0,0
16349,13645,0,0
16350,13646,0,0
16351,13647,10000,0
16352,13648,0,0
16353,13649,0,0
16354,13650,0,0
16355,13651,0,0
16356,13653,0,0
16357,13654,0,0
16358,13655,0,0
16359,13656,0,0
16360,13657,0,0
16361,13658,0,0
16362,13659,0,0
16363,13660,0,0
16364,13661,0,0
16365,13662,0,0
16366,13663,0,0
16367,13664,0,0
16368,13665,80000,0
16369,13666,0,0
16370,13667,2500,0
16371,13668,0,0
16372,13670,0,0
16373,13671,0,0
16374,13672,0,0
16375,13673,0,0
16376,13674,0,0
16377,13675,0,0
16378,23418,0,0
16379,13676,0,0
16380,13677,0,0
16381,13678,0,0
16382,13680,0,0
16383,21955,0,0
16384,25722,0,0
16385,13682,0,0
16386,13683,100,0
16387,13684,0,0
16388,13685,0,0
16389,27205,0,0
16390,13686,0,0
16391,13687,0,0
16392,13688,0,0
16393,13689,0,0
16394,13690,0,0
16395,13691,0,0
16396,17359,0,0
16397,25727,0,0
16398,13692,0,0
16399,13693,0,0
16400,13694,0,0
16401,13695,0,0
16402,13696,0,0
16403,23074,0,0
16404,13697,0,13651656
16405,15590,0,13651656
16406,13698,0,0
16407,13699,0,0
16408,13700,0,0
16409,17183,0,0
16410,13702,0,0
16411,13703,0,0
16412,13704,0,0
16413,13705,0,0
16414,13706,0,0
16415,13707,0,0
16416,13708,0,0
16417,13709,0,0
16418,13710,0,0
16419,13711,0,0
16420,13712,0,0
16421,13713,0,0
16422,13714,0,0
16423,13715,0,0
16424,13716,2000,0
16425,13717,0,0
16426,13718,12000,117000
16427,13719,0,0
16428,13720,0,0
16429,4943,1500,0
16430,9420,1500,0
16431,10923,1500,0
16432,13721,1500,0
16433,15079,1500,0
16434,17767,1500,0
16435,18919,1500,0
16436,20803,1500,0
16437,24531,1500,0
16438,25142,1500,0
16439,27438,1500,0
16440,13722,0,0
16441,13723,5000,0
16442,13724,35000,0
16443,13725,0,0
16444,13726,0,0
16445,13727,0,0
16446,13728,0,0
16447,13729,0,0
16448,13730,0,0
16449,13731,200,0
16450,13732,0,0
16451,13733,0,0
16452,13734,0,0
16453,13735,0,0
16454,13736,0,0
16455,13737,4000,0
16456,13738,0,0
16457,13739,0,0
16458,13740,0,0
16459,13741,0,0
16460,13742,0,0
16461,13743,0,0
16462,13744,3500,0
16463,13745,0,0
16464,13746,0,0
16465,13747,500000,0
16466,13748,0,0
16467,13749,0,0
16468,13750,62000,0
16469,13751,0,0
16470,13752,0,0
16471,13753,0,0
16472,13754,0,0
16473,13755,0,0
16474,13756,0,0
16475,13758,0,0
16476,13759,0,0
16477,13760,0,0
16478,13761,0,0
16479,13762,0,0
16480,13763,0,0
16481,13764,0,0
16482,13765,0,0
16483,13766,0,0
16484,13767,0,0
16485,27627,0,0
16486,13768,0,0
16487,13769,0,0
16488,13770,0,0
16489,13771,0,0
16490,13772,0,0
16491,13773,0,0
16492,13775,0,0
16493,13776,0,0
16494,13777,0,0
16495,13778,0,0
16496,13779,0,0
16497,13780,0,0
16498,13781,0,0
16499,13782,0,0
16500,13783,0,0
16501,13784,0,0
16502,13786,0,0
16503,13788,0,0
16504,13789,0,0
16505,13790,0,0
16506,13792,0,0
16507,13793,0,0
16508,13794,0,0
16509,13796,0,0
16510,13797,0,0
16511,13798,0,0
16512,25783,0,0
16513,13799,0,0
16514,13800,0,0
16515,13801,0,0
16516,13802,0,0
16517,13803,0,0
16518,24009,0,0
16519,28418,0,0
16520,13804,0,0
16521,13805,20000,0
16522,13806,0,0
16523,13807,0,0
16524,13808,0,0
16525,13809,0,0
16526,13810,0,0
16527,13811,0,0
16528,13812,0,0
16529,13814,17000,0
16530,13815,0,0
16531,13816,0,0
16532,13818,500000,0
16533,13819,0,0
16534,13820,900000,0
16535,13821,0,0
16536,13822,0,0
16537,13823,0,0
16538,13824,0,0
16539,13825,0,0
16540,13826,0,0
16541,13827,35000,0
16542,14192,35000,0
16543,13828,0,0
16544,13829,0,0
16545,13830,150000,0
16546,13831,0,0
16547,13832,0,0
16548,13833,0,0
16549,13834,0,0
16550,13835,0,0
16551,29224,0,0
16552,13836,0,0
16553,13837,55000,100000
16554,13839,0,0
16555,13840,0,0
16556,13841,0,0
16557,13842,0,0
16558,13843,0,0
16559,13845,0,0
16560,13846,0,0
16561,13848,0,0
16562,13849,0,0
16563,13851,0,0
16564,13852,0,0
16565,13853,187000,0
16566,13854,0,0
16567,13855,0,0
16568,13856,0,0
16569,25101,0,0
16570,13857,0,0
16571,13859,0,0
16572,13860,0,0
16573,13861,0,0
16574,13862,0,0
16575,13863,0,0
16576,13864,0,0
16577,13865,0,0
16578,13866,0,0
16579,13867,0,0
16580,13868,0,0
16581,13869,7000,0
16582,13870,0,0
16583,13871,0,0
16584,13872,0,0
16585,13873,0,0
16586,13874,0,0
16587,13875,0,0
16588,13876,2000000,0
16589,13877,0,0
16590,22989,0,0
16591,13878,0,0
16592,13879,0,0
16593,13880,0,0
16594,13881,0,0
16595,13882,0,0
16596,13883,0,0
16597,13884,2000000,0
16598,13885,0,0
16599,13887,0,0
16600,13889,0,0
16601,13890,0,0
16602,13891,0,0
16603,13892,0,0
16604,13893,0,0
16605,13894,0,0
16606,13895,0,0
16607,13896,50000,0
16608,13897,0,0
16609,13898,0,0
16610,13899,50000,0
16611,13900,6000,0
16612,13901,0,0
16613,1038,0,0
16614,13902,0,0
16615,14081,0,0
16616,15546,0,0
16617,13903,0,0
16618,13904,0,0
16619,13905,0,0
16620,13906,0,0
16621,15598,0,0
16622,23865,0,0
16623,13907,0,0
16624,13908,0,0
16625,27619,0,0
16626,29922,0,0
16627,13909,0,0
16628,14356,0,0
16629,13910,0,0
16630,13911,0,0
16631,13912,0,0
16632,13913,0,0
16633,13914,0,0
16634,13915,0,0
16635,13916,0,0
16636,13917,0,0
16637,13919,0,0
16638,28430,0,0
16639,13921,0,0
16640,13922,0,0
16641,13925,0,0
16642,13926,0,0
16643,13927,0,0
16644,13928,50000,0
16645,13929,0,0
16646,13930,0,0
16647,15086,0,0
16648,16235,0,0
16649,21145,0,0
16650,22397,0,0
16651,26864,0,0
16652,27655,0,0
16653,13931,0,0
16654,24675,0,0
16655,27701,0,0
16656,29593,0,0
16657,13932,0,0
16658,14457,0,0
16659,13933,0,0
16660,13934,0,0
16661,13935,0,0
16662,13936,0,0
16663,13937,0,0
16664,13938,0,0
16665,13939,0,0
16666,13940,0,0
16667,13941,0,0
16668,13942,0,0
16669,13943,0,0
16670,13944,0,0
16671,13945,0,0
16672,13946,1000,0
16673,13947,0,0
16674,13948,0,0
16675,13949,0,0
16676,13950,0,0
16677,13951,0,0
16678,13952,0,0
16679,13953,0,0
16680,13954,0,0
16681,13955,0,0
16682,13956,0,0
16683,13957,0,0
16684,13958,350,0
16685,13959,0,0
16686,13960,0,0
16687,13961,0,0
16688,13962,30,0
16689,13963,0,0
16690,13964,10000,0
16691,13965,0,0
16692,13966,0,0
16693,1680,1000000,0
16694,1786,1000000,0
16695,11129,1000000,0
16696,13967,1000000,0
16697,13968,0,0
16698,13969,0,0
16699,13970,0,0
16700,13971,20000,0
16701,13972,0,0
16702,13973,0,0
16703,13974,0,0
16704,13975,500000,0
16705,13976,0,0
16706,13977,0,0
16707,13978,0,320395
16708,13979,0,0
16709,13980,0,0
16710,13981,0,0
16711,13982,0,0
16712,30342,0,0
16713,13983,0,0
16714,13984,200000,0
16715,13985,0,0
16716,13986,0,0
16717,13987,0,0
16718,13988,0,0
16719,853,0,0
16720,13989,0,0
16721,13990,0,0
16722,13991,0,0
16723,13992,0,0
16724,13993,0,0
16725,13994,0,0
16726,13995,0,0
16727,13996,0,0
16728,13997,0,0
16729,13998,0,0
16730,14000,0,0
16731,14001,0,0
16732,14002,0,0
16733,14003,0,0
16734,14004,0,0
16735,14005,0,0
16736,14006,0,0
16737,14007,0,0
16738,14008,0,0
16739,14009,0,0
16740,14010,0,0
16741,14011,0,0
16742,14012,0,0
16743,14013,0,0
16744,14014,0,0
16745,14015,0,0
16746,14016,0,0
16747,14017,0,0
16748,14018,0,0
16749,14019,15000,0
16750,14020,0,0
16751,14021,0,0
16752,14023,0,0
16753,14024,10,0
16754,14025,0,0
16755,14026,0,0
16756,14027,0,0
16757,24799,0,0
16758,27035,0,0
16759,14028,0,0
16760,14029,0,0
16761,14030,0,0
16762,17765,0,0
16763,19555,0,0
16764,22983,0,0
16765,29994,0,0
16766,14031,0,4535
16767,14032,0,0
16768,14033,0,0
16769,14034,0,0
16770,14035,0,0
16771,14036,0,0
16772,14037,0,0
16773,14039,0,0
16774,14040,0,0
16775,14041,0,0
16776,16220,0,0
16777,14042,0,0
16778,14043,0,135000
16779,14044,0,0
16780,14045,0,0
16781,14046,0,0
16782,14047,0,0
16783,14049,0,0
16784,18951,0,0
16785,25840,0,0
16786,14050,0,0
16787,14051,0,0
16788,14052,0,0
16789,14053,0,0
16790,14054,0,0
16791,14055,0,0
16792,15221,0,0
16793,14056,10000,0
16794,14057,0,0
16795,14058,0,0
16796,14059,0,0
16797,14060,0,0
16798,14061,0,0
16799,14062,0,0
16800,14063,0,0
16801,14064,0,0
16802,14066,0,0
16803,21934,0,0
16804,14067,0,0
16805,4536,0,0
16806,14068,0,0
16807,23179,0,0
16808,14069,0,0
16809,14070,0,0
16810,14071,0,0
16811,14072,0,0
16812,14073,200000,0
16813,14074,0,0
16814,14075,0,0
16815,14076,0,0
16816,18599,0,0
16817,14077,0,0
16818,14078,0,0
16819,14079,0,0
16820,14080,0,0
16821,14082,0,0
16822,16651,0,0
16823,26386,0,0
16824,14083,0,0
16825,14084,0,0
16826,14087,0,0
16827,14088,0,0
16828,14089,0,0
16829,14090,0,0
16830,14091,0,0
16831,14092,10000,0
16832,14093,1000000,0
16833,14094,0,0
16834,14095,0,0
16835,14096,4000,0
16836,14097,2500,0
16837,9216,0,0
16838,14098,0,0
16839,17042,0,0
16840,14099,0,0
16841,14101,0,0
16842,14102,0,0
16843,14103,0,0
16844,14104,0,0
16845,14105,0,0
16846,14106,0,0
16847,14107,0,0
16848,14108,0,0
16849,14109,0,0
16850,14110,0,0
16851,14112,0,0
16852,14113,0,0
16853,14114,0,0
16854,14115,0,0
16855,17500,0,0
16856,26675,0,0
16857,14116,0,0
16858,14117,0,0
16859,14118,0,0
16860,14119,0,0
16861,14120,0,0
16862,14121,0,0
16863,14122,0,0
16864,14123,0,0
16865,14124,2000,0
16866,14125,0,0
16867,14126,0,0
16868,14127,0,0
16869,14128,0,0
16870,14129,0,0
16871,14130,0,0
16872,14131,0,0
16873,14132,0,0
16874,14133,0,0
16875,14134,0,0
16876,14135,0,0
16877,14136,35000,0
16878,14137,0,0
16879,14138,0,0
16880,14139,0,0
16881,18826,0,0
16882,14140,0,0
16883,14141,0,0
16884,14142,0,0
16885,14143,0,0
16886,14144,0,0
16887,14145,50000,0
16888,14146,0,0
16889,14147,0,0
16890,14148,0,0
16891,14149,0,0
16892,14150,0,0
16893,14151,500000,0
16894,14152,0,0
16895,14153,0,0
16896,14154,0,0
16897,14156,0,0
16898,14157,0,0
16899,14158,0,0
16900,14159,0,0
16901,14160,0,0
16902,27667,0,0
16903,14161,0,0
16904,14162,0,0
16905,14163,0,0
16906,14164,0,0
16907,14165,0,0
16908,14166,0,0
16909,14167,0,0
16910,14168,0,0
16911,14169,0,0
16912,14170,0,0
16913,14171,0,0
16914,14172,200000,0
16915,14173,0,0
16916,14174,100000,0
16917,14175,0,0
16918,14176,0,0
16919,14177,0,0
16920,14178,0,0
16921,14180,0,0
16922,14181,0,0
16923,14182,0,0
16924,14183,0,0
16925,14184,0,0
16926,14185,0,0
16927,30385,0,0
16928,14186,0,0
16929,14187,0,0
16930,14188,0,0
16931,14189,0,0
16932,14190,1200,0
16933,14191,0,0
16934,13827,0,0
16935,14192,0,0
16936,14193,0,0
16937,28460,0,0
16938,14194,0,0
16939,14195,0,0
16940,14196,0,0
16941,8983,20000,71896
16942,14197,20000,71896
16943,14198,0,0
16944,10680,0,0
16945,14199,0,0
16946,14200,1000000,0
16947,14201,50000,0
16948,14202,40000,0
16949,14203,0,0
16950,14204,0,0
16951,14205,0,0
16952,14206,0,0
16953,14208,0,7438702
16954,14209,0,0
16955,14210,0,0
16956,27200,0,0
16957,14211,58500,0
16958,14212,1000,0
16959,14213,0,0
16960,14214,0,0
16961,14215,0,7316
16962,14216,0,0
16963,14217,0,0
16964,14218,1000000,0
16965,14219,0,0
16966,14220,0,0
16967,14221,0,0
16968,14222,0,0
16969,14223,0,0
16970,14225,0,0
16971,14227,0,0
16972,28439,0,0
16973,14228,0,0
16974,14229,0,0
16975,14230,0,0
16976,17006,0,0
16977,14231,0,0
16978,14232,0,0
16979,14233,0,0
16980,1381,73,0
16981,14234,73,0
16982,15245,73,0
16983,25151,73,0
16984,14235,0,0
16985,14236,0,0
16986,14237,0,0
16987,14238,0,0
16988,14239,0,0
16989,25733,0,0
16990,14241,5000,0
16991,14242,0,0
16992,14243,0,0
16993,14244,8000,0
16994,14245,0,0
16995,14246,0,0
16996,14247,15000,0
16997,8423,2000,0
16998,14248,2000,0
16999,14472,2000,0
17000,14249,7000,0
17001,14250,0,0
17002,14251,0,0
17003,9407,0,35875
17004,14252,0,35875
17005,15223,0,35875
17006,18391,0,35875
17007,24333,0,35875
17008,27218,0,35875
17009,14254,0,0
17010,14255,2300,0
17011,14256,0,0
17012,14257,0,0
17013,14258,0,0
17014,14259,0,0
17015,14260,0,0
17016,14261,0,0
17017,14262,0,0
17018,14263,0,0
17019,14264,0,0
17020,14265,0,0
17021,14266,0,0
17022,14267,0,0
17023,4162,0,0
17024,13310,0,0
17025,14268,0,0
17026,14269,10000,0
17027,14270,0,0
17028,14271,0,0
17029,14272,0,0
17030,14273,0,0
17031,14274,0,0
17032,14276,0,0
17033,14277,0,0
17034,14278,10000000,0
17035,14279,0,0
17036,14280,0,0
17037,14281,0,0
17038,14282,0,0
17039,19070,0,0
17040,14283,0,0
17041,14284,0,0
17042,14285,0,0
17043,14286,0,0
17044,14287,0,0
17045,14288,0,0
17046,14289,0,0
17047,26489,0,0
17048,604,0,0
17049,14290,0,0
17050,16269,0,0
17051,14291,0,0
17052,29270,0,0
17053,14292,0,0
17054,19465,0,0
17055,14293,0,0
17056,14294,0,0
17057,14295,0,0
17058,14296,20000,0
17059,14297,0,0
17060,14298,0,0
17061,14299,0,0
17062,14300,0,0
17063,14302,0,0
17064,14303,0,0
17065,14304,0,0
17066,14305,0,0
17067,14306,0,0
17068,14307,0,0
17069,14308,0,0
17070,14309,0,0
17071,14310,0,0
17072,14311,0,0
17073,14312,0,0
17074,14313,0,0
17075,14314,0,0
17076,14315,0,0
17077,14316,0,0
17078,14317,0,0
17079,14318,0,0
17080,14319,0,0
17081,14320,11000,0
17082,14321,0,0
17083,14322,0,0
17084,26279,0,0
17085,14323,0,0
17086,14324,0,0
17087,14325,0,0
17088,14326,0,0
17089,14327,0,0
17090,14328,0,0
17091,14329,0,0
17092,14330,220000,0
17093,14331,0,0
17094,14332,5000,0
17095,14333,0,0
17096,14335,0,0
17097,14336,0,0
17098,14337,0,0
17099,14338,0,0
17100,14339,0,0
17101,14340,0,0
17102,14341,0,0
17103,14342,0,0
17104,14343,0,0
17105,14345,0,0
17106,4558,0,0
17107,14346,0,0
17108,16713,0,0
17109,19718,0,0
17110,14347,0,0
17111,14348,0,0
17112,14349,0,0
17113,14350,0,0
17114,14351,0,0
17115,14352,0,0
17116,14353,0,0
17117,28943,0,0
17118,14354,0,0
17119,14355,0,0
17120,14357,0,0
17121,14358,0,0
17122,15437,0,0
17123,20958,0,0
17124,14359,0,0
17125,14360,0,0
17126,14361,0,0
17127,14362,0,0
17128,14363,0,0
17129,14364,0,0
17130,14365,0,0
17131,14366,0,0
17132,14367,0,0
17133,14368,0,0
17134,14369,0,0
17135,14370,0,0
17136,14371,80000,0
17137,14372,0,0
17138,14373,0,0
17139,14374,0,0
17140,14375,0,0
17141,14376,0,0
17142,14377,200,0
17143,14378,0,0
17144,14379,0,0
17145,14380,0,0
17146,14381,500000,0
17147,14382,0,0
17148,14383,0,0
17149,14384,0,0
17150,14385,0,0
17151,14386,0,0
17152,14387,0,0
17153,14388,0,0
17154,14389,5000,0
17155,14390,0,0
17156,19529,0,0
17157,14391,0,0
17158,14392,0,0
17159,14393,0,0
17160,14394,0,0
17161,14395,0,0
17162,14396,0,0
17163,14398,0,0
17164,14399,0,0
17165,14400,0,0
17166,14401,0,0
17167,14402,0,0
17168,14403,0,0
17169,14404,0,0
17170,14405,0,0
17171,14406,0,0
17172,14407,0,0
17173,14408,0,0
17174,14409,0,0
17175,14410,0,0
17176,14411,0,0
17177,14412,0,0
17178,18469,0,0
17179,14413,0,0
17180,14414,0,0
17181,14415,0,0
17182,14416,0,0
17183,14417,100,1
17184,14418,0,0
17185,14419,0,0
17186,14420,0,0
17187,14421,0,0
17188,14422,200000,0
17189,14423,7000,0
17190,14424,0,0
17191,14425,0,0
17192,14426,0,0
17193,22558,0,0
17194,14427,0,0
17195,14428,0,0
17196,14429,100,0
17197,14430,0,0
17198,31104,0,0
17199,14431,0,0
17200,14432,0,0
17201,25545,0,0
17202,14433,0,0
17203,14434,50000,0
17204,14435,0,0
17205,14436,0,0
17206,14437,0,0
17207,14438,0,0
17208,14440,0,0
17209,14442,30000,0
17210,14443,0,0
17211,14445,0,0
17212,14448,0,0
17213,14449,0,0
17214,14450,7000,0
17215,14451,0,0
17216,14452,1000,0
17217,14453,0,0
17218,14454,0,0
17219,14455,0,0
17220,14456,0,0
17221,14458,0,0
17222,14459,0,0
17223,14460,0,0
17224,14461,5000,0
17225,14462,5000,0
17226,14463,0,0
17227,14464,20000,0
17228,14465,0,0
17229,14466,10000,0
17230,14467,2000000,0
17231,16614,2000000,0
17232,14468,0,0
17233,14469,1000000,0
17234,14470,0,0
17235,14471,0,0
17236,14473,0,0
17237,14474,0,0
17238,14475,0,0
17239,14476,0,0
17240,14477,0,0
17241,14478,0,0
17242,14479,0,0
17243,17094,0,0
17244,28456,0,0
17245,14480,0,0
17246,14481,0,0
17247,14483,0,0
17248,2591,80000,0
17249,3195,80000,0
17250,14484,80000,0
17251,14486,0,0
17252,14487,0,0
17253,1071,100000,0
17254,14488,100000,0
17255,14489,0,0
17256,14491,0,0
17257,20531,0,0
17258,14492,0,0
17259,14493,0,0
17260,14495,0,0
17261,14496,0,0
17262,14497,0,0
17263,14498,0,0
17264,14499,2500,0
17265,14500,2000,0
17266,14501,700000,0
17267,14502,0,0
17268,14503,0,0
17269,14504,300000,0
17270,14505,0,0
17271,14506,500000,0
17272,14507,0,0
17273,14508,0,0
17274,22519,0,0
17275,14509,0,0
17276,14510,0,0
17277,23313,0,0
17278,14511,100000,0
17279,14512,0,0
17280,14513,5000,0
17281,14514,0,0
17282,14515,5,0
17283,14516,0,0
17284,14517,0,0
17285,14520,0,0
17286,14521,9000,0
17287,14522,0,0
17288,14523,0,0
17289,14524,0,0
17290,14525,1000000,0
17291,14526,0,0
17292,14528,0,0
17293,14529,0,0
17294,14530,0,0
17295,14531,0,0
17296,14532,0,0
17297,14533,0,0
17298,14534,500,0
17299,14535,0,0
17300,621,0,0
17301,14536,0,0
17302,14537,3000,0
17303,14538,1,1
17304,14539,30000,0
17305,14540,3500,0
17306,14541,0,0
17307,14542,0,0
17308,14543,0,0
17309,14544,0,0
17310,14545,0,0
17311,14548,0,0
17312,14549,0,0
17313,26036,0,0
17314,29476,0,0
17315,29862,0,0
17316,14550,0,0
17317,15049,0,0
17318,23932,0,0
17319,14551,0,0
17320,14552,0,0
17321,14553,0,0
17322,15623,0,0
17323,14554,0,0
17324,14557,0,0
17325,14558,0,0
17326,14559,0,0
17327,14560,0,0
17328,14561,0,0
17329,14562,0,0
17330,14563,0,0
17331,14564,500000,0
17332,7629,0,0
17333,14565,0,0
17334,23315,0,0
17335,25732,0,0
17336,14566,0,0
17337,14567,500000,0
17338,14568,0,0
17339,14569,0,0
17340,14570,10000,0
17341,14571,200,0
17342,14572,0,0
17343,14573,0,0
17344,14574,100000,0
17345,14575,2000,0
17346,14576,0,0
17347,14578,0,0
17348,14579,0,0
17349,14580,0,0
17350,14581,0,0
17351,14583,0,0
17352,14584,0,0
17353,21200,0,0
17354,14585,0,0
17355,14586,0,0
17356,14587,0,0
17357,14588,500000,0
17358,14589,0,0
17359,14590,0,0
17360,19881,0,0
17361,14591,0,0
17362,14592,0,0
17363,14593,0,0
17364,14594,0,0
17365,14595,0,0
17366,14597,252000,0
17367,14598,0,0
17368,14599,0,0
17369,14600,0,0
17370,14601,0,0
17371,14602,0,0
17372,15403,0,0
17373,20697,0,0
17374,14603,1500,0
17375,14604,0,0
17376,14605,0,0
17377,14606,0,0
17378,14609,0,0
17379,14610,0,0
17380,14611,0,0
17381,14612,0,0
17382,14613,0,0
17383,14614,0,0
17384,14615,6,0
17385,1572,0,0
17386,14616,0,0
17387,19882,0,0
17388,14617,0,0
17389,14619,0,0
17390,14620,3000,0
17391,14621,0,0
17392,14622,0,0
17393,14623,0,0
17394,14625,0,0
17395,14626,0,0
17396,14627,0,0
17397,14628,0,0
17398,14629,0,0
17399,14630,0,0
17400,28930,0,0
17401,14631,0,0
17402,14632,0,0
17403,14633,0,0
17404,14634,0,0
17405,14635,0,0
17406,14636,0,0
17407,14637,0,0
17408,14638,0,0
17409,14639,0,0
17410,14640,0,0
17411,14641,100000,0
17412,14642,0,0
17413,14643,0,0
17414,14644,1100,0
17415,14645,0,0
17416,14646,0,0
17417,14647,0,0
17418,14649,10000,0
17419,14650,32000,0
17420,9112,250,0
17421,14651,250,0
17422,14653,0,0
17423,14654,0,0
17424,14655,0,0
17425,14656,0,0
17426,14657,0,0
17427,14658,0,0
17428,14659,0,0
17429,14660,10000,0
17430,14661,0,0
17431,14662,0,0
17432,14664,0,0
17433,14666,0,0
17434,14667,0,0
17435,14668,0,0
17436,14669,0,0
17437,14670,0,0
17438,14671,0,0
17439,14672,0,0
17440,14673,0,0
17441,17450,0,0
17442,27982,0,0
17443,14674,5000,0
17444,14675,0,0
17445,14676,0,0
17446,14678,0,0
17447,14679,0,0
17448,14680,0,0
17449,14681,0,0
17450,14682,0,0
17451,14683,0,0
17452,14685,568,0
17453,14686,0,0
17454,14687,0,0
17455,14688,0,0
17456,14689,1000000,0
17457,14690,50000,0
17458,14691,10000,0
17459,14692,0,0
17460,14693,0,0
17461,14694,0,0
17462,14695,0,0
17463,14696,0,0
17464,14697,0,0
17465,14698,140000,0
17466,14699,0,0
17467,14700,0,0
17468,14701,0,0
17469,5002,0,0
17470,14702,0,0
17471,19498,0,0
17472,24958,0,0
17473,26007,0,0
17474,14703,0,0
17475,14704,0,0
17476,14705,0,0
17477,14706,800,0
17478,14707,0,0
17479,3501,100000,0
17480,14708,100000,0
17481,14710,0,0
17482,14711,0,0
17483,14712,0,0
17484,14713,0,0
17485,14715,0,0
17486,14716,0,0
17487,14718,0,0
17488,14719,0,0
17489,14720,0,0
17490,14721,0,0
17491,14722,0,0
17492,14723,0,0
17493,14725,0,0
17494,14726,0,0
17495,14728,0,0
17496,14729,0,0
17497,14730,0,0
17498,14731,0,0
17499,14732,0,0
17500,14734,0,0
17501,14735,0,0
17502,14736,75,0
17503,14737,0,0
17504,14738,10000,0
17505,14739,0,0
17506,14740,0,0
17507,29143,0,0
17508,14741,0,0
17509,19272,0,0
17510,14742,0,0
17511,14743,0,0
17512,14744,0,0
17513,14745,0,0
17514,14746,0,0
17515,14747,0,0
17516,12219,250000,0
17517,14748,250000,0
17518,14749,0,0
17519,14750,0,0
17520,26067,0,0
17521,26502,0,0
17522,14751,0,0
17523,14752,0,0
17524,14754,0,0
17525,14755,0,0
17526,14756,1000,0
17527,14757,0,0
17528,14758,0,0
17529,14759,0,0
17530,14760,2500000,0
17531,14761,0,0
17532,14762,500,0
17533,14763,0,0
17534,14764,5000,0
17535,14765,0,0
17536,14766,0,0
17537,14767,50000,0
17538,14768,0,0
17539,14769,0,0
17540,14770,0,0
17541,5613,2100000,0
17542,14771,2100000,0
17543,14772,0,0
17544,14773,0,0
17545,14774,0,0
17546,14776,0,0
17547,14777,0,0
17548,14778,0,0
17549,14779,0,0
17550,14780,0,0
17551,14781,0,0
17552,14782,0,0
17553,14783,0,0
17554,14784,0,0
17555,14785,0,0
17556,30042,0,0
17557,14786,0,0
17558,14787,0,0
17559,14788,0,0
17560,14789,0,0
17561,14790,0,0
17562,14791,0,0
17563,14792,0,0
17564,14793,0,0
17565,14794,0,0
17566,14795,0,0
17567,14796,0,0
17568,14797,0,0
17569,14798,500,0
17570,14799,0,0
17571,14800,0,0
17572,14801,0,0
17573,14802,0,0
17574,14803,0,0
17575,14804,0,0
17576,14805,0,0
17577,14806,0,0
17578,17121,0,0
17579,14807,4000,0
17580,14808,0,0
17581,14809,0,0
17582,14810,0,0
17583,14811,0,0
17584,14812,3000,0
17585,14813,0,0
17586,14816,0,0
17587,14817,0,0
17588,14818,0,0
17589,14820,0,0
17590,18825,0,0
17591,14821,0,0
17592,14822,0,0
17593,14823,1100000,560000
17594,14824,0,0
17595,14825,0,0
17596,14826,0,0
17597,14827,0,0
17598,14828,0,0
17599,14829,0,0
17600,14831,0,0
17601,14832,2000,0
17602,14833,0,0
17603,14834,0,0
17604,14835,0,0
17605,14836,0,0
17606,14837,1000,0
17607,14838,0,0
17608,14839,0,0
17609,14840,0,0
17610,14841,0,0
17611,14842,0,0
17612,14843,0,0
17613,14844,0,0
17614,14846,0,0
17615,14847,9,0
17616,14848,0,0
17617,14849,0,0
17618,14851,0,0
17619,14852,10,0
17620,14853,0,0
17621,14855,0,0
17622,14856,5000,0
17623,14857,0,0
17624,14858,0,0
17625,14859,0,0
17626,14860,0,0
17627,21099,0,0
17628,30161,0,0
17629,14861,0,0
17630,14862,0,0
17631,14863,0,0
17632,14864,0,0
17633,14865,0,0
17634,14866,0,2148059
17635,14867,700,0
17636,14869,0,0
17637,14870,0,0
17638,14871,0,0
17639,14872,0,0
17640,14873,0,0
17641,14874,0,0
17642,14875,20,0
17643,14877,0,0
17644,14878,0,0
17645,14879,0,0
17646,14880,0,0
17647,14882,0,0
17648,14884,0,0
17649,14885,10000,0
17650,14886,12000,0
17651,14887,0,0
17652,14888,0,0
17653,14889,0,0
17654,14890,0,0
17655,14891,0,0
17656,14892,0,0
17657,14893,3000,0
17658,14894,0,0
17659,14895,7000,0
17660,24297,7000,0
17661,14896,0,0
17662,14897,0,0
17663,14898,0,0
17664,14899,0,0
17665,14900,0,0
17666,14901,0,0
17667,14903,0,0
17668,24640,0,0
17669,14904,0,0
17670,14905,0,0
17671,14906,0,0
17672,14907,0,0
17673,14908,0,0
17674,14909,0,0
17675,14910,0,0
17676,14911,950000,0
17677,14912,0,0
17678,14913,0,1115856
17679,14914,0,0
17680,14915,0,0
17681,2296,1000000,0
17682,7340,1000000,0
17683,14916,1000000,0
17684,15140,1000000,0
17685,17062,1000000,0
17686,24051,1000000,0
17687,14917,0,0
17688,14918,0,0
17689,14919,0,0
17690,14920,0,0
17691,14921,70000,0
17692,14922,0,0
17693,14923,0,0
17694,14925,0,0
17695,14926,0,0
17696,14927,0,0
17697,14928,0,0
17698,14929,0,0
17699,14930,0,0
17700,14931,0,0
17701,14932,0,0
17702,14934,0,0
17703,14935,0,0
17704,17795,0,0
17705,14936,0,0
17706,14937,0,0
17707,14938,0,0
17708,14939,0,0
17709,14940,0,0
17710,14941,0,0
17711,14942,0,0
17712,14943,0,0
17713,14944,1300,0
17714,14945,0,0
17715,14946,12,0
17716,14947,0,0
17717,14948,30000,0
17718,20980,30000,0
17719,27260,30000,0
17720,14949,0,0
17721,14950,0,0
17722,14951,5000,0
17723,14952,0,0
17724,14953,0,0
17725,15744,0,0
17726,17236,0,0
17727,14954,0,0
17728,14955,200,0
17729,14956,0,0
17730,754,100000,0
17731,1690,100000,0
17732,14957,100000,0
17733,17758,100000,0
17734,25533,100000,0
17735,14958,0,0
17736,14959,0,0
17737,14960,0,0
17738,14961,0,0
17739,14962,0,0
17740,14963,0,0
17741,14964,10780,0
17742,14965,0,0
17743,14966,0,0
17744,14967,0,0
17745,14968,0,0
17746,14969,0,0
17747,14970,0,0
17748,14971,0,0
17749,14972,0,0
17750,14973,0,0
17751,14974,0,0
17752,14975,0,0
17753,14976,0,0
17754,14977,0,0
17755,14978,0,0
17756,14979,0,0
17757,14980,0,0
17758,14981,0,0
17759,14982,0,0
17760,14983,0,0
17761,14984,0,0
17762,14985,0,0
17763,14986,0,0
17764,14987,0,0
17765,19567,0,0
17766,14988,0,0
17767,14989,0,0
17768,14990,0,0
17769,14991,0,0
17770,14992,0,0
17771,20799,0,0
17772,5394,0,0
17773,14993,0,0
17774,14995,0,0
17775,14996,0,0
17776,14997,0,0
17777,14998,0,0
17778,14999,5000,0
17779,15000,0,0
17780,15001,0,0
17781,26003,0,0
17782,26120,0,0
17783,29234,0,0
17784,15002,0,0
17785,15003,0,0
17786,15004,0,0
17787,15005,0,0
17788,15006,0,0
17789,15007,0,0
17790,15008,0,0
17791,15009,0,0
17792,15010,20000,0
17793,29364,20000,0
17794,15011,0,0
17795,15012,10000,0
17796,15013,0,0
17797,15014,0,0
17798,15015,0,0
17799,15016,0,0
17800,15017,0,0
17801,15018,0,0
17802,15019,0,0
17803,15020,0,0
17804,15021,0,0
17805,15022,0,0
17806,15024,0,0
17807,28536,0,0
17808,15025,0,0
17809,15027,0,0
17810,15028,0,0
17811,15029,0,0
17812,15030,0,0
17813,15031,0,0
17814,15032,0,0
17815,15033,0,0
17816,15034,100000,0
17817,15035,0,0
17818,15036,0,0
17819,15037,0,0
17820,15038,0,0
17821,15039,0,0
17822,15040,0,0
17823,15041,0,0
17824,15043,0,0
17825,15044,0,0
17826,15046,0,0
17827,17984,0,0
17828,15047,0,0
17829,15048,0,0
17830,15050,0,0
17831,15051,0,0
17832,15052,0,0
17833,15053,0,0
17834,15054,0,0
17835,15055,0,0
17836,23777,0,0
17837,29888,0,0
17838,30789,0,0
17839,15056,0,0
17840,15057,0,0
17841,15058,0,0
17842,15059,0,0
17843,15060,0,0
17844,15061,0,0
17845,15062,0,0
17846,8281,500,0
17847,15063,500,0
17848,15064,0,0
17849,15065,0,0
17850,22597,0,0
17851,31068,0,0
17852,15066,0,0
17853,15067,0,0
17854,15068,0,0
17855,15070,0,0
17856,5756,100000,0
17857,15071,100000,0
17858,15072,0,0
17859,2906,300,0
17860,7165,300,0
17861,15073,300,0
17862,23205,300,0
17863,3805,50000,0
17864,15074,50000,0
17865,15075,0,0
17866,15076,0,0
17867,15077,0,0
17868,15078,500,0
17869,15080,25000,0
17870,15081,0,0
17871,15082,0,0
17872,15083,0,0
17873,15084,0,0
17874,15085,65000,0
17875,15088,0,0
17876,15089,5000,0
17877,15090,1,1
17878,15091,0,0
17879,18375,0,0
17880,19799,0,0
17881,15092,0,0
17882,15093,0,0
17883,15094,0,0
17884,15095,0,0
17885,15096,0,0
17886,15097,0,0
17887,15098,0,0
17888,15099,0,0
17889,15101,0,0
17890,15102,1100,0
17891,15103,0,0
17892,15104,0,0
17893,15105,0,0
17894,15106,1000,0
17895,15107,0,0
17896,15108,35,0
17897,15109,0,0
17898,15110,0,0
17899,15111,0,0
17900,15112,50000,0
17901,15113,0,0
17902,15114,50000,0
17903,15115,0,0
17904,15116,0,0
17905,15117,3000,0
17906,15118,0,0
17907,15120,0,0
17908,15121,0,0
17909,17348,0,0
17910,15122,0,0
17911,24185,0,0
17912,15123,0,0
17913,15124,0,0
17914,15125,0,0
17915,15126,0,0
17916,15127,0,0
17917,15128,0,0
17918,15129,0,0
17919,15130,0,0
17920,15131,0,0
17921,15132,0,0
17922,15133,0,0
17923,15134,0,0
17924,15135,0,0
17925,15136,0,0
17926,15137,0,0
17927,15138,0,0
17928,15139,0,0
17929,2296,300000,0
17930,7340,300000,0
17931,14916,300000,0
17932,15140,300000,0
17933,17062,300000,0
17934,24051,300000,0
17935,15141,0,0
17936,15142,0,0
17937,15143,1500,0
17938,19917,1500,0
17939,15145,0,0
17940,15146,25000,0
17941,15147,0,0
17942,15148,0,0
17943,15149,2000,0
17944,15150,0,0
17945,15151,0,0
17946,15152,0,0
17947,15153,2000,0
17948,22523,2000,0
17949,15154,0,0
17950,15155,0,0
17951,15157,780,0
17952,15158,500,0
17953,1233,1500000,0
17954,13886,1500000,0
17955,15159,1500000,0
17956,15160,500,0
17957,15161,0,0
17958,15162,0,0
17959,15163,0,0
17960,15164,25,0
17961,28032,25,0
17962,15165,500,1150
17963,15166,0,0
17964,15167,0,0
17965,15168,0,0
17966,3106,15000,0
17967,15169,15000,0
17968,15170,0,0
17969,15171,0,0
17970,15172,4000,0
17971,15173,0,0
17972,15174,0,0
17973,6902,0,0
17974,15175,0,0
17975,19708,0,0
17976,15177,0,0
17977,15178,0,0
17978,15179,0,0
17979,15180,10000,0
17980,15181,300,0
17981,15182,0,0
17982,15184,0,0
17983,15185,200000,0
17984,15186,0,0
17985,15187,0,0
17986,15188,0,0
17987,15189,0,0
17988,15190,0,0
17989,15191,0,0
17990,15192,0,0
17991,16117,0,0
17992,15193,0,0
17993,15194,85,0
17994,15195,0,0
17995,15196,5000,0
17996,15197,0,0
17997,15198,0,0
17998,15199,0,0
17999,15200,0,0
18000,26093,0,0
18001,28616,0,0
18002,15201,0,0
18003,15202,0,0
18004,15203,0,0
18005,15204,0,0
18006,15205,0,0
18007,15206,0,0
18008,15208,0,0
18009,15209,0,0
18010,15210,0,0
18011,15211,0,0
18012,15212,0,0
18013,15213,0,0
18014,15214,0,0
18015,15215,1000000,0
18016,15216,250000,0
18017,15217,562,0
18018,15218,10,0
18019,15219,20000,0
18020,15220,0,0
18021,15222,0,0
18022,15224,0,0
18023,15225,0,0
18024,15226,0,0
18025,15227,0,0
18026,15228,3500,0
18027,15229,0,0
18028,15230,0,0
18029,15231,0,0
18030,15232,0,0
18031,15233,0,0
18032,15234,0,0
18033,15235,0,0
18034,15236,0,0
18035,15237,0,0
18036,15238,0,0
18037,15239,5000,0
18038,15240,0,0
18039,15241,0,0
18040,15242,0,0
18041,15243,0,0
18042,6992,175,0
18043,15244,175,0
18044,1381,0,0
18045,14234,0,0
18046,15245,0,0
18047,25151,0,0
18048,15247,0,0
18049,15248,0,0
18050,15249,0,0
18051,15250,0,0
18052,15251,100000,0
18053,15252,0,0
18054,15253,0,0
18055,15254,0,0
18056,15255,0,0
18057,15256,30000,0
18058,15258,0,0
18059,15259,0,0
18060,15260,100,0
18061,29917,100,0
18062,15261,0,0
18063,15263,0,0
18064,15264,10000,0
18065,15265,0,0
18066,7566,500000,0
18067,9060,500000,0
18068,9910,500000,0
18069,15266,500000,0
18070,15379,500000,0
18071,27285,500000,0
18072,15267,0,0
18073,15268,0,0
18074,15269,0,0
18075,15270,10000,0
18076,15271,0,0
18077,15272,0,0
18078,3552,0,0
18079,15273,0,0
18080,15274,0,0
18081,5807,0,0
18082,15275,0,0
18083,23446,0,0
18084,27693,0,0
18085,15276,0,0
18086,15277,500000,0
18087,15278,0,0
18088,15280,0,0
18089,15281,0,0
18090,15603,0,0
18091,16381,0,0
18092,26991,0,0
18093,15282,0,0
18094,15283,0,0
18095,15284,25,0
18096,19852,25,0
18097,15285,0,0
18098,15286,8500,0
18099,15287,0,0
18100,15288,0,0
18101,15289,0,0
18102,15291,0,0
18103,15292,0,0
18104,15293,0,0
18105,19927,0,0
18106,15294,0,0
18107,15295,0,0
18108,15296,30,0
18109,15297,57000,0
18110,15298,0,0
18111,15299,0,0
18112,15300,0,0
18113,15301,0,0
18114,27154,0,0
18115,15302,0,0
18116,15303,0,0
18117,15304,0,0
18118,15305,0,0
18119,15306,1,1
18120,15307,0,247600
18121,15309,0,0
18122,15310,0,0
18123,15311,0,0
18124,15312,0,0
18125,15313,0,0
18126,15314,0,0
18127,15315,0,0
18128,15316,0,0
18129,15317,0,0
18130,15318,0,0
18131,15319,0,0
18132,15322,0,0
18133,15323,0,0
18134,15324,0,0
18135,15325,10000,0
18136,15326,0,0
18137,15327,0,0
18138,15328,0,0
18139,15329,0,0
18140,15330,13680,0
18141,15331,0,0
18142,15332,0,0
18143,15333,0,0
18144,15335,310000,0
18145,15336,0,0
18146,15337,4000,0
18147,15338,0,0
18148,26726,0,0
18149,15339,0,0
18150,16575,0,0
18151,15340,0,0
18152,15341,10,0
18153,15342,43000,0
18154,15343,0,0
18155,15345,0,0
18156,15346,0,0
18157,15347,0,0
18158,15348,0,0
18159,15349,0,0
18160,15350,0,0
18161,15351,0,0
18162,15352,0,0
18163,15353,0,0
18164,15354,0,0
18165,15355,0,0
18166,15356,0,0
18167,15357,0,0
18168,15358,0,0
18169,15359,0,0
18170,15360,0,0
18171,15361,0,0
18172,15362,0,0
18173,15363,0,0
18174,15364,0,0
18175,15365,0,0
18176,15366,0,0
18177,15368,0,0
18178,15369,0,0
18179,15370,0,0
18180,15371,0,0
18181,15372,0,0
18182,7421,0,0
18183,15373,0,0
18184,15374,0,0
18185,15375,0,0
18186,15376,0,0
18187,15378,0,0
18188,15380,0,0
18189,15381,0,0
18190,15384,0,0
18191,15385,0,0
18192,15386,0,0
18193,15387,0,0
18194,15388,0,0
18195,15389,0,0
18196,15390,0,0
18197,15391,0,0
18198,15393,0,0
18199,15394,0,0
18200,9480,7000,0
18201,15395,7000,0
18202,15396,0,0
18203,15398,0,0
18204,15399,0,0
18205,15400,0,0
18206,15401,0,0
18207,15406,0,0
18208,15407,0,0
18209,15408,0,0
18210,15409,0,0
18211,15410,0,0
18212,15411,0,0
18213,15412,0,0
18214,15413,15,0
18215,15414,0,0
18216,15415,0,0
18217,15416,0,0
18218,15417,0,0
18219,15418,0,0
18220,15421,0,0
18221,15422,600,0
18222,15423,0,0
18223,15424,0,0
18224,2755,0,0
18225,15425,0,0
18226,18615,0,0
18227,15426,500,0
18228,15427,0,0
18229,15429,0,0
18230,15430,0,0
18231,26182,0,0
18232,26305,0,0
18233,15432,0,0
18234,15433,0,0
18235,28794,0,0
18236,15434,0,0
18237,15436,4,0
18238,14358,50000,0
18239,15437,50000,0
18240,20958,50000,0
18241,15438,0,0
18242,15439,0,0
18243,15440,0,0
18244,15441,0,0
18245,15442,0,0
18246,15443,0,0
18247,15444,0,0
18248,15445,0,0
18249,15446,0,0
18250,15447,0,0
18251,15448,0,0
18252,15449,0,0
18253,15450,0,0
18254,15451,0,0
18255,15452,0,0
18256,15453,0,0
18257,15454,0,0
18258,15455,0,0
18259,15456,0,0
18260,15457,0,0
18261,15458,0,0
18262,15459,22000,0
18263,15460,0,0
18264,15461,0,0
18265,15462,0,0
18266,15463,0,0
18267,15465,0,0
18268,15466,0,0
18269,15467,0,0
18270,15468,0,0
18271,15469,0,0
18272,15470,0,0
18273,15471,0,0
18274,15472,0,0
18275,15473,0,0
18276,15474,0,0
18277,15475,0,0
18278,15477,0,0
18279,15478,0,0
18280,27294,0,0
18281,15479,0,0
18282,15480,0,0
18283,19986,0,0
18284,15481,0,0
18285,15483,0,0
18286,15484,0,0
18287,18655,0,0
18288,26971,0,0
18289,15485,0,13000
18290,15486,0,0
18291,15487,0,0
18292,15488,0,0
18293,30857,0,0
18294,15489,0,0
18295,15490,0,0
18296,15492,0,0
18297,15493,0,0
18298,15494,0,0
18299,15495,3600,0
18300,15496,0,0
18301,15497,0,0
18302,26996,0,0
18303,15498,0,0
18304,15500,0,0
18305,15501,0,0
18306,15502,0,0
18307,15503,3500,0
18308,15505,0,0
18309,18237,0,0
18310,30805,0,0
18311,15506,0,0
18312,15507,0,0
18313,15508,0,0
18314,15509,0,0
18315,15510,0,0
18316,2705,2786,0
18317,15511,2786,0
18318,15512,0,0
18319,15513,0,0
18320,15514,0,0
18321,15515,0,0
18322,15516,8000,0
18323,15517,0,0
18324,15519,0,0
18325,15520,0,0
18326,15521,0,0
18327,15523,0,0
18328,15524,5000,0
18329,15525,0,0
18330,15526,0,0
18331,15527,0,0
18332,15528,0,0
18333,15529,0,0
18334,15530,0,0
18335,15532,0,0
18336,15533,0,0
18337,15534,0,0
18338,15535,938,0
18339,15536,0,0
18340,15537,0,0
18341,15538,0,0
18342,15539,0,0
18343,15540,0,0
18344,15541,0,0
18345,15542,0,0
18346,15543,0,0
18347,15544,0,0
18348,15545,0,0
18349,15547,0,0
18350,15548,0,0
18351,15549,0,0
18352,15550,0,0
18353,15551,0,0
18354,15552,0,0
18355,15553,3500,0
18356,15554,0,0
18357,15555,10,0
18358,15556,1100,0
18359,15557,0,0
18360,15558,25000,0
18361,15559,0,0
18362,15560,0,0
18363,15561,0,0
18364,15562,0,0
18365,15563,0,0
18366,15564,0,0
18367,15565,0,0
18368,15566,0,0
18369,16208,0,0
18370,15567,0,0
18371,15568,2000,0
18372,15569,10000,0
18373,15570,0,0
18374,25695,0,0
18375,15571,0,0
18376,15572,0,0
18377,15573,0,0
18378,19431,0,0
18379,15574,0,0
18380,15575,0,0
18381,15576,0,0
18382,15577,0,0
18383,15578,0,0
18384,15579,0,0
18385,15580,2000,0
18386,15581,0,0
18387,15582,0,0
18388,15583,0,0
18389,15584,0,0
18390,15585,0,0
18391,15586,0,0
18392,15587,0,0
18393,15588,100,0
18394,15589,0,0
18395,13697,0,0
18396,15590,0,0
18397,15591,0,0
18398,15592,0,0
18399,15593,0,0
18400,15594,0,0
18401,15595,0,0
18402,15596,0,0
18403,15597,0,0
18404,15599,0,0
18405,15600,0,0
18406,15601,100000,0
18407,16516,100000,0
18408,15602,0,0
18409,15604,0,0
18410,15605,0,0
18411,15606,0,0
18412,15607,0,0
18413,15608,0,0
18414,15609,0,0
18415,15610,0,0
18416,15611,0,0
18417,15612,0,0
18418,15613,0,0
18419,15614,0,0
18420,15615,0,0
18421,15616,0,0
18422,15617,0,0
18423,15618,0,0
18424,15619,0,0
18425,15620,0,0
18426,15621,0,0
18427,15622,25000,0
18428,15624,0,0
18429,15625,0,0
18430,15626,0,0
18431,15627,0,0
18432,15628,0,0
18433,1329,0,0
18434,15629,0,0
18435,15630,0,0
18436,15631,0,0
18437,15632,0,0
18438,15633,0,0
18439,15634,0,0
18440,15635,0,0
18441,15636,15660,5873
18442,15637,0,0
18443,15638,0,0
18444,15639,0,0
18445,15640,0,0
18446,15641,0,0
18447,15642,0,0
18448,15643,0,0
18449,15644,0,0
18450,15645,5000,0
18451,15646,0,0
18452,15647,0,0
18453,15648,0,0
18454,15649,0,0
18455,15650,0,0
18456,15651,0,0
18457,15652,0,0
18458,15653,0,0
18459,28040,0,0
18460,15654,0,0
18461,15655,0,0
18462,15656,0,0
18463,15657,0,0
18464,15658,0,0
18465,15659,0,0
18466,15660,1487,0
18467,15661,0,0
18468,15662,0,0
18469,15663,7000,0
18470,15664,0,0
18471,15665,0,0
18472,15666,0,0
18473,15667,0,0
18474,15668,0,0
18475,15669,0,0
18476,15670,0,0
18477,15671,0,0
18478,15672,0,0
18479,15673,0,0
18480,15674,0,0
18481,15675,0,0
18482,15676,0,0
18483,15677,0,0
18484,15678,0,0
18485,15679,0,0
18486,15680,0,0
18487,15681,0,0
18488,15682,0,0
18489,15683,0,0
18490,15684,0,0
18491,15685,0,0
18492,15686,195000,0
18493,15687,0,0
18494,15688,0,0
18495,15689,0,0
18496,15690,0,0
18497,15691,0,0
18498,15692,0,0
18499,15693,0,0
18500,15694,0,0
18501,15695,0,0
18502,15696,0,0
18503,15697,0,0
18504,15698,10000,0
18505,15699,0,0
18506,15700,0,0
18507,15701,0,0
18508,15702,0,0
18509,15703,0,0
18510,15704,0,0
18511,15705,0,0
18512,15706,0,0
18513,15707,0,0
18514,15708,0,0
18515,15709,0,0
18516,15710,0,0
18517,15711,0,0
18518,15712,0,0
18519,15713,0,0
18520,30648,0,0
18521,15715,0,0
18522,15716,0,0
18523,15717,0,0
18524,15718,30000,0
18525,15719,0,0
18526,15720,0,0
18527,15721,0,0
18528,15722,0,0
18529,15723,0,0
18530,15724,0,0
18531,15725,0,0
18532,15726,0,0
18533,15727,0,0
18534,15728,0,0
18535,15729,0,0
18536,15730,0,0
18537,15731,0,0
18538,15732,0,0
18539,15733,0,0
18540,15734,240,0
18541,15735,0,0
18542,15736,0,0
18543,15737,0,0
18544,12935,250000,0
18545,15738,250000,0
18546,15739,0,0
18547,15740,0,0
18548,15741,0,0
18549,15742,0,0
18550,15743,0,0
18551,15745,0,0
18552,15746,0,0
18553,15747,0,0
18554,15748,0,0
18555,15749,0,0
18556,15750,0,0
18557,15751,0,0
18558,15752,16000,0
18559,15753,0,0
18560,15754,0,0
18561,15755,0,0
18562,15756,0,0
18563,5758,0,0
18564,15757,0,0
18565,15758,0,0
18566,15759,0,0
18567,15760,0,0
18568,15761,0,0
18569,15762,0,0
18570,22786,0,0
18571,15763,0,0
18572,15764,0,0
18573,15765,0,0
18574,15766,0,0
18575,15767,0,0
18576,15769,0,0
18577,15770,31600,21725
18578,15771,0,0
18579,15772,0,0
18580,15773,0,0
18581,15774,8000,0
18582,15775,0,0
18583,15776,0,0
18584,15777,0,0
18585,15778,0,0
18586,15779,0,0
18587,15780,0,0
18588,15781,0,0
18589,15782,0,0
18590,15783,0,0
18591,15784,0,0
18592,15785,0,0
18593,15786,0,0
18594,15787,0,0
18595,15788,0,0
18596,15789,0,0
18597,15790,0,0
18598,15791,0,0
18599,15792,0,0
18600,15793,0,0
18601,15794,0,0
18602,15795,0,0
18603,15796,0,0
18604,15797,0,0
18605,15798,0,0
18606,28926,0,0
18607,15799,0,0
18608,15800,0,0
18609,15803,0,0
18610,15804,0,0
18611,15805,0,0
18612,15806,0,0
18613,15807,0,0
18614,15808,0,0
18615,15809,0,0
18616,15810,0,0
18617,15811,0,0
18618,15812,0,0
18619,15813,0,0
18620,15814,0,0
18621,15816,0,0
18622,15817,0,0
18623,15818,0,0
18624,15819,0,0
18625,15820,0,0
18626,15821,0,0
18627,15822,0,0
18628,15823,0,0
18629,15824,0,0
18630,15825,0,0
18631,15827,0,0
18632,15828,0,0
18633,15829,0,0
18634,15830,0,0
18635,15831,0,0
18636,15832,0,0
18637,15833,0,0
18638,15834,0,0
18639,1980,0,0
18640,15835,0,0
18641,15837,0,0
18642,15838,0,0
18643,15839,0,0
18644,15840,1000000,0
18645,19535,1000000,0
18646,28480,1000000,0
18647,15841,75,0
18648,15842,0,0
18649,15843,0,0
18650,15844,0,0
18651,15845,0,0
18652,30809,0,0
18653,15846,0,0
18654,15847,0,0
18655,15848,0,0
18656,15850,0,0
18657,15851,0,0
18658,15852,0,0
18659,15853,0,0
18660,270,0,0
18661,6184,0,0
18662,15854,0,0
18663,25138,0,0
18664,15856,550000,0
18665,15857,0,0
18666,15858,0,0
18667,15859,0,0
18668,15860,0,0
18669,15862,0,0
18670,15863,0,0
18671,15864,0,0
18672,15865,0,0
18673,15866,0,0
18674,15867,0,0
18675,15868,0,0
18676,15869,0,0
18677,15870,0,0
18678,15871,0,9107
18679,15872,0,0
18680,15873,0,0
18681,15874,0,0
18682,15875,0,0
18683,15876,0,0
18684,15877,0,0
18685,28362,0,0
18686,30416,0,0
18687,15878,0,0
18688,15879,0,0
18689,15880,0,0
18690,15881,1000,0
18691,15882,0,0
18692,15883,0,0
18693,15884,0,0
18694,15885,0,0
18695,15886,0,0
18696,15887,0,0
18697,15889,125000,0
18698,15891,0,0
18699,15892,0,0
18700,15893,0,0
18701,15894,0,0
18702,15895,0,0
18703,15896,0,0
18704,15897,0,0
18705,15898,0,0
18706,15899,0,0
18707,15900,0,0
18708,15901,0,0
18709,15902,0,0
18710,15903,0,0
18711,15904,0,0
18712,15905,0,0
18713,15906,0,0
18714,15907,0,0
18715,15908,0,0
18716,15909,0,0
18717,15910,0,0
18718,15911,0,0
18719,15912,0,0
18720,15913,0,0
18721,15914,0,0
18722,15916,0,0
18723,15917,0,0
18724,15918,0,0
18725,15919,0,0
18726,15920,0,0
18727,15922,0,0
18728,15923,0,0
18729,15924,0,0
18730,15925,0,0
18731,15926,0,0
18732,15927,0,0
18733,15928,0,0
18734,15929,0,0
18735,15930,0,0
18736,15931,0,0
18737,15932,0,0
18738,15933,0,0
18739,15934,0,0
18740,15936,0,0
18741,15937,0,0
18742,15938,0,0
18743,15939,0,0
18744,12222,0,0
18745,15940,0,0
18746,15941,0,0
18747,15942,0,0
18748,15943,115000,0
18749,15944,0,0
18750,15945,0,0
18751,15946,0,0
18752,15947,0,0
18753,15948,0,0
18754,15950,0,0
18755,15951,0,0
18756,15952,0,0
18757,15953,0,0
18758,15954,0,0
18759,15955,2000,0
18760,15956,0,0
18761,15957,0,0
18762,15958,0,0
18763,15959,0,0
18764,15960,0,0
18765,15961,0,0
18766,15962,0,0
18767,15963,0,0
18768,15964,0,0
18769,15965,0,0
18770,15967,0,0
18771,15968,0,0
18772,15969,0,0
18773,28306,0,0
18774,15970,0,0
18775,15971,0,0
18776,15972,0,0
18777,15973,0,0
18778,15974,5500,0
18779,15975,0,0
18780,15977,0,0
18781,15978,0,0
18782,15979,0,0
18783,15980,0,0
18784,15981,0,0
18785,15982,0,0
18786,15983,0,0
18787,15984,35000,0
18788,15986,0,0
18789,15988,0,0
18790,15989,0,0
18791,15990,0,0
18792,15991,0,0
18793,15992,0,0
18794,15993,0,0
18795,15995,0,0
18796,15996,10000,0
18797,15997,0,0
18798,15998,0,0
18799,23876,0,0
18800,15999,0,0
18801,16000,0,0
18802,16001,300,0
18803,16002,30000,0
18804,16003,0,0
18805,27459,0,0
18806,16004,0,0
18807,16005,0,0
18808,16006,0,0
18809,16007,0,0
18810,16008,0,0
18811,16009,0,0
18812,16010,0,0
18813,16011,0,0
18814,1995,0,0
18815,16012,0,0
18816,16013,0,0
18817,16014,0,0
18818,16015,0,0
18819,16016,0,0
18820,16018,0,0
18821,16019,0,0
18822,16020,0,0
18823,16021,0,0
18824,16022,50000,0
18825,16023,0,0
18826,16024,2000,0
18827,16025,0,0
18828,16026,0,0
18829,16027,0,0
18830,16028,0,0
18831,16029,0,0
18832,16031,0,0
18833,16032,0,0
18834,16033,0,0
18835,16034,0,0
18836,27221,0,0
18837,16035,0,0
18838,16036,0,0
18839,16037,0,0
18840,16038,0,0
18841,2668,0,0
18842,16039,0,0
18843,16040,0,0
18844,16042,0,0
18845,16043,3000000,0
18846,16044,0,0
18847,16045,0,0
18848,16046,0,0
18849,16047,0,0
18850,16048,0,0
18851,16049,0,0
18852,16050,0,0
18853,16051,0,0
18854,12626,17000,0
18855,16052,17000,0
18856,24291,17000,0
18857,27063,17000,0
18858,16054,0,0
18859,16055,0,0
18860,16056,230000,0
18861,16057,0,0
18862,16058,0,0
18863,16059,0,0
18864,16060,0,0
18865,16061,0,0
18866,16062,0,0
18867,16063,0,0
18868,16064,0,0
18869,16065,0,0
18870,16066,0,0
18871,16067,0,0
18872,16068,0,0
18873,16069,0,0
18874,16070,0,0
18875,16071,0,0
18876,16072,0,0
18877,16073,0,0
18878,16074,0,0
18879,16075,0,0
18880,16076,0,0
18881,22488,0,0
18882,16077,0,0
18883,16078,0,0
18884,16079,0,0
18885,16081,0,0
18886,16082,0,0
18887,16083,0,0
18888,16084,0,0
18889,16085,0,0
18890,16086,0,0
18891,16087,0,0
18892,16088,0,0
18893,16089,0,0
18894,16090,0,0
18895,16091,0,0
18896,16092,0,0
18897,16093,300000,0
18898,16094,0,0
18899,16095,0,0
18900,16096,0,0
18901,16097,0,0
18902,16098,0,0
18903,16099,0,0
18904,16101,0,0
18905,20795,0,0
18906,16102,10000,0
18907,11064,250000,0
18908,16103,250000,0
18909,16104,0,0
18910,16105,0,0
18911,16106,0,0
18912,16107,0,0
18913,16108,0,0
18914,16109,0,0
18915,16110,0,0
18916,16112,0,0
18917,16113,2000,0
18918,16114,0,0
18919,16115,0,0
18920,16116,0,0
18921,16118,0,0
18922,16119,0,0
18923,16120,0,0
18924,16121,0,0
18925,16122,0,0
18926,16123,2000,0
18927,16124,0,0
18928,16125,0,0
18929,1280,0,0
18930,16126,0,0
18931,16127,0,0
18932,16128,0,0
18933,16130,0,0
18934,16131,0,0
18935,16132,0,0
18936,16133,0,0
18937,25256,0,0
18938,16134,0,0
18939,16135,0,0
18940,16136,0,0
18941,16137,0,0
18942,22544,0,0
18943,16138,0,0
18944,16139,0,0
18945,16140,0,0
18946,16141,15000,0
18947,16142,0,0
18948,16143,0,0
18949,16144,0,0
18950,16145,0,0
18951,16146,0,0
18952,17704,0,0
18953,16147,0,0
18954,16148,25000,0
18955,16149,0,0
18956,16150,0,0
18957,16151,0,0
18958,16152,0,0
18959,16153,0,0
18960,16154,0,0
18961,16155,0,0
18962,16156,0,0
18963,16157,0,0
18964,16158,5274,0
18965,16159,0,0
18966,16161,0,0
18967,16162,0,0
18968,28942,0,0
18969,30726,0,0
18970,16163,0,0
18971,16164,0,0
18972,16165,21000,0
18973,16259,21000,0
18974,16166,0,0
18975,16167,0,0
18976,16168,125000,0
18977,8090,8,0
18978,14709,8,0
18979,16169,8,0
18980,20452,8,0
18981,28350,8,0
18982,16170,0,0
18983,16171,0,0
18984,16172,0,0
18985,16173,0,0
18986,16174,0,0
18987,16175,0,0
18988,16176,0,0
18989,16178,0,0
18990,16179,0,0
18991,16180,0,0
18992,16181,0,0
18993,16182,0,0
18994,16183,0,0
18995,16184,0,0
18996,16185,0,0
18997,16186,0,0
18998,16187,0,0
18999,1885,80000,0
19000,16188,80000,0
19001,19573,80000,0
19002,29772,80000,0
19003,16189,0,0
19004,16190,0,0
19005,16191,300,0
19006,16192,0,0
19007,16193,0,0
19008,25798,0,0
19009,16194,0,0
19010,16195,0,0
19011,16196,0,0
19012,16197,0,0
19013,16198,0,0
19014,16199,0,0
19015,16200,0,0
19016,16201,0,0
19017,16202,0,0
19018,16203,0,0
19019,16204,0,0
19020,16205,75000,0
19021,16206,0,0
19022,16207,14000,0
19023,16209,0,0
19024,16210,0,0
19025,16211,0,0
19026,16212,0,0
19027,16213,0,0
19028,16214,0,0
19029,16215,0,0
19030,16216,0,0
19031,16217,0,0
19032,16218,0,0
19033,16219,4000,0
19034,16222,0,0
19035,16223,0,0
19036,16224,0,0
19037,9098,5000,0
19038,16225,5000,0
19039,16227,0,0
19040,16228,3000000,0
19041,16229,0,0
19042,16230,0,0
19043,19922,0,0
19044,16231,0,0
19045,16232,0,0
19046,16233,0,0
19047,16234,5,0
19048,16236,0,0
19049,16237,0,0
19050,16238,0,0
19051,16239,0,0
19052,16240,0,0
19053,16241,0,0
19054,16242,0,0
19055,16243,100000,0
19056,16244,0,0
19057,16245,0,0
19058,16246,0,0
19059,16247,0,0
19060,16248,0,0
19061,16249,0,0
19062,16250,0,0
19063,16251,0,0
19064,16252,0,0
19065,16253,0,0
19066,16254,0,0
19067,26708,0,0
19068,16255,0,0
19069,16256,0,0
19070,16258,0,0
19071,16165,0,0
19072,16259,0,0
19073,16260,0,0
19074,25646,0,0
19075,16261,0,0
19076,16262,0,0
19077,16263,0,0
19078,16264,10000,0
19079,16265,0,0
19080,16266,0,0
19081,16267,0,0
19082,16268,0,0
19083,16271,0,0
19084,16272,0,0
19085,16273,0,0
19086,16274,0,0
19087,16275,0,0
19088,16276,0,0
19089,16277,0,0
19090,16278,0,0
19091,16279,0,0
19092,16280,0,0
19093,16281,0,0
19094,16282,0,0
19095,16283,150000,0
19096,16284,0,0
19097,16285,0,0
19098,16286,0,0
19099,16287,0,0
19100,16288,0,0
19101,23082,0,0
19102,16290,0,0
19103,16291,0,0
19104,16292,0,0
19105,16293,0,0
19106,16294,0,0
19107,16295,0,0
19108,16296,0,0
19109,16297,0,0
19110,16298,0,0
19111,16299,0,0
19112,21584,0,0
19113,16300,0,0
19114,16301,20000,0
19115,16302,0,0
19116,16303,0,0
19117,16304,0,0
19118,16306,0,0
19119,16308,0,0
19120,16309,50000,0
19121,28737,50000,0
19122,30109,50000,0
19123,16310,0,0
19124,16312,0,0
19125,550,150000,0
19126,16313,150000,0
19127,27618,150000,0
19128,16314,0,0
19129,16316,0,0
19130,16317,0,0
19131,16318,0,0
19132,16319,0,0
19133,16320,0,0
19134,16321,250000,0
19135,17032,250000,0
19136,16322,0,0
19137,16323,0,0
19138,16324,0,0
19139,16325,0,0
19140,16326,0,0
19141,16327,0,0
19142,16328,0,0
19143,19300,0,0
19144,16329,0,0
19145,16330,0,0
19146,16331,0,0
19147,16333,0,0
19148,16335,0,0
19149,16336,0,0
19150,16337,0,0
19151,6190,0,0
19152,16338,0,0
19153,19613,0,0
19154,16339,0,0
19155,16340,0,0
19156,16341,68000,0
19157,16342,0,0
19158,2601,0,0
19159,16343,0,0
19160,18899,0,0
19161,16344,0,0
19162,16346,20000,0
19163,16347,0,0
19164,16348,0,0
19165,16349,0,0
19166,16350,0,0
19167,16351,0,0
19168,16352,0,0
19169,16353,0,502237
19170,16354,0,0
19171,16355,0,0
19172,16356,0,0
19173,16357,0,0
19174,16359,0,0
19175,16360,0,0
19176,16361,0,0
19177,16362,0,0
19178,16363,0,0
19179,16364,0,0
19180,16365,0,0
19181,16366,0,0
19182,16367,1000000,0
19183,16368,0,0
19184,25466,0,0
19185,16369,0,0
19186,16370,0,0
19187,16371,150000,0
19188,16372,0,0
19189,16373,35000,0
19190,16374,6000,0
19191,16375,0,0
19192,16376,0,0
19193,16377,0,0
19194,16379,0,0
19195,16380,0,0
19196,15281,14000,0
19197,15603,14000,0
19198,16381,14000,0
19199,26991,14000,0
19200,16382,0,0
19201,16383,0,0
19202,16384,0,0
19203,16385,0,0
19204,16386,0,0
19205,16387,0,0
19206,16388,0,0
19207,16390,0,0
19208,16391,0,0
19209,16392,0,0
19210,16393,0,0
19211,16394,0,0
19212,16395,0,0
19213,16396,0,0
19214,16397,0,0
19215,16398,0,0
19216,16400,0,0
19217,16401,0,0
19218,16402,0,0
19219,16403,0,0
19220,16404,0,0
19221,16405,0,0
19222,16406,0,0
19223,16407,0,0
19224,16408,0,0
19225,16409,200000,0
19226,16410,0,0
19227,16411,0,0
19228,16412,0,0
19229,16413,0,0
19230,16414,0,0
19231,16415,0,0
19232,16416,0,0
19233,16417,3000,0
19234,16418,0,0
19235,16419,350000,0
19236,29444,350000,0
19237,16420,0,0
19238,16421,0,0
19239,20359,0,0
19240,16422,0,0
19241,16423,0,0
19242,16424,0,0
19243,16425,0,0
19244,16426,0,0
19245,16427,54000,0
19246,16428,0,0
19247,16429,0,0
19248,16430,0,0
19249,16431,0,0
19250,16432,2583,0
19251,16433,0,0
19252,16434,0,0
19253,16435,0,0
19254,16436,10000,0
19255,16437,0,0
19256,16438,12000,0
19257,16439,0,0
19258,16440,0,0
19259,16441,0,0
19260,16442,0,0
19261,18441,0,0
19262,21674,0,0
19263,16443,0,0
19264,16444,0,0
19265,16446,0,0
19266,16447,0,0
19267,16448,0,0
19268,16449,250000,0
19269,16450,46944,0
19270,23014,46944,0
19271,16451,0,0
19272,6078,142575,12397
19273,16452,142575,12397
19274,16453,0,0
19275,16454,0,0
19276,16455,0,0
19277,16456,0,0
19278,16457,0,0
19279,16458,0,0
19280,16459,0,0
19281,16460,0,0
19282,16461,3000,0
19283,16462,0,0
19284,16463,0,0
19285,16464,0,0
19286,16465,0,0
19287,16466,0,0
19288,28094,0,0
19289,30333,0,0
19290,16467,0,0
19291,16468,0,0
19292,16469,0,0
19293,16471,0,0
19294,16472,900,0
19295,3140,100000,0
19296,3732,100000,0
19297,16473,100000,0
19298,25222,100000,0
19299,16474,0,0
19300,16475,0,0
19301,16476,0,750000
19302,16477,0,0
19303,16479,0,0
19304,16480,0,0
19305,16481,15,0
19306,16482,0,79292
19307,16483,0,0
19308,16484,0,0
19309,16485,138,0
19310,16486,0,0
19311,16487,0,0
19312,16488,0,0
19313,16489,0,0
19314,16490,13830,0
19315,16491,0,0
19316,16493,0,0
19317,16494,0,0
19318,16495,0,0
19319,16496,0,0
19320,16497,0,0
19321,16500,0,0
19322,17043,0,0
19323,16501,0,0
19324,16502,0,0
19325,16503,0,0
19326,16504,0,0
19327,16505,0,0
19328,16506,0,0
19329,16507,0,0
19330,16508,0,0
19331,16509,0,0
19332,16510,0,0
19333,16511,0,0
19334,16512,0,0
19335,16513,0,0
19336,16514,0,0
19337,16515,0,0
19338,15601,0,0
19339,16516,0,0
19340,16517,0,0
19341,16518,0,0
19342,948,200000,0
19343,16519,200000,0
19344,16520,0,0
19345,16521,0,0
19346,16522,0,0
19347,16523,0,0
19348,16524,0,0
19349,16525,0,0
19350,16526,0,0
19351,16527,0,0
19352,16528,0,0
19353,16529,0,0
19354,16530,0,0
19355,16531,0,0
19356,16532,0,0
19357,16533,0,0
19358,16534,0,0
19359,17937,0,0
19360,21906,0,0
19361,16535,0,0
19362,16536,0,0
19363,16537,0,0
19364,16539,0,0
19365,16541,0,0
19366,16542,1000,0
19367,16543,0,0
19368,16544,0,0
19369,16545,0,0
19370,16547,0,0
19371,16548,0,0
19372,16549,0,0
19373,16550,0,0
19374,16551,270000,0
19375,821,0,0
19376,1850,0,0
19377,16552,0,0
19378,16553,0,0
19379,16554,0,0
19380,16555,0,0
19381,16557,0,0
19382,16558,12000,0
19383,16559,0,0
19384,16560,0,0
19385,16561,0,0
19386,16562,0,0
19387,22274,0,0
19388,23336,0,0
19389,27986,0,0
19390,16563,0,0
19391,5528,30000,0
19392,16564,30000,0
19393,16565,0,0
19394,16566,0,0
19395,16567,0,0
19396,16568,0,0
19397,16569,0,0
19398,16570,0,0
19399,16571,0,0
19400,16572,50000,0
19401,19329,50000,0
19402,28538,50000,0
19403,418,0,0
19404,16573,0,0
19405,16574,0,0
19406,16576,1000000,0
19407,28702,1000000,0
19408,16577,0,0
19409,16578,0,0
19410,16579,0,0
19411,16580,0,0
19412,16581,0,0
19413,16582,0,0
19414,16583,0,0
19415,16584,0,0
19416,16586,0,0
19417,16587,0,0
19418,16589,0,0
19419,16590,0,0
19420,16591,0,0
19421,16592,0,0
19422,16593,0,0
19423,16594,0,0
19424,16595,0,0
19425,16596,0,0
19426,16597,0,0
19427,16598,36000,0
19428,16599,0,0
19429,16600,0,0
19430,16601,0,0
19431,16602,0,0
19432,16603,0,0
19433,16604,0,0
19434,16605,0,190000
19435,16606,150000,0
19436,16607,0,0
19437,16608,0,0
19438,16610,0,0
19439,16611,0,0
19440,29335,0,0
19441,1686,0,0
19442,16612,0,0
19443,16613,0,0
19444,14467,1200,0
19445,16614,1200,0
19446,16615,0,0
19447,16616,0,0
19448,16617,0,0
19449,17728,0,0
19450,23800,0,0
19451,16618,2,0
19452,16619,4000,0
19453,16620,0,0
19454,16621,0,0
19455,16622,0,0
19456,16623,0,0
19457,16624,0,0
19458,16625,100,0
19459,16626,0,0
19460,16627,0,0
19461,16629,0,0
19462,16630,0,0
19463,25243,0,0
19464,16631,0,0
19465,26614,0,0
19466,30926,0,0
19467,16632,0,0
19468,16633,0,0
19469,16634,0,0
19470,16635,0,0
19471,16636,0,0
19472,16637,0,0
19473,16638,0,0
19474,16639,0,0
19475,16642,0,0
19476,16643,0,0
19477,16644,0,0
19478,16645,0,0
19479,16646,0,0
19480,16647,0,0
19481,16648,0,0
19482,16649,0,0
19483,16650,0,0
19484,14082,10220,0
19485,16651,10220,0
19486,26386,10220,0
19487,16652,0,0
19488,16653,0,0
19489,16654,0,0
19490,16655,430209,0
19491,16656,0,0
19492,16657,0,0
19493,16658,0,0
19494,16659,0,0
19495,16661,0,0
19496,16663,0,0
19497,16665,0,0
19498,16666,0,0
19499,16667,0,0
19500,16668,0,0
19501,18225,0,0
19502,16669,0,0
19503,16670,0,0
19504,7936,0,0
19505,16671,0,0
19506,26222,0,0
19507,16672,200000,0
19508,16673,500,0
19509,16674,0,0
19510,16675,0,0
19511,16676,0,0
19512,16677,0,0
19513,16678,0,0
19514,16680,0,0
19515,16681,0,0
19516,16682,0,0
19517,16683,0,0
19518,16685,0,0
19519,16686,0,0
19520,16687,0,0
19521,16688,0,0
19522,16689,0,0
19523,16690,0,0
19524,16691,0,0
19525,16692,0,0
19526,16693,0,0
19527,16694,0,0
19528,16695,0,0
19529,16696,0,0
19530,16697,0,0
19531,16698,0,0
19532,16699,3000,0
19533,16700,0,0
19534,16701,0,0
19535,2272,0,0
19536,11037,0,0
19537,16703,0,0
19538,24546,0,0
19539,16704,0,0
19540,16705,0,0
19541,16706,0,0
19542,16707,0,0
19543,16708,20000,0
19544,16709,5000,0
19545,16710,0,0
19546,16711,68000,0
19547,16712,0,0
19548,20067,0,0
19549,16714,0,0
19550,16716,0,0
19551,16717,0,0
19552,16718,0,0
19553,16719,0,0
19554,16722,0,0
19555,16723,0,0
19556,16724,0,0
19557,16725,0,0
19558,16727,0,0
19559,16728,0,0
19560,16729,0,0
19561,1080,0,0
19562,16730,0,0
19563,16731,0,0
19564,16732,0,0
19565,16733,0,0
19566,16734,0,0
19567,16735,0,0
19568,16736,30000,0
19569,16737,0,0
19570,16738,35,0
19571,16739,0,0
19572,13042,0,0
19573,16740,0,0
19574,27872,0,0
19575,16741,0,0
19576,16742,0,0
19577,16743,0,0
19578,2310,0,0
19579,16744,0,0
19580,16745,0,0
19581,16746,0,0
19582,16747,0,0
19583,16748,9500,0
19584,16749,0,0
19585,16750,0,0
19586,16751,0,0
19587,16752,0,0
19588,16753,300,0
19589,16754,0,0
19590,16755,0,0
19591,16756,0,0
19592,16757,0,0
19593,19364,0,0
19594,16758,0,0
19595,16759,0,0
19596,16760,0,0
19597,16761,0,0
19598,16762,0,0
19599,16763,4300,0
19600,16764,0,0
19601,7147,5000,0
19602,16765,5000,0
19603,16766,0,0
19604,16767,60,0
19605,16768,89000,0
19606,16769,0,0
19607,16770,0,0
19608,16771,0,0
19609,16772,0,0
19610,16773,150000,0
19611,16774,0,0
19612,16775,0,0
19613,26271,0,0
19614,16776,0,0
19615,16777,1300000,0
19616,16778,0,0
19617,25234,0,0
19618,16779,0,0
19619,16780,0,0
19620,16781,0,0
19621,16782,0,0
19622,16783,0,0
19623,16784,0,0
19624,16785,1500000,0
19625,16786,1500,0
19626,16787,0,0
19627,16788,0,0
19628,16789,0,0
19629,16790,0,0
19630,16791,0,0
19631,8025,0,0
19632,16792,0,0
19633,16793,0,0
19634,16794,0,0
19635,16795,0,0
19636,16796,0,0
19637,16797,0,0
19638,16798,0,0
19639,16799,0,0
19640,16801,0,0
19641,16802,0,0
19642,16803,30000,0
19643,16804,0,0
19644,16805,0,0
19645,16806,0,0
19646,16807,0,0
19647,16808,150000,0
19648,16809,780000,0
19649,16810,0,0
19650,16811,0,0
19651,16812,50,0
19652,16813,0,0
19653,16814,0,0
19654,16815,100,0
19655,16816,250000,0
19656,16817,0,0
19657,16818,0,0
19658,16819,0,0
19659,16820,0,0
19660,16821,0,0
19661,16822,0,0
19662,16823,0,0
19663,16824,0,0
19664,16825,0,0
19665,16826,0,0
19666,16828,0,0
19667,16830,0,0
19668,16831,0,0
19669,16832,0,0
19670,6968,25000,0
19671,16833,25000,0
19672,17763,25000,0
19673,21741,25000,0
19674,16834,0,0
19675,284,0,0
19676,16835,0,0
19677,16836,0,0
19678,16837,100000,0
19679,16838,0,0
19680,16839,0,0
19681,16840,0,0
19682,16841,5000,0
19683,16842,0,0
19684,16844,0,0
19685,16846,0,0
19686,16847,0,0
19687,16848,0,0
19688,16849,0,0
19689,16850,0,0
19690,16851,0,0
19691,8230,25000,0
19692,16852,25000,0
19693,16853,0,0
19694,16854,0,0
19695,16855,25000,0
19696,16856,5000,0
19697,16857,0,0
19698,16858,0,0
19699,16859,0,0
19700,16860,0,0
19701,16861,0,0
19702,16862,0,0
19703,16863,0,0
19704,16864,0,0
19705,16865,0,0
19706,16866,0,0
19707,16867,0,0
19708,16868,0,0
19709,16869,0,0
19710,16870,0,0
19711,16871,100,0
19712,16872,0,0
19713,16873,0,0
19714,16874,0,0
19715,16875,0,0
19716,16876,0,0
19717,16877,300000,0
19718,16878,0,0
19719,16880,7500,0
19720,16881,0,0
19721,16882,0,0
19722,16883,0,0
19723,16884,0,0
19724,16885,0,0
19725,16886,0,0
19726,20119,0,0
19727,20409,0,0
19728,16887,0,0
19729,16888,0,0
19730,16889,0,0
19731,16890,0,0
19732,16891,0,0
19733,16892,0,0
19734,16893,5000,0
19735,16894,0,0
19736,16897,0,0
19737,16898,0,0
19738,16899,0,0
19739,16900,0,0
19740,16901,0,0
19741,16902,0,0
19742,16903,0,0
19743,16904,0,0
19744,16905,0,0
19745,16906,0,0
19746,16907,0,0
19747,16908,0,0
19748,16909,0,0
19749,16910,0,0
19750,16911,0,0
19751,16912,0,0
19752,16913,0,0
19753,16914,0,0
19754,26469,0,0
19755,3561,0,0
19756,3690,0,0
19757,16915,0,0
19758,29510,0,0
19759,16917,0,0
19760,16918,0,0
19761,16919,125000,0
19762,19128,125000,0
19763,16920,0,0
19764,16921,7007,0
19765,16922,0,0
19766,16923,0,0
19767,16924,0,0
19768,16925,0,0
19769,16926,0,0
19770,16927,0,0
19771,16928,0,0
19772,16930,100,0
19773,16931,0,0
19774,16932,400,0
19775,16933,0,0
19776,16934,0,0
19777,16935,0,0
19778,16936,0,0
19779,9711,0,140000
19780,14038,0,140000
19781,16937,0,140000
19782,16938,0,0
19783,16939,0,0
19784,16940,7000,0
19785,16941,0,0
19786,28685,0,0
19787,16942,0,105884
19788,16943,2000,0
19789,16944,0,0
19790,16945,0,0
19791,16946,0,0
19792,16947,0,0
19793,16948,0,0
19794,16949,0,0
19795,1219,0,0
19796,16950,0,0
19797,16951,0,0
19798,16952,0,0
19799,16953,0,0
19800,16954,0,0
19801,16955,0,0
19802,16956,0,0
19803,16957,1000000,0
19804,16958,0,0
19805,16959,215000,0
19806,16960,0,0
19807,16961,0,0
19808,16962,0,0
19809,16963,0,0
19810,16964,0,0
19811,16965,0,0
19812,16968,0,0
19813,16969,0,0
19814,16970,0,0
19815,16972,0,0
19816,16973,0,0
19817,16974,0,0
19818,16975,0,0
19819,16976,0,0
19820,16977,0,0
19821,26697,0,0
19822,16978,0,0
19823,16979,0,0
19824,16980,2000,0
19825,16981,0,0
19826,16982,0,0
19827,16983,0,0
19828,16984,0,0
19829,16985,0,0
19830,16986,0,0
19831,16987,14,0
19832,16988,0,0
19833,11846,23500,0
19834,16989,23500,0
19835,16990,0,0
19836,16991,0,0
19837,16992,9000,0
19838,16994,0,0
19839,16995,0,0
19840,17794,0,0
19841,16996,0,0
19842,16997,0,0
19843,16998,0,0
19844,17001,0,0
19845,17002,0,0
19846,17003,0,0
19847,17004,0,0
19848,17005,0,0
19849,17007,200,0
19850,17008,0,0
19851,17009,0,0
19852,17010,0,0
19853,17011,0,0
19854,17012,0,0
19855,17013,0,0
19856,17014,0,0
19857,17015,0,0
19858,17016,0,0
19859,17017,0,0
19860,17018,20000,0
19861,17019,0,0
19862,17021,0,0
19863,22896,0,0
19864,17022,0,0
19865,17023,0,0
19866,17024,0,0
19867,17025,0,0
19868,17027,0,0
19869,17028,0,0
19870,17029,4500,0
19871,17030,0,0
19872,17031,0,0
19873,16321,0,0
19874,17032,0,0
19875,17033,0,0
19876,17034,0,0
19877,17035,0,0
19878,17036,382,0
19879,17037,0,0
19880,17038,0,0
19881,17039,0,0
19882,17040,0,0
19883,17041,0,0
19884,16500,81,0
19885,17043,81,0
19886,17044,0,0
19887,17045,0,0
19888,17046,0,0
19889,17047,0,0
19890,17048,0,0
19891,17049,0,0
19892,17050,0,0
19893,17051,0,0
19894,17052,0,0
19895,17053,0,0
19896,17054,0,0
19897,17055,0,0
19898,17056,0,0
19899,17057,0,0
19900,17058,0,0
19901,28425,0,0
19902,17059,20,0
19903,17060,0,0
19904,17061,0,0
19905,17063,0,0
19906,17064,0,0
19907,17065,0,0
19908,17066,14000,0
19909,17067,0,0
19910,17068,0,0
19911,17069,0,0
19912,17071,0,0
19913,29409,0,0
19914,17072,0,0
19915,17073,0,0
19916,17074,0,0
19917,17075,0,0
19918,17076,0,0
19919,20887,0,0
19920,17077,0,0
19921,17078,35000,0
19922,28255,35000,0
19923,17079,0,0
19924,17080,0,0
19925,17082,0,0
19926,17083,0,0
19927,17084,0,0
19928,17085,0,0
19929,17086,0,0
19930,17087,0,0
19931,17088,0,0
19932,17089,0,0
19933,17090,0,0
19934,17091,0,0
19935,17092,0,0
19936,17093,0,0
19937,17095,0,0
19938,17096,0,0
19939,17097,0,0
19940,17098,0,0
19941,17099,0,0
19942,17100,0,0
19943,17101,0,0
19944,24518,0,0
19945,17103,250,0
19946,17105,0,0
19947,17106,0,0
19948,17107,0,0
19949,17108,0,0
19950,17110,0,0
19951,22748,0,0
19952,17111,0,0
19953,17112,0,0
19954,17113,0,0
19955,17114,140000,0
19956,17115,0,0
19957,17116,9000,0
19958,17117,0,0
19959,17119,0,0
19960,17120,0,0
19961,17123,0,0
19962,17124,0,0
19963,17125,0,0
19964,17126,0,0
19965,17127,0,0
19966,17128,0,0
19967,17129,0,0
19968,17130,0,0
19969,17131,0,0
19970,17132,0,0
19971,17133,0,0
19972,17134,0,0
19973,17135,0,0
19974,17136,0,0
19975,17137,0,0
19976,17138,0,0
19977,17139,0,0
19978,17140,0,0
19979,17141,0,0
19980,17142,0,0
19981,17143,50000,0
19982,17144,0,0
19983,17145,0,0
19984,17146,0,0
19985,17148,0,0
19986,17149,0,0
19987,17150,4000,0
19988,17151,0,0
19989,17152,0,0
19990,17153,0,0
19991,17155,0,0
19992,17156,30,0
19993,17157,0,0
19994,8115,0,0
19995,17158,0,0
19996,17159,0,0
19997,17160,0,0
19998,17161,0,0
19999,17163,0,0
20000,7963,0,1000
20001,14753,0,1000
20002,16470,0,1000
20003,17164,0,1000
20004,28881,0,1000
20005,17165,250,0
20006,17166,0,0
20007,24303,0,0
20008,17167,0,0
20009,17168,0,0
20010,17169,0,0
20011,17170,0,0
20012,17171,3500,0
20013,17172,0,0
20014,17173,10,0
20015,17174,0,0
20016,17175,0,0
20017,17176,0,0
20018,17177,0,0
20019,17178,0,0
20020,17180,0,0
20021,17181,0,0
20022,17182,0,0
20023,17184,0,0
20024,17185,0,0
20025,17186,0,0
20026,17188,130000,0
20027,767,0,0
20028,17189,0,0
20029,28004,0,0
20030,7756,60000,0
20031,17190,60000,0
20032,17192,0,0
20033,17193,0,0
20034,17194,0,0
20035,18155,0,0
20036,17195,0,0
20037,17196,0,0
20038,17197,0,0
20039,17198,0,0
20040,17199,0,0
20041,17200,0,0
20042,17201,3000,0
20043,17202,5874,0
20044,17203,0,0
20045,17204,8000,0
20046,17205,60,0
20047,17206,0,0
20048,17207,0,0
20049,17208,0,0
20050,17209,0,0
20051,17210,0,0
20052,17211,0,0
20053,17212,0,0
20054,17213,0,0
20055,17214,20000,0
20056,17215,0,0
20057,17216,0,0
20058,17217,0,0
20059,17218,0,0
20060,17219,70000,0
20061,17221,0,0
20062,17222,0,0
20063,17223,0,0
20064,17224,0,0
20065,17225,0,0
20066,17226,0,0
20067,17227,0,0
20068,17228,0,0
20069,17229,0,0
20070,17230,0,0
20071,17231,0,0
20072,17232,0,0
20073,17233,0,0
20074,11551,30,0
20075,12704,30,0
20076,17234,30,0
20077,17235,0,0
20078,17237,0,0
20079,17239,0,500000
20080,17240,0,0
20081,17241,0,0
20082,17243,0,0
20083,17244,0,0
20084,21101,0,0
20085,17245,0,0
20086,17246,0,0
20087,17247,0,0
20088,17248,0,0
20089,17250,0,0
20090,17251,35000,0
20091,17252,0,0
20092,17253,0,0
20093,17254,1500,0
20094,17255,0,0
20095,17256,0,0
20096,17257,0,0
20097,17258,0,0
20098,17259,22,0
20099,17260,1000,0
20100,17261,0,0
20101,17262,0,0
20102,17263,0,0
20103,17264,0,0
20104,17265,0,0
20105,17266,0,0
20106,17267,0,0
20107,17268,0,0
20108,17269,0,0
20109,17270,0,0
20110,17271,0,0
20111,17272,0,0
20112,17273,0,0
20113,17274,0,0
20114,17275,0,0
20115,17277,0,0
20116,17278,0,0
20117,17279,0,0
20118,17280,0,0
20119,17281,0,0
20120,17282,0,0
20121,17283,0,0
20122,17284,0,0
20123,17285,0,0
20124,17286,0,0
20125,17287,0,0
20126,17288,0,0
20127,17289,0,0
20128,17291,0,0
20129,17292,0,0
20130,17293,0,0
20131,17294,0,0
20132,17295,0,0
20133,17296,0,0
20134,17297,5000,0
20135,17298,0,0
20136,17299,0,0
20137,17300,0,0
20138,17301,0,0
20139,17302,0,0
20140,17303,0,0
20141,5441,750000,0
20142,17304,750000,0
20143,26802,750000,0
20144,11719,750,400
20145,17305,750,400
20146,17306,0,0
20147,17307,0,0
20148,17308,0,0
20149,17309,0,0
20150,17310,0,0
20151,17311,0,0
20152,17312,5000,0
20153,17313,0,0
20154,17315,0,0
20155,17316,0,0
20156,17317,0,0
20157,17318,0,0
20158,17319,0,0
20159,17320,0,0
20160,30012,0,0
20161,17321,0,0
20162,17322,0,0
20163,17323,0,0
20164,17324,0,0
20165,17325,0,0
20166,17326,0,0
20167,17327,0,0
20168,17328,0,0
20169,17329,0,0
20170,17330,0,0
20171,17331,0,0
20172,17332,0,0
20173,17333,0,0
20174,17334,0,0
20175,17335,0,0
20176,17336,0,0
20177,17337,0,0
20178,17338,0,0
20179,17340,0,0
20180,17342,0,0
20181,17343,0,0
20182,17344,0,0
20183,30813,0,0
20184,17345,4000,0
20185,17346,1700000,0
20186,17347,0,0
20187,17349,0,0
20188,17350,5,0
20189,17351,0,0
20190,17352,0,0
20191,17353,0,0
20192,17354,0,0
20193,17355,0,0
20194,21298,0,0
20195,21575,0,0
20196,17356,8,0
20197,17357,0,0
20198,17358,0,0
20199,13691,1500,0
20200,17359,1500,0
20201,25727,1500,0
20202,17360,0,0
20203,17361,0,0
20204,3152,3,0
20205,17362,3,0
20206,30132,3,0
20207,30852,3,0
20208,17363,0,0
20209,17364,0,0
20210,20647,0,0
20211,17365,0,0
20212,17366,0,0
20213,17367,0,0
20214,17368,0,0
20215,17369,0,0
20216,17370,0,0
20217,17371,0,0
20218,17372,0,0
20219,17373,0,0
20220,17374,5000000,0
20221,17375,0,0
20222,17376,0,0
20223,17377,0,0
20224,17379,0,0
20225,2662,0,0
20226,7131,0,0
20227,17380,0,0
20228,17381,0,0
20229,17382,0,0
20230,17383,0,0
20231,17384,0,0
20232,17385,0,0
20233,17386,0,0
20234,17388,0,0
20235,17389,0,0
20236,2392,0,0
20237,17390,0,0
20238,17391,0,0
20239,17392,0,0
20240,17394,0,0
20241,17395,0,0
20242,17396,0,0
20243,17397,0,0
20244,17398,0,0
20245,17399,0,0
20246,17401,0,0
20247,17402,0,0
20248,17403,0,0
20249,17404,250,0
20250,29521,250,0
20251,17405,0,0
20252,17406,0,0
20253,18765,0,0
20254,17407,0,0
20255,17408,0,0
20256,17409,0,0
20257,3685,40000,0
20258,17410,40000,0
20259,4247,0,0
20260,17411,0,0
20261,17412,0,0
20262,17414,1000,0
20263,29942,1000,0
20264,30553,1000,0
20265,17415,0,0
20266,17416,0,0
20267,17418,0,0
20268,17419,0,0
20269,17420,0,0
20270,17421,0,0
20271,3477,0,0
20272,10884,0,0
20273,17422,0,0
20274,17423,0,0
20275,17424,200,0
20276,17425,0,0
20277,17426,0,0
20278,17427,0,0
20279,17428,3500,0
20280,17431,0,0
20281,17432,0,0
20282,17433,0,0
20283,17434,1000,0
20284,17435,0,0
20285,17436,1,0
20286,17437,0,0
20287,17438,5000,0
20288,17439,0,0
20289,17441,0,0
20290,17442,0,0
20291,17443,0,0
20292,17444,0,0
20293,17445,0,0
20294,17446,0,0
20295,17447,0,0
20296,17449,0,0
20297,17451,0,0
20298,17452,0,0
20299,17454,0,0
20300,17455,5000,0
20301,17456,300,0
20302,17457,1000,0
20303,17458,1,100
20304,17459,1000,0
20305,17460,6790,0
20306,17461,0,0
20307,17462,3500000,0
20308,17463,0,0
20309,17464,0,0
20310,17465,0,0
20311,17466,0,0
20312,17467,0,0
20313,17468,0,0
20314,17469,0,0
20315,17470,0,0
20316,17471,0,0
20317,17472,0,0
20318,17473,0,0
20319,17474,0,0
20320,17475,0,0
20321,17476,0,0
20322,17477,30,0
20323,17478,0,0
20324,17479,0,0
20325,17480,0,0
20326,17481,0,0
20327,17482,0,0
20328,17483,0,0
20329,17484,0,0
20330,17485,0,0
20331,17486,0,0
20332,17487,0,0
20333,17488,0,0
20334,17489,0,0
20335,17490,0,0
20336,17491,0,0
20337,17493,0,0
20338,17494,0,0
20339,17495,0,0
20340,17496,0,0
20341,17497,0,0
20342,17498,0,0
20343,19912,0,0
20344,17499,0,0
20345,17501,0,0
20346,17502,0,0
20347,17503,0,0
20348,17504,0,0
20349,17505,0,0
20350,17506,0,0
20351,17507,0,0
20352,17508,0,0
20353,17509,0,0
20354,17510,0,0
20355,17511,0,0
20356,17512,0,0
20357,17513,0,0
20358,17514,0,0
20359,17515,20000,0
20360,17516,94,67
20361,17518,0,0
20362,17519,10,0
20363,20481,10,0
20364,26630,10,0
20365,30306,10,0
20366,17520,0,0
20367,17522,0,0
20368,17523,0,0
20369,17524,0,0
20370,17525,0,0
20371,25312,0,0
20372,17526,0,0
20373,17527,8000,0
20374,17528,0,0
20375,17529,0,0
20376,17530,0,0
20377,17531,10000,0
20378,17532,0,0
20379,17533,0,0
20380,17534,0,0
20381,17535,50,0
20382,17536,0,0
20383,17537,0,0
20384,17538,0,0
20385,17539,0,0
20386,17540,0,0
20387,17541,0,0
20388,17542,0,0
20389,17543,0,0
20390,17544,0,0
20391,17545,500000,0
20392,17546,0,0
20393,17547,0,0
20394,19492,0,0
20395,17548,0,0
20396,17550,0,0
20397,17551,0,0
20398,17552,100000,0
20399,17553,0,0
20400,17554,0,0
20401,17555,0,0
20402,20026,0,0
20403,17556,0,0
20404,17557,0,0
20405,8465,0,0
20406,17558,0,0
20407,17559,0,0
20408,17560,0,0
20409,17562,0,0
20410,17563,0,0
20411,17564,0,0
20412,11427,0,0
20413,17565,0,0
20414,17566,0,0
20415,17567,0,0
20416,1244,60000,0
20417,2161,60000,0
20418,17568,60000,0
20419,17569,0,0
20420,329,5000,0
20421,17570,5000,0
20422,17571,0,0
20423,24178,0,0
20424,25260,0,0
20425,17572,0,0
20426,23035,0,0
20427,28076,0,0
20428,17573,0,0
20429,17574,0,0
20430,17576,0,0
20431,17577,0,0
20432,17578,0,0
20433,17579,0,0
20434,17580,0,0
20435,17582,0,0
20436,17583,0,0
20437,17584,0,0
20438,17585,0,0
20439,17586,0,0
20440,17587,0,0
20441,17588,0,0
20442,17589,0,0
20443,17590,0,0
20444,17591,0,0
20445,17592,0,0
20446,17593,0,0
20447,17594,28651,0
20448,19702,28651,0
20449,17595,0,0
20450,1178,0,0
20451,17596,0,0
20452,17597,0,0
20453,17598,0,0
20454,17599,0,0
20455,17600,0,0
20456,17601,0,0
20457,24611,0,0
20458,17602,0,0
20459,17603,0,0
20460,17604,0,0
20461,17605,0,0
20462,17606,0,0
20463,17607,0,0
20464,17608,0,0
20465,17609,0,0
20466,17610,0,0
20467,3590,0,0
20468,17611,0,0
20469,17612,0,0
20470,17613,0,0
20471,17614,0,0
20472,17615,0,0
20473,18193,0,0
20474,17616,0,0
20475,17617,0,0
20476,17618,0,0
20477,17619,0,0
20478,22959,0,0
20479,17620,0,0
20480,17621,0,0
20481,17622,0,0
20482,17623,0,0
20483,17624,0,0
20484,17625,0,0
20485,17626,250,300
20486,17627,0,0
20487,17628,0,0
20488,17629,0,0
20489,17630,0,0
20490,17631,0,0
20491,17632,0,0
20492,17634,0,0
20493,17635,0,0
20494,17636,0,0
20495,18209,0,0
20496,17637,0,0
20497,17638,0,0
20498,17639,0,0
20499,17640,0,0
20500,17641,10000,0
20501,17642,0,0
20502,17643,0,0
20503,17644,0,0
20504,17645,0,0
20505,17646,0,0
20506,17647,0,0
20507,17648,27300,0
20508,25040,27300,0
20509,17649,3000,0
20510,17650,0,0
20511,17651,0,0
20512,17652,15000,0
20513,17653,0,0
20514,17654,1000,0
20515,23025,1000,0
20516,17655,0,0
20517,28083,0,0
20518,17656,0,0
20519,17658,0,0
20520,17659,0,0
20521,17660,0,0
20522,17661,0,0
20523,17662,0,0
20524,17663,0,0
20525,17665,0,0
20526,17666,300,0
20527,17667,0,0
20528,17668,0,0
20529,17669,0,0
20530,17670,0,0
20531,17671,0,0
20532,17672,0,0
20533,17673,5000,0
20534,17674,0,0
20535,17675,0,0
20536,17676,0,0
20537,17677,0,0
20538,17678,0,0
20539,17679,0,0
20540,17680,700,0
20541,17681,0,0
20542,17682,0,0
20543,17683,0,0
20544,17685,0,0
20545,17686,0,0
20546,17687,0,0
20547,5117,0,0
20548,17688,0,0
20549,17689,0,0
20550,17690,0,0
20551,17691,0,0
20552,17692,6000,0
20553,17693,0,0
20554,17694,0,0
20555,17695,2800,0
20556,17697,21707,0
20557,17698,0,0
20558,17699,0,0
20559,17700,0,0
20560,17701,0,0
20561,17702,0,0
20562,17703,0,0
20563,17707,0,0
20564,17708,0,0
20565,17710,0,0
20566,17711,0,0
20567,17712,0,0
20568,17713,0,0
20569,17714,0,0
20570,17715,0,0
20571,17716,4,0
20572,17717,0,0
20573,17718,0,0
20574,17719,0,0
20575,17720,0,0
20576,17721,0,0
20577,17722,0,0
20578,25093,0,0
20579,17723,0,0
20580,17724,0,0
20581,17725,5000,0
20582,17726,2000000,0
20583,17727,0,0
20584,17729,0,0
20585,17730,0,0
20586,17731,0,0
20587,17732,0,0
20588,17733,0,0
20589,17734,0,0
20590,17735,0,0
20591,17736,0,0
20592,17737,500000,0
20593,17738,0,0
20594,17739,0,0
20595,17740,0,0
20596,17742,0,0
20597,17743,0,0
20598,17744,0,0
20599,17745,0,0
20600,17746,0,0
20601,17748,0,0
20602,23128,0,0
20603,17749,0,0
20604,17750,0,0
20605,17751,0,0
20606,17752,0,0
20607,17753,0,0
20608,17754,0,0
20609,17755,0,0
20610,17756,0,0
20611,17757,0,0
20612,17759,0,0
20613,17760,0,0
20614,17761,0,0
20615,17762,0,0
20616,6968,37000,0
20617,16833,37000,0
20618,17763,37000,0
20619,21741,37000,0
20620,17764,0,0
20621,17766,0,0
20622,17768,0,0
20623,17769,0,0
20624,17770,0,0
20625,17771,6000,0
20626,17772,0,0
20627,17773,0,0
20628,17774,0,0
20629,17775,100000,0
20630,17776,0,0
20631,17777,0,0
20632,17779,0,0
20633,17780,0,0
20634,17781,0,0
20635,17783,0,0
20636,17785,0,0
20637,17786,0,0
20638,17787,0,0
20639,17788,0,0
20640,17789,0,0
20641,17790,0,0
20642,17791,2500,0
20643,17792,0,0
20644,17793,0,0
20645,17796,0,0
20646,17797,0,0
20647,17798,0,0
20648,17799,0,0
20649,17800,300000,0
20650,17801,0,0
20651,17802,0,0
20652,17803,0,0
20653,17804,0,0
20654,17805,0,0
20655,17806,0,0
20656,17807,0,0
20657,17808,0,0
20658,17809,0,0
20659,17810,0,0
20660,17811,1288,0
20661,17812,0,0
20662,17813,1000,0
20663,17814,0,0
20664,17815,0,0
20665,17816,0,0
20666,17817,0,0
20667,17818,0,0
20668,17819,0,0
20669,17820,0,0
20670,17821,0,0
20671,17822,0,0
20672,17823,0,0
20673,17824,0,0
20674,17825,1000000,0
20675,17826,0,0
20676,17827,0,0
20677,17828,21000,0
20678,17829,0,0
20679,17831,1500,0
20680,17833,15,0
20681,17834,0,0
20682,17835,0,0
20683,17836,0,0
20684,17837,0,0
20685,17838,0,0
20686,17839,0,0
20687,17840,0,0
20688,17841,0,0
20689,17842,200,0
20690,17843,0,0
20691,17844,0,0
20692,17845,10000,0
20693,17846,0,0
20694,17847,0,0
20695,17848,0,0
20696,17849,0,0
20697,2131,0,0
20698,17850,0,0
20699,17851,0,0
20700,17852,0,0
20701,17853,0,0
20702,17854,0,0
20703,17855,0,0
20704,17856,0,0
20705,17857,5,0
20706,17858,0,0
20707,17859,0,0
20708,17860,5000,0
20709,17861,500,0
20710,17862,0,0
20711,17863,0,0
20712,17864,0,0
20713,17865,0,0
20714,17866,0,0
20715,17867,0,0
20716,17868,0,0
20717,17869,6000,0
20718,17870,0,0
20719,17871,0,0
20720,17872,0,0
20721,17873,0,0
20722,17875,0,0
20723,17876,0,0
20724,17877,1000,0
20725,17878,0,0
20726,17879,100000,0
20727,17880,0,0
20728,17881,0,0
20729,17882,0,0
20730,17883,1000000,0
20731,17884,0,0
20732,17885,0,0
20733,17886,0,0
20734,17887,17000,0
20735,17888,0,0
20736,17890,0,0
20737,17891,0,0
20738,17892,0,0
20739,17893,0,0
20740,1447,1500,0
20741,17894,1500,0
20742,17895,1,0
20743,17896,0,0
20744,17897,0,0
20745,4601,0,0
20746,17898,0,0
20747,17899,100000,0
20748,17900,0,0
20749,17901,25000,0
20750,17902,0,0
20751,17903,0,0
20752,17904,0,0
20753,17905,0,0
20754,17907,0,0
20755,17908,0,0
20756,17909,0,0
20757,17910,0,0
20758,17911,0,0
20759,17912,2500,0
20760,17913,0,0
20761,17914,17500,0
20762,17915,0,0
20763,17916,0,0
20764,17917,3245,0
20765,17918,0,0
20766,18499,0,0
20767,20693,0,0
20768,17919,0,0
20769,17920,0,0
20770,17921,0,0
20771,17922,0,0
20772,17923,0,0
20773,17924,180000,0
20774,17926,0,0
20775,17927,0,0
20776,17928,0,0
20777,17929,0,0
20778,7615,90000,0
20779,17930,90000,0
20780,22072,90000,0
20781,17931,0,0
20782,17932,0,0
20783,17933,0,0
20784,17934,0,0
20785,17936,0,0
20786,17938,15000,0
20787,17939,0,0
20788,17940,2500,0
20789,28824,2500,0
20790,17941,0,0
20791,17942,0,0
20792,17943,0,0
20793,17944,0,0
20794,17945,0,0
20795,17946,0,0
20796,17947,0,0
20797,17948,0,0
20798,17949,0,0
20799,19955,0,0
20800,17950,0,0
20801,17951,0,0
20802,17953,0,0
20803,17954,0,0
20804,17955,0,0
20805,27020,0,0
20806,17956,0,0
20807,17957,0,0
20808,17958,0,0
20809,17959,0,0
20810,17960,0,0
20811,17961,0,0
20812,17962,0,0
20813,17963,0,0
20814,17964,0,0
20815,17965,0,0
20816,8811,0,0
20817,17966,0,0
20818,28569,0,0
20819,17968,0,0
20820,17969,0,0
20821,17970,0,0
20822,17971,0,0
20823,17972,0,0
20824,17973,0,0
20825,17974,0,0
20826,17975,1500,0
20827,17976,0,0
20828,17977,0,0
20829,17978,0,0
20830,17979,0,0
20831,17980,2000,0
20832,17981,0,0
20833,17982,0,0
20834,17983,0,0
20835,17985,0,0
20836,17986,0,0
20837,25905,0,0
20838,17987,0,0
20839,17988,0,0
20840,17989,0,0
20841,17990,0,0
20842,17991,0,0
20843,6877,0,0
20844,17992,0,0
20845,17993,0,0
20846,17994,0,0
20847,17995,0,0
20848,17996,0,0
20849,17997,0,0
20850,17998,5000,0
20851,24879,5000,0
20852,17999,0,0
20853,18000,0,0
20854,18001,0,0
20855,24533,0,0
20856,18002,0,0
20857,18003,0,0
20858,18004,0,0
20859,18006,0,0
20860,18007,0,0
20861,18008,0,0
20862,18009,0,0
20863,18010,0,0
20864,18011,0,0
20865,18012,0,0
20866,18013,0,0
20867,18014,0,0
20868,18015,0,0
20869,27719,0,0
20870,18016,0,0
20871,18017,266,0
20872,18018,0,0
20873,18019,2000,0
20874,18020,10000,0
20875,18021,0,0
20876,18022,0,0
20877,18023,0,0
20878,18024,0,0
20879,18025,0,0
20880,18026,0,0
20881,18027,0,0
20882,18028,0,0
20883,18029,0,0
20884,18030,0,0
20885,18031,0,0
20886,18032,0,0
20887,18033,0,0
20888,18034,50,0
20889,18035,0,0
20890,18036,0,0
20891,18037,0,0
20892,18038,0,0
20893,18039,0,0
20894,18040,0,0
20895,18041,0,0
20896,18042,0,0
20897,18043,0,0
20898,18044,0,0
20899,18045,0,0
20900,18046,0,0
20901,18047,0,0
20902,18048,0,0
20903,18049,2200,0
20904,18050,0,0
20905,18051,50000,0
20906,18052,0,0
20907,18053,0,0
20908,18054,0,0
20909,18056,0,0
20910,18057,0,0
20911,18058,0,0
20912,18059,50000,0
20913,18060,0,0
20914,18061,0,0
20915,18062,0,0
20916,18063,0,0
20917,18065,0,0
20918,18066,0,0
20919,18067,0,0
20920,18068,0,0
20921,18069,0,0
20922,18070,0,0
20923,21718,0,0
20924,18071,0,0
20925,18072,0,0
20926,18073,0,0
20927,18074,0,0
20928,18075,0,0
20929,6963,600,0
20930,7531,600,0
20931,10616,600,0
20932,17906,600,0
20933,18076,600,0
20934,21186,600,0
20935,26880,600,0
20936,30346,600,0
20937,31049,600,0
20938,18077,0,0
20939,18079,0,0
20940,18080,0,0
20941,18081,150000,0
20942,18082,0,0
20943,18083,0,0
20944,18084,0,0
20945,18085,0,0
20946,18086,0,0
20947,18087,0,0
20948,18088,0,0
20949,18089,0,0
20950,18090,5000,0
20951,18091,0,0
20952,18093,0,0
20953,18094,0,0
20954,18095,0,0
20955,18096,0,0
20956,18097,0,0
20957,18098,20000,0
20958,18099,0,0
20959,18100,0,0
20960,18101,0,0
20961,18102,0,0
20962,18103,0,0
20963,18104,0,0
20964,18105,500,0
20965,18106,0,0
20966,18107,0,0
20967,18108,0,0
20968,18110,0,0
20969,18111,0,0
20970,18112,0,0
20971,18113,0,0
20972,18114,0,0
20973,18115,0,0
20974,18116,0,0
20975,18117,0,0
20976,18118,0,0
20977,18120,0,0
20978,18121,0,0
20979,18122,0,0
20980,18123,0,0
20981,18124,0,0
20982,18125,0,0
20983,18127,0,0
20984,18128,0,0
20985,18129,0,0
20986,18130,0,0
20987,18131,0,0
20988,18132,0,0
20989,18133,0,0
20990,18134,0,0
20991,18135,0,0
20992,18136,0,0
20993,18137,0,0
20994,18138,0,0
20995,18139,0,0
20996,18140,0,0
20997,18142,50,0
20998,18144,0,0
20999,18145,30,0
21000,18146,3000,0
21001,18147,0,0
21002,18148,0,0
21003,18149,0,0
21004,18150,0,0
21005,26381,0,0
21006,18151,0,0
21007,18152,2600,0
21008,18153,0,0
21009,18154,0,0
21010,18157,0,0
21011,18158,0,0
21012,18159,0,0
21013,18160,150000,0
21014,18161,0,0
21015,18162,0,0
21016,26159,0,0
21017,18163,0,0
21018,18164,0,0
21019,18165,7000,0
21020,18166,0,0
21021,9275,0,0
21022,18168,0,0
21023,18169,0,0
21024,18171,0,0
21025,18172,0,0
21026,18173,0,0
21027,18174,0,0
21028,18175,0,0
21029,18176,0,0
21030,18177,0,0
21031,18178,11838,0
21032,18179,0,0
21033,605,0,0
21034,18180,0,0
21035,18181,0,0
21036,18182,0,0
21037,18183,0,0
21038,662,0,0
21039,18184,0,0
21040,27362,0,0
21041,18185,0,0
21042,18186,70000,0
21043,18187,0,0
21044,18188,0,0
21045,18189,0,0
21046,18190,0,0
21047,18192,0,0
21048,18194,0,0
21049,18195,28,0
21050,18196,0,0
21051,24678,0,0
21052,27228,0,0
21053,28514,0,0
21054,29677,0,0
21055,18197,0,0
21056,25030,0,0
21057,18198,0,0
21058,18199,0,0
21059,18200,0,0
21060,18201,0,0
21061,18202,0,0
21062,18204,0,0
21063,18205,0,0
21064,18206,0,0
21065,18207,0,0
21066,18208,0,0
21067,18210,20,0
21068,18211,0,0
21069,18212,0,0
21070,18213,0,0
21071,18214,0,0
21072,18215,0,0
21073,18216,0,0
21074,18217,0,0
21075,18218,0,0
21076,18219,0,0
21077,18220,0,0
21078,18221,0,0
21079,18222,0,0
21080,18223,0,0
21081,18224,0,0
21082,18226,0,0
21083,18227,0,0
21084,18228,0,0
21085,18229,0,0
21086,18230,0,0
21087,18231,0,0
21088,18232,0,0
21089,18233,0,0
21090,18234,0,0
21091,18235,0,0
21092,18236,0,0
21093,18238,0,0
21094,18239,0,0
21095,18240,0,0
21096,18241,4,0
21097,18243,0,0
21098,18245,0,0
21099,18246,0,0
21100,18247,0,0
21101,18248,0,0
21102,18249,0,0
21103,18250,0,0
21104,18453,0,0
21105,21221,0,0
21106,18251,0,0
21107,18252,0,0
21108,18253,0,0
21109,18255,0,0
21110,18256,0,0
21111,18257,0,0
21112,18258,0,0
21113,18259,0,0
21114,18260,0,0
21115,18261,0,0
21116,18262,0,0
21117,18263,3400,0
21118,18264,0,0
21119,18265,2000,0
21120,18266,0,0
21121,18267,0,0
21122,18268,0,0
21123,18269,0,0
21124,18270,0,0
21125,18271,0,0
21126,18272,0,0
21127,18273,0,0
21128,9913,0,0
21129,18274,0,0
21130,18275,0,0
21131,18276,0,0
21132,18277,0,0
21133,18278,0,0
21134,18279,0,0
21135,18280,0,0
21136,18281,0,0
21137,28557,0,0
21138,18282,0,0
21139,18283,0,0
21140,18284,0,0
21141,18285,0,0
21142,18286,0,0
21143,18287,0,36131
21144,18288,0,0
21145,18289,0,0
21146,18290,60,400
21147,18291,400000,0
21148,18292,0,0
21149,18293,0,0
21150,29154,0,0
21151,18294,0,0
21152,18295,50000,0
21153,19842,50000,0
21154,24507,50000,0
21155,18296,0,0
21156,2052,0,0
21157,18297,0,0
21158,18298,0,0
21159,18299,0,0
21160,18300,1000,0
21161,18302,0,0
21162,18303,0,0
21163,18304,0,0
21164,18305,0,0
21165,18306,15000,0
21166,18307,2000,0
21167,18308,0,0
21168,9527,17000,0
21169,15504,17000,0
21170,18309,17000,0
21171,18310,0,0
21172,18311,550,0
21173,18312,0,0
21174,18313,0,0
21175,18314,0,0
21176,18315,0,0
21177,18316,0,0
21178,18317,0,0
21179,18318,0,0
21180,18319,0,0
21181,18320,0,0
21182,18321,0,0
21183,18322,0,0
21184,18323,7564,0
21185,18325,0,0
21186,18326,0,0
21187,18327,0,0
21188,18328,0,0
21189,18329,0,0
21190,18330,0,0
21191,23592,0,0
21192,27658,0,0
21193,18331,0,0
21194,18332,0,0
21195,18333,5000,0
21196,18334,0,0
21197,18335,0,0
21198,18336,0,0
21199,18337,0,0
21200,18338,0,0
21201,18339,0,0
21202,18340,0,0
21203,18341,0,0
21204,18343,0,0
21205,18344,0,0
21206,18345,0,0
21207,18347,300,0
21208,18348,0,0
21209,18349,100,0
21210,18350,0,0
21211,18351,0,0
21212,18353,0,0
21213,18354,200000,2500000
21214,18355,0,0
21215,18356,0,0
21216,18357,0,0
21217,18358,200,0
21218,18359,0,0
21219,18360,0,0
21220,18361,0,0
21221,18362,5000,0
21222,18363,10000,0
21223,18364,1000,0
21224,18365,0,0
21225,18366,0,0
21226,18367,0,0
21227,19033,0,0
21228,20419,0,0
21229,18368,0,0
21230,18369,0,0
21231,18370,0,0
21232,18371,300000,0
21233,18372,0,0
21234,18373,1000,0
21235,18374,0,0
21236,15091,16000,0
21237,18375,16000,0
21238,19799,16000,0
21239,18376,0,0
21240,18377,800,0
21241,4329,10000,0
21242,18378,10000,0
21243,18379,0,0
21244,18380,0,0
21245,18381,0,0
21246,18383,0,0
21247,18384,0,0
21248,18385,0,0
21249,18386,0,0
21250,18387,30,0
21251,18388,0,0
21252,18389,0,0
21253,18390,0,0
21254,18392,0,0
21255,18393,0,0
21256,18394,0,0
21257,18395,0,0
21258,18396,15000000,8620929
21259,18397,0,0
21260,18398,0,0
21261,18399,0,0
21262,18401,0,0
21263,18402,9000,1000000
21264,18403,0,0
21265,18405,0,0
21266,18406,0,0
21267,18407,0,0
21268,18409,0,0
21269,18410,75000,0
21270,18411,0,0
21271,18412,0,0
21272,18413,0,0
21273,18414,2155,0
21274,18415,0,0
21275,18416,0,0
21276,18417,0,0
21277,18418,0,0
21278,18419,0,0
21279,18420,0,0
21280,18421,0,0
21281,18422,0,0
21282,18423,0,0
21283,18424,0,0
21284,18425,0,0
21285,18426,0,0
21286,18427,0,0
21287,18428,0,0
21288,18429,0,0
21289,18430,0,0
21290,18431,0,0
21291,18432,0,0
21292,18433,0,0
21293,18434,0,0
21294,18435,0,0
21295,21546,0,0
21296,26444,0,0
21297,18436,0,0
21298,18437,0,0
21299,18438,0,0
21300,18439,0,0
21301,18440,0,0
21302,24206,0,0
21303,18442,0,0
21304,18443,0,0
21305,18444,2000,0
21306,18445,0,0
21307,18450,0,0
21308,24475,0,0
21309,18446,0,0
21310,18447,0,0
21311,18448,0,0
21312,18449,0,0
21313,18567,0,0
21314,18451,0,0
21315,18452,0,0
21316,18250,500,0
21317,18453,500,0
21318,21221,500,0
21319,18454,0,0
21320,18455,0,0
21321,18456,0,0
21322,18457,0,0
21323,18458,0,0
21324,18459,0,0
21325,18460,0,0
21326,18461,0,0
21327,18462,125000,0
21328,18463,0,0
21329,27019,0,0
21330,18464,0,0
21331,18465,0,0
21332,18466,0,0
21333,18468,0,0
21334,14412,2500,0
21335,18469,2500,0
21336,18470,0,0
21337,18471,0,0
21338,20534,0,0
21339,18473,0,0
21340,18474,0,0
21341,18476,0,0
21342,18477,0,0
21343,18478,0,0
21344,18480,0,0
21345,18481,9000,0
21346,18482,0,0
21347,18483,40000,0
21348,18484,0,0
21349,18485,0,0
21350,18486,0,0
21351,18487,0,0
21352,18488,55,0
21353,18489,0,0
21354,18490,0,0
21355,18491,0,0
21356,18492,0,0
21357,20830,0,0
21358,18493,0,0
21359,18494,0,0
21360,18495,0,0
21361,31023,0,0
21362,18496,0,0
21363,18497,0,0
21364,18498,0,0
21365,18513,0,0
21366,18500,0,0
21367,18501,0,0
21368,18502,0,0
21369,18503,0,0
21370,18505,0,0
21371,18506,0,0
21372,18507,0,0
21373,18508,0,0
21374,18509,0,0
21375,9776,0,0
21376,18510,0,0
21377,18511,0,0
21378,18512,0,0
21379,18514,0,0
21380,18515,0,0
21381,18516,0,0
21382,18517,0,0
21383,18518,0,0
21384,18519,0,0
21385,18520,0,0
21386,4754,0,0
21387,13400,0,0
21388,18521,0,0
21389,18522,500000,0
21390,18523,0,0
21391,18524,500000,0
21392,12575,0,0
21393,18525,0,0
21394,24126,0,0
21395,18526,0,0
21396,18527,500000,0
21397,18528,0,0
21398,18529,0,0
21399,18530,0,0
21400,18531,0,0
21401,18532,0,0
21402,18533,3500,0
21403,18534,0,0
21404,18536,34210,0
21405,18537,0,0
21406,18538,0,0
21407,18539,0,0
21408,18541,165000,0
21409,18542,0,0
21410,18543,0,0
21411,18544,0,0
21412,18545,0,0
21413,18546,0,0
21414,18547,0,0
21415,18548,0,0
21416,18549,0,0
21417,18550,0,0
21418,18551,0,0
21419,18552,0,0
21420,18553,0,0
21421,18554,500000,0
21422,18555,0,0
21423,18556,0,0
21424,18557,0,0
21425,18558,0,0
21426,24793,0,0
21427,18559,0,0
21428,18560,0,0
21429,18561,0,0
21430,18562,0,0
21431,18564,0,0
21432,27350,0,0
21433,18565,0,0
21434,18566,0,0
21435,18568,0,0
21436,18569,0,0
21437,18570,0,0
21438,9530,500000,0
21439,18571,500000,0
21440,2926,8000,0
21441,18572,8000,0
21442,28102,8000,0
21443,18573,0,0
21444,18574,0,0
21445,18575,320000,0
21446,23964,320000,0
21447,18576,0,0
21448,18577,0,0
21449,18578,0,0
21450,18579,0,0
21451,18580,0,0
21452,18581,0,0
21453,30972,0,0
21454,18583,0,0
21455,18584,0,0
21456,18585,0,0
21457,18586,0,0
21458,18588,0,0
21459,18589,0,0
21460,2312,700000,0
21461,10452,700000,0
21462,18590,700000,0
21463,19672,700000,0
21464,27069,700000,0
21465,18591,0,0
21466,18592,0,0
21467,18593,500000,0
21468,18594,0,0
21469,18595,0,0
21470,18596,20,0
21471,18597,0,0
21472,18598,0,0
21473,18600,0,0
21474,29147,0,0
21475,18601,0,0
21476,18602,0,0
21477,18603,0,0
21478,21564,0,0
21479,18604,0,0
21480,18605,0,0
21481,18606,0,0
21482,18607,0,0
21483,18609,0,0
21484,18610,0,0
21485,18612,0,0
21486,18613,0,0
21487,18614,0,0
21488,2755,100000,4274679
21489,15425,100000,4274679
21490,18615,100000,4274679
21491,18616,0,0
21492,18617,0,0
21493,18618,0,0
21494,18619,0,0
21495,27333,0,0
21496,30563,0,0
21497,18620,1000,0
21498,18621,0,0
21499,18622,0,0
21500,18623,0,0
21501,18624,0,0
21502,18625,0,0
21503,18626,0,0
21504,18627,0,0
21505,18628,0,0
21506,18629,0,0
21507,18630,0,0
21508,18631,0,0
21509,18632,0,0
21510,18633,0,0
21511,18634,0,0
21512,18635,0,0
21513,18636,0,0
21514,18637,0,0
21515,18638,0,0
21516,18639,0,0
21517,18640,0,0
21518,18641,0,0
21519,18642,0,0
21520,18643,1000000,0
21521,18644,0,0
21522,18645,0,0
21523,18646,0,0
21524,18647,0,0
21525,18648,0,0
21526,18649,0,0
21527,18650,0,0
21528,18651,0,0
21529,18652,0,0
21530,18653,0,0
21531,18654,0,0
21532,15484,2000,0
21533,18655,2000,0
21534,26971,2000,0
21535,18656,0,0
21536,18657,0,0
21537,18658,0,0
21538,18659,0,0
21539,18660,0,0
21540,18661,0,0
21541,18662,0,0
21542,18663,0,0
21543,18664,0,0
21544,18665,0,0
21545,18666,0,0
21546,18667,0,0
21547,18668,0,0
21548,18669,0,0
21549,18670,0,0
21550,18671,0,0
21551,18672,0,0
21552,18673,0,0
21553,18674,0,0
21554,18675,0,0
21555,18676,0,0
21556,18677,5000,0
21557,18678,0,0
21558,18679,0,0
21559,18680,0,0
21560,18681,0,0
21561,18682,0,0
21562,18683,0,0
21563,18684,0,0
21564,18685,0,0
21565,18686,0,0
21566,18687,300,0
21567,18688,0,0
21568,18689,0,0
21569,18690,0,0
21570,18691,0,0
21571,18692,0,0
21572,18693,0,0
21573,18694,0,0
21574,18695,0,0
21575,18696,0,0
21576,18697,0,0
21577,18698,0,0
21578,18700,500,0
21579,18701,0,0
21580,18702,0,0
21581,18703,0,0
21582,29103,0,0
21583,18704,0,0
21584,18705,0,0
21585,18706,10000000,0
21586,18707,0,0
21587,18708,0,0
21588,18709,0,0
21589,18710,0,0
21590,18711,0,0
21591,18712,0,0
21592,18713,0,0
21593,18714,0,0
21594,18715,0,0
21595,18716,0,0
21596,18717,2000,0
21597,18718,0,0
21598,18719,0,0
21599,18720,0,0
21600,18721,0,0
21601,18722,0,0
21602,18723,0,0
21603,18725,0,0
21604,18726,0,0
21605,18727,0,0
21606,18728,150,250
21607,18729,0,0
21608,18730,0,0
21609,18731,0,0
21610,18732,0,0
21611,18733,0,0
21612,18734,0,0
21613,18735,0,0
21614,18736,0,0
21615,18737,0,0
21616,18738,0,0
21617,18739,0,0
21618,18740,0,0
21619,18741,0,0
21620,18742,0,0
21621,18743,0,0
21622,18744,0,0
21623,18745,0,0
21624,18746,0,0
21625,18747,0,0
21626,18748,0,0
21627,18749,0,0
21628,18750,0,0
21629,18751,0,0
21630,18752,0,0
21631,18753,0,0
21632,18754,0,0
21633,18755,0,0
21634,18756,0,0
21635,18757,0,0
21636,18758,0,0
21637,18759,0,0
21638,18760,0,0
21639,18761,0,0
21640,18762,0,0
21641,18764,0,0
21642,18766,0,0
21643,18767,0,0
21644,18768,0,0
21645,18769,0,0
21646,18770,0,0
21647,18771,0,0
21648,18772,0,0
21649,18773,0,0
21650,18774,0,0
21651,18775,0,0
21652,18776,0,0
21653,18777,0,0
21654,18778,0,0
21655,18779,0,0
21656,18780,0,0
21657,18781,0,0
21658,18782,0,0
21659,18783,10000,0
21660,18784,0,0
21661,18785,0,0
21662,18786,0,0
21663,18787,0,0
21664,18788,0,0
21665,18789,0,0
21666,18790,0,0
21667,18791,0,0
21668,18792,0,0
21669,18793,0,0
21670,18794,0,0
21671,18795,0,0
21672,18796,0,0
21673,18797,0,0
21674,18799,0,0
21675,18800,0,0
21676,18801,3500,0
21677,18802,0,0
21678,18803,0,0
21679,18805,0,0
21680,18806,0,0
21681,18807,0,0
21682,18808,0,0
21683,18809,0,0
21684,18810,0,0
21685,18811,0,0
21686,18813,0,0
21687,18814,0,0
21688,18815,0,0
21689,18816,0,0
21690,18817,0,0
21691,18818,0,0
21692,18819,0,0
21693,18820,0,0
21694,18821,0,0
21695,18822,0,0
21696,18823,0,0
21697,18824,0,0
21698,14820,500,0
21699,18825,500,0
21700,18827,500000,0
21701,18828,0,0
21702,18829,0,0
21703,18830,0,0
21704,18831,0,0
21705,18832,0,0
21706,18833,0,0
21707,18834,0,0
21708,18835,0,0
21709,18836,0,0
21710,18837,0,0
21711,18838,0,0
21712,18839,0,0
21713,18840,0,0
21714,18841,0,0
21715,18842,0,0
21716,18843,0,0
21717,18844,0,0
21718,18845,0,0
21719,18846,0,0
21720,18847,0,0
21721,18848,0,0
21722,18849,0,0
21723,18851,0,0
21724,18852,0,0
21725,18853,0,0
21726,18854,0,0
21727,18855,0,0
21728,18856,6500,0
21729,18857,0,0
21730,18858,0,0
21731,18859,0,0
21732,18860,0,0
21733,18862,0,0
21734,18863,0,0
21735,18864,0,0
21736,18865,0,0
21737,18866,0,0
21738,18867,0,0
21739,18868,0,0
21740,18869,0,0
21741,18870,0,0
21742,18871,0,0
21743,18872,0,0
21744,18873,0,0
21745,18874,11000,0
21746,18875,10,0
21747,18876,0,0
21748,18877,0,0
21749,18878,0,0
21750,18879,0,0
21751,18880,0,0
21752,18881,0,0
21753,18882,0,0
21754,18883,0,0
21755,18884,0,0
21756,18885,10000,0
21757,18886,0,0
21758,18887,0,0
21759,18888,0,0
21760,18890,0,0
21761,18891,0,0
21762,18892,0,0
21763,18893,0,0
21764,9674,0,0
21765,18894,0,0
21766,18895,0,0
21767,18896,0,0
21768,18897,0,0
21769,18898,0,0
21770,18900,0,0
21771,18901,0,0
21772,18903,0,0
21773,18905,0,0
21774,18906,0,0
21775,18907,0,0
21776,18908,0,0
21777,18909,0,0
21778,18910,0,0
21779,18911,0,0
21780,18912,0,0
21781,18913,0,0
21782,18914,2200000,0
21783,18915,0,0
21784,18916,0,0
21785,18917,0,0
21786,18918,0,0
21787,18920,0,0
21788,18921,0,0
21789,18922,0,0
21790,18923,0,0
21791,18925,0,0
21792,18926,0,0
21793,18927,20,0
21794,18928,0,0
21795,18929,0,0
21796,18930,0,0
21797,18931,0,0
21798,18932,0,0
21799,18933,0,0
21800,18934,0,0
21801,18935,0,0
21802,18936,0,0
21803,18937,0,0
21804,18939,0,0
21805,18940,0,0
21806,18941,0,0
21807,18942,0,0
21808,18943,0,0
21809,18944,0,0
21810,18945,0,0
21811,18946,0,101
21812,18947,2000,0
21813,18948,0,0
21814,18949,0,0
21815,18950,0,0
21816,14049,3000,0
21817,18951,3000,0
21818,25840,3000,0
21819,18952,0,0
21820,18953,0,0
21821,18954,0,0
21822,18955,3000,0
21823,18956,0,0
21824,18957,0,0
21825,18960,0,0
21826,18961,0,0
21827,18962,0,0
21828,18963,0,0
21829,18964,0,0
21830,18965,0,0
21831,18966,0,0
21832,18967,0,0
21833,18968,0,0
21834,18969,0,0
21835,18970,0,0
21836,18971,100000,0
21837,18972,0,0
21838,18973,0,1872
21839,18974,0,0
21840,18975,0,0
21841,18976,0,0
21842,30801,0,0
21843,18977,0,0
21844,18978,0,0
21845,18979,0,0
21846,18980,0,0
21847,18981,0,0
21848,18982,0,0
21849,18983,0,0
21850,23471,0,0
21851,18984,0,0
21852,12147,0,0
21853,18985,0,0
21854,18986,0,0
21855,18987,0,0
21856,18988,0,0
21857,18989,0,0
21858,18990,0,0
21859,18991,0,0
21860,18992,0,0
21861,18993,0,0
21862,18994,0,0
21863,18995,0,0
21864,18996,0,0
21865,18997,0,0
21866,18998,0,0
21867,18999,0,0
21868,19000,0,0
21869,19001,35000,0
21870,19002,0,0
21871,19003,60000,0
21872,19004,0,0
21873,19005,0,0
21874,19114,0,0
21875,19006,0,0
21876,19007,0,0
21877,19008,0,0
21878,19009,0,0
21879,19010,0,0
21880,4544,0,0
21881,19011,0,0
21882,19012,0,0
21883,19013,0,0
21884,19014,0,0
21885,19015,0,0
21886,19016,0,0
21887,19017,0,0
21888,19019,0,0
21889,19020,0,0
21890,19021,0,0
21891,19022,0,0
21892,19024,0,0
21893,19025,1500,0
21894,19026,0,0
21895,19027,0,0
21896,19028,0,0
21897,19029,0,0
21898,19030,0,0
21899,19031,0,0
21900,19032,0,0
21901,19034,0,0
21902,19035,300000,0
21903,19036,0,0
21904,19039,0,0
21905,19040,0,0
21906,19041,0,0
21907,22855,0,0
21908,2243,0,0
21909,19042,0,0
21910,19389,0,0
21911,19043,0,0
21912,19044,0,0
21913,19045,0,0
21914,19046,0,0
21915,19047,0,0
21916,19048,0,0
21917,19049,0,0
21918,19050,0,0
21919,19051,0,0
21920,19052,0,0
21921,19053,0,0
21922,19054,0,0
21923,19055,0,0
21924,19056,0,0
21925,19057,275000,0
21926,19058,0,0
21927,19059,300,0
21928,19060,0,0
21929,19062,0,0
21930,19063,0,0
21931,19064,0,0
21932,19065,0,0
21933,19066,0,0
21934,19067,0,0
21935,19068,0,0
21936,19069,0,0
21937,19071,0,0
21938,19072,0,0
21939,19073,0,0
21940,19074,0,0
21941,19075,0,0
21942,19076,0,0
21943,19077,0,0
21944,19078,0,0
21945,19079,0,0
21946,19080,0,0
21947,19081,0,0
21948,19082,0,0
21949,19083,0,0
21950,19084,0,0
21951,19085,0,0
21952,19086,0,0
21953,19087,0,0
21954,19088,0,0
21955,19090,0,0
21956,19091,0,0
21957,19092,0,0
21958,19093,0,0
21959,19094,0,0
21960,19095,0,0
21961,19096,0,0
21962,19097,0,0
21963,19098,0,0
21964,19099,0,0
21965,19100,0,0
21966,19101,0,0
21967,22890,0,0
21968,23161,0,0
21969,19102,18000,0
21970,19103,0,0
21971,19104,0,0
21972,19105,0,0
21973,19106,0,0
21974,19107,0,0
21975,19108,0,0
21976,19109,0,0
21977,19110,850,0
21978,19112,0,0
21979,19113,0,0
21980,19005,35000,0
21981,19114,35000,0
21982,19115,0,0
21983,19116,0,0
21984,19117,0,0
21985,19119,0,0
21986,19120,0,0
21987,19121,0,0
21988,19122,0,0
21989,19123,0,0
21990,19124,0,0
21991,19125,0,0
21992,19126,2600,0
21993,19127,0,0
21994,16919,0,0
21995,19128,0,0
21996,19129,0,0
21997,3719,50,0
21998,19130,50,0
21999,19131,0,0
22000,19132,655298,0
22001,19133,0,0
22002,19134,0,0
22003,19135,5000,0
22004,19136,0,0
22005,19139,0,0
22006,19140,0,0
22007,19141,0,0
22008,19142,0,254380
22009,19143,0,0
22010,19145,0,0
22011,19146,15260,0
22012,19147,0,0
22013,19148,0,0
22014,19149,0,0
22015,19150,0,0
22016,19151,0,0
22017,19152,0,0
22018,19153,0,19183
22019,19154,0,0
22020,19155,0,0
22021,19156,0,0
22022,19157,0,0
22023,19159,0,0
22024,19160,0,0
22025,19161,0,0
22026,19162,0,0
22027,19163,0,0
22028,19164,0,0
22029,19165,200,0
22030,20825,200,0
22031,19166,0,0
22032,19167,0,0
22033,19168,0,0
22034,19169,0,0
22035,19170,0,0
22036,19171,0,0
22037,19172,0,0
22038,19173,0,0
22039,19174,0,0
22040,19175,0,0
22041,19176,0,0
22042,19177,0,0
22043,19178,0,0
22044,19179,0,0
22045,19180,0,0
22046,19182,0,0
22047,19183,0,0
22048,19184,10000,0
22049,19185,49144,0
22050,19186,0,0
22051,19187,0,0
22052,19188,0,0
22053,19189,65000,0
22054,19190,0,0
22055,19191,0,0
22056,19192,0,0
22057,19193,0,0
22058,19194,0,0
22059,19195,0,0
22060,19196,0,0
22061,19197,80,0
22062,19199,0,0
22063,19200,47829,0
22064,19201,0,0
22065,19202,0,0
22066,19203,0,0
22067,19204,0,0
22068,19205,0,0
22069,19206,0,0
22070,19207,0,0
22071,19208,0,0
22072,19209,0,0
22073,19210,0,0
22074,4001,94000,0
22075,6127,94000,0
22076,19211,94000,0
22077,19212,0,0
22078,19213,0,0
22079,19214,0,0
22080,19216,0,0
22081,19217,0,0
22082,24721,0,0
22083,19218,0,0
22084,19219,0,0
22085,19220,25000,0
22086,19222,0,0
22087,19223,0,0
22088,19224,0,0
22089,19226,0,0
22090,19227,0,0
22091,19228,0,0
22092,19229,0,0
22093,19230,700,0
22094,4259,2000,0
22095,7062,2000,0
22096,19231,2000,0
22097,19232,0,0
22098,19233,0,0
22099,19234,0,0
22100,19235,0,0
22101,19236,0,0
22102,19237,0,0
22103,19238,0,0
22104,19239,0,0
22105,19240,0,0
22106,19241,0,0
22107,19242,0,0
22108,19243,0,0
22109,19244,0,0
22110,19245,0,0
22111,19246,0,0
22112,19247,0,0
22113,19248,0,0
22114,19249,0,0
22115,19250,0,0
22116,19251,0,0
22117,19252,100,0
22118,19253,0,0
22119,19254,0,0
22120,19255,0,0
22121,19257,0,0
22122,19258,3000,0
22123,19259,100,0
22124,19260,0,0
22125,19261,0,0
22126,19262,0,0
22127,19263,0,0
22128,19264,0,0
22129,19265,0,0
22130,19266,0,0
22131,19267,0,0
22132,19269,0,0
22133,19270,0,0
22134,19271,0,0
22135,19273,0,0
22136,19274,0,0
22137,19275,0,0
22138,19276,0,0
22139,19277,0,0
22140,19278,0,0
22141,19279,0,0
22142,26992,0,0
22143,29770,0,0
22144,19280,0,0
22145,19281,0,0
22146,19282,0,0
22147,19283,3500,0
22148,19284,0,0
22149,19285,0,0
22150,19286,0,0
22151,19287,0,0
22152,19288,0,0
22153,19289,0,0
22154,19290,0,0
22155,19291,0,0
22156,19292,0,0
22157,19293,0,0
22158,19294,0,0
22159,19295,25000,0
22160,19296,0,0
22161,19297,0,0
22162,19298,5000,0
22163,19299,0,0
22164,19301,150000,0
22165,19302,0,0
22166,19304,0,0
22167,19306,0,0
22168,19307,0,0
22169,19308,0,0
22170,19309,0,0
22171,19310,0,0
22172,19311,0,0
22173,19312,0,0
22174,19313,0,0
22175,19314,0,0
22176,19315,0,0
22177,19316,0,0
22178,19318,0,0
22179,19319,0,0
22180,19320,0,0
22181,19321,0,0
22182,19322,0,0
22183,19323,0,0
22184,19324,0,0
22185,19325,0,0
22186,19326,0,0
22187,19327,0,0
22188,19328,0,0
22189,16572,0,0
22190,19329,0,0
22191,28538,0,0
22192,19330,0,0
22193,19331,0,0
22194,19332,0,0
22195,19333,0,0
22196,19334,0,0
22197,19335,0,0
22198,19336,0,0
22199,19337,0,0
22200,19338,0,0
22201,19339,0,0
22202,19340,57000,0
22203,19341,0,0
22204,19342,0,0
22205,19343,0,0
22206,19344,0,0
22207,29149,0,0
22208,19345,20000,0
22209,30308,20000,0
22210,19346,0,0
22211,19347,0,0
22212,19348,0,0
22213,19349,0,0
22214,19350,0,0
22215,19351,0,0
22216,19353,0,0
22217,19354,0,0
22218,19355,0,0
22219,19356,0,0
22220,19357,0,0
22221,19358,0,0
22222,19359,0,0
22223,19360,0,0
22224,19361,5000,0
22225,19362,0,0
22226,19363,0,0
22227,19365,0,0
22228,19366,0,0
22229,19368,0,0
22230,19371,0,0
22231,19372,0,0
22232,19373,0,0
22233,19374,0,0
22234,19375,0,0
22235,19376,0,0
22236,19377,0,0
22237,19378,0,0
22238,19379,0,0
22239,19380,0,0
22240,19381,0,0
22241,1181,0,0
22242,19382,0,0
22243,19383,0,0
22244,19384,500,0
22245,19385,0,0
22246,19386,0,0
22247,690,0,0
22248,19387,0,0
22249,20793,0,0
22250,22670,0,0
22251,19388,0,0
22252,19390,0,0
22253,19391,0,0
22254,19392,0,0
22255,19393,0,0
22256,19394,0,0
22257,19395,0,0
22258,19396,0,0
22259,19397,0,0
22260,21147,0,0
22261,19398,0,0
22262,19399,0,0
22263,19400,0,0
22264,19401,100,0
22265,19402,0,0
22266,19403,0,0
22267,19404,0,0
22268,19405,0,0
22269,19406,0,0
22270,19407,100000,0
22271,19408,0,0
22272,19409,0,0
22273,19410,0,0
22274,19411,0,0
22275,19412,0,0
22276,19413,0,0
22277,19414,0,0
22278,19416,0,0
22279,19417,0,0
22280,19419,0,0
22281,19420,0,0
22282,19421,0,0
22283,19422,0,0
22284,21556,0,0
22285,19423,0,0
22286,19425,0,0
22287,19426,0,0
22288,19427,0,0
22289,19428,0,0
22290,19429,0,0
22291,19430,0,0
22292,19432,0,0
22293,19433,0,0
22294,19434,0,0
22295,19435,0,0
22296,19436,0,0
22297,19437,0,0
22298,19438,65,0
22299,19442,0,0
22300,19443,0,0
22301,19444,0,0
22302,19445,0,0
22303,19447,5000,0
22304,19448,0,0
22305,19449,0,0
22306,19450,0,0
22307,19451,0,0
22308,19517,0,0
22309,26524,0,0
22310,19452,0,0
22311,19453,0,0
22312,19454,0,0
22313,19455,0,0
22314,19456,0,0
22315,19457,0,0
22316,19458,0,0
22317,19459,0,0
22318,19460,10000000,0
22319,19461,0,0
22320,19462,0,0
22321,19463,0,0
22322,19464,0,0
22323,19466,0,0
22324,19467,0,0
22325,19468,0,0
22326,19469,0,0
22327,28152,0,0
22328,19470,0,0
22329,19472,0,0
22330,19473,2000,0
22331,19474,0,0
22332,19475,0,0
22333,19476,0,0
22334,19477,0,0
22335,19478,0,0
22336,19479,0,0
22337,19480,0,0
22338,19481,0,0
22339,19482,0,0
22340,19483,0,0
22341,19484,100000,0
22342,19485,0,0
22343,19486,0,0
22344,19487,0,0
22345,19488,0,0
22346,19489,0,0
22347,19490,0,0
22348,19491,0,0
22349,19493,0,0
22350,19494,0,0
22351,19495,0,0
22352,19496,0,0
22353,19497,0,0
22354,19499,0,0
22355,19500,0,0
22356,19501,0,0
22357,19502,0,0
22358,19503,0,0
22359,31018,0,0
22360,19504,0,0
22361,19505,0,0
22362,19506,0,0
22363,19507,0,0
22364,19508,0,0
22365,19509,0,0
22366,19510,0,0
22367,19511,0,0
22368,19512,0,0
22369,19513,0,0
22370,19514,0,0
22371,19515,0,0
22372,19516,0,0
22373,19518,360,0
22374,19519,0,0
22375,19520,0,0
22376,19521,0,0
22377,19522,0,0
22378,19524,0,0
22379,19525,190000,0
22380,19526,0,0
22381,19527,0,0
22382,19528,0,0
22383,19530,0,0
22384,19531,0,0
22385,19532,0,0
22386,19533,0,0
22387,19534,0,0
22388,15840,0,0
22389,19535,0,0
22390,28480,0,0
22391,19536,0,0
22392,19537,0,0
22393,19538,0,0
22394,19539,0,0
22395,19540,0,0
22396,19541,0,0
22397,19542,1300,0
22398,19543,0,0
22399,19544,0,0
22400,19545,0,0
22401,19546,0,0
22402,19547,3000,0
22403,19548,100000,0
22404,19549,0,0
22405,19550,0,0
22406,19551,0,0
22407,19552,0,0
22408,19553,0,0
22409,19554,0,0
22410,19556,0,0
22411,19557,0,0
22412,19558,0,0
22413,19559,0,0
22414,19560,0,0
22415,19561,0,0
22416,19562,0,0
22417,19563,0,0
22418,19564,0,0
22419,19565,0,0
22420,19566,0,0
22421,19568,0,0
22422,19569,0,0
22423,19570,0,0
22424,28611,0,0
22425,19571,300000,0
22426,19572,0,0
22427,1885,0,0
22428,16188,0,0
22429,19573,0,0
22430,29772,0,0
22431,19574,0,0
22432,19575,0,0
22433,19576,0,0
22434,19578,0,0
22435,19579,0,0
22436,19580,0,0
22437,19581,0,0
22438,19582,0,0
22439,19583,0,0
22440,19584,0,0
22441,19585,0,0
22442,19586,0,0
22443,19587,0,0
22444,19588,0,0
22445,19589,0,0
22446,19590,0,0
22447,19591,0,0
22448,19592,0,0
22449,19593,0,0
22450,19594,0,0
22451,19595,0,0
22452,19596,245160,0
22453,4245,0,0
22454,19598,0,0
22455,19599,89556,0
22456,19600,0,0
22457,19601,0,0
22458,19602,0,0
22459,19603,0,0
22460,19604,0,0
22461,19605,150000,0
22462,19606,500,0
22463,19607,0,0
22464,27519,0,0
22465,19608,0,0
22466,19609,0,0
22467,10203,400,0
22468,19610,400,0
22469,19611,0,0
22470,19612,0,0
22471,19614,0,0
22472,19615,0,0
22473,19616,0,0
22474,19617,0,0
22475,19618,0,0
22476,19619,0,0
22477,19620,0,0
22478,19621,5,0
22479,19622,0,0
22480,19623,0,0
22481,19624,5000,0
22482,19625,100000,0
22483,19626,0,0
22484,19627,0,0
22485,19628,0,0
22486,19629,0,0
22487,19630,0,0
22488,1861,0,0
22489,19631,0,0
22490,22739,0,0
22491,23780,0,0
22492,24788,0,0
22493,25583,0,0
22494,25664,0,0
22495,19632,0,0
22496,19633,0,0
22497,19634,0,0
22498,19635,0,0
22499,19636,0,0
22500,19637,0,0
22501,19638,0,0
22502,19639,0,0
22503,19640,4000,0
22504,19641,0,0
22505,19642,0,0
22506,19643,13000,0
22507,19644,0,0
22508,19645,0,0
22509,19646,0,0
22510,19647,0,0
22511,19648,0,0
22512,19649,0,0
22513,19650,0,0
22514,19651,0,0
22515,19652,0,0
22516,19653,0,0
22517,19654,0,0
22518,19655,0,0
22519,19656,0,0
22520,19657,0,0
22521,19658,0,0
22522,19659,0,0
22523,19660,0,0
22524,19661,31,0
22525,19662,0,0
22526,19664,0,0
22527,19666,0,0
22528,19667,0,0
22529,19668,0,0
22530,19669,0,0
22531,19670,0,0
22532,19671,0,0
22533,19673,0,0
22534,19674,0,0
22535,19675,300,0
22536,21527,300,0
22537,19678,3000,0
22538,19679,0,0
22539,19680,0,0
22540,19681,0,0
22541,19683,0,0
22542,19684,0,0
22543,19685,0,0
22544,19686,0,0
22545,19687,0,0
22546,19688,0,0
22547,19689,0,0
22548,19690,0,0
22549,19691,0,0
22550,19692,60,0
22551,19693,0,0
22552,25639,0,0
22553,19694,0,0
22554,19695,0,0
22555,19696,0,0
22556,19699,0,0
22557,19700,0,0
22558,19701,0,0
22559,17594,0,0
22560,19702,0,0
22561,19703,0,0
22562,19704,0,0
22563,19705,0,0
22564,19706,0,0
22565,19707,500,0
22566,19709,0,0
22567,19710,0,0
22568,19711,50000,0
22569,19712,0,0
22570,19713,0,0
22571,19714,0,0
22572,19715,0,0
22573,19716,0,0
22574,19717,0,0
22575,19719,0,0
22576,19720,0,0
22577,19721,0,0
22578,19722,0,0
22579,19723,0,0
22580,19724,0,0
22581,19725,0,0
22582,19726,0,0
22583,19727,0,0
22584,19728,0,0
22585,19729,0,0
22586,19730,0,0
22587,19731,15000,0
22588,19732,0,0
22589,19733,0,0
22590,19734,0,0
22591,20459,0,0
22592,19735,0,0
22593,19736,0,0
22594,19737,0,0
22595,19738,0,0
22596,19739,0,0
22597,19740,0,0
22598,19741,0,0
22599,19742,0,0
22600,12250,1000,0
22601,19743,1000,0
22602,19744,0,0
22603,19745,0,0
22604,19746,200000,0
22605,19747,0,0
22606,19748,0,0
22607,19749,0,0
22608,19750,0,0
22609,19751,0,0
22610,19752,0,0
22611,19753,0,0
22612,19754,0,0
22613,19756,1500,0
22614,19757,0,0
22615,19758,0,0
22616,19759,0,0
22617,19760,0,0
22618,19761,0,0
22619,19762,0,0
22620,19763,0,0
22621,19764,0,0
22622,19765,0,0
22623,19766,0,0
22624,19767,0,0
22625,19768,350000,0
22626,19769,0,0
22627,19770,0,0
22628,19771,0,0
22629,19772,0,0
22630,19773,0,0
22631,19774,0,0
22632,19775,0,0
22633,19776,0,0
22634,19777,0,0
22635,19778,0,0
22636,19780,0,0
22637,19781,0,0
22638,19782,0,0
22639,19783,0,0
22640,19784,2700,450
22641,19785,500000,0
22642,19786,0,0
22643,19787,0,0
22644,19788,0,0
22645,19789,0,0
22646,19790,0,0
22647,19791,0,0
22648,19792,0,0
22649,19794,0,0
22650,19795,0,0
22651,19796,0,0
22652,19797,750,0
22653,19798,0,0
22654,19800,0,0
22655,22317,0,0
22656,24059,0,0
22657,19801,0,0
22658,19802,0,0
22659,19803,0,0
22660,19804,0,0
22661,19805,0,0
22662,19806,0,0
22663,19808,0,0
22664,19809,0,0
22665,19810,0,0
22666,19811,0,0
22667,19812,0,0
22668,19813,0,0
22669,19814,56,0
22670,19815,0,0
22671,19816,0,0
22672,19817,0,0
22673,19818,0,0
22674,19819,0,0
22675,19820,0,0
22676,19821,0,0
22677,19822,500,1000
22678,19823,500,0
22679,19824,0,0
22680,19825,0,0
22681,19826,55000,0
22682,19827,0,0
22683,19828,0,0
22684,19829,0,0
22685,19830,0,0
22686,19831,0,0
22687,19832,0,0
22688,19834,0,0
22689,19835,0,0
22690,19836,0,0
22691,1659,0,0
22692,19837,0,0
22693,19838,0,0
22694,19839,200,0
22695,19840,0,0
22696,19841,0,0
22697,18295,0,0
22698,19842,0,0
22699,24507,0,0
22700,19843,0,0
22701,19844,0,0
22702,19845,0,0
22703,19846,0,0
22704,19847,0,0
22705,19849,0,0
22706,19850,0,0
22707,19851,0,0
22708,15284,0,0
22709,19852,0,0
22710,19853,0,0
22711,19854,0,0
22712,24391,0,0
22713,19855,0,0
22714,19856,0,0
22715,19857,0,0
22716,19858,0,0
22717,19859,0,0
22718,19860,0,0
22719,19861,0,0
22720,19862,0,0
22721,19863,0,0
22722,19864,0,0
22723,19865,0,0
22724,19867,0,0
22725,19868,0,0
22726,19869,0,0
22727,19870,0,0
22728,19871,0,0
22729,19872,0,0
22730,19873,0,0
22731,19874,0,0
22732,19875,0,0
22733,19876,0,0
22734,19877,0,0
22735,19878,0,0
22736,19879,0,0
22737,19880,0,0
22738,19883,0,0
22739,19884,300,0
22740,19885,0,0
22741,19886,0,0
22742,19887,0,0
22743,19888,45000,100000
22744,19889,0,0
22745,19890,0,0
22746,19891,0,0
22747,19892,0,0
22748,19893,0,0
22749,19894,0,0
22750,19895,0,0
22751,19896,0,0
22752,19897,0,0
22753,19898,0,0
22754,19899,0,0
22755,19900,0,0
22756,19901,500000,0
22757,19902,0,0
22758,19903,0,0
22759,19904,0,0
22760,19905,5000,0
22761,19906,0,0
22762,19907,0,0
22763,19908,0,0
22764,19909,0,0
22765,19910,0,0
22766,19911,0,0
22767,19913,0,0
22768,19914,0,0
22769,19915,0,0
22770,19916,0,0
22771,15143,0,0
22772,19917,0,0
22773,19918,0,0
22774,19919,0,0
22775,19920,0,0
22776,19921,0,0
22777,19923,1000,0
22778,19924,0,0
22779,19925,0,0
22780,19926,0,0
22781,19928,0,0
22782,19929,0,0
22783,19931,0,0
22784,19932,0,0
22785,19933,0,0
22786,19934,0,0
22787,652,40000,0
22788,19935,40000,0
22789,19936,0,0
22790,19937,0,0
22791,19938,0,0
22792,19939,0,0
22793,19940,0,0
22794,19941,0,0
22795,19942,0,0
22796,19943,0,0
22797,19944,0,0
22798,19945,0,0
22799,19946,0,0
22800,19947,0,0
22801,19948,0,0
22802,19949,0,0
22803,19950,0,0
22804,19951,0,0
22805,19952,0,0
22806,19953,0,0
22807,19956,5500,0
22808,19957,0,0
22809,19959,1635,0
22810,19960,20000,0
22811,19962,0,0
22812,23718,0,0
22813,19963,0,0
22814,19964,0,0
22815,19965,0,0
22816,19966,0,0
22817,19967,0,0
22818,19968,0,0
22819,19969,0,0
22820,19970,0,0
22821,19972,0,0
22822,19973,0,0
22823,19974,0,0
22824,19975,0,0
22825,19976,0,0
22826,19978,0,0
22827,19980,0,0
22828,19981,0,0
22829,19982,0,0
22830,19983,0,0
22831,19984,0,0
22832,19985,0,0
22833,15480,3000,0
22834,19986,3000,0
22835,19987,5000,0
22836,19988,0,0
22837,19989,0,0
22838,19990,0,0
22839,19991,0,0
22840,19992,0,0
22841,19993,0,0
22842,19994,0,0
22843,19995,0,0
22844,19996,0,0
22845,19997,0,0
22846,19998,0,0
22847,19999,0,0
22848,20000,0,0
22849,20001,0,0
22850,20002,0,0
22851,8784,0,0
22852,20003,0,0
22853,20004,0,0
22854,20006,0,0
22855,20007,0,0
22856,20008,0,0
22857,20009,0,0
22858,20010,0,0
22859,20011,0,0
22860,20012,0,0
22861,6034,0,0
22862,20013,0,0
22863,28098,0,0
22864,20014,0,0
22865,20015,0,0
22866,20016,0,0
22867,20017,0,0
22868,20019,0,0
22869,20021,0,0
22870,20022,0,0
22871,20023,10000,0
22872,20024,0,0
22873,20025,0,0
22874,20027,1000,0
22875,20028,0,0
22876,20029,0,0
22877,20031,0,0
22878,23046,0,0
22879,20032,5000,0
22880,20033,0,0
22881,20034,0,0
22882,20035,7000,0
22883,20036,0,0
22884,20037,0,0
22885,20038,0,0
22886,21234,0,0
22887,20039,0,0
22888,20040,0,0
22889,20042,0,0
22890,20043,0,0
22891,20044,0,0
22892,20045,0,0
22893,20046,0,0
22894,20047,0,0
22895,20048,0,0
22896,20049,0,0
22897,20050,0,0
22898,20051,0,0
22899,20052,25000,0
22900,20053,13633,0
22901,20054,0,0
22902,20055,0,0
22903,20056,0,0
22904,20057,0,0
22905,20058,0,0
22906,20059,0,0
22907,20060,0,0
22908,20061,0,0
22909,20062,0,0
22910,20063,0,0
22911,20064,6,0
22912,20065,0,0
22913,20066,0,0
22914,20068,0,0
22915,20069,0,0
22916,20071,0,0
22917,20072,0,0
22918,20073,0,0
22919,20074,0,0
22920,20075,0,0
22921,20076,0,0
22922,20077,0,0
22923,20078,0,0
22924,20079,0,0
22925,20080,0,0
22926,20081,0,0
22927,20082,0,0
22928,20084,0,0
22929,20085,0,0
22930,20086,0,0
22931,20087,0,0
22932,20088,0,0
22933,20089,0,0
22934,20090,0,0
22935,20091,0,15500
22936,20092,0,0
22937,20093,0,0
22938,20094,500,0
22939,20095,0,0
22940,20096,0,0
22941,5023,0,0
22942,20097,0,0
22943,20098,0,0
22944,20099,0,0
22945,20100,0,0
22946,20101,0,0
22947,20104,0,0
22948,23475,0,0
22949,20105,0,0
22950,22905,0,0
22951,20106,0,0
22952,20107,0,0
22953,20108,0,0
22954,20109,0,0
22955,20110,0,0
22956,29137,0,0
22957,20111,0,0
22958,20112,0,0
22959,20113,0,0
22960,20115,0,0
22961,20116,0,0
22962,20117,0,0
22963,20118,0,0
22964,20120,500,0
22965,20121,0,0
22966,20122,0,0
22967,20123,0,0
22968,20124,0,0
22969,20125,0,0
22970,20126,0,0
22971,20127,0,0
22972,20128,0,0
22973,20129,0,0
22974,20131,0,0
22975,20132,0,0
22976,20133,0,0
22977,20134,0,0
22978,20135,0,0
22979,20136,0,0
22980,20137,0,0
22981,20138,0,0
22982,20139,0,0
22983,20140,0,0
22984,20141,0,0
22985,20970,0,0
22986,20142,0,0
22987,20143,0,0
22988,20144,0,0
22989,20145,0,0
22990,20146,0,0
22991,20147,0,0
22992,20148,0,0
22993,20149,0,0
22994,8417,0,0
22995,11232,0,0
22996,20150,0,0
22997,20151,0,0
22998,25240,0,0
22999,26389,0,0
23000,27714,0,0
23001,20152,0,0
23002,20153,6000,0
23003,20154,0,0
23004,20155,0,0
23005,20156,0,0
23006,20157,0,0
23007,20158,0,0
23008,20159,0,0
23009,20160,0,0
23010,235,0,0
23011,20161,0,0
23012,20162,0,0
23013,20163,0,0
23014,27263,0,0
23015,20164,0,0
23016,20165,0,0
23017,20166,0,0
23018,20167,1500000,0
23019,29895,1500000,0
23020,20168,0,0
23021,20169,0,0
23022,20170,0,0
23023,20171,0,0
23024,20172,0,0
23025,20173,0,0
23026,20174,7000,0
23027,20175,0,0
23028,20176,0,0
23029,20177,0,0
23030,20178,10000,0
23031,20179,20000,0
23032,24314,20000,0
23033,20180,0,0
23034,20181,0,0
23035,20182,0,0
23036,20183,0,0
23037,20184,10000,0
23038,20185,0,0
23039,20187,3000,0
23040,20188,0,0
23041,20189,0,0
23042,20190,0,0
23043,20191,0,0
23044,20192,0,0
23045,20193,0,0
23046,20194,0,0
23047,20195,0,0
23048,20196,0,0
23049,20197,0,0
23050,10930,0,0
23051,20198,0,0
23052,20199,0,0
23053,20200,0,0
23054,20201,0,0
23055,20202,75000,0
23056,20203,0,0
23057,20204,0,0
23058,20205,0,0
23059,20206,0,0
23060,20208,0,0
23061,20209,0,0
23062,20210,0,0
23063,20211,15300,0
23064,20212,0,0
23065,20213,0,0
23066,20214,0,0
23067,20215,0,0
23068,20216,1000,0
23069,20217,0,0
23070,20218,0,0
23071,20219,0,0
23072,20220,2000,0
23073,20221,0,0
23074,20222,0,0
23075,20223,0,0
23076,20224,0,0
23077,8755,0,0
23078,20225,0,0
23079,20226,0,0
23080,20227,0,0
23081,20228,0,0
23082,20229,0,0
23083,20230,0,0
23084,20231,0,0
23085,20232,0,0
23086,20233,0,0
23087,20234,0,0
23088,20236,0,0
23089,20237,0,0
23090,20238,0,0
23091,20239,0,0
23092,20240,0,0
23093,20241,0,0
23094,20242,0,0
23095,20243,0,0
23096,20244,0,0
23097,20348,0,0
23098,20384,0,0
23099,23516,0,0
23100,20245,0,0
23101,20246,0,0
23102,20247,0,0
23103,20248,0,0
23104,20249,0,0
23105,20250,0,0
23106,3000,5000,0
23107,5751,5000,0
23108,20252,5000,0
23109,26867,5000,0
23110,20253,0,0
23111,20254,0,0
23112,20255,100000,0
23113,21814,100000,0
23114,1962,0,0
23115,20256,0,0
23116,20257,0,0
23117,20258,0,0
23118,29390,0,0
23119,20259,0,0
23120,20260,0,0
23121,20261,0,0
23122,20262,0,0
23123,20263,0,0
23124,6285,0,0
23125,6980,0,0
23126,20264,0,0
23127,20265,0,0
23128,20266,0,0
23129,20267,0,0
23130,20268,0,0
23131,20269,0,0
23132,20270,0,0
23133,20271,0,0
23134,20272,0,0
23135,20273,0,0
23136,20274,0,0
23137,20275,0,0
23138,20276,0,0
23139,20277,0,0
23140,20278,0,0
23141,20279,0,0
23142,20280,0,0
23143,22092,0,0
23144,20281,0,0
23145,20282,0,0
23146,20283,0,0
23147,20284,0,0
23148,20285,0,0
23149,20286,0,0
23150,20287,0,0
23151,20288,0,0
23152,20289,1000,0
23153,20290,0,0
23154,20291,0,0
23155,20292,0,0
23156,20293,0,0
23157,20294,0,0
23158,20295,0,0
23159,20296,0,0
23160,20297,0,0
23161,20298,0,0
23162,20299,0,0
23163,20300,0,0
23164,20301,0,0
23165,20302,0,0
23166,20303,0,0
23167,2565,65000,0
23168,20304,65000,0
23169,22534,65000,0
23170,23849,65000,0
23171,20305,0,0
23172,20306,0,0
23173,20307,0,0
23174,20308,0,0
23175,20309,0,0
23176,20310,0,0
23177,20311,0,0
23178,20312,0,0
23179,20313,0,0
23180,20314,0,0
23181,20315,0,0
23182,20316,0,0
23183,20317,0,0
23184,20318,0,0
23185,20319,0,0
23186,20357,0,0
23187,20320,0,0
23188,20321,0,0
23189,20323,0,0
23190,20324,0,0
23191,20325,0,0
23192,20326,0,0
23193,20327,0,0
23194,20328,0,0
23195,20329,0,0
23196,20330,0,0
23197,20331,0,0
23198,20332,0,0
23199,20333,0,0
23200,20334,0,0
23201,20335,0,0
23202,20336,0,0
23203,20337,0,0
23204,20338,0,0
23205,20339,0,0
23206,20340,0,0
23207,20341,0,0
23208,20342,0,0
23209,20343,0,0
23210,20344,0,0
23211,20346,0,0
23212,20347,0,0
23213,20349,0,0
23214,20350,0,0
23215,20351,0,0
23216,20352,0,0
23217,20353,0,0
23218,20354,0,0
23219,20355,0,0
23220,20356,0,0
23221,20358,0,0
23222,20360,0,0
23223,20361,0,0
23224,20362,0,0
23225,20363,0,0
23226,20364,0,0
23227,20365,0,0
23228,20366,0,0
23229,20367,0,0
23230,20368,0,0
23231,20369,0,0
23232,20370,0,0
23233,20371,0,0
23234,20372,0,0
23235,20373,0,0
23236,20374,0,0
23237,20375,0,0
23238,20376,0,0
23239,20377,0,0
23240,20378,0,0
23241,20379,0,0
23242,20380,0,0
23243,20381,0,0
23244,20382,0,0
23245,20383,0,0
23246,20385,0,0
23247,28057,0,0
23248,20386,0,0
23249,20387,0,0
23250,20388,0,0
23251,20389,0,0
23252,20390,0,0
23253,20391,0,0
23254,20392,0,0
23255,20393,0,0
23256,20394,0,0
23257,20395,0,0
23258,20396,0,0
23259,20397,0,0
23260,20398,0,0
23261,20399,0,0
23262,20400,0,0
23263,20401,0,0
23264,20402,0,0
23265,20403,0,0
23266,20404,0,0
23267,20405,0,0
23268,20406,0,0
23269,20407,0,0
23270,20408,0,0
23271,20410,75,0
23272,20411,0,0
23273,20412,0,0
23274,20413,0,0
23275,20414,0,0
23276,20415,0,0
23277,20416,0,0
23278,20417,0,0
23279,20418,0,0
23280,20420,3,0
23281,20421,0,0
23282,20422,0,0
23283,20423,0,0
23284,20424,0,0
23285,20425,0,0
23286,20426,0,0
23287,20427,0,0
23288,20428,50,0
23289,20429,0,0
23290,20430,0,0
23291,20431,0,0
23292,20432,15000,0
23293,20433,0,0
23294,20434,0,0
23295,20435,0,0
23296,20436,150,0
23297,20437,1000,0
23298,20438,0,0
23299,20439,0,0
23300,20440,0,0
23301,20441,1000,0
23302,20442,0,0
23303,20443,0,0
23304,20444,0,0
23305,20445,0,0
23306,20446,0,0
23307,20447,0,0
23308,20448,0,0
23309,20449,0,0
23310,20450,5000,0
23311,20453,0,0
23312,20454,0,0
23313,20455,0,0
23314,20456,750,0
23315,20457,0,0
23316,20458,0,0
23317,20460,600,0
23318,20461,0,0
23319,20462,0,0
23320,20463,0,0
23321,20464,0,0
23322,20465,0,0
23323,20466,0,0
23324,20467,0,0
23325,20468,0,0
23326,20469,0,0
23327,20470,0,0
23328,20471,0,0
23329,20472,0,0
23330,20473,0,0
23331,20474,0,0
23332,20475,0,0
23333,20476,0,0
23334,20477,20000,0
23335,20478,0,0
23336,20479,0,0
23337,20480,0,0
23338,17519,0,0
23339,20481,0,0
23340,26630,0,0
23341,30306,0,0
23342,20482,0,0
23343,20483,0,0
23344,20484,0,0
23345,20485,0,0
23346,20486,0,0
23347,20487,0,0
23348,20488,0,0
23349,20489,30,0
23350,20490,0,0
23351,20491,0,0
23352,20493,0,0
23353,20494,0,0
23354,20495,0,0
23355,20496,0,0
23356,20497,0,0
23357,20498,0,0
23358,20499,13,0
23359,20500,0,0
23360,20501,0,0
23361,20502,0,0
23362,20503,0,0
23363,20504,0,0
23364,20505,0,0
23365,20506,0,0
23366,20507,0,0
23367,20508,0,0
23368,20509,0,0
23369,20510,0,0
23370,20511,1000,0
23371,20512,0,0
23372,20513,0,0
23373,20514,0,0
23374,20515,0,0
23375,20516,0,0
23376,20517,0,0
23377,20518,0,0
23378,20519,0,0
23379,20520,0,0
23380,20521,0,0
23381,20522,0,0
23382,20523,0,0
23383,20524,0,0
23384,20525,0,0
23385,20526,0,0
23386,20527,0,0
23387,20528,0,0
23388,20529,0,0
23389,20530,0,0
23390,20532,0,0
23391,20533,0,0
23392,22244,0,0
23393,20535,0,0
23394,20536,0,0
23395,20537,0,0
23396,20538,0,0
23397,20539,0,0
23398,20540,0,0
23399,20541,0,0
23400,20542,0,0
23401,20543,0,0
23402,20544,0,0
23403,8987,0,0
23404,20545,0,0
23405,20546,0,0
23406,20547,3000,0
23407,22821,3000,0
23408,20548,0,0
23409,20549,0,0
23410,20550,6,0
23411,20551,0,0
23412,20552,0,0
23413,20553,0,0
23414,20554,0,0
23415,20555,0,0
23416,20556,0,0
23417,20557,0,0
23418,20558,0,0
23419,20559,0,0
23420,20560,0,0
23421,20562,0,0
23422,20563,0,0
23423,20566,0,0
23424,20567,0,0
23425,20568,0,0
23426,20569,0,0
23427,20570,0,0
23428,20571,0,0
23429,20572,0,0
23430,20573,0,0
23431,20574,0,0
23432,20575,15000,0
23433,20577,0,0
23434,20578,0,0
23435,20579,0,0
23436,20580,0,0
23437,20581,0,0
23438,20582,0,0
23439,20583,0,0
23440,20584,0,0
23441,20585,0,0
23442,20586,0,0
23443,20587,0,0
23444,20588,0,0
23445,20590,0,0
23446,20591,0,0
23447,20592,0,0
23448,20593,200,0
23449,20594,0,0
23450,2979,1000000,0
23451,20595,1000000,0
23452,23893,1000000,0
23453,25579,1000000,0
23454,20596,100000,0
23455,20597,0,0
23456,20598,10000,1000
23457,20599,35000,0
23458,20600,15000,0
23459,20601,0,0
23460,20602,2000,0
23461,20603,0,0
23462,20604,0,0
23463,20605,3000000,0
23464,20606,3500,0
23465,20607,0,0
23466,20608,0,0
23467,20609,0,0
23468,20610,0,0
23469,20611,0,0
23470,20612,0,0
23471,20613,0,0
23472,20614,0,0
23473,20615,0,0
23474,30595,0,0
23475,20616,20000,0
23476,20617,0,0
23477,20618,0,0
23478,20619,0,0
23479,20620,0,0
23480,20621,0,0
23481,20622,0,0
23482,20623,0,0
23483,20625,0,0
23484,20626,0,0
23485,20627,0,0
23486,20628,3000,0
23487,20629,0,0
23488,20630,0,0
23489,20631,0,0
23490,20632,0,0
23491,20633,0,0
23492,20634,0,0
23493,20635,200,0
23494,20636,0,0
23495,20637,0,0
23496,20638,0,0
23497,20639,0,0
23498,20641,0,0
23499,20642,0,0
23500,12553,0,0
23501,20643,0,0
23502,31114,0,0
23503,20644,0,0
23504,24768,0,0
23505,20645,0,0
23506,20646,0,0
23507,20648,0,0
23508,20649,10000,0
23509,20650,0,0
23510,20651,0,0
23511,20652,0,0
23512,20653,0,0
23513,20654,0,0
23514,20655,0,0
23515,20657,0,0
23516,20658,0,0
23517,20659,0,0
23518,20660,0,0
23519,20661,0,0
23520,25631,0,0
23521,20662,0,0
23522,20664,0,0
23523,20665,0,0
23524,8636,0,0
23525,20666,0,0
23526,29781,0,0
23527,20667,0,0
23528,2733,0,0
23529,20668,0,0
23530,20669,0,0
23531,20670,0,0
23532,20671,500,0
23533,20672,0,0
23534,20673,0,0
23535,20674,0,0
23536,20675,0,0
23537,20676,0,0
23538,20677,0,0
23539,20678,0,0
23540,20680,0,0
23541,20681,0,0
23542,20682,2000,0
23543,20683,0,0
23544,20684,0,0
23545,20685,0,0
23546,20686,0,0
23547,20687,0,0
23548,20688,0,0
23549,20689,15000,0
23550,20690,0,0
23551,27632,0,0
23552,20691,0,0
23553,20694,0,0
23554,20695,0,0
23555,20696,0,0
23556,20698,0,0
23557,20699,0,0
23558,20700,0,0
23559,20701,0,0
23560,20702,0,0
23561,20704,0,0
23562,20705,0,0
23563,20706,0,0
23564,25531,0,0
23565,13236,20,0
23566,20707,20,0
23567,20708,0,0
23568,20709,0,0
23569,20710,930,0
23570,20712,0,0
23571,20713,0,0
23572,20715,0,0
23573,20716,50000,0
23574,20717,0,0
23575,20718,150000,0
23576,20719,0,0
23577,20720,0,0
23578,20721,0,0
23579,22883,0,0
23580,20722,0,0
23581,20723,0,0
23582,20724,0,0
23583,10154,0,1500000
23584,11381,0,1500000
23585,13774,0,1500000
23586,15383,0,1500000
23587,17081,0,1500000
23588,20725,0,1500000
23589,23396,0,1500000
23590,28568,0,1500000
23591,20726,0,0
23592,20727,0,0
23593,20728,0,0
23594,20729,0,0
23595,20730,0,0
23596,20731,0,0
23597,20732,0,0
23598,20733,0,0
23599,20734,0,0
23600,20735,0,0
23601,20736,200,0
23602,20737,0,0
23603,20738,0,0
23604,20739,0,0
23605,20740,0,0
23606,20741,0,0
23607,20742,0,0
23608,20743,0,0
23609,20744,10000,0
23610,20745,0,0
23611,20746,0,0
23612,20747,0,0
23613,20748,0,0
23614,20749,0,0
23615,20750,0,0
23616,20751,0,0
23617,20753,0,0
23618,28555,0,0
23619,20754,0,0
23620,23210,0,0
23621,28447,0,0
23622,20755,0,0
23623,20756,0,0
23624,20757,0,0
23625,20758,0,0
23626,837,0,0
23627,20759,0,0
23628,20760,0,0
23629,20761,0,0
23630,20762,0,0
23631,20763,0,0
23632,20764,0,0
23633,20765,0,0
23634,20766,0,0
23635,20767,0,0
23636,20768,0,0
23637,20769,0,0
23638,20770,0,0
23639,20771,0,0
23640,24691,0,0
23641,20772,0,0
23642,20773,0,0
23643,20774,0,0
23644,20775,0,0
23645,20776,0,0
23646,20777,0,0
23647,20778,0,0
23648,20779,0,94680
23649,20780,0,0
23650,20781,0,0
23651,20782,0,0
23652,20783,0,0
23653,20784,0,0
23654,20785,0,0
23655,20786,0,0
23656,20787,0,0
23657,20788,0,0
23658,20789,0,0
23659,20790,0,0
23660,20791,0,0
23661,20794,0,0
23662,20796,0,0
23663,20798,0,0
23664,20800,0,0
23665,20801,0,8234
23666,20802,0,0
23667,20805,0,0
23668,20806,0,0
23669,20807,2,0
23670,20808,0,0
23671,20809,0,0
23672,20810,0,0
23673,20811,0,0
23674,20812,0,0
23675,20813,200,0
23676,20815,0,0
23677,20816,200000,0
23678,20817,0,0
23679,20818,0,0
23680,20819,0,0
23681,20820,0,0
23682,20821,0,0
23683,20822,0,0
23684,20823,0,0
23685,20824,0,0
23686,19165,0,0
23687,20825,0,0
23688,20826,0,0
23689,27118,0,0
23690,20827,0,0
23691,20828,0,0
23692,20829,0,0
23693,20831,0,0
23694,20832,0,0
23695,20833,0,0
23696,20834,0,0
23697,20835,0,0
23698,20836,0,0
23699,20837,0,0
23700,20838,0,0
23701,20839,0,0
23702,22373,0,0
23703,29198,0,0
23704,20840,0,0
23705,20841,0,0
23706,20842,10000,0
23707,20843,0,0
23708,20844,0,0
23709,20845,0,14
23710,20846,0,0
23711,20847,0,0
23712,20848,0,0
23713,20849,0,0
23714,20850,0,0
23715,20851,0,0
23716,20852,0,0
23717,20853,0,0
23718,20854,0,0
23719,20855,0,0
23720,20856,0,0
23721,20857,0,0
23722,20858,0,0
23723,20859,0,0
23724,20860,0,0
23725,20861,69000,0
23726,20862,0,0
23727,20863,0,0
23728,20864,0,0
23729,20865,0,0
23730,10940,1500000,0
23731,13305,1500000,0
23732,19807,1500000,0
23733,20866,1500000,0
23734,20867,0,0
23735,20868,0,0
23736,20869,0,0
23737,20870,0,0
23738,26047,0,0
23739,20871,150,0
23740,20872,0,0
23741,20873,0,0
23742,20874,0,0
23743,20875,0,0
23744,20876,0,0
23745,20877,0,0
23746,20878,0,0
23747,20879,0,0
23748,20880,31925,0
23749,20881,0,0
23750,30974,0,0
23751,20882,0,0
23752,20883,0,0
23753,20884,0,0
23754,20885,0,0
23755,20888,0,0
23756,20889,3000,0
23757,20890,0,0
23758,20891,0,0
23759,25636,0,0
23760,20892,0,0
23761,20893,0,0
23762,20894,0,0
23763,20895,0,0
23764,20896,0,0
23765,20897,0,0
23766,20898,0,0
23767,20899,0,0
23768,20900,0,0
23769,20901,0,0
23770,20902,0,0
23771,20903,0,0
23772,20904,0,0
23773,20905,0,0
23774,20906,0,0
23775,20907,0,0
23776,20908,0,0
23777,30896,0,0
23778,20909,0,0
23779,20910,0,0
23780,27684,0,0
23781,20911,0,0
23782,20912,0,0
23783,20913,0,0
23784,20914,0,0
23785,20915,2000,0
23786,20916,5000,0
23787,25767,5000,0
23788,20917,0,0
23789,20918,0,0
23790,20919,0,0
23791,20920,0,0
23792,20921,0,0
23793,20922,0,0
23794,20923,500,0
23795,20924,0,0
23796,20925,0,0
23797,20926,10,0
23798,20927,5,0
23799,20928,0,0
23800,20929,0,0
23801,20930,0,0
23802,20931,0,0
23803,20933,0,0
23804,20934,0,0
23805,20935,0,0
23806,20936,0,0
23807,20937,0,0
23808,20938,0,0
23809,20939,0,0
23810,20940,0,0
23811,4021,4000,0
23812,20941,4000,0
23813,22390,4000,0
23814,25077,4000,0
23815,28186,4000,0
23816,20942,0,0
23817,20943,0,0
23818,20944,0,0
23819,20945,0,0
23820,20946,0,0
23821,20947,0,0
23822,20948,0,0
23823,20949,0,0
23824,20950,0,0
23825,20951,0,0
23826,20952,0,0
23827,20953,0,0
23828,20954,0,0
23829,20955,0,0
23830,20956,0,0
23831,20957,0,0
23832,20959,0,0
23833,20960,0,0
23834,20961,0,0
23835,4980,3000,0
23836,20962,3000,0
23837,24716,3000,0
23838,20963,0,0
23839,21247,0,0
23840,20964,0,0
23841,20965,0,0
23842,20966,0,0
23843,20967,0,0
23844,23529,0,0
23845,25024,0,0
23846,27584,0,0
23847,20968,0,0
23848,30140,0,0
23849,30599,0,0
23850,20969,0,0
23851,20971,0,0
23852,20972,0,0
23853,20973,0,0
23854,20974,0,0
23855,20975,0,0
23856,20976,0,0
23857,20978,0,0
23858,20979,0,0
23859,14948,0,0
23860,20980,0,0
23861,27260,0,0
23862,20981,0,0
23863,27025,0,0
23864,20982,0,0
23865,20983,0,0
23866,20984,2000,0
23867,20985,0,0
23868,20986,0,0
23869,20987,0,0
23870,20988,0,0
23871,20989,0,0
23872,20990,17,0
23873,20991,0,0
23874,20992,0,0
23875,20993,0,0
23876,20994,0,0
23877,20996,0,0
23878,20997,0,0
23879,20998,0,0
23880,20999,0,0
23881,21000,0,0
23882,21001,0,0
23883,21002,40000,0
23884,21003,0,0
23885,21005,0,0
23886,21006,0,0
23887,21007,0,0
23888,21009,0,0
23889,21010,0,0
23890,21011,0,0
23891,21012,0,0
23892,21013,0,0
23893,21014,0,0
23894,21015,0,0
23895,21016,0,0
23896,21017,0,0
23897,21018,0,0
23898,21019,0,0
23899,21021,0,0
23900,4484,400,0
23901,21022,400,0
23902,21023,0,0
23903,21024,40000,0
23904,21025,0,0
23905,21026,0,0
23906,21027,0,0
23907,21028,0,0
23908,21029,0,0
23909,21030,0,0
23910,21031,0,0
23911,21032,0,0
23912,21033,0,0
23913,21034,0,0
23914,21035,0,0
23915,21036,0,0
23916,21037,0,0
23917,21571,0,0
23918,21038,0,0
23919,21039,0,0
23920,21040,0,0
23921,21041,0,0
23922,21042,0,0
23923,8643,0,0
23924,21043,0,0
23925,21044,0,0
23926,28823,0,0
23927,21045,0,0
23928,21046,0,0
23929,21047,0,0
23930,21048,0,0
23931,21049,0,0
23932,21051,0,0
23933,21053,0,0
23934,21054,0,0
23935,21056,0,0
23936,21057,0,0
23937,21058,0,0
23938,768,0,0
23939,9689,0,0
23940,21059,0,0
23941,23539,0,0
23942,29168,0,0
23943,21061,0,0
23944,21062,500000,0
23945,21063,10000,0
23946,21064,10000,0
23947,21065,500,0
23948,21066,10000,0
23949,21067,0,0
23950,21068,0,0
23951,21069,0,0
23952,21070,0,0
23953,21071,0,0
23954,21072,0,0
23955,21073,0,0
23956,21074,0,0
23957,10569,10000,0
23958,21075,10000,0
23959,21076,0,0
23960,21077,0,0
23961,21078,0,0
23962,21079,0,0
23963,21080,0,0
23964,21081,0,0
23965,21083,3000,0
23966,21084,0,0
23967,21085,0,0
23968,21086,0,0
23969,21087,100000,0
23970,21088,0,0
23971,21089,0,0
23972,21090,0,0
23973,21091,0,0
23974,21092,100000,0
23975,21093,0,0
23976,21094,0,0
23977,21095,0,0
23978,21096,0,0
23979,21097,0,0
23980,21098,0,0
23981,21100,0,0
23982,21102,0,0
23983,21103,0,0
23984,21104,0,0
23985,21105,0,0
23986,21106,0,0
23987,21107,0,0
23988,21108,20000,0
23989,21109,0,0
23990,21110,0,0
23991,21111,0,0
23992,21112,0,0
23993,21113,0,0
23994,21114,0,0
23995,21115,0,0
23996,21116,0,0
23997,21117,0,0
23998,21118,0,0
23999,21119,0,0
24000,21121,0,0
24001,26836,0,0
24002,21122,0,0
24003,29432,0,0
24004,21123,0,0
24005,21124,1500,0
24006,21125,0,0
24007,21126,0,0
24008,21128,0,0
24009,21129,0,0
24010,22826,0,0
24011,21130,0,0
24012,21131,0,0
24013,21132,0,0
24014,21134,0,0
24015,21135,0,0
24016,21137,0,0
24017,21138,0,0
24018,21139,0,0
24019,21140,0,0
24020,21141,0,0
24021,21142,0,0
24022,11059,17,0
24023,21143,17,0
24024,22338,17,0
24025,21144,0,0
24026,21146,0,0
24027,21148,0,0
24028,21149,0,0
24029,21150,255,0
24030,21152,2000,0
24031,21153,0,0
24032,21154,0,0
24033,21155,0,0
24034,21156,0,0
24035,21157,0,0
24036,21158,0,0
24037,21159,0,0
24038,21160,0,0
24039,21161,0,0
24040,21162,0,0
24041,21163,0,160000
24042,21164,0,0
24043,21165,0,0
24044,21166,0,0
24045,21167,0,0
24046,21168,0,0
24047,21169,0,0
24048,21170,0,0
24049,21171,0,0
24050,21172,0,0
24051,21173,0,0
24052,21174,0,0
24053,21175,0,0
24054,21176,0,0
24055,21177,0,0
24056,21178,0,0
24057,21179,0,0
24058,21180,0,0
24059,21181,0,0
24060,21182,0,0
24061,21183,0,0
24062,21184,1300,0
24063,21185,0,0
24064,21187,0,0
24065,21188,0,0
24066,21189,0,0
24067,21190,0,0
24068,21191,0,0
24069,21192,0,0
24070,21193,0,0
24071,21194,0,0
24072,21195,0,0
24073,21196,0,0
24074,21197,0,0
24075,21198,25000,0
24076,21199,0,0
24077,14584,700,0
24078,21200,700,0
24079,21201,0,0
24080,27680,0,0
24081,21202,0,0
24082,21203,280,0
24083,21205,0,0
24084,21206,5000,0
24085,21207,0,0
24086,21208,0,0
24087,21209,0,0
24088,21210,0,0
24089,21211,0,0
24090,21212,0,0
24091,21213,0,0
24092,21214,0,0
24093,21215,0,0
24094,21216,0,0
24095,21217,0,0
24096,21218,0,0
24097,21220,0,0
24098,21222,0,0
24099,21223,0,0
24100,24105,0,0
24101,21225,0,0
24102,21227,0,0
24103,21229,0,0
24104,21230,0,0
24105,21231,0,0
24106,21232,0,0
24107,21233,0,0
24108,21235,0,0
24109,21236,0,0
24110,21237,0,0
24111,21238,0,0
24112,21239,0,0
24113,21240,0,0
24114,21241,0,0
24115,21242,0,0
24116,21243,0,0
24117,21244,0,0
24118,21245,0,0
24119,21246,0,0
24120,21248,0,0
24121,21249,0,0
24122,21250,0,0
24123,21251,0,0
24124,21252,0,0
24125,21253,0,0
24126,21254,0,0
24127,23586,0,0
24128,27418,0,0
24129,21255,0,0
24130,21256,12000,0
24131,21257,14000,0
24132,21258,0,0
24133,21259,0,0
24134,21260,0,0
24135,21261,0,0
24136,21262,0,0
24137,21263,0,0
24138,21264,0,0
24139,21265,0,0
24140,21266,750000,0
24141,21267,0,0
24142,21268,0,0
24143,21269,0,0
24144,21270,0,0
24145,21271,0,0
24146,21272,0,0
24147,21273,0,0
24148,21274,0,0
24149,21275,0,0
24150,21276,0,0
24151,21277,0,0
24152,21278,0,0
24153,21279,0,0
24154,21280,1000,0
24155,21281,0,0
24156,21282,0,0
24157,22143,0,0
24158,21283,0,0
24159,21284,0,943
24160,21285,0,0
24161,21286,0,0
24162,21287,300000,0
24163,21288,0,0
24164,21289,0,0
24165,21290,0,0
24166,21291,0,0
24167,21292,0,0
24168,21293,0,0
24169,21294,0,0
24170,21295,0,0
24171,21296,15000,0
24172,21297,0,0
24173,21299,0,0
24174,21300,0,0
24175,21301,0,0
24176,21302,0,0
24177,21303,0,0
24178,21304,0,0
24179,21305,0,0
24180,21306,2000,0
24181,21307,0,0
24182,29259,0,0
24183,21308,0,0
24184,21309,35,0
24185,21310,0,0
24186,21313,0,0
24187,21314,0,0
24188,838,9,0
24189,2160,9,0
24190,5810,9,0
24191,11859,9,0
24192,15156,9,0
24193,15246,9,0
24194,21052,9,0
24195,21315,9,0
24196,24868,9,0
24197,25721,9,0
24198,29506,9,0
24199,21316,0,0
24200,21317,0,0
24201,21318,480,0
24202,21319,0,0
24203,21320,0,0
24204,21321,0,0
24205,21323,0,0
24206,21324,0,0
24207,21325,70,0
24208,21326,0,0
24209,21327,0,0
24210,21328,0,0
24211,21329,0,0
24212,21330,0,0
24213,21331,0,0
24214,21333,0,0
24215,21334,0,0
24216,21335,0,0
24217,21336,0,0
24218,21337,0,0
24219,21338,0,0
24220,21339,0,0
24221,21340,0,0
24222,21341,0,0
24223,21342,0,0
24224,21343,0,0
24225,21345,0,0
24226,21346,0,0
24227,21347,0,0
24228,21348,0,0
24229,21349,30,0
24230,21350,0,0
24231,21351,2500,0
24232,21352,0,0
24233,21353,0,0
24234,21354,0,0
24235,21355,0,0
24236,21356,0,0
24237,21357,3000,0
24238,21358,0,0
24239,21360,0,0
24240,21361,0,0
24241,21362,0,0
24242,21363,0,116692
24243,21364,0,0
24244,21366,0,0
24245,21367,0,0
24246,21368,0,0
24247,21369,0,0
24248,21370,0,0
24249,21371,0,0
24250,22490,0,0
24251,29472,0,0
24252,29882,0,0
24253,21372,0,0
24254,21373,0,0
24255,21374,16000,0
24256,21375,0,0
24257,21376,0,0
24258,647,0,0
24259,21377,0,0
24260,26730,0,0
24261,21378,0,0
24262,21379,0,0
24263,21381,0,0
24264,21382,0,0
24265,21383,0,0
24266,24190,0,0
24267,21384,0,0
24268,21385,0,0
24269,21386,0,0
24270,21387,0,0
24271,21388,0,0
24272,21390,0,0
24273,21391,0,0
24274,21392,0,0
24275,21393,0,0
24276,21394,0,0
24277,21395,0,0
24278,21396,0,0
24279,21397,0,0
24280,21399,30000,0
24281,21400,0,0
24282,21401,0,0
24283,21402,0,0
24284,21403,0,0
24285,21404,0,0
24286,21405,0,0
24287,21406,0,0
24288,28454,0,0
24289,21407,0,0
24290,21408,0,0
24291,21409,0,0
24292,21410,3000,0
24293,21411,0,0
24294,21412,15000,0
24295,21413,0,0
24296,21414,0,0
24297,21415,10,0
24298,21416,0,0
24299,21417,0,0
24300,21418,0,0
24301,21419,0,0
24302,21420,0,0
24303,21421,1000,0
24304,21422,0,0
24305,3377,90,0
24306,9533,90,0
24307,10327,90,0
24308,11678,90,0
24309,20804,90,0
24310,21423,90,0
24311,21424,0,0
24312,21425,0,0
24313,21426,5000,0
24314,21427,0,0
24315,21429,0,0
24316,21430,0,0
24317,21431,0,0
24318,21432,0,0
24319,442,15000,0
24320,4785,15000,0
24321,8926,15000,0
24322,17162,15000,0
24323,21434,15000,0
24324,24184,15000,0
24325,21435,0,0
24326,21436,5000,0
24327,21437,0,0
24328,21438,0,0
24329,21439,0,0
24330,21440,0,0
24331,21442,0,0
24332,21443,0,0
24333,21444,0,0
24334,21445,0,0
24335,21446,0,0
24336,21447,0,0
24337,21448,0,0
24338,21449,0,0
24339,21450,0,0
24340,21451,0,1593132
24341,21452,0,0
24342,21453,0,0
24343,21454,0,0
24344,21455,0,0
24345,21456,0,0
24346,21457,1000,0
24347,21458,0,0
24348,21460,0,0
24349,21461,0,0
24350,21462,0,0
24351,21463,0,0
24352,21464,0,0
24353,21465,0,0
24354,21466,0,0
24355,21467,0,0
24356,21468,0,0
24357,21469,0,0
24358,21470,0,0
24359,21471,0,0
24360,21472,0,0
24361,21473,0,0
24362,21474,0,0
24363,21475,0,0
24364,21476,0,0
24365,21477,0,0
24366,21478,0,0
24367,21479,0,0
24368,21480,0,0
24369,21481,0,0
24370,21482,0,0
24371,21483,0,0
24372,21484,0,0
24373,21485,0,0
24374,21486,0,0
24375,21487,0,0
24376,21488,10000,10000
24377,21489,0,0
24378,21490,0,0
24379,21491,0,0
24380,21492,0,0
24381,21493,0,0
24382,21494,0,0
24383,21495,0,0
24384,21496,0,0
24385,21497,0,0
24386,21499,0,0
24387,21500,0,0
24388,21501,0,0
24389,21502,0,0
24390,21503,0,0
24391,21504,0,0
24392,21505,0,0
24393,21507,0,0
24394,21508,0,0
24395,21509,0,0
24396,21510,0,0
24397,12544,609,0
24398,18540,609,0
24399,21512,609,0
24400,21513,0,0
24401,21514,0,0
24402,21515,0,0
24403,21516,0,0
24404,21517,0,0
24405,21518,10000,0
24406,21519,0,0
24407,21520,0,0
24408,21521,0,0
24409,21522,0,0
24410,21523,0,0
24411,21524,0,0
24412,21525,0,0
24413,21526,0,0
24414,19675,0,0
24415,21527,0,0
24416,21528,0,0
24417,21529,0,0
24418,21530,0,0
24419,21531,0,0
24420,21532,0,0
24421,21533,0,0
24422,21534,0,0
24423,21535,0,0
24424,21536,0,0
24425,21537,0,0
24426,21538,0,0
24427,21539,0,0
24428,21540,0,0
24429,21541,2000,0
24430,21542,0,0
24431,21543,0,0
24432,21544,0,0
24433,21545,0,0
24434,21547,0,0
24435,21548,0,0
24436,21549,0,0
24437,21550,0,0
24438,21551,0,0
24439,21552,0,0
24440,21553,0,0
24441,21554,0,0
24442,21555,750000,0
24443,21557,100000,0
24444,21558,0,0
24445,21559,0,0
24446,21560,0,0
24447,21561,0,0
24448,21562,0,0
24449,21563,0,0
24450,21565,0,0
24451,21566,0,0
24452,21567,0,0
24453,21568,0,0
24454,21569,0,0
24455,21570,0,0
24456,21572,0,0
24457,21573,450000,0
24458,21574,0,0
24459,21576,0,0
24460,21577,0,0
24461,21578,0,0
24462,21580,0,0
24463,21581,0,0
24464,21582,0,0
24465,21583,0,0
24466,21585,0,0
24467,21586,0,0
24468,7450,0,0
24469,21587,0,0
24470,29939,0,0
24471,21588,0,0
24472,21589,0,0
24473,21590,0,0
24474,21591,0,0
24475,21592,0,0
24476,21593,0,0
24477,21594,0,0
24478,21595,0,0
24479,21596,0,0
24480,21597,0,0
24481,21598,375000,0
24482,24977,375000,0
24483,21599,0,0
24484,21600,0,0
24485,21601,0,0
24486,21602,0,0
24487,21603,0,0
24488,21604,0,0
24489,21605,0,0
24490,21606,0,0
24491,21607,0,0
24492,21608,0,0
24493,21609,0,0
24494,21610,0,0
24495,21611,0,0
24496,21612,0,0
24497,21613,0,0
24498,21614,0,0
24499,21615,0,0
24500,21616,0,0
24501,21617,0,0
24502,21618,0,0
24503,21620,0,0
24504,21621,0,0
24505,21622,0,0
24506,21623,0,0
24507,21624,0,0
24508,21625,0,0
24509,21627,0,0
24510,21628,0,0
24511,21630,0,0
24512,21631,0,0
24513,21632,0,0
24514,21633,10000,0
24515,21634,0,0
24516,21635,0,0
24517,21636,0,0
24518,21637,0,0
24519,21638,0,0
24520,21639,0,0
24521,21640,0,0
24522,21641,0,0
24523,21642,0,0
24524,21643,0,0
24525,21644,0,0
24526,21645,0,0
24527,21647,0,0
24528,21648,0,0
24529,21649,0,0
24530,21650,0,0
24531,22516,0,0
24532,21651,0,0
24533,21652,0,0
24534,21653,0,0
24535,21654,0,0
24536,21655,0,0
24537,21656,0,0
24538,21657,0,0
24539,21658,0,0
24540,21659,400000,0
24541,21660,100000,0
24542,21661,138000,0
24543,21662,0,0
24544,21663,0,0
24545,21664,0,0
24546,21665,0,0
24547,21666,0,0
24548,21667,0,0
24549,21668,0,0
24550,21669,0,0
24551,21670,0,0
24552,21671,0,0
24553,21672,0,0
24554,21673,0,0
24555,10147,6500,0
24556,21675,6500,0
24557,21676,0,0
24558,21677,0,0
24559,21678,0,0
24560,21679,0,0
24561,21680,0,0
24562,21681,0,0
24563,21682,0,2319335
24564,21683,0,0
24565,21684,0,0
24566,21685,0,0
24567,21686,0,0
24568,21687,0,0
24569,21688,0,0
24570,21689,0,0
24571,21690,0,0
24572,21691,0,0
24573,21692,0,0
24574,21693,0,0
24575,21695,0,0
24576,21696,0,0
24577,21697,0,0
24578,21698,0,0
24579,21699,0,0
24580,21700,0,0
24581,21701,0,0
24582,21702,0,0
24583,21703,0,0
24584,21704,0,0
24585,21705,0,0
24586,26168,0,0
24587,21706,0,0
24588,21707,0,0
24589,21708,0,0
24590,21709,0,0
24591,21710,0,0
24592,21711,0,0
24593,21712,0,0
24594,21713,0,0
24595,21714,0,0
24596,21715,0,0
24597,21716,0,0
24598,21717,0,0
24599,21719,0,0
24600,21720,0,0
24601,21721,0,0
24602,21722,0,100000
24603,21724,0,0
24604,21725,0,0
24605,21726,0,0
24606,21727,0,0
24607,21728,0,0
24608,21729,0,0
24609,21731,0,0
24610,21732,0,0
24611,21733,0,0
24612,21734,0,0
24613,21735,0,0
24614,21736,0,0
24615,21737,0,0
24616,21738,1000,600
24617,21739,0,0
24618,21740,0,0
24619,21742,0,0
24620,21743,0,0
24621,21744,0,0
24622,21746,0,0
24623,21747,10000,0
24624,21748,0,0
24625,21749,0,0
24626,21750,0,0
24627,21751,0,0
24628,21752,0,0
24629,21753,0,0
24630,21754,0,0
24631,21755,0,0
24632,21756,0,0
24633,21757,0,0
24634,30955,0,0
24635,21758,0,0
24636,21759,0,0
24637,21760,0,0
24638,21761,0,0
24639,21762,0,0
24640,21763,0,0
24641,21764,0,0
24642,21765,0,0
24643,21766,0,0
24644,21767,0,0
24645,21768,0,0
24646,21771,0,0
24647,21772,0,0
24648,21773,0,0
24649,21774,0,0
24650,21775,0,0
24651,21776,0,0
24652,21777,0,0
24653,21778,0,0
24654,21779,0,0
24655,21780,0,0
24656,21781,0,0
24657,21782,0,0
24658,21783,0,0
24659,26599,0,0
24660,21784,0,0
24661,21785,0,0
24662,21786,0,0
24663,21787,0,0
24664,21788,0,0
24665,21789,0,0
24666,21790,0,0
24667,21791,79,0
24668,21792,0,0
24669,21876,0,0
24670,21793,0,0
24671,21794,0,0
24672,21795,0,0
24673,21796,0,0
24674,21797,0,0
24675,21798,0,0
24676,21799,0,0
24677,21800,0,0
24678,21801,0,0
24679,21802,0,0
24680,21803,0,0
24681,21804,0,0
24682,21874,0,0
24683,21805,0,0
24684,21902,0,0
24685,21806,0,0
24686,21807,0,0
24687,21809,0,0
24688,21811,0,0
24689,21812,0,0
24690,21813,0,0
24691,20255,0,0
24692,21814,0,0
24693,21815,0,0
24694,21816,0,0
24695,21817,0,0
24696,21818,0,0
24697,21819,0,0
24698,21820,0,0
24699,21887,0,0
24700,21821,0,0
24701,21822,0,0
24702,21823,0,0
24703,21824,0,0
24704,21825,0,0
24705,21826,0,0
24706,21827,0,0
24707,21829,0,0
24708,21830,0,0
24709,21831,275,0
24710,21832,0,0
24711,21833,0,0
24712,21834,0,0
24713,21835,0,0
24714,21836,0,0
24715,21837,0,0
24716,21838,0,0
24717,21839,600,0
24718,21840,0,0
24719,21841,0,0
24720,21842,0,0
24721,21843,0,0
24722,21844,0,0
24723,21845,0,0
24724,21846,0,0
24725,21847,0,0
24726,21848,0,0
24727,21849,100000,0
24728,21850,0,0
24729,21851,0,0
24730,21852,0,0
24731,21853,0,0
24732,21854,0,0
24733,21855,0,0
24734,21856,0,0
24735,21857,0,0
24736,21858,0,0
24737,21859,0,0
24738,21860,11915,0
24739,21861,0,0
24740,21862,0,0
24741,21864,0,0
24742,21865,0,0
24743,21866,0,0
24744,21867,0,0
24745,21868,0,0
24746,21869,0,0
24747,21870,0,0
24748,21871,0,0
24749,21872,0,0
24750,21875,0,0
24751,21877,0,0
24752,21879,0,0
24753,21880,0,0
24754,21881,0,0
24755,21882,0,0
24756,21883,0,0
24757,21894,0,0
24758,21884,0,0
24759,21885,0,0
24760,21886,0,0
24761,21888,0,0
24762,21889,0,0
24763,21890,0,0
24764,21891,0,0
24765,21892,0,0
24766,21893,0,0
24767,21895,0,0
24768,21896,0,0
24769,21897,0,0
24770,21898,0,0
24771,21899,0,0
24772,21900,0,0
24773,21901,9000,0
24774,21903,1,0
24775,21904,0,0
24776,21905,0,0
24777,24341,0,0
24778,21907,0,0
24779,21908,0,0
24780,21909,0,0
24781,21910,0,0
24782,21911,0,0
24783,21912,0,0
24784,21913,0,0
24785,21914,0,0
24786,21915,0,0
24787,21916,0,0
24788,21917,0,0
24789,21918,0,0
24790,21919,0,0
24791,21920,0,0
24792,21921,0,0
24793,21922,0,0
24794,21923,0,0
24795,21924,0,0
24796,21925,0,0
24797,21926,0,0
24798,21927,0,0
24799,21928,0,0
24800,21929,0,0
24801,21930,0,0
24802,21932,0,0
24803,21933,0,0
24804,21935,0,0
24805,21936,0,0
24806,21938,0,0
24807,21939,0,0
24808,21940,0,0
24809,21941,0,0
24810,21942,0,0
24811,21943,0,0
24812,21944,15,0
24813,21945,1000,0
24814,21946,0,0
24815,21947,0,0
24816,21948,0,0
24817,21949,0,0
24818,21950,0,0
24819,21951,0,0
24820,21952,0,0
24821,21953,0,0
24822,21954,0,0
24823,21956,0,0
24824,21957,0,0
24825,21958,0,0
24826,3239,0,0
24827,21959,0,0
24828,21960,0,0
24829,21961,0,0
24830,21962,0,0
24831,22047,0,0
24832,21963,0,0
24833,21964,0,0
24834,21965,0,0
24835,21966,0,0
24836,21967,0,0
24837,21968,0,0
24838,21969,300,0
24839,21970,0,0
24840,21971,0,0
24841,21972,0,0
24842,21973,0,0
24843,21974,0,0
24844,21975,0,0
24845,21976,2000,0
24846,21977,0,0
24847,21978,0,0
24848,21979,0,0
24849,21980,0,0
24850,21981,0,0
24851,21982,0,0
24852,21983,0,0
24853,21984,220000,0
24854,21985,0,0
24855,21986,2100,0
24856,21988,0,0
24857,21989,0,0
24858,21990,0,0
24859,21991,0,0
24860,21992,3000,0
24861,21993,0,0
24862,21994,0,0
24863,21995,0,0
24864,21996,0,0
24865,21997,0,0
24866,21998,0,0
24867,21999,0,0
24868,22000,0,0
24869,22001,8500,0
24870,22002,0,0
24871,12865,150,0
24872,22003,150,0
24873,22004,0,0
24874,22005,0,0
24875,22006,0,0
24876,22007,0,0
24877,22008,0,0
24878,22009,0,0
24879,22010,0,0
24880,22011,0,0
24881,22012,0,0
24882,22013,0,0
24883,22014,0,0
24884,22015,0,0
24885,22016,0,0
24886,22017,0,0
24887,22018,0,0
24888,22019,0,0
24889,25552,0,0
24890,22020,0,0
24891,22021,0,0
24892,22022,0,0
24893,22023,0,0
24894,22024,0,0
24895,22025,0,0
24896,22026,0,0
24897,22027,0,0
24898,22028,0,0
24899,22029,0,0
24900,22030,0,0
24901,22031,0,0
24902,22032,0,0
24903,22033,0,0
24904,22034,0,0
24905,22035,0,0
24906,22036,0,0
24907,22037,0,0
24908,22038,10000,0
24909,22039,0,0
24910,22040,0,0
24911,22041,0,0
24912,22042,0,0
24913,22043,0,0
24914,22044,0,0
24915,22045,0,0
24916,22046,5,0
24917,22048,0,0
24918,22049,0,0
24919,22050,0,0
24920,22051,0,0
24921,22052,0,0
24922,22054,0,0
24923,22055,0,0
24924,22056,0,0
24925,22057,0,0
24926,22058,0,0
24927,22060,4700,0
24928,22061,0,0
24929,22062,0,0
24930,22063,0,0
24931,22064,0,0
24932,22065,0,0
24933,22066,0,0
24934,22067,0,0
24935,22068,0,0
24936,22069,0,0
24937,22070,0,0
24938,22071,0,0
24939,22074,0,0
24940,22075,0,0
24941,22076,0,0
24942,22077,10000,0
24943,22078,5000,0
24944,22079,0,0
24945,22081,39000,0
24946,22082,0,0
24947,22083,0,0
24948,22084,0,0
24949,22085,10000,0
24950,22086,0,0
24951,22087,0,0
24952,22089,0,0
24953,22090,0,0
24954,22091,0,0
24955,22093,0,0
24956,22094,0,0
24957,22095,0,0
24958,22096,0,0
24959,22097,0,0
24960,22098,12000,0
24961,22099,0,0
24962,22100,0,0
24963,22101,0,0
24964,22102,0,0
24965,22103,12000,0
24966,22104,0,0
24967,22105,0,0
24968,22106,0,0
24969,22107,0,0
24970,22108,0,0
24971,22109,0,0
24972,29303,0,0
24973,30548,0,0
24974,22110,0,0
24975,22111,0,0
24976,22112,0,0
24977,22113,0,0
24978,22114,0,0
24979,22115,0,0
24980,22117,0,0
24981,22118,0,0
24982,22119,0,0
24983,22120,0,0
24984,22121,0,0
24985,22122,0,0
24986,22123,0,0
24987,22124,0,0
24988,22125,4000,0
24989,22151,4000,0
24990,25963,4000,0
24991,28435,4000,0
24992,22127,0,0
24993,22128,0,0
24994,22129,0,0
24995,29074,0,0
24996,22130,0,0
24997,22132,0,0
24998,22133,0,0
24999,22134,0,0
25000,22135,0,0
25001,22136,0,0
25002,8984,0,0
25003,22137,0,0
25004,22138,0,0
25005,22139,0,0
25006,7175,0,0
25007,22140,0,0
25008,10925,213,0
25009,20663,213,0
25010,22141,213,0
25011,24099,213,0
25012,22142,0,0
25013,21282,50000,0
25014,22143,50000,0
25015,22144,0,0
25016,22145,0,0
25017,22146,0,0
25018,22147,0,0
25019,25238,0,0
25020,26231,0,0
25021,22148,250,0
25022,22149,0,0
25023,22150,0,0
25024,22125,500,0
25025,22151,500,0
25026,25963,500,0
25027,28435,500,0
25028,22152,3000,0
25029,22153,0,0
25030,22154,0,0
25031,22155,0,0
25032,22156,0,0
25033,22157,0,0
25034,22158,0,0
25035,28025,0,0
25036,22159,0,0
25037,22160,0,0
25038,22161,0,0
25039,4181,0,0
25040,22162,0,0
25041,22163,0,0
25042,22164,0,0
25043,22165,0,0
25044,22166,0,0
25045,22167,0,0
25046,22168,0,0
25047,22169,0,0
25048,22170,0,0
25049,22172,0,0
25050,22173,0,0
25051,22174,0,0
25052,22175,0,0
25053,22176,0,0
25054,22177,0,0
25055,22178,5000,0
25056,22179,0,0
25057,22180,0,0
25058,22181,100,0
25059,22183,0,0
25060,22184,0,0
25061,22185,0,0
25062,22186,0,0
25063,22188,0,0
25064,22189,0,0
25065,22190,0,0
25066,22191,0,0
25067,22192,0,0
25068,25672,0,0
25069,22193,0,0
25070,22194,0,0
25071,22195,0,0
25072,22196,0,0
25073,22197,0,0
25074,22198,0,0
25075,22199,0,0
25076,22200,0,0
25077,22201,0,0
25078,22202,3500,0
25079,22203,0,0
25080,22204,0,0
25081,22205,0,0
25082,22206,0,0
25083,22207,50000,0
25084,22208,0,0
25085,22209,0,0
25086,22210,0,0
25087,22211,0,0
25088,22212,0,0
25089,22213,0,0
25090,22214,0,0
25091,22215,0,0
25092,22216,0,0
25093,22217,0,0
25094,22218,0,0
25095,22220,0,0
25096,22221,0,0
25097,22222,0,0
25098,22223,0,0
25099,22224,0,0
25100,22225,0,0
25101,22226,0,0
25102,22227,0,0
25103,22228,0,0
25104,22229,0,0
25105,22230,2000,0
25106,22231,0,0
25107,22232,0,0
25108,22233,0,0
25109,22234,17000,0
25110,26040,17000,0
25111,22235,0,0
25112,22236,0,0
25113,22237,0,0
25114,22238,0,0
25115,22239,760,0
25116,22240,0,0
25117,22241,0,0
25118,22242,0,0
25119,22243,0,0
25120,22245,0,0
25121,22246,3500,0
25122,22247,0,0
25123,22248,0,0
25124,22249,0,0
25125,22250,0,0
25126,22251,0,0
25127,22252,0,0
25128,22253,0,0
25129,22254,0,0
25130,22255,0,0
25131,22256,0,0
25132,22257,0,0
25133,22258,0,0
25134,22259,0,0
25135,22260,0,0
25136,22261,0,0
25137,22263,0,0
25138,22264,0,0
25139,22265,0,0
25140,22266,0,0
25141,22267,0,0
25142,22268,0,0
25143,22269,0,0
25144,6348,0,0
25145,22270,0,0
25146,22271,0,0
25147,22272,0,0
25148,22273,0,0
25149,22275,0,0
25150,22276,0,0
25151,22277,0,0
25152,22279,0,0
25153,22280,0,0
25154,22281,0,0
25155,22282,0,0
25156,22284,0,0
25157,22285,0,0
25158,22286,0,0
25159,22287,0,0
25160,22288,126000,0
25161,22289,0,0
25162,22290,0,0
25163,22291,30000,0
25164,22292,0,0
25165,22293,44000,0
25166,22294,0,0
25167,22295,5000,0
25168,22296,0,0
25169,22297,0,0
25170,22298,0,0
25171,22299,12000,0
25172,22300,10000,0
25173,22301,0,0
25174,22302,0,0
25175,22303,0,0
25176,22304,0,0
25177,22305,0,0
25178,22306,0,0
25179,22307,0,0
25180,22308,150000,0
25181,22309,0,0
25182,22310,0,0
25183,22311,0,0
25184,22312,0,0
25185,22313,0,0
25186,22314,0,0
25187,22315,0,0
25188,22316,0,0
25189,19800,1000,0
25190,22317,1000,0
25191,24059,1000,0
25192,3294,600,0
25193,14876,600,0
25194,22318,600,0
25195,22319,0,0
25196,22320,0,0
25197,22321,0,0
25198,22322,0,0
25199,22323,0,0
25200,22324,0,0
25201,22325,0,0
25202,22327,0,0
25203,22328,0,0
25204,22329,0,0
25205,22330,0,0
25206,22331,0,0
25207,22332,0,0
25208,22333,0,0
25209,22334,0,0
25210,7383,575,0
25211,22335,575,0
25212,22336,0,0
25213,22337,0,0
25214,22339,0,0
25215,22340,0,0
25216,22341,0,0
25217,22342,0,0
25218,22343,0,0
25219,22344,0,0
25220,22345,0,0
25221,22346,0,0
25222,22347,0,0
25223,22348,0,0
25224,22349,0,0
25225,22350,0,0
25226,22351,0,0
25227,22352,0,0
25228,22353,0,0
25229,22354,0,0
25230,22355,0,0
25231,22356,0,0
25232,22357,0,0
25233,22358,0,0
25234,22359,0,0
25235,22360,0,0
25236,22361,0,0
25237,22362,0,0
25238,22363,0,0
25239,22364,0,0
25240,22366,0,0
25241,22367,0,0
25242,22368,0,0
25243,22369,0,0
25244,22370,0,0
25245,22371,0,0
25246,22372,0,0
25247,22374,0,0
25248,22375,0,0
25249,22376,0,0
25250,22377,0,0
25251,22378,0,0
25252,22379,0,0
25253,22380,0,0
25254,25247,0,0
25255,22381,0,0
25256,22382,1500,0
25257,22383,100000,0
25258,22384,0,0
25259,22385,0,0
25260,22386,0,0
25261,22387,0,0
25262,22388,0,0
25263,22389,0,0
25264,22391,0,0
25265,22392,0,0
25266,22393,0,0
25267,22394,0,0
25268,22395,0,0
25269,22396,0,0
25270,22398,0,0
25271,22399,0,0
25272,22400,25000,0
25273,22401,0,0
25274,22402,0,0
25275,22404,0,0
25276,22407,0,0
25277,22409,0,0
25278,22410,0,0
25279,22411,0,0
25280,22412,0,0
25281,22413,0,0
25282,22414,0,0
25283,22415,0,0
25284,22416,0,0
25285,22417,0,0
25286,22418,0,0
25287,22419,0,0
25288,22420,0,0
25289,22421,0,0
25290,22422,0,0
25291,22423,0,0
25292,22424,0,0
25293,22425,0,0
25294,22426,0,0
25295,22427,0,0
25296,22428,0,0
25297,22429,0,0
25298,22430,0,0
25299,22431,0,0
25300,11321,0,0
25301,22432,0,0
25302,22433,0,0
25303,22434,0,0
25304,22435,15000,0
25305,24618,15000,0
25306,22436,7000,0
25307,22437,0,0
25308,30026,0,0
25309,22438,0,0
25310,22439,0,0
25311,22440,0,0
25312,22442,0,0
25313,22443,0,0
25314,25116,0,0
25315,22444,0,0
25316,22446,0,0
25317,22447,0,0
25318,22448,0,0
25319,22449,0,0
25320,22450,55000,0
25321,22451,0,0
25322,22452,2200,0
25323,22453,0,0
25324,22454,0,0
25325,22455,0,0
25326,22456,0,0
25327,22458,0,0
25328,22459,0,0
25329,22460,0,0
25330,22461,0,0
25331,22462,0,0
25332,22464,3500000,0
25333,22465,0,0
25334,22466,0,0
25335,22467,0,0
25336,22468,0,0
25337,22469,0,0
25338,22470,0,0
25339,22471,0,0
25340,22472,500,0
25341,22473,0,0
25342,22568,0,0
25343,22474,0,0
25344,22475,0,0
25345,22476,0,0
25346,22477,6000,0
25347,22478,0,0
25348,22479,0,0
25349,22480,250000,0
25350,22482,0,0
25351,22483,0,0
25352,22484,10000,10000
25353,22485,0,0
25354,22486,0,0
25355,22487,0,0
25356,22489,0,0
25357,22491,0,0
25358,22494,15000,0
25359,22495,0,0
25360,22496,0,0
25361,22497,0,0
25362,22498,0,0
25363,22499,0,0
25364,22500,0,0
25365,22501,0,0
25366,22502,0,0
25367,22503,0,0
25368,22504,0,0
25369,22505,0,0
25370,22506,0,0
25371,22507,0,0
25372,22508,0,0
25373,22509,0,0
25374,22510,0,0
25375,22511,0,0
25376,23881,0,0
25377,22512,100000,0
25378,22513,0,0
25379,22514,0,0
25380,22515,0,0
25381,22517,0,0
25382,12698,2000,0
25383,22518,2000,0
25384,24774,2000,0
25385,26406,2000,0
25386,22520,0,0
25387,22521,0,0
25388,22522,0,0
25389,15153,650,0
25390,22523,650,0
25391,22524,0,0
25392,22525,0,0
25393,22526,200,0
25394,22527,0,0
25395,22528,0,0
25396,22529,0,0
25397,22530,0,0
25398,22531,0,0
25399,22532,0,0
25400,696,5000,0
25401,1805,5000,0
25402,14301,5000,0
25403,16080,5000,0
25404,22533,5000,0
25405,22535,608,0
25406,22536,0,0
25407,22537,0,0
25408,22538,0,0
25409,24714,0,0
25410,22539,0,0
25411,22540,0,0
25412,22542,0,0
25413,22543,2000,0
25414,22545,0,0
25415,8836,0,0
25416,22546,0,0
25417,22547,0,0
25418,22548,0,0
25419,22550,0,0
25420,22551,0,0
25421,22552,0,0
25422,22553,0,0
25423,22554,0,0
25424,22555,0,0
25425,22556,0,0
25426,22557,0,0
25427,14426,350000,0
25428,22558,350000,0
25429,22559,2400,0
25430,22560,0,0
25431,22561,0,0
25432,22562,0,0
25433,22563,0,0
25434,22564,0,0
25435,22565,0,0
25436,22566,0,0
25437,22567,0,0
25438,22569,0,0
25439,22570,0,0
25440,22571,0,0
25441,22572,0,0
25442,22573,0,0
25443,22574,780000,0
25444,22575,0,0
25445,22577,0,0
25446,22578,0,0
25447,22579,0,0
25448,22580,0,0
25449,22581,0,0
25450,22582,0,0
25451,22583,0,0
25452,22584,0,0
25453,22585,0,0
25454,22586,0,0
25455,22587,0,0
25456,22588,0,0
25457,22589,0,0
25458,27424,0,0
25459,27946,0,0
25460,30322,0,0
25461,22590,0,0
25462,22591,0,0
25463,22592,0,0
25464,22593,0,0
25465,22594,0,0
25466,22595,0,0
25467,22596,0,0
25468,22598,0,0
25469,22599,0,0
25470,22600,0,0
25471,22602,0,0
25472,22603,0,0
25473,22604,0,0
25474,22605,0,0
25475,22606,0,0
25476,22607,0,0
25477,22608,0,0
25478,22609,0,0
25479,22610,0,0
25480,22611,0,0
25481,22612,0,0
25482,22613,0,0
25483,22614,200000,0
25484,22615,0,0
25485,22616,0,0
25486,22617,0,0
25487,22618,0,0
25488,22620,0,0
25489,28966,0,0
25490,22621,0,0
25491,22622,0,0
25492,22623,150,0
25493,22624,0,0
25494,22625,0,0
25495,22626,0,0
25496,22628,0,0
25497,22629,0,0
25498,22630,0,0
25499,22631,0,0
25500,22632,0,0
25501,22633,0,0
25502,22634,0,0
25503,22635,0,0
25504,22636,0,0
25505,22637,0,0
25506,22638,45000,0
25507,22639,0,0
25508,22640,0,0
25509,22641,0,0
25510,22642,0,0
25511,22644,0,0
25512,22645,0,0
25513,22646,0,0
25514,22648,0,0
25515,22649,0,0
25516,22650,0,0
25517,22652,0,0
25518,22653,0,0
25519,22654,12000,0
25520,22655,0,0
25521,22656,0,0
25522,22657,0,0
25523,22658,0,0
25524,22659,0,0
25525,22660,0,0
25526,22661,0,0
25527,22662,0,0
25528,22663,0,0
25529,22664,0,0
25530,1336,0,0
25531,22665,0,0
25532,22666,0,0
25533,22669,0,0
25534,690,600,1000
25535,19387,600,1000
25536,20793,600,1000
25537,22670,600,1000
25538,22671,1700,0
25539,22672,1000,0
25540,22673,800,0
25541,22674,0,0
25542,22675,0,0
25543,22676,0,0
25544,22677,0,0
25545,22678,0,0
25546,22679,0,0
25547,22680,0,0
25548,22681,0,0
25549,22683,0,0
25550,22684,0,0
25551,22685,0,0
25552,10829,500,0
25553,18143,500,0
25554,22686,500,0
25555,22687,0,0
25556,22688,0,0
25557,22689,0,0
25558,22690,0,0
25559,22691,0,0
25560,22693,0,0
25561,22694,0,0
25562,22695,0,0
25563,22696,0,0
25564,22697,5,300
25565,22698,0,0
25566,22700,0,0
25567,22702,2000,0
25568,27977,2000,0
25569,22703,0,0
25570,22704,0,0
25571,22705,0,0
25572,22706,0,0
25573,22707,200,0
25574,22708,0,0
25575,22709,0,0
25576,24093,0,0
25577,22710,0,0
25578,22711,0,0
25579,22712,0,0
25580,22713,0,0
25581,22714,0,0
25582,22715,0,0
25583,22716,100,0
25584,22717,0,0
25585,22718,0,0
25586,22719,0,0
25587,22720,0,0
25588,22721,0,0
25589,22722,0,0
25590,22723,10000,0
25591,22724,1500,0
25592,22725,3000,0
25593,22726,0,0
25594,22727,0,0
25595,22729,0,0
25596,22730,2300,0
25597,22731,0,0
25598,22732,30,0
25599,22733,0,0
25600,22734,0,0
25601,22735,0,0
25602,22736,0,0
25603,22737,0,0
25604,22738,0,0
25605,22740,0,0
25606,22741,0,0
25607,22742,0,0
25608,22743,0,0
25609,22744,0,0
25610,22745,0,0
25611,22746,0,0
25612,22747,0,0
25613,22749,0,0
25614,22750,0,0
25615,22751,0,0
25616,22752,0,0
25617,22753,0,0
25618,780,50,0
25619,22754,50,0
25620,22755,0,0
25621,22756,0,0
25622,22757,0,0
25623,22758,0,0
25624,22759,0,0
25625,22760,0,0
25626,22762,0,0
25627,22763,0,0
25628,22764,0,0
25629,22765,0,0
25630,22766,0,0
25631,22767,0,0
25632,22768,0,0
25633,22769,0,0
25634,22770,0,0
25635,22771,0,0
25636,22772,0,0
25637,22773,0,0
25638,22774,0,0
25639,22775,0,0
25640,22776,0,0
25641,22777,0,0
25642,22778,0,0
25643,22779,0,0
25644,22781,0,0
25645,22782,0,0
25646,22783,0,0
25647,24901,0,0
25648,30858,0,0
25649,22784,0,0
25650,22785,0,0
25651,22787,0,0
25652,22788,0,0
25653,22789,0,0
25654,22790,0,0
25655,22791,0,0
25656,22792,0,0
25657,22793,0,0
25658,22794,0,0
25659,26103,0,0
25660,22795,0,0
25661,22796,1000000,0
25662,22797,0,0
25663,22798,0,0
25664,22799,0,0
25665,22800,0,0
25666,22801,0,0
25667,22802,0,0
25668,22803,0,0
25669,22804,0,0
25670,22805,0,0
25671,22806,0,0
25672,22807,0,0
25673,22808,0,0
25674,22809,0,0
25675,22810,0,0
25676,22811,0,0
25677,22812,0,0
25678,22813,0,0
25679,22814,0,0
25680,22815,0,0
25681,26204,0,0
25682,22816,0,0
25683,22817,0,0
25684,2,25000,0
25685,22818,25000,0
25686,24007,25000,0
25687,22819,280000,0
25688,22820,0,0
25689,20547,0,0
25690,22821,0,0
25691,22822,0,0
25692,22823,0,0
25693,22824,0,0
25694,22825,0,0
25695,22828,0,0
25696,22829,0,0
25697,22830,0,0
25698,22831,0,0
25699,22832,0,0
25700,22833,0,0
25701,22834,0,0
25702,22835,0,0
25703,22836,0,0
25704,22837,0,0
25705,22838,0,0
25706,22839,27000,0
25707,22840,0,0
25708,22841,0,0
25709,23603,0,0
25710,22842,0,0
25711,22844,0,0
25712,22845,0,0
25713,22846,0,0
25714,22847,0,0
25715,22849,0,0
25716,22850,0,0
25717,22851,0,0
25718,22852,0,0
25719,22853,150,0
25720,22854,0,0
25721,22856,3700,0
25722,22857,131000,0
25723,22858,0,0
25724,22859,0,0
25725,22860,0,0
25726,22861,0,0
25727,7850,0,0
25728,22862,0,0
25729,22863,0,0
25730,22864,0,0
25731,22865,0,0
25732,22866,0,0
25733,22867,0,0
25734,22868,0,0
25735,22869,0,0
25736,22870,0,0
25737,22871,0,0
25738,22872,0,0
25739,22873,0,0
25740,22874,0,0
25741,22875,0,0
25742,22876,0,0
25743,22877,0,0
25744,22893,0,0
25745,22878,10000,0
25746,22879,0,0
25747,1708,0,0
25748,22880,0,0
25749,22882,0,0
25750,20721,12000,0
25751,22883,12000,0
25752,22884,0,0
25753,22886,0,0
25754,22887,0,0
25755,22888,0,0
25756,22889,0,0
25757,22891,0,0
25758,22892,0,0
25759,22894,0,0
25760,22895,0,0
25761,22897,0,0
25762,22898,0,0
25763,22899,0,0
25764,22900,0,0
25765,22902,0,0
25766,22903,0,0
25767,22904,385000,0
25768,22907,0,0
25769,22908,0,0
25770,22909,0,0
25771,22910,0,0
25772,22911,0,0
25773,22912,0,0
25774,22913,0,0
25775,22914,0,0
25776,22915,0,0
25777,22916,0,0
25778,22917,0,0
25779,22918,0,0
25780,22919,0,0
25781,22920,0,0
25782,23726,0,0
25783,22921,0,0
25784,22922,0,0
25785,22923,0,0
25786,22924,35000,0
25787,22925,15000,0
25788,22926,0,0
25789,22927,100,0
25790,22928,0,0
25791,22929,0,0
25792,22931,0,0
25793,22932,0,0
25794,22933,0,0
25795,22934,0,0
25796,22935,0,0
25797,9788,0,0
25798,22936,0,0
25799,22937,0,0
25800,22938,0,0
25801,22939,0,0
25802,22940,0,0
25803,22941,0,0
25804,22942,0,0
25805,22943,0,0
25806,22944,0,0
25807,22945,2800,0
25808,22946,0,0
25809,22947,0,0
25810,22948,0,0
25811,22949,1000,0
25812,22950,0,0
25813,22952,0,0
25814,22953,0,0
25815,22954,0,0
25816,22955,0,0
25817,22956,1000,0
25818,22957,0,0
25819,22958,0,0
25820,22960,0,0
25821,22961,258,0
25822,22962,0,0
25823,22963,0,0
25824,22964,0,0
25825,22965,0,0
25826,22966,0,0
25827,22967,0,0
25828,22968,0,0
25829,22969,0,0
25830,22970,0,0
25831,22971,0,0
25832,22972,0,0
25833,22973,0,0
25834,22974,0,0
25835,22975,300000,0
25836,22976,0,0
25837,22977,0,0
25838,22978,2000,0
25839,22980,7000,0
25840,22981,0,0
25841,22982,0,0
25842,30870,0,0
25843,22984,0,0
25844,22985,0,0
25845,22986,0,14720
25846,22987,0,0
25847,22988,0,0
25848,22990,0,0
25849,22991,0,0
25850,22992,0,0
25851,22993,0,0
25852,22994,50000,0
25853,22995,0,0
25854,22996,0,0
25855,22997,0,0
25856,22998,0,0
25857,22999,0,0
25858,23000,0,0
25859,23001,50,0
25860,23002,0,0
25861,23003,0,0
25862,23004,0,0
25863,23006,0,0
25864,23007,0,0
25865,23008,0,0
25866,23009,0,0
25867,27873,0,0
25868,23010,0,0
25869,23011,0,0
25870,23012,0,0
25871,23013,25000,0
25872,16450,0,0
25873,23014,0,0
25874,23015,0,0
25875,23016,0,0
25876,23017,0,0
25877,23019,0,0
25878,23020,0,0
25879,23021,0,0
25880,23022,0,0
25881,23023,0,0
25882,23024,0,0
25883,17654,0,0
25884,23025,0,0
25885,23026,0,0
25886,23028,0,0
25887,23029,0,0
25888,23031,0,0
25889,23032,0,0
25890,23033,0,0
25891,23036,0,0
25892,23037,0,0
25893,23038,0,0
25894,23039,0,0
25895,23040,0,0
25896,23041,0,0
25897,23042,0,0
25898,25826,0,0
25899,23043,0,0
25900,23044,0,0
25901,23045,0,0
25902,23047,0,0
25903,23048,0,0
25904,23049,0,0
25905,23050,0,0
25906,23051,0,0
25907,28848,0,0
25908,1372,0,0
25909,11388,0,0
25910,23052,0,0
25911,23053,0,0
25912,1002,0,0
25913,23054,0,0
25914,23055,0,0
25915,23056,0,0
25916,23057,0,0
25917,23058,0,0
25918,23059,0,0
25919,23060,0,0
25920,23061,0,0
25921,23062,0,0
25922,23063,0,0
25923,23064,0,0
25924,23065,0,0
25925,23066,0,0
25926,23067,0,0
25927,23069,0,0
25928,23070,0,0
25929,23071,0,0
25930,23072,2100,0
25931,23075,0,0
25932,23076,0,0
25933,23077,0,0
25934,23078,0,0
25935,23079,0,0
25936,23080,590,0
25937,23081,600,0
25938,23083,0,0
25939,23084,0,0
25940,23085,0,0
25941,23086,0,0
25942,23087,0,0
25943,23088,0,0
25944,23089,0,0
25945,23090,0,0
25946,23092,0,0
25947,23093,0,0
25948,23094,0,0
25949,23095,0,0
25950,23096,60,0
25951,23097,0,0
25952,23098,0,0
25953,23099,0,2
25954,23100,0,0
25955,23101,1118,0
25956,23102,0,0
25957,23103,0,0
25958,23104,6000,0
25959,23106,0,0
25960,23107,0,0
25961,23108,0,0
25962,23109,0,0
25963,23110,0,0
25964,23111,0,0
25965,23112,0,0
25966,23113,100,0
25967,23114,0,0
25968,23116,0,0
25969,23117,1800,0
25970,23118,0,0
25971,23119,0,0
25972,23120,0,0
25973,23121,0,0
25974,23122,0,0
25975,23123,0,0
25976,23124,0,0
25977,23125,416,0
25978,23126,600,0
25979,23127,0,0
25980,23129,0,0
25981,23130,0,0
25982,23132,5,0
25983,23134,0,0
25984,23135,0,0
25985,23136,0,0
25986,23137,200,0
25987,23138,0,0
25988,23139,0,0
25989,29220,0,0
25990,23140,0,0
25991,23141,12,0
25992,23142,0,0
25993,23144,0,0
25994,23145,200000,0
25995,23146,0,0
25996,23148,0,0
25997,23149,0,0
25998,1052,0,0
25999,23150,0,0
26000,23151,21396,0
26001,23152,0,0
26002,23153,0,0
26003,23154,0,0
26004,23156,250000,225000
26005,23157,0,0
26006,23158,0,0
26007,23159,0,0
26008,23160,0,0
26009,23162,0,0
26010,23163,0,0
26011,23164,0,0
26012,23165,0,0
26013,23166,0,0
26014,23167,0,0
26015,23168,0,0
26016,23169,0,0
26017,23170,0,0
26018,23171,0,0
26019,23172,0,0
26020,23173,0,0
26021,23174,0,0
26022,23175,0,0
26023,23176,0,0
26024,23177,0,0
26025,23178,0,0
26026,23180,0,0
26027,23181,0,0
26028,23182,0,0
26029,23183,0,0
26030,23184,31600,39500
26031,23185,0,0
26032,23186,0,0
26033,23187,23700,21330
26034,23188,31600,20540
26035,23189,0,0
26036,23190,23700,20540
26037,23191,0,0
26038,23192,0,0
26039,23193,0,0
26040,23194,0,0
26041,23195,0,0
26042,23196,2000,0
26043,23198,0,0
26044,23199,0,0
26045,23200,0,0
26046,23201,0,0
26047,23202,0,0
26048,23203,0,0
26049,23204,0,0
26050,23206,800,0
26051,23207,0,0
26052,23208,0,0
26053,23209,0,0
26054,10896,10000,0
26055,22885,10000,0
26056,23212,10000,0
26057,23213,50000,0
26058,23214,0,0
26059,23215,0,0
26060,23217,0,0
26061,23218,0,0
26062,23219,0,0
26063,23220,0,0
26064,23221,0,0
26065,23222,10,17
26066,23223,0,0
26067,23224,0,0
26068,23225,0,0
26069,23226,0,0
26070,23227,0,0
26071,23228,0,0
26072,23229,0,0
26073,23230,0,0
26074,23231,0,0
26075,23232,0,0
26076,23234,31320,26622
26077,23235,0,0
26078,23236,195750,12528
26079,23237,2000,0
26080,23238,0,0
26081,23239,0,0
26082,23240,0,0
26083,13285,23505,18412
26084,23241,23505,18412
26085,23242,0,0
26086,23243,39175,32124
26087,23244,31340,27814
26088,23245,47010,83051
26089,23246,0,0
26090,23247,31340,39175
26091,23248,0,0
26092,23249,0,0
26093,23250,0,0
26094,23251,0,0
26095,23252,0,0
26096,23253,0,0
26097,23254,0,0
26098,23255,750000,0
26099,23256,0,0
26100,23257,160000,0
26101,23258,0,0
26102,10547,0,0
26103,23259,0,0
26104,23260,0,0
26105,23261,0,0
26106,23262,0,0
26107,23263,0,0
26108,23264,0,0
26109,23266,0,0
26110,23267,10000,0
26111,25144,10000,0
26112,23268,0,0
26113,23269,0,0
26114,23270,0,0
26115,23271,0,0
26116,23272,0,0
26117,23274,0,0
26118,23275,0,0
26119,23276,0,0
26120,23277,0,0
26121,23278,0,0
26122,23279,0,0
26123,23280,0,0
26124,23281,0,0
26125,23282,0,0
26126,23283,0,0
26127,23284,0,0
26128,23285,0,0
26129,23286,0,0
26130,23287,0,0
26131,23288,0,0
26132,23289,0,0
26133,23290,0,0
26134,23291,0,0
26135,23292,0,0
26136,23293,0,0
26137,23294,200,0
26138,23295,0,0
26139,23296,0,0
26140,23297,0,0
26141,23298,0,0
26142,23299,10000,0
26143,23300,1000,0
26144,23301,300,0
26145,23302,50,0
26146,23303,0,0
26147,23304,0,0
26148,23305,0,0
26149,23306,0,0
26150,23307,2000,0
26151,23308,100,0
26152,23309,0,0
26153,23311,0,0
26154,23312,0,0
26155,23314,0,0
26156,23316,0,0
26157,23317,0,0
26158,23318,0,0
26159,23319,0,0
26160,23320,250,0
26161,23751,250,0
26162,23321,25000,0
26163,23322,0,0
26164,23323,0,0
26165,23324,0,0
26166,23325,0,0
26167,23326,0,0
26168,23327,0,0
26169,23328,0,0
26170,23329,0,0
26171,23330,0,0
26172,23331,0,0
26173,23332,0,0
26174,23333,0,0
26175,23334,0,0
26176,23335,0,0
26177,16562,45,0
26178,22274,45,0
26179,23336,45,0
26180,27986,45,0
26181,23337,0,0
26182,23338,0,0
26183,23340,0,0
26184,23341,0,0
26185,23342,0,0
26186,23343,0,0
26187,23344,0,0
26188,23345,0,0
26189,23346,0,0
26190,23347,0,0
26191,23348,0,0
26192,23349,0,0
26193,23350,0,0
26194,23351,7000,0
26195,23352,0,0
26196,23353,0,0
26197,23354,0,0
26198,23355,0,0
26199,23356,0,0
26200,23357,0,0
26201,23358,0,0
26202,23359,0,0
26203,23360,3053,0
26204,23361,0,0
26205,23362,0,0
26206,2676,0,0
26207,23363,0,0
26208,23364,12000,0
26209,23365,0,0
26210,23366,50,0
26211,23367,0,0
26212,23368,0,0
26213,23369,0,0
26214,23371,0,0
26215,23372,0,0
26216,23373,0,0
26217,23374,0,0
26218,25749,0,0
26219,23375,0,0
26220,23743,0,0
26221,23376,0,0
26222,23377,25000,5000
26223,23378,0,0
26224,23380,0,0
26225,23381,0,0
26226,23382,0,0
26227,23383,0,0
26228,23384,0,0
26229,23385,0,0
26230,2127,0,0
26231,3660,0,0
26232,23386,0,0
26233,23387,0,0
26234,23388,0,0
26235,23389,0,0
26236,23390,0,0
26237,23391,0,0
26238,23392,0,0
26239,23393,0,0
26240,23394,0,0
26241,23395,0,0
26242,23397,0,0
26243,23398,0,0
26244,23399,0,0
26245,23400,0,0
26246,23401,0,0
26247,23402,0,0
26248,23403,0,0
26249,23404,0,0
26250,23406,0,0
26251,23408,0,0
26252,23410,0,0
26253,23411,0,0
26254,23412,0,0
26255,23413,0,0
26256,23414,0,0
26257,23415,0,0
26258,23417,0,0
26259,23421,0,0
26260,23422,0,0
26261,23423,0,0
26262,23424,0,0
26263,23425,0,0
26264,1599,0,0
26265,5999,0,0
26266,23426,0,0
26267,24448,0,0
26268,23427,0,0
26269,23428,0,0
26270,23429,0,0
26271,23430,0,0
26272,23431,0,0
26273,23432,0,0
26274,23433,0,0
26275,23434,0,0
26276,23435,0,0
26277,23436,0,0
26278,23437,0,0
26279,23438,0,0
26280,23439,0,0
26281,23440,0,0
26282,23441,100000,0
26283,23442,0,0
26284,23443,0,0
26285,23444,1500,0
26286,23445,0,0
26287,23448,0,0
26288,23449,0,0
26289,23450,0,0
26290,23451,50,0
26291,2252,0,0
26292,23452,0,0
26293,23453,0,0
26294,23454,0,0
26295,23455,0,0
26296,23456,0,0
26297,23457,0,0
26298,23458,900,0
26299,23459,0,0
26300,23460,0,0
26301,23461,50,0
26302,23462,0,0
26303,23463,50,0
26304,23464,0,0
26305,23465,0,0
26306,23466,0,0
26307,23467,0,0
26308,30542,0,0
26309,23468,0,0
26310,23469,0,0
26311,23470,0,0
26312,18983,3000,0
26313,23471,3000,0
26314,23472,0,0
26315,23473,0,0
26316,23474,0,0
26317,20104,25,25
26318,23475,25,25
26319,23476,0,0
26320,3045,0,0
26321,23477,0,0
26322,27713,0,0
26323,23478,0,0
26324,23479,0,0
26325,23480,0,0
26326,23481,5,0
26327,23482,0,0
26328,23483,400,0
26329,23484,0,0
26330,23485,0,0
26331,23486,0,0
26332,23487,0,0
26333,23488,0,0
26334,23489,0,0
26335,23490,0,0
26336,23491,0,0
26337,23492,0,0
26338,23493,0,0
26339,23494,0,0
26340,23495,0,0
26341,23496,0,0
26342,23497,0,0
26343,23498,0,0
26344,23499,0,0
26345,23500,0,0
26346,23501,1500,0
26347,23502,0,0
26348,23503,0,0
26349,23504,0,0
26350,23505,0,0
26351,23506,0,0
26352,23507,0,0
26353,23508,0,0
26354,23509,1000,0
26355,23510,0,0
26356,23511,0,0
26357,23512,0,0
26358,23513,0,0
26359,23514,0,0
26360,23515,0,0
26361,23517,0,0
26362,23518,0,0
26363,23519,0,0
26364,23520,0,0
26365,23522,0,0
26366,23524,0,0
26367,23525,0,0
26368,23526,0,0
26369,23527,0,0
26370,4400,300,0
26371,15855,300,0
26372,23528,300,0
26373,23530,0,0
26374,23531,0,0
26375,23533,0,0
26376,23534,0,0
26377,23535,0,0
26378,23536,0,0
26379,23537,0,0
26380,23538,0,0
26381,23540,0,0
26382,23541,0,0
26383,23543,0,0
26384,23544,700,0
26385,23545,0,0
26386,23547,0,0
26387,23548,0,0
26388,23549,0,0
26389,23550,0,0
26390,23551,0,0
26391,23552,0,0
26392,23553,0,0
26393,23554,0,0
26394,23555,0,0
26395,23556,0,0
26396,23557,0,0
26397,23558,12,0
26398,23559,0,0
26399,23560,0,0
26400,23561,0,0
26401,23562,0,0
26402,23563,100,0
26403,23564,0,0
26404,23565,0,0
26405,23566,0,0
26406,7228,0,0
26407,23567,0,0
26408,23568,0,0
26409,23569,0,0
26410,23570,0,0
26411,23571,0,0
26412,23572,0,0
26413,23573,0,0
26414,23574,0,0
26415,23575,0,0
26416,23576,0,0
26417,23577,0,0
26418,23578,0,0
26419,23579,0,0
26420,26794,0,0
26421,23580,0,0
26422,23581,0,0
26423,23582,0,0
26424,23583,0,0
26425,23584,0,0
26426,23585,0,0
26427,23587,0,0
26428,23588,0,0
26429,23589,0,0
26430,23590,0,0
26431,23591,0,0
26432,23593,7,0
26433,23594,0,0
26434,23595,0,0
26435,23596,500000,0
26436,23597,0,0
26437,23598,0,0
26438,23599,0,0
26439,29489,0,0
26440,23600,0,0
26441,23601,0,0
26442,23602,0,0
26443,23604,0,0
26444,23605,0,0
26445,23606,0,0
26446,23607,0,0
26447,23608,0,0
26448,23609,0,0
26449,23610,0,0
26450,23611,0,0
26451,23612,0,0
26452,23613,0,0
26453,23614,0,0
26454,23615,0,0
26455,23616,0,0
26456,23617,0,0
26457,23618,0,0
26458,23619,0,0
26459,23620,120000,0
26460,23621,0,0
26461,23622,0,0
26462,23623,0,0
26463,23624,0,0
26464,23625,0,0
26465,23626,0,0
26466,23627,0,0
26467,23628,1500,0
26468,23629,100000,0
26469,23630,0,0
26470,23631,0,0
26471,23632,0,0
26472,23633,0,0
26473,23634,0,0
26474,2847,0,0
26475,23635,0,0
26476,23636,0,0
26477,23637,0,0
26478,23638,0,0
26479,23639,500,0
26480,25739,500,0
26481,23640,0,0
26482,23641,0,0
26483,23642,0,0
26484,23643,0,0
26485,23644,0,0
26486,23645,0,0
26487,23646,0,0
26488,23647,0,0
26489,28795,0,0
26490,23648,76100,0
26491,23649,0,0
26492,23650,0,0
26493,23651,3500,0
26494,23652,0,0
26495,23653,0,0
26496,23654,0,0
26497,23655,12000,24000
26498,23656,0,0
26499,23657,0,0
26500,23658,0,0
26501,23659,0,0
26502,23660,0,0
26503,23661,0,0
26504,23662,0,0
26505,23663,0,0
26506,23664,0,0
26507,23665,0,0
26508,23666,0,0
26509,23667,0,0
26510,27887,0,0
26511,30410,0,0
26512,23668,260,0
26513,23669,0,0
26514,23671,0,0
26515,23672,0,0
26516,23673,0,0
26517,23674,0,0
26518,23675,0,0
26519,23677,0,0
26520,23678,0,0
26521,23679,100,0
26522,23681,0,0
26523,23682,0,0
26524,23683,12,0
26525,23684,0,0
26526,23685,0,0
26527,23686,0,0
26528,23687,0,0
26529,23688,0,0
26530,23689,0,0
26531,23690,0,0
26532,23691,0,0
26533,23692,0,0
26534,23693,0,0
26535,23694,0,0
26536,23695,0,0
26537,23696,1000,0
26538,23697,0,0
26539,23698,0,0
26540,23699,0,0
26541,23700,20000,0
26542,23702,0,0
26543,23703,0,0
26544,23704,0,0
26545,23705,0,0
26546,24292,0,0
26547,23706,0,0
26548,23707,0,0
26549,23708,0,0
26550,23709,0,0
26551,23710,0,0
26552,23711,0,0
26553,23712,0,0
26554,23713,0,0
26555,23714,0,0
26556,23715,0,0
26557,23716,0,0
26558,23717,0,0
26559,23719,0,0
26560,10151,0,0
26561,23720,0,0
26562,23721,0,0
26563,23722,10000,0
26564,23723,0,0
26565,23724,0,0
26566,23725,1500,0
26567,23727,0,0
26568,23728,0,0
26569,23729,0,0
26570,23730,0,0
26571,23731,0,0
26572,23732,0,0
26573,23733,0,0
26574,23734,0,0
26575,23735,0,0
26576,23736,0,0
26577,23737,0,0
26578,23738,0,0
26579,23739,0,0
26580,23740,0,0
26581,23741,0,0
26582,23742,0,0
26583,23744,0,0
26584,23745,0,0
26585,23746,300,0
26586,23747,0,0
26587,23748,0,0
26588,23749,0,0
26589,23750,0,0
26590,23320,0,0
26591,23751,0,0
26592,23753,0,0
26593,23755,0,0
26594,23756,0,0
26595,23758,0,0
26596,23759,0,0
26597,23760,1,0
26598,23761,0,0
26599,23762,0,0
26600,23763,0,0
26601,23764,0,0
26602,23765,0,0
26603,23766,0,0
26604,23767,0,0
26605,23768,0,0
26606,23770,0,0
26607,23772,0,0
26608,23773,0,0
26609,23778,0,0
26610,23779,0,0
26611,23781,0,0
26612,23782,0,0
26613,23783,0,0
26614,23784,0,0
26615,23785,0,0
26616,23786,0,0
26617,23787,0,0
26618,23788,0,0
26619,23789,0,0
26620,23790,0,0
26621,23791,0,0
26622,23792,0,0
26623,23793,0,0
26624,23794,0,0
26625,23795,0,0
26626,23796,0,0
26627,23797,0,0
26628,23798,0,0
26629,23799,0,0
26630,23801,15000,0
26631,23802,300,0
26632,23803,0,0
26633,23805,0,0
26634,23806,0,0
26635,23807,40,0
26636,23809,0,0
26637,23810,0,0
26638,23811,0,0
26639,23812,0,0
26640,23813,0,0
26641,23814,0,0
26642,23816,0,0
26643,23817,150,0
26644,23818,0,0
26645,23819,0,0
26646,23820,0,82446
26647,23821,100,0
26648,23822,300,0
26649,23823,0,0
26650,23824,0,0
26651,23825,0,0
26652,23826,0,0
26653,23827,0,0
26654,23828,0,0
26655,23829,0,0
26656,23830,0,0
26657,23831,0,0
26658,23832,0,0
26659,23834,0,0
26660,23835,0,0
26661,23836,0,0
26662,23837,0,0
26663,23838,0,0
26664,23839,5000,0
26665,23840,0,0
26666,23841,0,0
26667,23842,0,0
26668,23843,0,0
26669,23844,0,0
26670,23845,80000,0
26671,23846,0,0
26672,23847,0,0
26673,23848,0,0
26674,23850,46,0
26675,23851,0,0
26676,23852,0,0
26677,23853,0,0
26678,23854,0,0
26679,23855,0,0
26680,23856,0,0
26681,23857,0,0
26682,25915,0,0
26683,23858,0,0
26684,23859,0,0
26685,23860,0,0
26686,23861,7000,0
26687,23862,0,0
26688,23863,0,0
26689,23864,7000,0
26690,23866,0,0
26691,23867,0,0
26692,23868,0,0
26693,23870,0,0
26694,23871,0,0
26695,23872,0,0
26696,23873,0,0
26697,23874,0,0
26698,23875,0,0
26699,23877,0,0
26700,23879,0,0
26701,23880,0,0
26702,22511,19000,0
26703,23881,19000,0
26704,23883,0,0
26705,23884,0,0
26706,23885,0,0
26707,23886,0,0
26708,23887,0,0
26709,23888,0,0
26710,23889,0,0
26711,23890,0,0
26712,23891,0,0
26713,23892,0,0
26714,23894,0,0
26715,23895,0,0
26716,23896,100000,0
26717,23897,0,0
26718,23899,250000,400000
26719,23900,0,0
26720,23901,0,0
26721,23902,0,0
26722,23903,0,0
26723,23904,0,0
26724,23905,40000,0
26725,23906,0,0
26726,23907,0,0
26727,23909,350000,0
26728,23910,0,0
26729,23911,0,0
26730,23912,0,0
26731,23913,0,0
26732,23914,0,0
26733,23915,0,0
26734,23916,0,0
26735,23917,0,0
26736,23918,0,0
26737,23919,0,0
26738,23920,0,0
26739,23921,0,0
26740,23922,0,0
26741,23923,0,0
26742,23924,0,0
26743,23925,0,0
26744,23926,0,0
26745,23927,0,0
26746,23928,0,0
26747,23929,0,0
26748,23930,0,0
26749,23931,0,0
26750,23933,0,0
26751,23934,0,0
26752,2371,0,0
26753,23935,0,0
26754,23937,0,0
26755,23938,0,0
26756,23939,0,0
26757,23940,0,0
26758,23941,0,0
26759,23942,0,0
26760,23943,0,0
26761,23944,50,0
26762,23945,0,0
26763,23946,0,0
26764,23947,0,0
26765,23948,0,0
26766,23949,0,0
26767,23950,0,0
26768,23951,0,0
26769,23952,3500,0
26770,23953,0,0
26771,23954,0,0
26772,23955,0,0
26773,23956,0,0
26774,23957,0,0
26775,25711,0,0
26776,23958,0,0
26777,23959,0,0
26778,23960,0,0
26779,23961,0,0
26780,23962,0,0
26781,23963,0,0
26782,18575,0,0
26783,23964,0,0
26784,23965,0,0
26785,23966,0,0
26786,23967,0,0
26787,23968,0,0
26788,23969,0,0
26789,23970,0,0
26790,23971,0,0
26791,23972,0,0
26792,23973,0,0
26793,23974,5000,0
26794,23975,0,0
26795,23976,0,0
26796,23977,500,0
26797,23979,0,0
26798,23980,0,0
26799,23981,0,0
26800,23982,0,0
26801,23983,0,0
26802,30506,0,0
26803,23984,0,0
26804,23985,0,0
26805,23986,0,0
26806,23987,0,0
26807,23988,0,0
26808,23989,0,0
26809,23990,0,0
26810,23991,0,0
26811,23992,0,0
26812,23993,0,0
26813,23994,15000,0
26814,23995,0,0
26815,23996,0,0
26816,23997,0,0
26817,23999,0,0
26818,24000,0,0
26819,24001,0,0
26820,24002,0,0
26821,24004,0,0
26822,24005,0,0
26823,24006,0,0
26824,2,800,0
26825,22818,800,0
26826,24007,800,0
26827,24008,0,0
26828,13803,100,0
26829,24009,100,0
26830,28418,100,0
26831,24011,0,0
26832,24012,0,0
26833,24013,752,0
26834,24014,0,0
26835,24015,0,0
26836,24016,0,0
26837,24017,0,0
26838,24018,0,0
26839,24019,0,0
26840,3909,12000,0
26841,24020,12000,0
26842,24021,0,0
26843,24022,6000,0
26844,24023,0,0
26845,24026,0,0
26846,24027,0,0
26847,24028,0,0
26848,24029,0,0
26849,24030,0,0
26850,24031,0,0
26851,24032,0,0
26852,24033,0,0
26853,24034,200,0
26854,24035,0,0
26855,24036,2000,0
26856,24037,0,0
26857,24038,0,0
26858,24039,0,0
26859,24040,1,0
26860,24043,0,0
26861,24044,0,0
26862,27303,0,0
26863,24045,0,0
26864,24046,8000,0
26865,24047,0,0
26866,24048,0,0
26867,24049,0,0
26868,24050,0,0
26869,24052,0,0
26870,24053,0,0
26871,24054,0,0
26872,24055,0,0
26873,24056,0,0
26874,24057,0,0
26875,24058,0,0
26876,24060,0,0
26877,24061,0,0
26878,24062,0,0
26879,24063,0,0
26880,24064,0,0
26881,24065,0,0
26882,24066,0,0
26883,24067,0,0
26884,24068,0,0
26885,24069,0,0
26886,24070,0,0
26887,24071,0,0
26888,24072,0,0
26889,24073,0,0
26890,24074,0,0
26891,24075,0,0
26892,24076,0,0
26893,24077,0,0
26894,24078,0,0
26895,24079,0,0
26896,24080,0,0
26897,24081,0,0
26898,24082,50,0
26899,24083,10000,0
26900,24084,0,0
26901,24085,0,0
26902,24086,0,0
26903,24087,0,0
26904,24088,0,0
26905,24089,0,0
26906,24090,0,0
26907,24091,0,0
26908,24092,0,0
26909,24094,0,0
26910,24095,0,0
26911,24096,0,0
26912,1800,0,0
26913,24097,0,0
26914,29767,0,0
26915,24101,30000,0
26916,24102,0,0
26917,24103,0,0
26918,24104,0,0
26919,24106,0,0
26920,24107,0,0
26921,24108,0,0
26922,24109,0,0
26923,24110,0,0
26924,24111,0,0
26925,24112,0,0
26926,24113,0,0
26927,24114,0,0
26928,24115,0,0
26929,24116,250000,0
26930,24117,0,0
26931,24118,0,0
26932,24119,1000,0
26933,24120,0,0
26934,24121,0,0
26935,24122,0,0
26936,24123,0,0
26937,24124,5000,0
26938,24125,0,0
26939,24127,0,0
26940,24128,0,0
26941,24129,0,0
26942,24130,0,0
26943,8243,0,0
26944,24131,0,0
26945,24132,0,0
26946,24133,0,0
26947,24134,0,0
26948,24135,0,0
26949,24137,0,0
26950,24138,0,0
26951,24139,0,0
26952,26112,0,0
26953,29844,0,0
26954,24140,0,0
26955,24141,1000,0
26956,24143,0,0
26957,24144,0,0
26958,24145,0,0
26959,24146,0,0
26960,11210,50000,0
26961,24147,50000,0
26962,24148,0,0
26963,24149,0,0
26964,24150,10,0
26965,24151,0,0
26966,24152,0,0
26967,24153,6000,0
26968,24154,600,0
26969,24155,0,0
26970,24156,0,0
26971,24157,0,0
26972,24158,40000,0
26973,24160,0,0
26974,24161,0,0
26975,24162,300,0
26976,24163,0,0
26977,24164,100,0
26978,24165,0,0
26979,24166,192,0
26980,24167,0,0
26981,28427,0,0
26982,24168,0,0
26983,24170,0,0
26984,24171,0,0
26985,24172,0,0
26986,24173,0,0
26987,24174,0,0
26988,24175,0,0
26989,24176,0,0
26990,24177,0,0
26991,24179,0,0
26992,24180,0,0
26993,24181,0,0
26994,24182,0,0
26995,24183,0,0
26996,24186,0,0
26997,24187,40000,0
26998,24188,0,0
26999,24189,0,0
27000,24191,0,0
27001,24192,0,0
27002,24193,0,0
27003,24194,0,0
27004,24195,0,0
27005,24196,4000,0
27006,24197,0,0
27007,24198,0,0
27008,24199,1800,0
27009,24200,0,0
27010,24201,0,0
27011,24202,0,0
27012,24203,0,0
27013,24204,0,0
27014,24205,0,0
27015,24207,0,0
27016,24208,0,0
27017,24209,0,0
27018,24210,0,0
27019,24211,0,0
27020,24213,0,0
27021,27796,0,0
27022,24214,0,0
27023,24215,0,0
27024,24216,0,0
27025,24218,0,0
27026,24219,215000,0
27027,24220,0,0
27028,24221,0,0
27029,24222,0,0
27030,24223,0,0
27031,24224,0,0
27032,24225,0,0
27033,24226,0,0
27034,24227,0,0
27035,24228,0,0
27036,24229,0,0
27037,24230,0,0
27038,24231,0,0
27039,24232,0,0
27040,24233,0,0
27041,24234,0,0
27042,24235,0,0
27043,24236,0,0
27044,24237,0,0
27045,24238,0,0
27046,24239,0,0
27047,24240,0,0
27048,24241,0,0
27049,24243,0,0
27050,24244,1500,0
27051,24245,1000,0
27052,24246,0,0
27053,24247,0,0
27054,24248,0,0
27055,24249,0,0
27056,24250,0,0
27057,24251,0,0
27058,24252,0,0
27059,24253,0,0
27060,24254,700,0
27061,24255,0,0
27062,24256,0,0
27063,24257,0,0
27064,24258,0,0
27065,24259,25000,0
27066,24260,0,0
27067,24261,0,0
27068,24262,0,0
27069,24263,102,0
27070,24264,0,0
27071,24265,0,0
27072,24266,0,0
27073,24267,5000,10000
27074,24268,0,0
27075,24269,0,0
27076,24270,0,0
27077,24271,0,0
27078,24272,0,0
27079,24273,0,0
27080,24275,0,0
27081,24276,0,0
27082,24277,0,0
27083,24278,25000,0
27084,24279,0,0
27085,24280,11000,0
27086,24282,0,0
27087,24283,0,0
27088,24284,0,0
27089,24285,0,0
27090,24286,0,0
27091,24287,0,0
27092,24288,0,0
27093,24290,0,0
27094,24293,0,0
27095,24294,0,0
27096,24295,0,0
27097,24296,0,0
27098,14895,0,0
27099,24297,0,0
27100,24298,0,0
27101,24299,0,0
27102,24300,0,0
27103,24301,0,0
27104,24302,0,0
27105,24304,0,0
27106,24305,0,0
27107,24306,0,0
27108,24307,0,0
27109,24308,0,0
27110,24309,0,0
27111,24310,0,0
27112,24311,0,0
27113,4241,150,0
27114,24312,150,0
27115,24313,0,0
27116,20179,0,0
27117,24314,0,0
27118,24315,0,0
27119,24316,0,0
27120,24317,0,0
27121,24318,0,0
27122,24319,0,0
27123,24320,0,0
27124,3324,3000,0
27125,7760,3000,0
27126,24322,3000,0
27127,24323,0,0
27128,24324,0,0
27129,24325,0,0
27130,24326,0,0
27131,24327,10000,0
27132,24328,13000,0
27133,24329,0,0
27134,24330,3000,0
27135,24331,0,0
27136,24332,0,0
27137,24334,0,0
27138,24335,2000,0
27139,24336,0,0
27140,25706,0,0
27141,24337,0,0
27142,24338,20,0
27143,24339,0,0
27144,24340,100000,0
27145,24342,0,0
27146,24343,0,0
27147,24344,0,0
27148,24345,0,0
27149,24346,0,0
27150,24347,2000,0
27151,24348,0,0
27152,24349,0,0
27153,24350,0,0
27154,24351,0,0
27155,24352,0,0
27156,24353,0,0
27157,24355,0,0
27158,24356,0,0
27159,24357,0,0
27160,24358,0,0
27161,24359,0,0
27162,24360,0,0
27163,24361,0,0
27164,24362,0,0
27165,24363,0,0
27166,24364,0,0
27167,24365,0,0
27168,24366,1,0
27169,24367,0,0
27170,24368,0,0
27171,24369,0,0
27172,24370,0,0
27173,24371,0,0
27174,24372,26000,0
27175,24373,0,0
27176,24374,0,0
27177,24375,0,0
27178,24376,0,0
27179,24377,0,0
27180,24378,0,0
27181,24379,0,0
27182,24381,0,0
27183,24382,0,0
27184,24383,0,0
27185,24384,0,0
27186,24385,0,0
27187,24386,0,0
27188,24387,400,0
27189,24388,0,0
27190,24389,0,0
27191,24390,0,0
27192,24392,0,0
27193,24393,0,0
27194,24394,0,0
27195,24395,0,0
27196,24396,0,0
27197,24397,0,0
27198,24398,0,0
27199,24399,0,0
27200,24400,0,0
27201,24401,0,0
27202,4508,106000,0
27203,24402,106000,0
27204,24403,0,0
27205,24404,0,0
27206,24405,0,0
27207,24406,0,0
27208,24407,20,0
27209,24408,0,0
27210,24409,0,0
27211,24410,0,0
27212,24411,0,0
27213,24412,0,0
27214,24413,0,0
27215,24414,0,0
27216,24415,0,0
27217,24416,1000,0
27218,8287,75000,0
27219,24417,75000,0
27220,24418,2000,0
27221,24419,0,0
27222,24420,0,0
27223,24421,0,0
27224,24423,0,0
27225,24424,0,0
27226,24425,0,0
27227,24426,0,0
27228,24427,0,0
27229,24428,500,0
27230,24429,0,0
27231,10766,0,0
27232,24431,0,0
27233,24432,0,0
27234,24433,0,0
27235,24434,7,0
27236,24435,0,0
27237,24437,0,0
27238,24438,0,0
27239,24439,0,0
27240,24440,0,0
27241,24441,0,0
27242,24442,0,0
27243,875,0,0
27244,1564,0,0
27245,24443,0,0
27246,24444,0,0
27247,24445,30,0
27248,24446,0,0
27249,24447,0,0
27250,24449,0,0
27251,24450,0,0
27252,24451,0,0
27253,24452,0,0
27254,24453,0,0
27255,24455,0,0
27256,24456,0,0
27257,24458,0,0
27258,24459,0,0
27259,24460,5600,0
27260,24461,0,0
27261,24462,0,0
27262,24463,0,0
27263,24464,0,0
27264,24465,0,0
27265,24466,0,0
27266,24467,0,0
27267,24468,0,0
27268,829,0,0
27269,24469,0,0
27270,24470,0,0
27271,24471,0,0
27272,24472,0,49853
27273,24473,0,0
27274,24476,0,0
27275,24477,0,0
27276,24478,0,0
27277,24479,0,0
27278,24480,0,0
27279,24482,0,0
27280,24483,1,0
27281,24484,200,0
27282,24485,0,0
27283,27816,0,0
27284,24486,1,0
27285,12129,0,0
27286,24488,0,0
27287,24489,5,0
27288,24490,0,0
27289,24491,0,0
27290,24492,0,0
27291,24493,600,0
27292,24494,0,0
27293,26855,0,0
27294,24495,0,0
27295,24496,0,0
27296,24497,0,0
27297,24498,0,0
27298,24499,0,0
27299,24500,0,0
27300,24855,0,0
27301,24501,5000,0
27302,24502,0,0
27303,24503,0,0
27304,24504,0,0
27305,24505,0,0
27306,27675,0,0
27307,30923,0,0
27308,24506,0,0
27309,25790,0,0
27310,28081,0,0
27311,24508,0,0
27312,24509,0,0
27313,24510,0,0
27314,27992,0,0
27315,29094,0,0
27316,24511,0,0
27317,24512,0,0
27318,24513,0,0
27319,24514,0,0
27320,24515,0,0
27321,24516,0,0
27322,24517,0,0
27323,24519,6700,0
27324,24520,0,0
27325,24521,0,0
27326,24522,0,0
27327,24523,0,0
27328,24524,4000,10
27329,24525,0,0
27330,24526,0,0
27331,24527,0,0
27332,24528,0,0
27333,24529,0,0
27334,24530,0,0
27335,24532,0,0
27336,24534,0,0
27337,24535,0,0
27338,24536,0,0
27339,24537,0,0
27340,24539,0,0
27341,24540,0,0
27342,24541,25000,0
27343,24542,0,0
27344,24543,100000,0
27345,24544,13000,0
27346,24545,300000,0
27347,24547,0,0
27348,24548,0,0
27349,24549,0,0
27350,24550,0,0
27351,24551,0,0
27352,24552,0,0
27353,24553,1,1
27354,24555,0,0
27355,24556,0,0
27356,24557,0,0
27357,24558,0,0
27358,24559,0,0
27359,24560,0,0
27360,24561,0,0
27361,24562,0,0
27362,24563,0,0
27363,24564,0,0
27364,24565,0,0
27365,24566,0,0
27366,24567,0,0
27367,24568,0,0
27368,24569,0,0
27369,24570,0,0
27370,24571,0,0
27371,24572,0,0
27372,24573,0,0
27373,24574,0,0
27374,24575,0,0
27375,24576,45,0
27376,24577,0,0
27377,24579,1000,0
27378,24581,0,0
27379,24582,0,0
27380,24584,0,0
27381,24585,0,0
27382,24586,0,0
27383,24587,0,0
27384,24588,0,0
27385,24590,300,0
27386,24591,0,0
27387,3848,0,0
27388,24592,0,0
27389,24594,0,0
27390,24595,5000,0
27391,24596,0,0
27392,24597,0,0
27393,24599,0,0
27394,24600,0,0
27395,24601,0,0
27396,24602,0,0
27397,24603,0,0
27398,24604,0,0
27399,24606,0,0
27400,24607,2000,0
27401,24608,0,0
27402,24609,100,0
27403,24610,0,0
27404,24612,0,0
27405,24613,0,0
27406,24614,0,0
27407,24615,0,0
27408,24616,0,0
27409,24617,0,0
27410,22435,0,0
27411,24618,0,0
27412,24619,0,0
27413,24620,0,0
27414,24621,0,0
27415,29367,0,0
27416,24622,0,0
27417,24624,4000,0
27418,24625,0,0
27419,24626,0,0
27420,24627,0,0
27421,24628,0,0
27422,24629,600,0
27423,24630,50000,0
27424,24631,0,0
27425,24632,0,0
27426,24633,58303,67205
27427,24634,69,0
27428,24635,0,0
27429,24636,0,0
27430,24637,0,0
27431,2610,500,0
27432,24638,500,0
27433,24639,0,0
27434,5680,40000,0
27435,24642,40000,0
27436,24643,0,0
27437,24644,0,0
27438,24645,0,0
27439,24646,0,0
27440,24648,0,0
27441,24649,0,0
27442,24650,0,0
27443,24651,0,0
27444,24652,0,0
27445,24653,0,0
27446,24655,0,0
27447,24656,10,0
27448,24657,0,0
27449,24658,0,0
27450,24659,0,0
27451,24660,1500,0
27452,24662,0,0
27453,24663,0,0
27454,24664,0,0
27455,24665,0,0
27456,24666,0,0
27457,24667,0,0
27458,24668,0,0
27459,24669,0,0
27460,24670,0,0
27461,24671,0,0
27462,24672,0,0
27463,24674,3500,0
27464,24676,200,0
27465,24677,28,0
27466,24679,15,30
27467,24680,0,0
27468,24682,0,0
27469,24683,500,0
27470,24684,0,0
27471,24685,0,0
27472,24686,0,0
27473,24687,0,0
27474,24689,0,0
27475,195,10000,0
27476,5678,10000,0
27477,16378,10000,0
27478,24690,10000,0
27479,24692,0,0
27480,24693,0,0
27481,24694,2500,0
27482,24695,0,0
27483,24696,0,0
27484,24697,0,0
27485,24698,0,0
27486,24699,0,0
27487,24700,0,0
27488,24701,0,0
27489,24702,0,0
27490,24703,0,0
27491,24704,0,0
27492,24705,0,0
27493,24706,0,0
27494,25773,0,0
27495,24707,0,0
27496,24708,0,0
27497,24709,0,0
27498,24710,0,0
27499,24711,0,0
27500,24712,0,0
27501,24713,0,0
27502,24715,0,0
27503,24717,0,0
27504,24718,0,0
27505,2997,500,0
27506,3318,500,0
27507,24719,500,0
27508,24720,0,0
27509,24722,0,0
27510,24723,0,0
27511,24724,1000,0
27512,24725,27000,0
27513,24726,17000,0
27514,24727,3000,0
27515,24728,0,0
27516,24729,0,0
27517,24730,0,0
27518,24731,0,0
27519,24732,0,0
27520,24733,0,0
27521,24734,1000,0
27522,24735,0,0
27523,24736,0,0
27524,24737,0,0
27525,24738,0,0
27526,24739,0,0
27527,24740,0,0
27528,24741,0,0
27529,24742,0,0
27530,24743,11000,0
27531,24744,0,0
27532,24745,2200,0
27533,24746,0,0
27534,24747,0,0
27535,24748,0,0
27536,24749,0,0
27537,24750,0,0
27538,24751,50,0
27539,24752,10000,0
27540,3831,60,0
27541,24753,60,0
27542,24754,0,0
27543,24755,0,0
27544,24756,3000,0
27545,24757,0,0
27546,24758,0,0
27547,29372,0,0
27548,24760,0,0
27549,24761,0,0
27550,24762,0,0
27551,24763,0,0
27552,24764,0,0
27553,24765,0,0
27554,12634,1000,0
27555,24766,1000,0
27556,24767,0,0
27557,20644,15000,0
27558,24768,15000,0
27559,24769,0,0
27560,24771,0,0
27561,24772,0,0
27562,24773,0,0
27563,24775,0,0
27564,24776,0,0
27565,24777,0,0
27566,24778,0,0
27567,24779,0,0
27568,24780,2000,0
27569,24781,0,0
27570,24782,0,0
27571,24783,0,0
27572,24784,0,0
27573,24785,0,0
27574,1338,0,0
27575,24786,0,0
27576,24787,0,0
27577,24789,0,0
27578,24790,0,0
27579,24791,0,0
27580,24792,0,0
27581,24794,0,0
27582,24795,0,0
27583,24796,0,0
27584,24797,0,0
27585,24798,0,0
27586,24800,0,0
27587,24801,0,0
27588,24802,0,0
27589,24803,0,30217
27590,24805,0,0
27591,24806,0,0
27592,24807,0,0
27593,24808,0,0
27594,26843,0,0
27595,24809,0,0
27596,24810,0,0
27597,24811,200,0
27598,24812,0,0
27599,24814,0,0
27600,24815,0,0
27601,24816,0,0
27602,24817,0,0
27603,24818,25058,0
27604,24819,0,0
27605,24820,114,0
27606,24821,0,0
27607,24822,6257,0
27608,24823,0,0
27609,24824,0,0
27610,24825,0,0
27611,24826,0,0
27612,24827,0,0
27613,24828,0,0
27614,24829,0,0
27615,24830,0,0
27616,24831,0,0
27617,24832,0,0
27618,24833,0,0
27619,24834,0,0
27620,24835,0,0
27621,24836,0,0
27622,24837,0,0
27623,24838,0,0
27624,24839,0,0
27625,24840,0,0
27626,24841,0,0
27627,24842,0,0
27628,24843,0,0
27629,24844,0,0
27630,24845,0,0
27631,24846,350,550
27632,24847,1200,0
27633,24848,0,0
27634,24849,0,0
27635,24850,188,0
27636,24851,0,0
27637,24852,0,0
27638,24853,0,0
27639,24854,0,0
27640,24856,0,0
27641,24857,0,0
27642,24858,0,0
27643,24859,0,0
27644,24860,0,0
27645,24861,0,0
27646,28762,0,0
27647,24862,0,0
27648,24863,0,0
27649,24865,25000,0
27650,24866,0,0
27651,24867,0,0
27652,24869,0,0
27653,24870,0,0
27654,24871,0,0
27655,24872,0,0
27656,24873,280,0
27657,24874,0,0
27658,24875,100000000,0
27659,24876,0,0
27660,24877,0,0
27661,24878,0,0
27662,17998,0,0
27663,24879,0,0
27664,24880,0,0
27665,24881,0,0
27666,4640,7000,0
27667,5743,7000,0
27668,12565,7000,0
27669,13098,7000,0
27670,24882,7000,0
27671,24883,0,0
27672,24885,0,0
27673,24886,100,0
27674,24887,0,0
27675,24888,0,0
27676,24889,0,0
27677,24890,0,0
27678,24891,0,0
27679,24892,0,0
27680,24893,0,0
27681,24894,0,0
27682,24895,0,0
27683,24896,18618,0
27684,24898,0,0
27685,24899,0,0
27686,25248,0,0
27687,24900,0,0
27688,22783,15,175
27689,24901,15,175
27690,30858,15,175
27691,24902,0,0
27692,24903,0,0
27693,24904,748,850
27694,24905,0,0
27695,24906,0,0
27696,24907,0,0
27697,24908,3000,0
27698,24909,0,0
27699,24910,13000000,13000000
27700,24911,0,0
27701,24912,0,0
27702,24913,0,0
27703,24914,0,0
27704,24915,0,0
27705,24916,1200,0
27706,24917,0,0
27707,24918,0,0
27708,24919,25000,0
27709,24920,0,0
27710,24921,1200,0
27711,24922,75,0
27712,24923,0,0
27713,24924,0,0
27714,24925,0,0
27715,24927,100000,0
27716,24928,0,0
27717,24929,0,0
27718,24930,3000,0
27719,24931,0,0
27720,30429,0,0
27721,24932,0,0
27722,24933,25000,0
27723,24934,0,0
27724,24935,0,0
27725,24936,0,0
27726,24938,0,0
27727,24939,260,0
27728,24940,0,0
27729,24942,0,0
27730,24943,0,0
27731,24944,0,0
27732,24945,250,0
27733,24946,29000,0
27734,24947,0,0
27735,24948,337,0
27736,24949,0,0
27737,24950,0,0
27738,1535,0,0
27739,24951,0,0
27740,24952,0,0
27741,24953,0,0
27742,24954,0,0
27743,24955,0,0
27744,24956,0,0
27745,24957,0,0
27746,24959,25000,0
27747,24960,0,0
27748,24961,0,0
27749,24962,0,0
27750,24963,0,0
27751,24964,0,0
27752,24965,0,0
27753,24966,0,0
27754,24967,100,0
27755,24969,0,0
27756,24970,0,0
27757,24971,500,0
27758,24972,0,0
27759,24973,0,0
27760,24974,0,0
27761,24975,0,0
27762,24976,0,0
27763,21598,0,0
27764,24977,0,0
27765,3321,5000,0
27766,17706,5000,0
27767,24978,5000,0
27768,24979,0,0
27769,24980,0,0
27770,24981,0,0
27771,24983,0,0
27772,3987,1,0
27773,6974,1,0
27774,7647,1,0
27775,13281,1,0
27776,13785,1,0
27777,13850,1,0
27778,13918,1,0
27779,18798,1,0
27780,19111,1,0
27781,22365,1,0
27782,22457,1,0
27783,24984,1,0
27784,24985,0,0
27785,24986,24000,0
27786,24987,0,0
27787,24988,0,0
27788,24989,0,0
27789,24990,22000,0
27790,24991,10000,0
27791,24992,0,0
27792,24993,0,0
27793,24994,0,0
27794,24995,0,0
27795,24996,0,0
27796,24997,0,0
27797,24998,0,0
27798,24999,0,0
27799,25000,700,45
27800,26928,700,45
27801,25001,0,0
27802,25002,0,0
27803,25003,0,0
27804,25004,0,0
27805,25005,0,0
27806,25006,0,0
27807,25007,0,0
27808,25008,0,0
27809,25009,5000,0
27810,25010,0,0
27811,25011,0,0
27812,25012,0,0
27813,25013,0,0
27814,25014,0,0
27815,25015,3,0
27816,25016,46,5
27817,25017,0,0
27818,25018,0,0
27819,25019,0,0
27820,25020,0,0
27821,25021,0,0
27822,25022,0,0
27823,25023,0,0
27824,25025,0,0
27825,25026,0,0
27826,25027,0,0
27827,25028,0,0
27828,25029,0,0
27829,18197,700,0
27830,25030,700,0
27831,3272,200,0
27832,16800,200,0
27833,17118,200,0
27834,24583,200,0
27835,25031,200,0
27836,25032,2500,0
27837,25033,0,0
27838,25034,2500,0
27839,25035,0,0
27840,25036,0,0
27841,25037,0,0
27842,25038,0,0
27843,25039,0,0
27844,17648,0,0
27845,25040,0,0
27846,25042,0,0
27847,25043,0,0
27848,25044,0,0
27849,25045,0,0
27850,25046,0,0
27851,25047,0,0
27852,25048,0,0
27853,25049,0,0
27854,25050,0,0
27855,25051,0,0
27856,25052,0,0
27857,25053,0,0
27858,25054,0,0
27859,25055,0,0
27860,25056,0,0
27861,25057,0,0
27862,25058,0,0
27863,25059,0,0
27864,25060,0,0
27865,25061,0,0
27866,25062,0,0
27867,25063,0,0
27868,25064,0,0
27869,25065,0,0
27870,25066,0,0
27871,25067,0,0
27872,25068,0,0
27873,25069,0,0
27874,25070,0,0
27875,27374,0,0
27876,25071,0,0
27877,25072,0,0
27878,25073,0,0
27879,25074,0,0
27880,25075,0,0
27881,25076,0,0
27882,25078,0,0
27883,25079,0,0
27884,25080,0,0
27885,25081,0,0
27886,25082,0,0
27887,4370,0,221774
27888,25083,0,221774
27889,25084,30000,0
27890,25085,5000,0
27891,25086,5,0
27892,25087,0,0
27893,25088,0,0
27894,25089,10000,0
27895,25090,0,0
27896,25091,0,0
27897,25092,25000,0
27898,17722,2700,0
27899,25093,2700,0
27900,25094,0,0
27901,25095,0,0
27902,25096,0,0
27903,25097,0,0
27904,25098,165000,0
27905,25099,0,0
27906,25100,2365,0
27907,25102,0,0
27908,25103,0,0
27909,25104,0,0
27910,25105,0,0
27911,25106,0,0
27912,25107,0,0
27913,25108,0,0
27914,25109,0,0
27915,25111,1400,0
27916,25112,0,0
27917,25114,0,0
27918,25115,0,0
27919,22443,8000,0
27920,25116,8000,0
27921,25117,0,0
27922,25118,0,0
27923,25120,0,0
27924,25121,0,0
27925,25122,0,0
27926,25123,0,0
27927,25124,0,0
27928,25125,0,0
27929,25126,0,0
27930,25127,0,0
27931,25128,0,0
27932,25129,0,0
27933,25130,1230,0
27934,25131,0,0
27935,25132,0,0
27936,25133,0,0
27937,25134,0,0
27938,25136,0,0
27939,25137,0,0
27940,25139,0,0
27941,25140,0,0
27942,25141,0,0
27943,25143,0,0
27944,23267,0,0
27945,25144,0,0
27946,25145,0,0
27947,25146,0,0
27948,25147,0,0
27949,25148,0,0
27950,25149,0,0
27951,25150,0,0
27952,25152,0,0
27953,25153,0,0
27954,25154,0,0
27955,25155,0,0
27956,25156,0,0
27957,25157,0,0
27958,25158,0,0
27959,25159,0,0
27960,25160,0,0
27961,25161,0,0
27962,25162,7000,0
27963,25163,0,0
27964,25164,0,0
27965,25165,4000,0
27966,25166,0,0
27967,25167,0,0
27968,25168,0,0
27969,25169,0,0
27970,25170,0,0
27971,25171,0,0
27972,25172,20000,0
27973,25173,45000,0
27974,25174,0,0
27975,6527,300,0
27976,17276,300,0
27977,25175,300,0
27978,25176,0,0
27979,25177,0,0
27980,25178,0,0
27981,25179,0,0
27982,25180,500,0
27983,25181,0,0
27984,25182,0,0
27985,25183,0,0
27986,29356,0,0
27987,25184,0,0
27988,25185,0,0
27989,25186,0,0
27990,25187,0,0
27991,25188,0,0
27992,25189,0,0
27993,25190,0,0
27994,25191,50,0
27995,25192,0,0
27996,25193,0,0
27997,25195,0,0
27998,25196,0,0
27999,25197,0,0
28000,25198,0,0
28001,25199,0,0
28002,25200,0,0
28003,27672,0,0
28004,25201,0,0
28005,25202,6800,0
28006,25203,0,0
28007,25204,0,0
28008,25205,500,0
28009,25206,0,0
28010,25207,0,0
28011,25208,0,0
28012,10685,10000,0
28013,25209,10000,0
28014,25210,0,0
28015,25212,0,0
28016,25213,15000,0
28017,25214,0,0
28018,25215,0,0
28019,25217,250,0
28020,25218,0,0
28021,25219,0,0
28022,25220,0,0
28023,25221,0,0
28024,25223,0,0
28025,25224,0,0
28026,25225,0,0
28027,25226,0,0
28028,25227,0,0
28029,25228,0,0
28030,25229,0,0
28031,29036,0,0
28032,25230,0,0
28033,25231,0,0
28034,25232,0,0
28035,25233,0,0
28036,25235,0,0
28037,29491,0,0
28038,25236,58000,0
28039,1902,0,0
28040,25237,0,0
28041,25239,0,0
28042,20151,3000,0
28043,25240,3000,0
28044,26389,3000,0
28045,27714,3000,0
28046,25242,2000,0
28047,25244,0,0
28048,25245,0,0
28049,25246,25500,0
28050,25249,0,0
28051,25250,0,0
28052,25251,0,0
28053,25252,0,0
28054,25254,0,0
28055,25255,0,0
28056,25257,0,0
28057,25258,0,0
28058,25259,50,0
28059,25261,0,0
28060,25262,0,0
28061,25263,0,0
28062,25264,0,0
28063,25265,0,0
28064,25266,0,0
28065,25267,0,0
28066,25268,0,0
28067,25269,0,0
28068,25270,0,0
28069,25271,10000,0
28070,25272,0,0
28071,25273,0,0
28072,25274,0,0
28073,25275,0,0
28074,25276,0,0
28075,25277,0,0
28076,25278,0,0
28077,25279,0,0
28078,25280,0,0
28079,25282,0,0
28080,25283,0,0
28081,25284,0,0
28082,25285,0,0
28083,25286,0,0
28084,25287,0,0
28085,25288,0,0
28086,25290,0,0
28087,25291,0,0
28088,25292,0,0
28089,25293,0,0
28090,25294,0,0
28091,25296,20,0
28092,25297,0,0
28093,25298,0,0
28094,848,0,0
28095,25299,0,0
28096,25300,0,0
28097,25301,0,0
28098,25302,0,0
28099,25304,0,0
28100,25305,0,0
28101,25306,0,0
28102,25307,1000,0
28103,26856,1000,0
28104,25308,80000,0
28105,25309,0,0
28106,25310,0,0
28107,25311,0,0
28108,25313,0,0
28109,25314,0,0
28110,25315,0,0
28111,25316,0,0
28112,25319,0,0
28113,25320,0,0
28114,25321,0,0
28115,25322,0,0
28116,13023,0,0
28117,25323,0,0
28118,25324,0,0
28119,25325,0,0
28120,25326,25000,0
28121,25327,0,0
28122,25328,0,0
28123,25329,0,0
28124,25330,0,0
28125,25331,0,0
28126,25332,0,0
28127,25333,0,0
28128,25334,0,0
28129,25335,0,0
28130,25336,200,0
28131,25337,0,0
28132,25338,0,0
28133,25339,0,0
28134,25340,0,0
28135,25341,0,0
28136,25342,0,0
28137,25343,0,0
28138,25344,0,0
28139,25345,0,0
28140,25346,0,0
28141,25347,0,0
28142,25348,0,0
28143,25349,0,0
28144,25350,0,0
28145,25352,15000,0
28146,25353,0,0
28147,25354,0,0
28148,25355,0,0
28149,25356,0,0
28150,25357,0,0
28151,25358,0,0
28152,25359,0,0
28153,25360,0,0
28154,25361,0,0
28155,25362,0,0
28156,25363,0,0
28157,25365,1100,0
28158,25366,0,0
28159,25367,0,0
28160,25368,0,0
28161,25369,0,0
28162,25370,0,0
28163,25371,0,0
28164,25372,0,0
28165,25373,0,0
28166,25374,0,0
28167,25375,15000,0
28168,25376,0,0
28169,25377,0,0
28170,25378,0,0
28171,25379,0,0
28172,25380,0,0
28173,25381,0,0
28174,25382,0,0
28175,25383,0,0
28176,25384,0,0
28177,25385,0,0
28178,25386,0,0
28179,25387,0,0
28180,25388,0,0
28181,25389,0,0
28182,25390,0,0
28183,25391,0,0
28184,25393,0,0
28185,25394,0,0
28186,25395,50000,0
28187,25396,0,0
28188,25397,0,0
28189,25398,1000,0
28190,25399,0,0
28191,25400,0,0
28192,25401,150,0
28193,25402,0,0
28194,25403,0,0
28195,25404,597,0
28196,25405,0,0
28197,25406,800,0
28198,25408,0,0
28199,25409,0,0
28200,25410,0,0
28201,25411,5000,0
28202,25412,0,0
28203,25413,562,0
28204,25414,6000,0
28205,25415,0,0
28206,25416,0,0
28207,25417,0,0
28208,25418,2000,0
28209,25419,8000,0
28210,25420,0,0
28211,25421,0,0
28212,25422,0,0
28213,25423,0,0
28214,25424,0,0
28215,25425,0,0
28216,25426,0,0
28217,25427,10000,0
28218,25428,0,0
28219,25429,0,0
28220,25430,0,0
28221,25431,0,0
28222,25432,0,0
28223,25433,0,0
28224,25434,1,1
28225,25435,0,0
28226,2359,0,0
28227,25436,0,0
28228,25437,0,0
28229,25438,0,0
28230,25439,0,0
28231,25440,0,0
28232,25441,0,0
28233,25442,600,0
28234,25443,350,0
28235,25444,0,0
28236,25446,0,0
28237,25447,0,0
28238,25448,0,0
28239,25449,0,0
28240,25450,800,0
28241,25451,0,0
28242,25452,0,0
28243,25453,0,0
28244,25454,0,0
28245,25455,0,0
28246,25456,0,0
28247,25457,5000,0
28248,25458,0,0
28249,797,0,0
28250,25459,0,0
28251,25460,0,0
28252,25461,0,0
28253,25462,0,0
28254,25463,0,0
28255,25464,0,0
28256,25465,0,0
28257,25467,0,0
28258,25468,0,0
28259,25469,409,0
28260,25470,0,0
28261,25471,0,0
28262,25472,0,0
28263,25473,0,0
28264,25474,0,0
28265,25475,0,0
28266,25476,0,0
28267,25477,0,0
28268,25478,0,0
28269,25479,200000,0
28270,25480,0,0
28271,25481,300,0
28272,25482,2500,0
28273,25483,0,0
28274,25484,0,0
28275,25485,0,0
28276,25486,0,0
28277,25487,0,0
28278,4852,0,0
28279,25488,0,0
28280,25489,0,0
28281,25490,0,0
28282,25491,0,0
28283,25492,0,0
28284,25493,0,0
28285,25494,75,0
28286,25495,0,0
28287,25496,0,0
28288,25497,0,0
28289,25498,0,0
28290,25501,0,0
28291,11663,100,0
28292,25502,100,0
28293,25503,0,0
28294,25504,0,0
28295,25506,0,0
28296,25508,1000,0
28297,25509,0,0
28298,25510,0,0
28299,25511,5000,0
28300,25512,0,0
28301,25513,0,0
28302,25514,0,0
28303,25515,0,0
28304,25516,0,0
28305,25517,0,0
28306,25518,0,0
28307,25519,0,0
28308,25520,0,0
28309,25521,0,0
28310,25522,0,0
28311,25523,0,0
28312,25524,0,0
28313,25525,0,0
28314,25526,0,0
28315,25527,0,0
28316,25528,0,0
28317,25529,0,0
28318,25530,0,0
28319,25532,0,0
28320,25534,0,0
28321,25535,3500,0
28322,25536,0,0
28323,25537,0,0
28324,25538,0,0
28325,25539,0,0
28326,25541,0,0
28327,25542,25000,0
28328,25543,6700,0
28329,25544,0,0
28330,25546,150,0
28331,25547,0,0
28332,25548,0,0
28333,25549,0,0
28334,25550,7000,0
28335,25551,0,0
28336,25553,0,0
28337,25554,0,0
28338,25555,0,0
28339,25556,0,0
28340,25557,0,0
28341,25558,0,0
28342,30285,0,0
28343,9014,19000,0
28344,25560,19000,0
28345,25561,0,0
28346,25562,0,0
28347,25564,0,0
28348,25565,0,0
28349,25566,50000,0
28350,25567,0,0
28351,25568,0,0
28352,25569,0,0
28353,25570,0,0
28354,25571,0,0
28355,25572,0,0
28356,25573,0,0
28357,25574,0,0
28358,25575,1000,0
28359,25576,0,0
28360,25577,0,0
28361,25578,0,0
28362,9128,0,0
28363,11842,0,0
28364,25580,0,0
28365,25581,0,0
28366,25582,0,0
28367,25584,2000,0
28368,25585,0,0
28369,25586,0,0
28370,25587,0,0
28371,25588,0,0
28372,25589,0,0
28373,25590,0,0
28374,25592,0,0
28375,25593,0,0
28376,25594,0,0
28377,25595,0,0
28378,25596,150,0
28379,25597,500,0
28380,25598,0,0
28381,25599,0,0
28382,25600,50,0
28383,25601,50,0
28384,25602,765,0
28385,30142,765,0
28386,25603,0,0
28387,25604,0,0
28388,25605,0,0
28389,25606,0,0
28390,25607,2000,0
28391,25608,0,0
28392,25609,0,0
28393,25610,0,0
28394,25611,0,0
28395,25612,2300,0
28396,25613,0,0
28397,25614,0,0
28398,25615,0,0
28399,25616,0,0
28400,25618,0,0
28401,25619,5000,0
28402,25620,0,0
28403,25621,35,0
28404,25622,6500,0
28405,25623,6500,0
28406,25624,0,0
28407,25625,2800,0
28408,25626,0,0
28409,25627,0,0
28410,25628,0,0
28411,25629,0,0
28412,25630,0,0
28413,25632,0,0
28414,25633,0,0
28415,25634,0,0
28416,29248,0,0
28417,25635,0,0
28418,25637,0,0
28419,25638,500,0
28420,25640,0,0
28421,25641,0,0
28422,25642,0,0
28423,25643,0,0
28424,25644,0,0
28425,25645,0,0
28426,25647,0,0
28427,25648,5,0
28428,25649,300,0
28429,25650,300,0
28430,25651,300,0
28431,25652,0,0
28432,9625,6000,0
28433,25653,6000,0
28434,25654,0,0
28435,25655,0,0
28436,25656,0,0
28437,25657,18000,0
28438,25658,0,0
28439,25659,5000,0
28440,25661,0,0
28441,25662,0,0
28442,25663,150,0
28443,25665,0,0
28444,25666,0,0
28445,25667,0,0
28446,25668,0,0
28447,25669,0,0
28448,25670,0,0
28449,25671,0,0
28450,25673,0,0
28451,25674,200,0
28452,25675,0,0
28453,25676,0,0
28454,25677,0,0
28455,25679,0,0
28456,2190,0,0
28457,25680,0,0
28458,25681,0,0
28459,25682,0,0
28460,25683,0,0
28461,25684,0,0
28462,25685,0,0
28463,25686,0,0
28464,25687,0,0
28465,25688,0,0
28466,25689,0,0
28467,25690,0,0
28468,25691,0,0
28469,25692,0,0
28470,25693,0,0
28471,25694,0,0
28472,25696,0,0
28473,25697,0,0
28474,25698,0,0
28475,25699,0,0
28476,27212,0,0
28477,25700,360,0
28478,25701,500,0
28479,25702,0,0
28480,25703,0,0
28481,25705,0,0
28482,24336,2224,0
28483,25706,2224,0
28484,25707,0,0
28485,25708,0,0
28486,25710,0,0
28487,23957,20000,0
28488,25711,20000,0
28489,25712,0,0
28490,25713,0,0
28491,25714,0,0
28492,25715,0,0
28493,25716,0,0
28494,25717,0,10325
28495,25718,0,0
28496,25719,0,0
28497,25720,100,0
28498,13680,500,0
28499,21955,500,0
28500,25722,500,0
28501,1613,0,0
28502,25723,0,0
28503,25724,0,0
28504,25725,0,0
28505,25726,0,0
28506,13691,10000,0
28507,17359,10000,0
28508,25727,10000,0
28509,25728,0,0
28510,25729,0,0
28511,25730,0,0
28512,25731,1500000,0
28513,25734,0,0
28514,25735,12,0
28515,26593,12,0
28516,25737,0,0
28517,25738,0,0
28518,23639,0,0
28519,25739,0,0
28520,25740,0,0
28521,25741,0,0
28522,25742,0,0
28523,25743,0,0
28524,25745,0,0
28525,25746,0,0
28526,25748,0,0
28527,25750,0,0
28528,25751,0,0
28529,25752,0,0
28530,25753,0,0
28531,25754,0,0
28532,25755,0,0
28533,25756,50,0
28534,25757,0,0
28535,25758,0,0
28536,25759,0,0
28537,593,0,0
28538,25760,0,0
28539,30089,0,0
28540,25761,0,0
28541,25762,0,0
28542,25763,1293,0
28543,25764,0,0
28544,25765,0,0
28545,26676,0,0
28546,25766,0,0
28547,27738,0,0
28548,20916,2000,0
28549,25767,2000,0
28550,25768,3000000,0
28551,25769,0,0
28552,25770,0,0
28553,25771,0,0
28554,25772,0,0
28555,25774,0,0
28556,25775,0,0
28557,25776,0,0
28558,25777,0,0
28559,25779,0,0
28560,25780,0,0
28561,25781,0,0
28562,25782,0,0
28563,25784,0,0
28564,25785,0,0
28565,25786,0,0
28566,25787,0,0
28567,25788,0,0
28568,25789,0,0
28569,25791,0,0
28570,25792,0,0
28571,30897,0,0
28572,25793,0,0
28573,25794,0,0
28574,25795,0,0
28575,25796,200000,0
28576,25797,300,0
28577,25799,0,0
28578,25800,0,0
28579,25801,0,0
28580,25802,0,0
28581,25803,10000,0
28582,25804,0,0
28583,25805,0,0
28584,25806,0,0
28585,25807,0,0
28586,25808,0,0
28587,25809,0,0
28588,25811,0,0
28589,25812,0,0
28590,25813,0,0
28591,25814,0,0
28592,25815,0,0
28593,25816,20000,0
28594,25817,0,0
28595,25819,0,0
28596,25820,0,0
28597,25821,0,0
28598,25822,500,1000
28599,26392,500,1000
28600,25823,0,0
28601,25824,0,0
28602,25825,0,0
28603,25827,0,0
28604,25828,0,0
28605,25829,0,0
28606,25830,0,0
28607,25831,0,0
28608,28292,0,0
28609,601,0,0
28610,25832,0,0
28611,25833,0,0
28612,25834,0,0
28613,25835,0,0
28614,25836,0,0
28615,25837,3000,0
28616,25838,0,0
28617,25841,0,0
28618,25842,0,0
28619,25843,0,0
28620,25845,14000,0
28621,25846,0,0
28622,25847,0,0
28623,25848,0,0
28624,25849,0,0
28625,12154,20000,0
28626,25850,20000,0
28627,25851,0,0
28628,25852,0,0
28629,25853,60,0
28630,25854,0,0
28631,25855,0,0
28632,25856,0,0
28633,25857,0,0
28634,25858,500,0
28635,25859,0,0
28636,25860,5000,100
28637,25861,0,0
28638,25862,0,0
28639,25863,0,0
28640,25864,0,0
28641,25865,0,0
28642,25866,0,0
28643,25867,0,0
28644,6427,280000,0
28645,25868,280000,0
28646,25869,500,0
28647,8812,500,0
28648,8985,500,0
28649,13397,500,0
28650,25870,500,0
28651,25871,0,0
28652,25872,0,0
28653,25873,0,0
28654,25874,0,0
28655,25875,0,0
28656,25876,0,0
28657,25877,1000,0
28658,25878,0,0
28659,25879,0,0
28660,25880,0,0
28661,25881,0,0
28662,25882,0,0
28663,25883,0,0
28664,25884,0,0
28665,25885,0,0
28666,25886,0,0
28667,25887,0,0
28668,25888,15000,0
28669,25889,0,0
28670,25890,0,0
28671,25891,0,0
28672,25892,0,0
28673,25893,0,0
28674,25894,0,0
28675,25895,17350,0
28676,25896,0,0
28677,25897,1000,0
28678,25898,0,0
28679,25900,0,0
28680,25901,0,0
28681,25902,0,0
28682,25903,0,0
28683,25906,0,0
28684,25907,0,0
28685,25908,0,0
28686,25909,0,0
28687,25910,0,0
28688,25911,0,0
28689,25912,0,0
28690,25913,0,0
28691,25914,0,0
28692,25916,0,0
28693,25917,0,0
28694,25918,200,0
28695,25919,0,0
28696,25920,0,0
28697,25921,0,0
28698,25922,0,0
28699,25923,0,0
28700,25925,0,0
28701,25926,0,0
28702,25927,0,0
28703,25928,0,0
28704,25929,0,0
28705,25930,0,0
28706,25931,0,0
28707,25932,0,0
28708,25933,0,0
28709,25934,0,0
28710,25935,0,0
28711,25936,0,0
28712,25937,0,0
28713,25938,5000,0
28714,25939,0,0
28715,345,0,0
28716,820,0,0
28717,25940,0,0
28718,25941,0,0
28719,25942,0,0
28720,25943,0,0
28721,25944,0,0
28722,25945,0,0
28723,25946,0,0
28724,25947,0,0
28725,25948,0,0
28726,25949,0,0
28727,25950,0,0
28728,25951,0,0
28729,25952,0,0
28730,25953,0,0
28731,25954,30000,0
28732,25955,200,0
28733,25956,0,0
28734,25957,0,0
28735,25959,0,0
28736,25960,0,0
28737,25961,20,0
28738,25962,0,0
28739,22125,0,0
28740,22151,0,0
28741,25963,0,0
28742,28435,0,0
28743,25964,0,0
28744,25965,0,0
28745,25966,0,0
28746,25967,0,0
28747,25968,20000,0
28748,25969,0,0
28749,25970,0,0
28750,25971,5,0
28751,25972,3700,0
28752,25973,5000,0
28753,25974,50,100
28754,11773,2,0
28755,25975,2,0
28756,25976,0,0
28757,25977,0,0
28758,25978,0,0
28759,25979,0,0
28760,25980,0,0
28761,1724,0,0
28762,25981,0,0
28763,25982,0,0
28764,25983,0,0
28765,25984,0,0
28766,25985,0,0
28767,25986,20000,0
28768,25987,0,0
28769,25989,0,0
28770,25991,0,0
28771,25992,24000,0
28772,25993,21000,0
28773,25994,0,0
28774,1107,100,0
28775,25995,100,0
28776,30720,100,0
28777,25996,0,0
28778,25997,10000,0
28779,25998,0,0
28780,25999,0,0
28781,26000,0,0
28782,26001,0,0
28783,11951,20000,0
28784,26002,20000,0
28785,27194,20000,0
28786,26004,0,0
28787,26005,0,0
28788,26006,0,0
28789,26008,0,0
28790,26009,0,0
28791,26010,200000,0
28792,26011,0,0
28793,26012,0,0
28794,26013,0,0
28795,26014,0,0
28796,26015,0,0
28797,26016,0,0
28798,26017,0,0
28799,26018,0,0
28800,26019,0,0
28801,28861,0,0
28802,26020,0,0
28803,26021,0,0
28804,26022,0,0
28805,26023,0,0
28806,26024,0,0
28807,26025,0,0
28808,26026,0,0
28809,26027,0,0
28810,26028,0,0
28811,26029,0,0
28812,26030,0,0
28813,26031,0,0
28814,26032,0,0
28815,917,0,0
28816,26033,0,0
28817,26034,0,0
28818,26035,0,0
28819,26037,0,0
28820,26038,25000,0
28821,26039,0,0
28822,22234,0,0
28823,26040,0,0
28824,26041,0,0
28825,27032,0,0
28826,27090,0,0
28827,26042,0,0
28828,26043,0,0
28829,26044,3000,0
28830,26045,0,0
28831,26046,0,0
28832,26048,0,0
28833,26049,0,0
28834,26050,0,0
28835,26051,0,0
28836,26052,0,0
28837,13,150000,0
28838,3674,150000,0
28839,18472,150000,0
28840,26053,150000,0
28841,492,80000,0
28842,8959,80000,0
28843,13086,80000,0
28844,16546,80000,0
28845,23115,80000,0
28846,26054,80000,0
28847,26055,10000,0
28848,26056,0,0
28849,26057,0,0
28850,26058,10,0
28851,26059,250,0
28852,26060,0,0
28853,26061,0,0
28854,26062,500,0
28855,26063,1000,0
28856,26064,0,0
28857,26065,105000,0
28858,26066,0,0
28859,26068,216,0
28860,26069,1500,0
28861,26070,0,0
28862,26071,0,0
28863,26072,0,0
28864,26073,70000,0
28865,26074,0,0
28866,26075,0,0
28867,26076,0,0
28868,26077,0,0
28869,26078,0,0
28870,26079,0,0
28871,26080,2000,0
28872,26081,3000,0
28873,5376,5000,0
28874,26082,5000,0
28875,26083,50,0
28876,26084,45,0
28877,26086,0,0
28878,26087,0,0
28879,26088,0,0
28880,26089,0,0
28881,26090,0,0
28882,26091,1000,0
28883,26092,0,0
28884,26094,0,0
28885,26095,600,0
28886,26096,0,0
28887,26097,0,0
28888,26098,0,0
28889,26099,0,0
28890,26100,0,0
28891,26101,0,0
28892,26102,0,0
28893,26104,21000,0
28894,148,0,0
28895,26105,0,0
28896,26106,0,0
28897,26107,0,0
28898,26108,0,0
28899,26109,9000,0
28900,26110,0,0
28901,26111,75000,0
28902,24139,25,0
28903,26112,25,0
28904,29844,25,0
28905,26113,0,0
28906,26114,0,0
28907,26115,0,0
28908,26116,200,0
28909,26117,0,0
28910,26118,0,0
28911,26119,0,0
28912,26121,0,0
28913,26122,605185,0
28914,26123,0,0
28915,26124,0,0
28916,26125,0,0
28917,26126,0,0
28918,26128,0,0
28919,26129,5000,0
28920,26130,35,0
28921,26131,0,0
28922,26323,0,0
28923,27271,0,0
28924,26132,0,0
28925,26133,0,0
28926,26134,0,0
28927,26135,0,0
28928,26136,0,0
28929,26137,0,0
28930,26138,0,0
28931,26139,0,0
28932,26140,0,0
28933,26141,0,0
28934,26143,0,0
28935,26144,0,0
28936,26145,0,0
28937,26146,0,0
28938,26147,0,0
28939,26148,0,0
28940,26149,0,0
28941,26150,5000,0
28942,26151,0,0
28943,26152,0,0
28944,26153,0,0
28945,26154,0,0
28946,7996,1000,0
28947,26155,1000,0
28948,26156,0,0
28949,26157,0,0
28950,26158,0,0
28951,26160,0,0
28952,26161,0,0
28953,26162,300,0
28954,26163,8000,0
28955,26164,30,0
28956,26165,130000,0
28957,26166,0,0
28958,26169,0,0
28959,26170,0,0
28960,26171,0,0
28961,26172,445,0
28962,26173,0,0
28963,26174,0,0
28964,26175,1500,0
28965,26176,2000,0
28966,26177,0,0
28967,26179,200,0
28968,26180,0,0
28969,26181,0,0
28970,26183,0,0
28971,26184,0,0
28972,26185,0,0
28973,26187,0,0
28974,26188,12000,0
28975,26189,0,0
28976,26190,0,0
28977,26191,0,0
28978,26192,0,0
28979,26193,30000,0
28980,26194,0,0
28981,26195,0,0
28982,26196,3900,0
28983,26197,150000,0
28984,26198,0,0
28985,26199,0,0
28986,26200,500,0
28987,26201,0,0
28988,2707,600,0
28989,6413,600,0
28990,12226,600,0
28991,14933,600,0
28992,15404,600,0
28993,26085,600,0
28994,26202,600,0
28995,26203,0,0
28996,26205,0,0
28997,26206,0,0
28998,28170,0,0
28999,26207,0,0
29000,26208,1816,0
29001,26209,31000,0
29002,26210,700,0
29003,26211,0,0
29004,26212,0,0
29005,26213,0,0
29006,26214,0,0
29007,26215,12000,0
29008,26216,0,0
29009,26217,19000,0
29010,26218,0,0
29011,26219,0,0
29012,26220,0,0
29013,26221,0,0
29014,7936,1200,0
29015,16671,1200,0
29016,26222,1200,0
29017,26223,0,0
29018,26225,0,0
29019,26226,0,0
29020,26227,0,0
29021,26228,0,0
29022,26229,0,0
29023,26230,0,0
29024,26232,0,0
29025,26233,0,0
29026,26234,0,0
29027,26235,80,0
29028,26236,0,0
29029,26237,400000,0
29030,26238,2000,0
29031,26239,0,0
29032,26240,0,0
29033,26241,0,0
29034,26242,2000,0
29035,26243,2500,0
29036,26244,0,0
29037,26245,0,0
29038,26246,0,0
29039,26247,0,0
29040,26248,0,0
29041,26249,0,0
29042,26250,0,0
29043,26251,0,0
29044,26252,0,0
29045,26253,0,0
29046,26254,0,0
29047,26255,0,0
29048,26256,0,0
29049,26258,10000,0
29050,26259,0,0
29051,26260,17000,0
29052,26261,0,0
29053,26262,0,0
29054,26263,0,0
29055,26326,0,0
29056,28398,0,0
29057,2554,250,0
29058,26264,250,0
29059,26265,100,0
29060,26266,0,0
29061,26268,1000,0
29062,26269,0,0
29063,26270,0,0
29064,26272,175,0
29065,26273,14000,0
29066,26274,0,0
29067,26275,0,0
29068,26276,0,0
29069,26277,2500,0
29070,26278,0,0
29071,26280,0,0
29072,26281,0,0
29073,26282,0,0
29074,26283,0,0
29075,26284,0,0
29076,26285,0,0
29077,26287,1200,0
29078,26288,0,0
29079,26289,0,25488
29080,26290,0,0
29081,26291,0,0
29082,26292,0,0
29083,26293,0,0
29084,26294,7100,0
29085,26295,0,0
29086,26296,0,0
29087,26312,0,0
29088,26297,0,0
29089,26298,0,0
29090,26299,0,0
29091,26300,0,0
29092,26302,0,0
29093,26303,0,0
29094,26304,0,0
29095,26306,0,0
29096,26307,0,0
29097,26308,0,0
29098,26310,0,0
29099,26313,0,0
29100,26314,0,0
29101,26315,0,0
29102,26316,0,0
29103,26317,0,0
29104,26318,0,0
29105,26319,0,0
29106,26320,0,0
29107,27348,0,0
29108,26321,0,0
29109,26322,0,0
29110,26131,50,0
29111,26323,50,0
29112,27271,50,0
29113,26324,0,0
29114,26325,0,0
29115,26263,10,0
29116,26326,10,0
29117,28398,10,0
29118,26327,0,0
29119,26328,10,20
29120,26329,0,0
29121,26330,0,0
29122,26331,0,0
29123,26332,50,0
29124,26333,0,0
29125,26334,0,0
29126,26335,25,0
29127,30526,25,0
29128,26336,0,0
29129,26337,0,0
29130,26338,0,0
29131,26339,0,0
29132,26340,0,0
29133,26341,0,0
29134,26343,0,0
29135,26344,0,0
29136,26345,0,0
29137,26346,0,0
29138,26347,0,0
29139,26348,300000,0
29140,26349,0,0
29141,26350,0,0
29142,26351,0,0
29143,26352,0,0
29144,26353,0,0
29145,26354,0,0
29146,26355,1121,0
29147,26356,0,0
29148,26357,4000,0
29149,26358,0,0
29150,26359,3000,0
29151,26360,0,0
29152,26361,0,0
29153,26362,0,0
29154,26363,0,0
29155,26364,0,0
29156,26365,0,0
29157,26366,0,0
29158,26367,0,0
29159,26368,0,0
29160,26369,500,0
29161,26370,0,0
29162,26371,0,0
29163,26372,0,0
29164,26373,0,0
29165,26374,5000,0
29166,26375,0,0
29167,26376,0,0
29168,26377,0,0
29169,26378,0,0
29170,1683,3652,0
29171,4585,3652,0
29172,24024,3652,0
29173,26379,3652,0
29174,30345,3652,0
29175,26380,0,0
29176,26382,0,0
29177,26383,0,0
29178,26384,0,0
29179,26385,11000,0
29180,26387,0,0
29181,26388,1000,0
29182,26390,0,0
29183,26391,0,0
29184,25822,0,0
29185,26392,0,0
29186,26393,0,0
29187,26394,0,0
29188,26395,0,0
29189,26396,0,0
29190,26397,4000,0
29191,26398,0,0
29192,26399,0,0
29193,26400,0,0
29194,26401,0,0
29195,26402,0,0
29196,26403,0,0
29197,26404,0,0
29198,26405,0,0
29199,26407,0,0
29200,26408,0,0
29201,26409,0,0
29202,26410,0,0
29203,26411,0,0
29204,26412,0,0
29205,26413,0,0
29206,26414,0,0
29207,26415,0,0
29208,26416,150,0
29209,26417,0,0
29210,26418,500,0
29211,26419,0,0
29212,26420,0,0
29213,26421,700,0
29214,26422,0,0
29215,26423,0,0
29216,26424,0,0
29217,26425,0,0
29218,26426,0,0
29219,26427,1500,0
29220,9236,2000,0
29221,18109,2000,0
29222,26428,2000,0
29223,26429,200,0
29224,26430,0,0
29225,26431,0,0
29226,26432,0,0
29227,26433,0,0
29228,26434,0,0
29229,26435,0,0
29230,26436,0,0
29231,26437,0,0
29232,26438,5000,0
29233,27615,5000,0
29234,26439,0,0
29235,26440,0,0
29236,26441,0,0
29237,26442,0,0
29238,7193,0,0
29239,26445,0,0
29240,26446,0,0
29241,26447,0,0
29242,26448,0,0
29243,26449,0,0
29244,26450,0,0
29245,26451,0,0
29246,26452,10000,0
29247,26453,0,0
29248,26454,0,0
29249,8477,0,0
29250,26455,0,0
29251,26456,420,0
29252,28305,420,0
29253,26457,0,0
29254,26458,15000,0
29255,26459,0,0
29256,26460,0,0
29257,26461,0,0
29258,26462,0,0
29259,26463,0,0
29260,26464,0,0
29261,26465,0,0
29262,26466,0,0
29263,26467,0,0
29264,26468,0,0
29265,26470,0,0
29266,26472,0,0
29267,26473,0,0
29268,26474,0,0
29269,26475,56,0
29270,26476,0,0
29271,26477,0,0
29272,26478,0,0
29273,26479,0,0
29274,26480,0,0
29275,26481,0,0
29276,26482,32400,0
29277,26483,0,0
29278,26484,0,0
29279,26485,0,0
29280,26486,4000,0
29281,26487,0,0
29282,26488,0,0
29283,26490,0,0
29284,26491,0,0
29285,26492,0,0
29286,26493,0,0
29287,26494,0,0
29288,26495,0,0
29289,26496,0,0
29290,26497,0,0
29291,26498,0,0
29292,26499,0,0
29293,26500,0,0
29294,26501,100000,0
29295,26503,0,0
29296,26504,0,0
29297,26505,0,0
29298,26506,0,0
29299,26507,0,0
29300,26508,0,0
29301,26509,0,0
29302,26510,0,0
29303,26511,0,0
29304,26512,0,0
29305,26513,0,0
29306,26514,0,0
29307,26515,0,0
29308,26516,0,0
29309,26517,2000,0
29310,26518,0,0
29311,26519,0,0
29312,26520,0,0
29313,26521,0,0
29314,26522,0,0
29315,26523,0,0
29316,26525,0,0
29317,26526,0,0
29318,26527,0,0
29319,26528,1500,500
29320,26529,2500,0
29321,26530,0,0
29322,26531,0,0
29323,26532,0,0
29324,26533,0,0
29325,26534,0,0
29326,26535,0,0
29327,26536,0,0
29328,26537,0,0
29329,26538,0,0
29330,26539,0,0
29331,26540,0,0
29332,26541,0,0
29333,26542,0,0
29334,26543,0,0
29335,26544,0,0
29336,26545,0,0
29337,26546,0,0
29338,26547,0,0
29339,26548,0,0
29340,26549,0,0
29341,26550,0,0
29342,26551,0,0
29343,26552,0,0
29344,26553,0,0
29345,26554,0,0
29346,26555,0,0
29347,26556,0,0
29348,26557,0,0
29349,26558,0,0
29350,26559,15000,0
29351,26560,0,0
29352,26561,0,0
29353,26562,0,0
29354,26563,0,0
29355,26564,0,0
29356,26565,0,0
29357,26566,0,0
29358,26567,0,0
29359,26568,0,0
29360,26569,0,0
29361,26570,0,0
29362,26571,0,0
29363,26572,0,0
29364,26573,0,0
29365,26574,0,0
29366,26575,0,0
29367,26576,0,0
29368,26577,0,0
29369,26578,0,0
29370,26579,0,0
29371,26580,0,0
29372,26581,0,0
29373,26582,0,0
29374,26584,0,0
29375,26585,0,0
29376,26586,0,0
29377,26587,0,0
29378,26588,0,0
29379,26589,0,0
29380,26590,0,0
29381,30397,0,0
29382,26591,0,0
29383,26592,0,0
29384,25735,2500,0
29385,26593,2500,0
29386,26594,0,0
29387,26595,0,0
29388,26596,5000,0
29389,26598,0,0
29390,26600,0,0
29391,26601,1444669,0
29392,26602,0,0
29393,26603,0,0
29394,26604,0,0
29395,26605,0,0
29396,26606,12955,0
29397,26607,0,0
29398,26608,0,0
29399,26609,0,0
29400,26610,0,0
29401,26611,0,0
29402,26612,2000,0
29403,26613,0,0
29404,26615,30000,0
29405,26616,0,0
29406,26617,0,0
29407,26618,0,0
29408,26619,0,0
29409,26620,0,0
29410,26621,0,0
29411,26622,0,0
29412,26623,0,0
29413,26624,0,0
29414,26625,0,0
29415,26626,0,0
29416,26808,0,0
29417,26627,0,0
29418,26628,0,0
29419,26631,0,0
29420,26632,0,0
29421,26633,0,0
29422,26634,0,0
29423,26635,0,0
29424,26636,1000,0
29425,26637,0,0
29426,26638,0,0
29427,26639,0,0
29428,26640,0,0
29429,26641,0,0
29430,26642,0,0
29431,26643,0,0
29432,26644,0,0
29433,26645,100000,0
29434,26646,0,0
29435,26647,0,0
29436,26648,0,0
29437,26649,0,0
29438,26650,0,0
29439,26651,0,0
29440,26652,0,0
29441,26653,0,0
29442,26654,0,0
29443,26655,0,0
29444,26656,0,0
29445,1050,0,0
29446,26657,0,0
29447,26659,14,0
29448,26660,0,0
29449,26661,0,0
29450,26662,30000,0
29451,26663,4000,0
29452,26664,0,0
29453,26665,500,0
29454,26666,3000,0
29455,26667,0,0
29456,26668,0,0
29457,26669,0,0
29458,26670,0,0
29459,8096,70000,0
29460,26671,70000,0
29461,26672,0,0
29462,26673,0,0
29463,26674,0,0
29464,26677,0,0
29465,26678,0,0
29466,26679,5000,0
29467,26680,0,0
29468,26681,0,0
29469,26682,0,0
29470,26683,0,0
29471,26684,0,0
29472,26687,0,0
29473,9440,100,0
29474,26688,100,0
29475,26689,0,0
29476,26690,0,0
29477,26691,0,0
29478,26692,0,0
29479,26693,0,0
29480,26694,0,0
29481,26695,0,0
29482,26696,0,0
29483,16977,2000,0
29484,26697,2000,0
29485,26698,0,0
29486,26699,0,0
29487,26700,0,0
29488,26701,0,0
29489,26702,0,0
29490,26703,10000,0
29491,26704,6000,0
29492,26705,0,0
29493,26706,100,0
29494,26707,0,0
29495,26709,0,0
29496,26710,0,0
29497,26711,0,0
29498,26712,0,0
29499,26713,0,0
29500,26714,0,0
29501,26715,0,0
29502,26716,0,0
29503,26717,0,0
29504,26718,0,0
29505,26719,2500,0
29506,26720,0,0
29507,26721,0,0
29508,26722,0,0
29509,26723,0,0
29510,26724,0,0
29511,26725,0,0
29512,26727,0,0
29513,26729,0,0
29514,26731,0,0
29515,26732,0,0
29516,26733,0,0
29517,26734,0,0
29518,26735,20,0
29519,26736,0,0
29520,26737,0,0
29521,26739,0,0
29522,26740,0,0
29523,26741,0,0
29524,26742,0,0
29525,26743,0,0
29526,26744,0,0
29527,26745,0,0
29528,26746,0,0
29529,26747,100,0
29530,26748,0,0
29531,26749,0,0
29532,26750,0,0
29533,26751,0,0
29534,26752,0,0
29535,26753,0,0
29536,26754,0,0
29537,26755,0,0
29538,26757,0,0
29539,26759,0,0
29540,26760,90,0
29541,26761,0,0
29542,26762,0,0
29543,26763,0,0
29544,26764,0,0
29545,26765,0,0
29546,26766,87000,0
29547,26767,0,0
29548,26768,0,0
29549,26769,0,0
29550,1531,0,0
29551,26770,0,0
29552,26771,0,0
29553,26772,0,0
29554,26773,0,0
29555,26774,0,0
29556,26776,0,0
29557,26777,0,0
29558,26778,0,0
29559,1152,0,0
29560,26779,0,0
29561,26780,133,0
29562,26781,0,0
29563,26782,0,0
29564,26783,0,55584
29565,26784,500,0
29566,26785,0,0
29567,26786,0,0
29568,26787,0,0
29569,26788,5,0
29570,26789,0,0
29571,26790,0,0
29572,26791,0,0
29573,26792,0,0
29574,26793,0,0
29575,26795,0,0
29576,26796,0,0
29577,26798,0,0
29578,26799,0,0
29579,26800,0,0
29580,26801,0,0
29581,26803,0,0
29582,26804,0,0
29583,26805,0,0
29584,30757,0,0
29585,26806,5000,0
29586,26807,0,0
29587,26809,0,0
29588,26810,0,0
29589,26811,0,0
29590,204,165000,0
29591,1799,165000,0
29592,1933,165000,0
29593,8217,165000,0
29594,26812,165000,0
29595,26813,0,0
29596,26814,0,0
29597,26816,0,0
29598,26818,25000,0
29599,26819,0,0
29600,26820,0,0
29601,26821,0,0
29602,26822,0,0
29603,26823,10000,0
29604,26824,0,0
29605,26825,0,0
29606,26826,500,0
29607,26827,0,0
29608,26828,0,0
29609,26830,0,0
29610,26831,0,0
29611,26832,0,0
29612,26833,0,0
29613,26834,0,0
29614,26835,0,0
29615,26837,0,0
29616,26838,0,0
29617,26839,0,0
29618,26840,0,0
29619,26841,0,0
29620,26842,0,0
29621,26844,0,0
29622,26845,0,0
29623,10189,2000,0
29624,26846,2000,0
29625,26847,0,0
29626,26848,0,0
29627,26850,5000,0
29628,26851,0,0
29629,26852,0,0
29630,26853,0,0
29631,26854,0,0
29632,25307,0,0
29633,26856,0,0
29634,26857,0,0
29635,26859,0,0
29636,26860,0,0
29637,26861,25000,0
29638,26862,13000,0
29639,26863,0,0
29640,26865,0,0
29641,26866,0,0
29642,26868,1000,0
29643,26869,20,0
29644,26870,0,0
29645,26871,0,0
29646,26872,0,0
29647,26874,3360,0
29648,26875,0,0
29649,26876,0,0
29650,26877,0,0
29651,26878,0,0
29652,26879,0,0
29653,26881,0,0
29654,26882,10,0
29655,26883,200,0
29656,26884,15,0
29657,26885,0,0
29658,26886,0,0
29659,26887,0,0
29660,26888,0,0
29661,26889,0,0
29662,26890,0,0
29663,13283,278,0
29664,26891,278,0
29665,26892,0,0
29666,26893,0,0
29667,26894,1,0
29668,26895,0,0
29669,26896,0,0
29670,26897,0,0
29671,26898,0,0
29672,26899,0,0
29673,26900,0,0
29674,26901,25775,0
29675,26902,234,0
29676,26903,0,0
29677,26904,0,0
29678,26905,2000,0
29679,26906,15000,0
29680,26907,0,0
29681,26908,0,0
29682,26909,3000,0
29683,26910,0,0
29684,26911,0,0
29685,26912,0,0
29686,26913,500,0
29687,5455,300,0
29688,26914,300,0
29689,26915,0,0
29690,26916,0,0
29691,26917,0,0
29692,26918,35000,0
29693,26919,5000,0
29694,26920,0,0
29695,26921,2000,0
29696,26922,1000,0
29697,26923,0,0
29698,26924,0,0
29699,26925,0,0
29700,26926,0,0
29701,25000,0,0
29702,26928,0,0
29703,26929,0,0
29704,26930,0,0
29705,26931,0,0
29706,26932,0,0
29707,26933,0,0
29708,26934,5000,0
29709,26935,0,0
29710,26936,0,0
29711,26937,0,0
29712,26938,0,0
29713,26939,0,0
29714,26941,0,0
29715,26942,100,0
29716,26943,0,0
29717,26944,0,0
29718,26945,0,0
29719,26946,0,0
29720,26947,0,0
29721,26948,1000,0
29722,26949,0,0
29723,26950,0,0
29724,26951,0,0
29725,26952,0,0
29726,26953,0,0
29727,26954,0,0
29728,26955,0,0
29729,26956,0,0
29730,26958,0,0
29731,26959,0,0
29732,26960,0,0
29733,26961,0,0
29734,26962,0,0
29735,26963,0,0
29736,26964,0,0
29737,26965,0,0
29738,26966,0,0
29739,26967,0,0
29740,26968,0,0
29741,26969,12000,0
29742,26970,0,0
29743,26974,0,0
29744,26975,0,0
29745,26976,0,0
29746,26977,0,0
29747,26978,0,0
29748,26979,0,0
29749,26980,0,0
29750,26981,0,0
29751,26982,0,0
29752,26983,0,0
29753,26984,0,0
29754,26985,0,0
29755,26986,0,0
29756,26987,0,0
29757,26988,0,0
29758,26989,0,0
29759,26990,0,0
29760,1435,0,0
29761,26993,0,0
29762,26994,0,0
29763,26995,0,0
29764,26997,0,0
29765,26998,0,0
29766,26999,0,0
29767,27000,0,0
29768,27001,0,0
29769,27002,0,0
29770,27003,0,0
29771,27004,0,0
29772,27005,1700,0
29773,27008,0,0
29774,27009,0,0
29775,27010,20000,0
29776,27011,0,0
29777,27061,0,0
29778,27012,1000,0
29779,27013,300,0
29780,27014,0,0
29781,27015,0,0
29782,27016,0,0
29783,27017,0,0
29784,27018,0,0
29785,27021,0,0
29786,27022,0,0
29787,27023,33,0
29788,27024,0,0
29789,139,2000,0
29790,1795,2000,0
29791,2370,2000,0
29792,2794,2000,0
29793,5145,2000,0
29794,19268,2000,0
29795,21082,2000,0
29796,27026,2000,0
29797,27029,0,0
29798,27030,0,0
29799,27031,0,0
29800,27033,0,0
29801,27034,0,0
29802,27036,0,0
29803,27037,0,0
29804,27038,1200,0
29805,27039,0,0
29806,27040,0,0
29807,27041,0,0
29808,27042,0,0
29809,27043,0,0
29810,27044,0,0
29811,27045,50000,0
29812,27046,0,0
29813,27047,0,0
29814,27049,0,0
29815,27050,0,0
29816,27051,100,0
29817,27052,700,0
29818,27053,0,0
29819,27054,0,0
29820,27055,0,0
29821,27056,0,0
29822,27057,12,0
29823,27058,0,0
29824,27059,0,0
29825,27060,4500,0
29826,27011,200,0
29827,27061,200,0
29828,27062,1778,0
29829,12626,5000,0
29830,16052,5000,0
29831,24291,5000,0
29832,27063,5000,0
29833,27065,0,0
29834,27066,7125,0
29835,27068,0,0
29836,27070,0,0
29837,27071,0,0
29838,27072,0,0
29839,27073,0,0
29840,27074,3000,0
29841,27075,0,0
29842,27076,15000,0
29843,27077,0,0
29844,27078,300,0
29845,27079,500,0
29846,27080,0,0
29847,27081,0,0
29848,28374,0,0
29849,27082,15000,0
29850,27083,0,0
29851,27084,0,0
29852,27085,0,0
29853,27086,0,0
29854,27088,0,0
29855,27089,65000,0
29856,27092,0,0
29857,27093,0,0
29858,535,6000,0
29859,27094,6000,0
29860,27095,350000,0
29861,27096,0,0
29862,27097,0,0
29863,27098,0,0
29864,27099,0,0
29865,27100,0,0
29866,27101,0,0
29867,27102,0,0
29868,27103,0,0
29869,27104,0,0
29870,27105,0,0
29871,27106,1500,0
29872,27107,2000,0
29873,27108,5000,0
29874,27109,0,0
29875,27110,0,0
29876,27111,0,0
29877,28571,0,0
29878,27113,0,0
29879,27115,796,0
29880,27116,0,0
29881,27117,0,0
29882,27119,0,0
29883,27120,0,0
29884,27121,0,0
29885,27122,0,0
29886,27123,0,0
29887,27124,0,0
29888,27125,0,0
29889,27126,0,0
29890,27127,0,0
29891,27128,0,0
29892,27129,15000,0
29893,27130,0,0
29894,27131,0,0
29895,27132,0,0
29896,27133,0,0
29897,27134,0,0
29898,27135,0,0
29899,27136,0,0
29900,27137,0,0
29901,27138,0,0
29902,27139,200,0
29903,27140,0,0
29904,27141,0,0
29905,27142,0,0
29906,27143,0,0
29907,27144,50,0
29908,27145,0,0
29909,27146,0,0
29910,27147,0,0
29911,27148,0,0
29912,27149,0,0
29913,27150,0,0
29914,27151,0,0
29915,27152,0,0
29916,27153,0,0
29917,27155,0,0
29918,27156,0,0
29919,27157,0,0
29920,27158,2000,0
29921,27159,0,0
29922,27160,500,0
29923,27161,0,0
29924,27163,200,0
29925,27164,0,0
29926,27165,0,0
29927,11222,0,0
29928,27166,0,0
29929,27167,0,0
29930,4690,3000,0
29931,13652,3000,0
29932,27168,3000,0
29933,27169,0,0
29934,27170,0,0
29935,27171,250,0
29936,27172,0,0
29937,27173,0,0
29938,27176,0,0
29939,27177,0,0
29940,27178,2000,0
29941,27179,1,0
29942,27180,500,0
29943,27181,500,0
29944,27182,0,0
29945,27183,0,0
29946,27184,0,0
29947,27185,0,0
29948,27186,0,0
29949,27187,0,0
29950,27188,0,0
29951,27189,0,0
29952,27190,0,0
29953,27191,0,0
29954,27193,0,0
29955,27195,0,0
29956,27196,0,0
29957,27197,0,0
29958,27198,0,0
29959,27199,300,0
29960,27201,0,0
29961,27202,0,0
29962,27203,200,0
29963,27204,0,0
29964,27206,0,0
29965,27207,0,0
29966,27208,0,0
29967,27209,0,0
29968,27210,0,0
29969,27211,0,0
29970,27213,300,0
29971,27214,0,0
29972,6396,0,0
29973,27215,0,0
29974,27216,0,0
29975,27217,0,0
29976,27219,0,0
29977,27220,0,0
29978,27222,0,0
29979,27223,0,0
29980,27224,0,0
29981,27225,0,0
29982,27226,0,0
29983,27227,0,0
29984,27229,0,0
29985,27230,0,0
29986,27231,0,0
29987,27232,1800,0
29988,27233,0,0
29989,27234,0,0
29990,27235,0,0
29991,27236,0,0
29992,31002,0,0
29993,27237,1000,0
29994,27238,0,0
29995,27239,0,0
29996,27240,0,0
29997,27241,0,0
29998,27242,0,0
29999,27243,0,0
30000,27244,0,0
30001,27245,0,0
30002,27246,0,0
30003,27247,0,0
30004,27248,25000,0
30005,27250,0,0
30006,27251,0,0
30007,27252,0,0
30008,27253,0,0
30009,27254,0,0
30010,27255,0,0
30011,27256,20,0
30012,10292,4000,0
30013,27259,4000,0
30014,14948,12000,0
30015,20980,12000,0
30016,27260,12000,0
30017,27261,1000,0
30018,27262,0,0
30019,27264,0,0
30020,27265,0,0
30021,9831,2000,0
30022,27266,2000,0
30023,27267,0,0
30024,27268,0,0
30025,27269,0,0
30026,27270,10000,0
30027,27272,0,0
30028,27273,0,0
30029,27274,0,0
30030,27275,0,0
30031,27276,0,0
30032,28107,0,0
30033,27277,0,0
30034,27278,500,0
30035,27279,50,0
30036,11008,10,0
30037,23769,10,0
30038,27280,10,0
30039,11322,59,0
30040,27281,59,0
30041,27282,0,0
30042,27283,0,0
30043,27284,0,0
30044,27286,0,0
30045,27287,0,0
30046,27288,0,0
30047,27289,0,0
30048,27290,0,0
30049,27291,6300,0
30050,27292,0,0
30051,27293,0,0
30052,27295,0,0
30053,29445,0,0
30054,27296,0,0
30055,27297,0,0
30056,27298,0,0
30057,27299,0,0
30058,27300,0,0
30059,27301,0,0
30060,27302,0,0
30061,27304,0,0
30062,27305,0,0
30063,27306,0,0
30064,27307,5000,0
30065,4260,2500,0
30066,27308,2500,0
30067,27309,45000,0
30068,27310,0,0
30069,27311,0,0
30070,27312,700,0
30071,27313,0,0
30072,27314,0,0
30073,27315,100,0
30074,27316,0,0
30075,27317,0,0
30076,27318,0,0
30077,27319,5000,0
30078,27320,250,0
30079,27322,300,0
30080,27323,0,0
30081,27324,0,0
30082,27325,0,0
30083,27326,0,0
30084,27327,5000,0
30085,27328,0,0
30086,27329,0,0
30087,27330,0,0
30088,27331,500,0
30089,27332,0,0
30090,18619,100000,0
30091,27333,100000,0
30092,30563,100000,0
30093,27334,0,0
30094,27335,0,0
30095,27336,0,0
30096,27337,0,0
30097,27338,0,0
30098,27339,0,0
30099,27340,0,0
30100,27341,0,0
30101,27343,0,0
30102,7478,1329,0
30103,27344,1329,0
30104,28215,1329,0
30105,27345,0,0
30106,27346,0,0
30107,27347,0,0
30108,27351,0,0
30109,27352,0,0
30110,27353,20,0
30111,27354,0,0
30112,27355,0,0
30113,27356,0,0
30114,27357,0,0
30115,27358,0,0
30116,28198,0,0
30117,27359,0,0
30118,27360,0,0
30119,27364,0,0
30120,27365,0,0
30121,9280,500000,0
30122,20492,500000,0
30123,27366,500000,0
30124,27367,5000,0
30125,27368,0,0
30126,27369,0,0
30127,27370,200,0
30128,27372,0,0
30129,27373,0,0
30130,27375,0,0
30131,27376,0,0
30132,27377,0,0
30133,27379,0,0
30134,27380,0,0
30135,27381,0,0
30136,27382,0,0
30137,27383,3000,0
30138,27384,0,0
30139,27385,0,0
30140,27386,0,0
30141,27387,0,0
30142,27388,0,0
30143,27389,0,0
30144,27390,0,0
30145,27392,0,0
30146,27393,0,0
30147,27394,0,0
30148,27395,0,0
30149,27396,0,0
30150,27397,0,0
30151,27398,0,0
30152,27399,0,0
30153,27400,0,0
30154,27401,0,0
30155,27402,0,0
30156,27403,0,0
30157,27404,0,0
30158,27405,0,0
30159,27406,0,0
30160,27407,0,0
30161,27408,0,0
30162,27409,0,0
30163,27410,0,0
30164,27411,0,0
30165,27412,0,0
30166,30582,0,0
30167,27413,1000,0
30168,27414,0,0
30169,27415,0,0
30170,27416,0,0
30171,27417,0,0
30172,27419,0,0
30173,27420,0,0
30174,27422,0,0
30175,27423,4000,0
30176,27425,0,0
30177,27426,0,0
30178,27427,0,0
30179,27428,0,0
30180,27429,0,0
30181,27430,0,0
30182,27431,0,0
30183,27432,0,0
30184,27433,0,0
30185,27434,0,0
30186,27435,0,0
30187,27436,0,0
30188,27437,0,0
30189,27439,0,0
30190,27440,0,0
30191,27442,0,0
30192,27443,5,0
30193,27444,0,0
30194,27445,0,0
30195,27446,0,0
30196,27447,0,0
30197,27448,0,0
30198,27449,0,0
30199,27450,0,0
30200,27451,0,0
30201,27452,0,0
30202,27453,11500,0
30203,27454,0,0
30204,27455,0,0
30205,27456,0,0
30206,27457,0,0
30207,27458,0,0
30208,27460,0,0
30209,27461,0,0
30210,27462,0,0
30211,27463,0,0
30212,27464,0,0
30213,27465,0,0
30214,27466,0,0
30215,27467,0,0
30216,27468,0,0
30217,27469,0,0
30218,27470,0,0
30219,27471,0,0
30220,27472,100,0
30221,27475,0,0
30222,27476,0,0
30223,6065,0,0
30224,27477,0,0
30225,27478,0,0
30226,27479,0,0
30227,27480,0,0
30228,27481,0,0
30229,27482,0,0
30230,27483,30000,0
30231,27484,0,0
30232,27485,0,0
30233,27486,0,0
30234,27487,0,0
30235,27488,0,0
30236,27489,0,0
30237,27490,0,0
30238,27491,0,0
30239,27492,0,0
30240,27493,0,0
30241,27494,0,0
30242,27495,0,0
30243,27496,0,0
30244,27497,0,0
30245,27498,20000,0
30246,27499,0,0
30247,27500,0,0
30248,27501,0,0
30249,27502,0,0
30250,27503,0,0
30251,27504,0,0
30252,27505,0,0
30253,27506,0,0
30254,542,0,0
30255,27507,0,0
30256,27509,200,0
30257,27510,250,0
30258,27511,0,0
30259,27512,0,0
30260,27513,0,0
30261,27514,0,0
30262,27515,0,0
30263,27516,0,0
30264,27517,0,0
30265,27518,12000,0
30266,27520,1000,0
30267,27521,0,0
30268,27522,150000,0
30269,27523,0,0
30270,27524,0,0
30271,27525,2000,0
30272,27526,0,0
30273,27527,0,0
30274,27528,0,0
30275,27529,0,0
30276,27530,0,0
30277,27531,0,0
30278,28523,0,0
30279,27532,0,0
30280,27533,0,0
30281,27534,0,0
30282,27536,1500,0
30283,27537,2500,0
30284,27538,0,0
30285,27539,0,0
30286,27540,0,0
30287,27541,0,0
30288,27542,0,0
30289,27543,0,0
30290,27544,12,0
30291,27545,0,0
30292,27546,0,0
30293,27547,0,0
30294,27548,0,0
30295,27549,13496,0
30296,27550,0,0
30297,27551,300,0
30298,27552,26509,0
30299,27553,0,0
30300,27554,0,0
30301,27555,0,0
30302,27556,75000,0
30303,27557,4,0
30304,27558,0,0
30305,27559,0,0
30306,27560,0,0
30307,27561,0,0
30308,27562,0,0
30309,27563,0,0
30310,27564,0,0
30311,27565,0,0
30312,27566,0,0
30313,27567,0,0
30314,27568,0,0
30315,27569,18000,0
30316,27570,0,0
30317,27571,0,0
30318,27572,0,0
30319,27573,0,0
30320,27574,0,0
30321,27575,0,0
30322,27576,0,0
30323,27577,0,0
30324,27578,0,0
30325,27579,0,0
30326,27580,0,0
30327,27581,135,0
30328,27582,0,0
30329,27583,0,0
30330,27585,0,0
30331,27586,0,0
30332,27587,0,0
30333,27588,0,0
30334,27589,0,0
30335,27590,0,0
30336,27591,0,0
30337,27592,0,0
30338,27593,0,0
30339,27594,0,0
30340,27595,0,0
30341,27596,0,0
30342,27597,0,0
30343,27598,0,0
30344,27599,0,0
30345,27600,0,0
30346,27601,0,0
30347,27602,1000,0
30348,27603,0,0
30349,27604,0,0
30350,27605,0,0
30351,27606,0,0
30352,27607,20000,0
30353,27608,75,0
30354,27609,0,0
30355,27610,0,0
30356,27611,0,0
30357,27612,0,0
30358,27613,50000,0
30359,27614,0,0
30360,26438,0,0
30361,27615,0,0
30362,27616,0,0
30363,27617,0,0
30364,550,0,0
30365,16313,0,0
30366,27618,0,0
30367,27620,0,0
30368,27621,0,0
30369,27622,0,0
30370,27623,0,0
30371,27624,0,0
30372,27625,0,0
30373,27626,0,0
30374,13767,2500,0
30375,27627,2500,0
30376,27628,0,0
30377,27629,0,0
30378,27630,0,0
30379,27631,0,0
30380,27633,0,0
30381,27634,0,0
30382,27635,0,0
30383,27636,100,0
30384,27637,0,0
30385,27638,0,0
30386,27639,0,0
30387,27640,6250,0
30388,27641,0,0
30389,27642,0,0
30390,27643,150,0
30391,27644,0,0
30392,27645,0,0
30393,27647,6000,0
30394,27648,0,0
30395,27649,0,0
30396,27650,0,0
30397,27651,0,0
30398,27652,0,0
30399,27653,0,0
30400,13930,50,0
30401,15086,50,0
30402,16235,50,0
30403,21145,50,0
30404,22397,50,0
30405,26864,50,0
30406,27655,50,0
30407,27656,3000,3000
30408,27657,0,0
30409,27659,0,0
30410,27660,0,0
30411,27661,0,0
30412,27662,100,0
30413,27663,0,0
30414,27664,0,0
30415,27665,0,0
30416,27666,0,0
30417,14160,500,0
30418,27667,500,0
30419,27668,0,0
30420,27669,0,0
30421,27670,0,0
30422,27671,0,0
30423,27673,0,0
30424,27674,0,0
30425,27676,0,0
30426,27677,0,0
30427,27678,0,0
30428,27679,15000,0
30429,27681,521,0
30430,27682,0,0
30431,27683,0,0
30432,27685,272,0
30433,27686,0,0
30434,27687,0,0
30435,27688,0,0
30436,27689,0,0
30437,27690,0,0
30438,30029,0,0
30439,27692,0,0
30440,27694,0,0
30441,27695,0,0
30442,27696,3,0
30443,27697,0,0
30444,27698,0,0
30445,27699,0,0
30446,27700,0,0
30447,27703,0,0
30448,27704,0,0
30449,27706,0,0
30450,27707,0,0
30451,27708,0,0
30452,27709,0,0
30453,27710,0,0
30454,27712,0,0
30455,27715,0,0
30456,27716,0,0
30457,27717,0,0
30458,27718,0,0
30459,27720,0,0
30460,27721,0,0
30461,27722,1555,0
30462,27723,0,0
30463,3449,0,0
30464,27724,0,0
30465,27725,0,0
30466,27726,0,0
30467,27727,15,0
30468,27728,0,0
30469,27729,0,0
30470,27730,0,1094584
30471,27731,0,0
30472,27732,0,0
30473,27733,0,0
30474,27734,0,0
30475,27735,0,0
30476,27736,0,0
30477,27737,0,0
30478,27739,0,0
30479,27741,1000,5000
30480,27742,0,0
30481,27743,0,0
30482,27744,5500,0
30483,27745,0,0
30484,27746,7500,0
30485,27747,10000,0
30486,27748,16000,0
30487,27749,500,0
30488,1616,0,0
30489,2537,0,0
30490,27750,0,0
30491,27751,0,0
30492,27752,0,0
30493,27754,0,0
30494,27755,0,0
30495,27756,0,0
30496,27757,0,0
30497,27758,0,0
30498,27759,0,0
30499,27916,0,0
30500,27760,0,0
30501,27761,0,0
30502,27762,0,0
30503,27763,0,0
30504,27764,0,0
30505,27766,0,0
30506,27767,100,0
30507,27768,10000,0
30508,27769,50,0
30509,27770,68,0
30510,27771,0,0
30511,27772,0,0
30512,27773,0,0
30513,27774,0,0
30514,27775,0,0
30515,27776,0,0
30516,27777,0,0
30517,27778,25000,0
30518,27779,0,0
30519,27780,0,0
30520,27781,0,0
30521,27783,500,0
30522,27784,0,0
30523,27785,0,0
30524,27786,0,0
30525,27787,0,0
30526,27788,400,0
30527,27789,0,0
30528,27790,0,0
30529,27791,0,0
30530,27792,5,0
30531,27793,0,0
30532,27794,0,0
30533,27795,0,0
30534,27798,0,0
30535,27799,0,0
30536,27800,0,0
30537,27801,0,0
30538,4430,0,0
30539,27802,0,0
30540,27803,0,0
30541,27804,0,0
30542,27805,0,0
30543,27806,0,0
30544,27807,0,0
30545,11860,2,0
30546,27808,2,0
30547,27810,0,0
30548,27811,0,0
30549,27812,0,0
30550,27813,0,0
30551,27814,0,0
30552,27815,0,0
30553,27817,0,0
30554,27818,120,0
30555,27819,50,0
30556,27820,200,0
30557,27822,2000,0
30558,27823,0,0
30559,27824,0,0
30560,27825,0,0
30561,27826,0,0
30562,27827,0,0
30563,27828,0,0
30564,27829,0,0
30565,27830,1000,130
30566,27831,0,0
30567,27832,0,0
30568,27833,0,0
30569,27834,0,0
30570,27835,0,0
30571,27836,4200,0
30572,27837,0,0
30573,27838,0,0
30574,27839,0,0
30575,27840,0,0
30576,27841,10000,0
30577,27842,0,0
30578,27843,0,0
30579,27844,0,0
30580,27845,0,0
30581,27846,0,0
30582,27847,0,0
30583,27848,0,0
30584,27849,0,0
30585,27850,5000,0
30586,27851,0,0
30587,27852,0,0
30588,27853,0,0
30589,27854,0,0
30590,27855,0,0
30591,27856,0,0
30592,27857,100,0
30593,27858,0,0
30594,27859,0,0
30595,27860,0,0
30596,27861,0,0
30597,27862,0,0
30598,27863,0,0
30599,27864,0,0
30600,27865,0,0
30601,27866,0,0
30602,27867,0,0
30603,27868,0,0
30604,27869,1000,0
30605,27870,0,0
30606,27871,0,0
30607,27874,0,0
30608,27875,2000,0
30609,27876,0,0
30610,27877,150000,0
30611,27878,100000,0
30612,27879,0,0
30613,27880,700,0
30614,27881,1200000,0
30615,27882,0,0
30616,27883,0,0
30617,27884,0,0
30618,27885,0,0
30619,27886,0,0
30620,23667,1000,0
30621,27887,1000,0
30622,30410,1000,0
30623,27888,0,0
30624,27889,0,0
30625,27890,1200,0
30626,27891,100,0
30627,27892,0,0
30628,27893,0,0
30629,27894,0,0
30630,27895,10,0
30631,27896,0,0
30632,27897,0,0
30633,27898,0,0
30634,27899,0,0
30635,27900,0,0
30636,27901,0,0
30637,27902,0,0
30638,27904,0,0
30639,27905,3000,0
30640,27906,0,0
30641,27907,0,0
30642,27908,0,0
30643,27909,1000,0
30644,27910,0,0
30645,27911,0,0
30646,27912,0,0
30647,27913,0,0
30648,27914,500,0
30649,27915,0,0
30650,27917,0,0
30651,27918,0,0
30652,27919,0,0
30653,27920,0,0
30654,27921,0,0
30655,27922,0,0
30656,27923,15,0
30657,27924,300,0
30658,27925,5000,0
30659,27926,0,0
30660,27927,0,0
30661,27928,0,0
30662,27929,0,0
30663,27930,100,0
30664,27931,0,0
30665,27932,30000,0
30666,27933,1000,0
30667,27934,2000,0
30668,27935,0,0
30669,27937,0,0
30670,27938,0,0
30671,27939,0,0
30672,27940,0,0
30673,27941,0,0
30674,27942,0,0
30675,27943,0,0
30676,27945,15,0
30677,27947,0,0
30678,27948,0,0
30679,27949,3,550
30680,27950,100,0
30681,27951,0,0
30682,27952,0,0
30683,27953,0,0
30684,27954,0,0
30685,27955,0,0
30686,27956,0,0
30687,27957,0,0
30688,27958,0,0
30689,27959,20,0
30690,27960,20,0
30691,27961,0,0
30692,27962,0,0
30693,30182,0,0
30694,27963,0,0
30695,27964,50000,0
30696,27965,40,0
30697,27966,0,0
30698,27967,0,0
30699,27968,50,0
30700,27969,100,0
30701,27970,0,0
30702,27971,0,0
30703,27972,0,0
30704,27973,0,0
30705,27974,0,0
30706,27975,0,0
30707,27976,0,0
30708,22702,0,0
30709,27977,0,0
30710,27978,0,0
30711,27979,0,0
30712,27980,0,0
30713,27981,0,0
30714,27983,15000,0
30715,27984,0,0
30716,27985,700,0
30717,27987,0,0
30718,27988,0,0
30719,27989,0,0
30720,27990,0,0
30721,27991,0,0
30722,27993,0,0
30723,27994,0,0
30724,27995,0,0
30725,27996,0,0
30726,27997,0,0
30727,27998,0,0
30728,28000,0,0
30729,28001,0,0
30730,28002,0,0
30731,28003,0,0
30732,28005,0,0
30733,28006,0,0
30734,28007,0,0
30735,28008,0,0
30736,28009,15000,0
30737,28010,0,0
30738,28011,0,0
30739,28012,0,0
30740,28013,0,0
30741,28014,0,0
30742,28015,5000,0
30743,28016,0,0
30744,28017,0,0
30745,28018,0,0
30746,28019,0,0
30747,28020,0,0
30748,28021,0,0
30749,28022,8000,0
30750,28023,12000,0
30751,28024,0,0
30752,22158,270000,0
30753,28025,270000,0
30754,28026,0,0
30755,28027,8000,0
30756,28028,500,0
30757,28029,5000,0
30758,28030,0,0
30759,28031,0,0
30760,15164,0,0
30761,28032,0,0
30762,28033,0,0
30763,28034,0,0
30764,28036,0,0
30765,28037,0,0
30766,28038,1500,0
30767,3802,2700000,0
30768,6182,2700000,0
30769,6417,2700000,0
30770,9828,2700000,0
30771,10496,2700000,0
30772,23131,2700000,0
30773,24217,2700000,0
30774,28039,2700000,0
30775,29452,2700000,0
30776,28041,0,0
30777,28042,0,0
30778,28043,0,0
30779,28044,0,0
30780,28045,0,0
30781,28046,0,0
30782,28047,0,0
30783,28048,0,0
30784,28049,0,0
30785,28050,0,0
30786,28051,0,0
30787,28052,0,0
30788,28053,0,0
30789,8680,0,0
30790,28054,0,0
30791,28055,0,0
30792,29995,0,0
30793,28056,0,0
30794,28058,0,0
30795,28059,0,0
30796,28060,0,0
30797,28061,5000,0
30798,28062,0,0
30799,28063,0,0
30800,28064,0,0
30801,28065,0,0
30802,28066,0,0
30803,28067,0,0
30804,28068,0,0
30805,28069,0,0
30806,28070,0,0
30807,28071,0,0
30808,28072,0,0
30809,28073,0,0
30810,28074,0,0
30811,28075,50,0
30812,28077,0,0
30813,28078,0,0
30814,28079,0,0
30815,28082,0,0
30816,4218,0,0
30817,28084,0,0
30818,28085,0,0
30819,28086,0,0
30820,28087,0,0
30821,28088,0,0
30822,28090,0,0
30823,28091,0,0
30824,28092,0,0
30825,28093,0,0
30826,28095,0,0
30827,28096,0,0
30828,28097,0,0
30829,28099,0,0
30830,8564,0,0
30831,28100,0,0
30832,28101,0,0
30833,1156,0,0
30834,28103,0,0
30835,28104,0,0
30836,28105,0,0
30837,28106,0,0
30838,28108,0,0
30839,28109,0,0
30840,28111,0,0
30841,29369,0,0
30842,28112,0,0
30843,28113,0,0
30844,28114,0,0
30845,28116,0,0
30846,28117,500,0
30847,28118,8000,0
30848,28119,0,0
30849,30286,0,0
30850,28120,0,0
30851,28121,0,0
30852,28122,0,0
30853,28123,0,0
30854,28124,0,0
30855,28125,0,0
30856,12721,2,0
30857,28126,2,0
30858,28127,0,0
30859,28128,0,0
30860,28129,0,0
30861,28130,0,0
30862,28131,0,0
30863,28132,0,0
30864,28133,0,0
30865,28134,0,0
30866,28135,0,0
30867,28136,0,0
30868,28137,0,0
30869,28138,0,0
30870,28139,0,0
30871,28140,200,0
30872,28141,0,0
30873,28142,0,0
30874,28143,0,0
30875,28144,0,0
30876,28145,0,0
30877,28146,0,0
30878,28147,0,0
30879,28148,0,0
30880,28149,0,0
30881,28150,0,0
30882,28151,0,0
30883,28153,0,0
30884,28154,0,0
30885,28155,0,0
30886,28156,0,0
30887,28157,0,0
30888,28158,0,0
30889,28159,0,0
30890,28160,0,0
30891,28161,0,0
30892,28162,0,0
30893,28163,2000,0
30894,28164,0,0
30895,28165,0,0
30896,28166,0,0
30897,28167,0,0
30898,28169,0,0
30899,28171,0,0
30900,28172,0,0
30901,28173,7000,0
30902,28174,0,0
30903,28176,0,0
30904,28177,0,0
30905,28178,0,0
30906,28179,0,0
30907,28180,0,0
30908,28181,0,0
30909,28182,10000,0
30910,28183,19000,0
30911,28184,0,0
30912,28185,0,0
30913,28187,0,0
30914,28188,0,0
30915,28189,0,0
30916,28190,0,0
30917,28191,0,0
30918,28192,0,0
30919,28193,0,0
30920,28194,0,0
30921,28195,100,0
30922,28196,0,0
30923,28197,0,0
30924,28199,0,0
30925,28200,0,0
30926,28201,0,0
30927,28202,30000,0
30928,28203,0,0
30929,28204,100,0
30930,28205,0,0
30931,28206,0,0
30932,28207,0,0
30933,28208,0,0
30934,28210,1282,0
30935,28211,0,0
30936,28212,1000,0
30937,28213,0,0
30938,28214,40,0
30939,28216,0,0
30940,28217,0,0
30941,28218,100,0
30942,28219,0,0
30943,28220,0,0
30944,28221,0,0
30945,28222,0,0
30946,28223,0,0
30947,28224,0,0
30948,28225,0,0
30949,28226,0,0
30950,28227,0,0
30951,28228,0,0
30952,28229,5,0
30953,28230,0,0
30954,28231,0,0
30955,28232,0,0
30956,28233,0,0
30957,28234,0,0
30958,28235,0,0
30959,28236,0,0
30960,28237,0,0
30961,28238,0,0
30962,28239,0,0
30963,28240,0,0
30964,28241,0,0
30965,28242,0,0
30966,28243,15,0
30967,28245,0,0
30968,28246,100,0
30969,28247,0,0
30970,28248,0,0
30971,28249,0,0
30972,28250,0,0
30973,28251,0,0
30974,28252,0,0
30975,28253,0,0
30976,28254,0,0
30977,17078,0,0
30978,28255,0,0
30979,28256,0,0
30980,28257,0,0
30981,28258,0,0
30982,28259,0,0
30983,28260,400,0
30984,28261,0,0
30985,28262,0,0
30986,28264,0,0
30987,28265,0,0
30988,5007,5000,0
30989,28266,5000,0
30990,28267,0,0
30991,28268,0,0
30992,28269,0,0
30993,28270,50000,0
30994,28271,0,0
30995,28272,0,0
30996,28273,0,0
30997,28274,0,0
30998,28276,0,0
30999,28277,0,0
31000,28278,0,0
31001,28279,0,0
31002,28280,0,0
31003,28281,0,0
31004,28282,0,0
31005,28283,0,0
31006,28285,30,0
31007,28286,15,0
31008,28287,0,0
31009,28288,0,0
31010,28289,150,0
31011,28290,0,0
31012,28291,1500,0
31013,28293,0,0
31014,28294,0,0
31015,28295,0,0
31016,28296,0,0
31017,430,150,0
31018,28297,150,0
31019,28298,0,0
31020,28299,200,0
31021,28300,0,0
31022,28301,0,0
31023,28302,0,0
31024,28303,0,0
31025,2644,0,0
31026,28304,0,0
31027,26456,0,0
31028,28305,0,0
31029,28307,0,0
31030,28308,0,0
31031,28309,0,0
31032,28310,0,0
31033,28312,5,10
31034,28313,0,0
31035,28314,1000,0
31036,28315,0,0
31037,28317,0,0
31038,28318,0,0
31039,1284,0,0
31040,28319,0,0
31041,5572,0,0
31042,28321,0,0
31043,28322,100,0
31044,28323,0,0
31045,28324,0,0
31046,28325,0,0
31047,28326,0,0
31048,28327,0,0
31049,28328,0,0
31050,28330,0,0
31051,28331,0,0
31052,28332,250000,0
31053,28333,0,0
31054,28334,0,0
31055,28335,0,0
31056,28336,0,0
31057,28337,0,0
31058,28338,0,0
31059,28339,0,0
31060,28340,0,0
31061,28341,0,0
31062,28342,0,0
31063,28343,0,0
31064,28344,0,0
31065,28345,0,0
31066,28346,0,0
31067,28347,300,0
31068,29361,300,0
31069,28348,0,0
31070,28349,0,0
31071,28351,0,0
31072,28352,0,0
31073,28353,0,0
31074,28354,0,0
31075,28355,0,0
31076,28356,0,0
31077,28357,0,0
31078,28358,0,0
31079,28359,0,0
31080,28360,0,0
31081,28361,0,0
31082,28363,0,0
31083,28364,0,0
31084,28365,0,0
31085,28366,0,0
31086,28368,2000,5
31087,28369,0,0
31088,28370,0,0
31089,28371,0,0
31090,28372,0,0
31091,28373,0,0
31092,28375,0,524
31093,28376,0,0
31094,28377,6,0
31095,28378,0,0
31096,28379,0,0
31097,28380,0,0
31098,28381,0,0
31099,28383,0,0
31100,28384,0,0
31101,28385,0,0
31102,28386,5000,0
31103,28387,0,0
31104,28388,0,0
31105,28389,2400,0
31106,9329,1000,0
31107,10661,1000,0
31108,23197,1000,0
31109,27378,1000,0
31110,28390,1000,0
31111,28391,0,0
31112,28392,0,0
31113,28393,0,0
31114,28394,0,0
31115,28395,1100,0
31116,28396,0,0
31117,28397,0,0
31118,28399,0,0
31119,28401,50,50
31120,28402,0,0
31121,28403,0,0
31122,28404,0,0
31123,28405,0,0
31124,28406,0,0
31125,28407,0,0
31126,28408,0,0
31127,28409,0,0
31128,28410,0,0
31129,28411,0,0
31130,28412,0,0
31131,28413,0,0
31132,28414,0,0
31133,28415,0,0
31134,28417,43,0
31135,28419,16,0
31136,28420,0,0
31137,28422,2000,0
31138,28423,0,0
31139,28424,0,0
31140,17058,15500,0
31141,28425,15500,0
31142,28426,350,0
31143,28428,0,0
31144,28429,0,0
31145,28431,0,0
31146,28432,0,0
31147,28433,0,0
31148,28434,0,0
31149,22125,200,0
31150,22151,200,0
31151,25963,200,0
31152,28435,200,0
31153,28436,0,0
31154,28437,0,0
31155,28438,0,0
31156,14227,160000,0
31157,28439,160000,0
31158,28440,0,0
31159,28441,0,0
31160,28442,28000,0
31161,28443,0,0
31162,28444,0,0
31163,28445,0,0
31164,28446,0,0
31165,28448,0,0
31166,28449,0,0
31167,28450,0,0
31168,229,350,0
31169,28451,350,0
31170,28603,350,0
31171,28452,537,0
31172,28453,2500,6500
31173,28455,0,0
31174,28457,0,0
31175,576,798,0
31176,28458,798,0
31177,28459,0,0
31178,28461,0,0
31179,28462,0,0
31180,2499,0,0
31181,28463,0,0
31182,28464,0,0
31183,28465,0,0
31184,28466,0,0
31185,1518,4000,0
31186,12314,4000,0
31187,28467,4000,0
31188,28468,0,0
31189,28469,0,0
31190,28470,0,0
31191,28472,0,0
31192,28473,0,0
31193,28474,0,0
31194,28475,0,0
31195,28476,0,0
31196,28477,0,0
31197,28478,0,0
31198,28479,0,0
31199,15840,100000,0
31200,19535,100000,0
31201,28480,100000,0
31202,28481,17000,0
31203,28482,0,0
31204,28483,0,0
31205,28484,0,0
31206,28485,0,0
31207,28486,0,0
31208,28487,0,0
31209,28488,0,0
31210,28489,0,0
31211,28490,0,0
31212,28491,0,0
31213,28492,0,0
31214,28493,0,0
31215,28494,0,0
31216,28495,0,0
31217,28497,0,0
31218,28498,0,0
31219,28499,0,0
31220,28500,0,0
31221,28501,0,0
31222,28502,2,0
31223,28503,0,0
31224,28504,0,0
31225,28505,0,0
31226,28506,0,0
31227,28507,0,0
31228,28508,0,0
31229,28509,0,0
31230,28510,5000,0
31231,28511,1393,0
31232,28512,0,0
31233,28513,150,0
31234,28515,0,0
31235,28516,0,0
31236,28517,0,0
31237,28518,0,0
31238,28519,0,0
31239,28520,0,0
31240,28521,0,0
31241,28522,10000,0
31242,28524,0,0
31243,28525,0,0
31244,28526,0,0
31245,28527,7000,0
31246,28528,0,0
31247,28530,0,0
31248,28531,5,0
31249,28532,0,0
31250,28533,0,0
31251,28534,0,0
31252,28535,0,0
31253,28537,0,0
31254,16572,10,0
31255,19329,10,0
31256,28538,10,0
31257,28539,8000,0
31258,28540,0,0
31259,28541,0,0
31260,28542,3000,0
31261,28543,0,0
31262,2158,240,0
31263,28544,240,0
31264,29051,240,0
31265,28546,0,0
31266,28547,0,0
31267,28548,0,0
31268,28549,0,0
31269,28550,0,0
31270,28551,0,0
31271,28552,0,0
31272,28553,0,0
31273,28554,0,0
31274,28556,0,0
31275,28558,0,0
31276,28559,0,0
31277,28560,0,0
31278,28561,0,0
31279,28562,0,0
31280,28563,0,0
31281,28564,500,0
31282,28565,39000,0
31283,28566,0,0
31284,28567,0,0
31285,28570,0,0
31286,28572,0,0
31287,28573,0,0
31288,28574,0,0
31289,28575,0,0
31290,28576,0,0
31291,28577,0,0
31292,28578,0,0
31293,28580,0,0
31294,28581,0,0
31295,28582,0,0
31296,28583,0,0
31297,28584,0,0
31298,28586,0,0
31299,28587,0,0
31300,28588,0,0
31301,28589,0,0
31302,28590,5000,0
31303,28591,0,0
31304,28592,0,0
31305,28593,0,0
31306,28594,900,0
31307,28595,0,0
31308,28596,300,0
31309,28597,0,0
31310,28598,0,0
31311,28599,0,0
31312,28600,0,0
31313,28601,0,0
31314,28602,0,0
31315,229,0,0
31316,28451,0,0
31317,28603,0,0
31318,28604,0,0
31319,28605,0,0
31320,28606,0,0
31321,28607,0,0
31322,28608,0,0
31323,28609,0,0
31324,28610,0,0
31325,28612,0,0
31326,28613,0,0
31327,28614,0,0
31328,28615,0,0
31329,28617,0,0
31330,28619,0,0
31331,28621,0,0
31332,28622,0,0
31333,28623,0,0
31334,28624,0,0
31335,28625,6000,0
31336,28626,0,0
31337,28627,0,0
31338,28628,0,0
31339,28629,0,0
31340,28630,100,0
31341,28631,0,0
31342,28632,0,0
31343,28633,0,0
31344,28634,0,0
31345,28635,0,0
31346,28636,0,0
31347,28637,0,0
31348,28638,0,0
31349,28639,4000,0
31350,28640,0,0
31351,28641,0,0
31352,28642,0,0
31353,28643,0,0
31354,28644,0,0
31355,28645,0,0
31356,28646,0,0
31357,28647,0,0
31358,28648,0,0
31359,28649,0,0
31360,28650,0,0
31361,28651,0,0
31362,28652,0,0
31363,28653,0,0
31364,28654,0,0
31365,28655,0,0
31366,28656,0,0
31367,28657,0,0
31368,28658,0,0
31369,28659,0,0
31370,28660,0,0
31371,28661,0,0
31372,28662,0,0
31373,28663,0,0
31374,28664,0,0
31375,28665,0,0
31376,28666,0,0
31377,28667,0,0
31378,28668,0,0
31379,28669,0,0
31380,28670,0,0
31381,28671,0,0
31382,28672,0,0
31383,28673,0,0
31384,28674,0,0
31385,28675,0,0
31386,28676,0,0
31387,28677,300,0
31388,28678,0,0
31389,28679,0,0
31390,28681,0,0
31391,28682,0,0
31392,28683,0,0
31393,28686,0,0
31394,28688,0,0
31395,28689,0,0
31396,28690,0,0
31397,28691,0,0
31398,28692,0,0
31399,28693,2550,0
31400,28694,400,0
31401,28695,0,0
31402,28696,0,0
31403,28697,0,0
31404,28698,0,0
31405,28699,1500,0
31406,28701,0,0
31407,16576,0,0
31408,28702,0,0
31409,28703,0,9554
31410,28704,73600,0
31411,28705,0,0
31412,28706,0,0
31413,28708,1700,0
31414,28709,0,0
31415,28710,0,0
31416,28711,0,0
31417,28712,0,0
31418,28713,0,0
31419,28714,0,0
31420,28715,0,0
31421,28716,0,0
31422,28717,0,0
31423,28718,200,0
31424,28719,0,0
31425,28720,0,0
31426,28721,0,0
31427,28722,0,0
31428,28723,0,0
31429,28724,0,0
31430,28725,0,0
31431,28727,0,0
31432,28728,0,0
31433,28729,0,0
31434,28730,0,0
31435,28731,0,0
31436,28732,1500,0
31437,28733,0,0
31438,28734,0,0
31439,28735,0,0
31440,28736,25000,0
31441,16309,0,0
31442,28737,0,0
31443,30109,0,0
31444,28738,0,0
31445,28739,0,0
31446,28740,0,0
31447,28741,0,0
31448,28742,0,0
31449,28743,0,0
31450,28744,0,0
31451,28745,0,0
31452,28746,0,0
31453,28747,0,0
31454,28748,0,0
31455,28750,0,0
31456,28751,0,0
31457,28752,0,0
31458,28753,0,0
31459,28754,0,0
31460,28755,0,0
31461,28756,0,0
31462,28758,0,0
31463,28759,0,0
31464,28760,0,0
31465,24861,25,0
31466,28762,25,0
31467,28763,69,420
31468,28764,0,0
31469,28765,3000,0
31470,28766,0,0
31471,28767,0,0
31472,28768,100,0
31473,28769,0,0
31474,28770,0,0
31475,28771,0,0
31476,28772,0,0
31477,28773,0,0
31478,28774,0,0
31479,28776,0,0
31480,28777,0,0
31481,28778,0,0
31482,28779,0,0
31483,28780,0,0
31484,28781,0,0
31485,28782,0,0
31486,28783,0,0
31487,28784,0,0
31488,28785,0,0
31489,28786,0,0
31490,28787,0,0
31491,28788,0,0
31492,28789,0,0
31493,28791,0,0
31494,28792,0,0
31495,28793,0,0
31496,28796,0,0
31497,28797,0,0
31498,28799,0,0
31499,28800,0,0
31500,28801,0,0
31501,28802,0,0
31502,28803,0,0
31503,28804,0,0
31504,28805,6000,0
31505,28806,0,0
31506,28807,0,0
31507,28809,0,0
31508,28810,0,0
31509,28811,0,0
31510,28812,0,0
31511,28813,0,0
31512,28815,0,0
31513,28816,0,0
31514,28817,10000,0
31515,28818,0,0
31516,28819,0,0
31517,28820,0,0
31518,28821,0,0
31519,28822,0,0
31520,17940,0,0
31521,28824,0,0
31522,28825,0,0
31523,28826,0,0
31524,28827,0,0
31525,28828,0,0
31526,28829,900,0
31527,28830,0,0
31528,28831,0,0
31529,28832,0,0
31530,28833,0,0
31531,28834,0,0
31532,28835,0,0
31533,28836,0,0
31534,28837,0,0
31535,28838,0,0
31536,29791,0,0
31537,28839,0,0
31538,28840,0,0
31539,28841,0,0
31540,28842,0,0
31541,28843,0,0
31542,28844,0,0
31543,28845,0,0
31544,28846,0,0
31545,28847,30,0
31546,28849,490,0
31547,28850,0,0
31548,28851,0,0
31549,28852,150000,0
31550,28853,0,0
31551,28854,0,0
31552,28855,0,0
31553,28856,700,0
31554,28857,0,0
31555,28858,0,0
31556,28859,0,0
31557,28860,0,0
31558,28862,0,0
31559,28863,0,0
31560,28864,0,0
31561,28865,0,0
31562,28866,0,0
31563,28867,120,0
31564,28868,0,0
31565,28869,0,0
31566,28870,0,0
31567,28871,0,0
31568,28872,0,0
31569,28873,0,0
31570,28874,0,0
31571,28875,0,0
31572,28876,0,0
31573,28877,0,0
31574,28878,0,0
31575,28879,0,0
31576,28880,0,0
31577,28882,0,0
31578,28883,1620,0
31579,28884,0,0
31580,28885,0,0
31581,28886,0,0
31582,28887,0,0
31583,28888,0,0
31584,28889,0,0
31585,28890,900,0
31586,28891,0,0
31587,28892,0,0
31588,28896,0,0
31589,28897,0,0
31590,28898,0,0
31591,28899,0,0
31592,28900,0,0
31593,28901,0,0
31594,28902,0,0
31595,28903,6000,0
31596,28904,0,0
31597,28905,0,0
31598,28906,0,0
31599,28907,0,0
31600,28908,3200,0
31601,28909,0,0
31602,28910,0,0
31603,28911,0,0
31604,28912,0,0
31605,28913,0,0
31606,28914,0,0
31607,28915,0,0
31608,28916,0,0
31609,28917,1,500
31610,28918,0,0
31611,28919,0,0
31612,28920,7000,0
31613,28921,0,0
31614,28922,0,0
31615,28923,2000,0
31616,28924,0,0
31617,28925,0,0
31618,28927,0,0
31619,28928,0,0
31620,28929,5000,0
31621,28931,0,0
31622,28932,60,0
31623,28933,0,0
31624,28934,5000,0
31625,28935,0,0
31626,28936,0,0
31627,28937,0,0
31628,28938,0,0
31629,28939,0,0
31630,28940,0,0
31631,28941,0,0
31632,28945,0,0
31633,28946,0,0
31634,28947,0,0
31635,28948,0,0
31636,28949,0,0
31637,28950,0,0
31638,28951,7000,0
31639,28952,0,0
31640,28953,0,0
31641,28954,0,0
31642,28955,0,0
31643,28956,0,0
31644,28957,0,0
31645,28958,0,0
31646,28959,0,0
31647,28961,0,0
31648,28962,0,0
31649,28963,0,0
31650,28964,0,0
31651,28965,0,0
31652,22620,1000,0
31653,28966,1000,0
31654,28967,0,0
31655,28969,0,0
31656,28970,20,0
31657,28971,8300,0
31658,28972,0,0
31659,28973,0,0
31660,28974,0,0
31661,28975,0,0
31662,28976,0,0
31663,30999,0,0
31664,28977,0,0
31665,28978,0,0
31666,28979,0,0
31667,28980,0,0
31668,28981,0,0
31669,28982,0,0
31670,28983,0,0
31671,28984,0,0
31672,28985,0,0
31673,28986,0,0
31674,28987,0,0
31675,28988,0,0
31676,28989,0,0
31677,28990,0,0
31678,28991,0,0
31679,28992,0,0
31680,28993,0,0
31681,28994,0,0
31682,28995,0,0
31683,28996,2000,0
31684,28997,0,0
31685,28998,0,0
31686,28999,0,0
31687,29000,0,0
31688,29002,0,0
31689,29003,0,0
31690,29004,0,0
31691,29005,0,0
31692,29006,0,0
31693,29007,0,0
31694,29008,0,0
31695,29009,0,0
31696,29010,10000,0
31697,29011,0,0
31698,29012,1,0
31699,29013,0,0
31700,29014,0,0
31701,29015,0,0
31702,29016,25000,0
31703,29017,0,0
31704,29018,0,0
31705,29019,0,0
31706,29020,0,0
31707,29021,0,0
31708,29022,0,0
31709,29023,0,0
31710,29024,20000,0
31711,29025,0,0
31712,29026,0,0
31713,29027,0,0
31714,29028,20000,0
31715,29029,0,0
31716,29030,0,0
31717,29031,0,0
31718,29032,50,0
31719,29033,0,0
31720,29034,0,0
31721,29035,0,0
31722,29037,20000,0
31723,29038,0,0
31724,29039,0,0
31725,29040,0,0
31726,29041,0,0
31727,29043,0,0
31728,29044,0,0
31729,29045,0,0
31730,29046,0,0
31731,29047,0,0
31732,29048,0,0
31733,29049,0,0
31734,29050,0,0
31735,29052,0,0
31736,29053,0,0
31737,29054,0,0
31738,29055,0,0
31739,29056,0,0
31740,29057,0,0
31741,29059,0,0
31742,29061,0,0
31743,29062,0,0
31744,29063,0,0
31745,29064,300,0
31746,29065,0,0
31747,29066,0,0
31748,29067,0,0
31749,29068,0,1
31750,29069,0,0
31751,29070,0,0
31752,29071,0,0
31753,29072,0,0
31754,29073,0,0
31755,29075,0,0
31756,29076,0,0
31757,29077,0,0
31758,29078,0,0
31759,29079,0,0
31760,29080,0,0
31761,29081,0,0
31762,29082,7000,0
31763,29083,0,0
31764,29084,0,0
31765,29085,0,0
31766,29086,0,0
31767,29087,4000,0
31768,29088,0,0
31769,29089,0,0
31770,29090,0,0
31771,30788,0,0
31772,29092,0,0
31773,29093,0,0
31774,24510,2000,12000
31775,27992,2000,12000
31776,29094,2000,12000
31777,29095,0,0
31778,29096,0,0
31779,29097,0,0
31780,29098,0,0
31781,29099,0,0
31782,29100,0,0
31783,29101,0,0
31784,29102,0,0
31785,29104,0,0
31786,29105,11451,0
31787,29106,0,0
31788,29107,0,0
31789,30523,0,0
31790,29108,0,0
31791,29109,0,0
31792,29110,0,0
31793,29111,0,0
31794,29112,0,0
31795,29113,0,0
31796,29114,0,0
31797,29115,0,0
31798,29116,0,0
31799,29117,0,0
31800,29118,0,0
31801,29119,0,0
31802,29120,0,0
31803,29121,0,0
31804,29123,0,0
31805,29124,0,0
31806,29125,0,0
31807,29126,0,0
31808,29127,0,0
31809,29128,0,0
31810,29129,0,0
31811,29130,10000,0
31812,29131,12000,0
31813,29132,0,0
31814,29133,0,0
31815,29134,0,0
31816,29135,0,0
31817,29136,0,0
31818,29139,0,0
31819,29140,0,0
31820,29141,0,0
31821,29142,0,0
31822,29144,0,0
31823,29145,0,0
31824,29146,0,0
31825,29148,0,0
31826,29150,5000,0
31827,29151,0,0
31828,29152,0,0
31829,29153,250,0
31830,18293,11000,0
31831,29154,11000,0
31832,29155,0,0
31833,29156,0,0
31834,29157,0,0
31835,29158,0,0
31836,29159,0,0
31837,29160,0,0
31838,29161,3500,0
31839,29162,0,0
31840,29163,0,0
31841,29164,0,0
31842,1406,0,0
31843,29165,0,0
31844,29166,0,0
31845,29167,0,0
31846,29169,0,0
31847,29170,0,0
31848,29172,0,0
31849,29173,0,0
31850,29174,0,0
31851,29175,0,0
31852,29176,0,0
31853,29177,0,0
31854,29178,0,0
31855,29179,0,0
31856,29180,0,0
31857,29181,0,0
31858,29182,0,0
31859,29183,0,0
31860,29185,3000,0
31861,29186,0,0
31862,29187,0,0
31863,29188,0,0
31864,29189,0,0
31865,29190,0,0
31866,29191,11600,0
31867,29192,0,0
31868,29193,0,0
31869,29194,5000,0
31870,29195,0,0
31871,29196,40,0
31872,29197,0,0
31873,29199,0,0
31874,29200,0,0
31875,29201,0,0
31876,29202,0,0
31877,29203,3465,0
31878,29204,34000,0
31879,29205,0,0
31880,29206,0,0
31881,29207,0,0
31882,29208,0,0
31883,29209,0,0
31884,29211,0,0
31885,29212,0,0
31886,29214,0,0
31887,29215,0,0
31888,29216,0,0
31889,29217,0,0
31890,29218,0,0
31891,29219,0,0
31892,29221,0,0
31893,29222,1,0
31894,29223,0,0
31895,13835,15000,0
31896,29224,15000,0
31897,29225,0,0
31898,29226,0,0
31899,29227,0,0
31900,29228,100,0
31901,29229,0,0
31902,29230,0,0
31903,29231,0,0
31904,29232,0,0
31905,29233,3000,0
31906,15001,60,0
31907,26003,60,0
31908,26120,60,0
31909,29234,60,0
31910,29235,0,0
31911,29236,0,0
31912,29237,0,0
31913,29238,75000,80000
31914,8495,5000,0
31915,10806,5000,0
31916,20103,5000,0
31917,20679,5000,0
31918,20977,5000,0
31919,27027,5000,0
31920,29239,5000,0
31921,29240,0,0
31922,29241,0,0
31923,29242,575,0
31924,29243,1500,0
31925,29245,0,0
31926,29246,100,0
31927,29247,0,0
31928,25634,3500,0
31929,29248,3500,0
31930,29249,0,0
31931,29250,0,0
31932,29251,0,0
31933,29252,0,0
31934,29254,0,0
31935,29255,0,0
31936,29256,0,0
31937,29257,4000,0
31938,29258,0,0
31939,21307,5000,0
31940,29259,5000,0
31941,29260,0,0
31942,29261,10000,0
31943,29262,0,0
31944,29263,2000,0
31945,29264,0,0
31946,29265,0,0
31947,29266,0,0
31948,29267,1159,0
31949,29268,0,0
31950,29269,0,0
31951,29272,100,0
31952,29273,0,0
31953,29274,0,0
31954,29275,450,0
31955,29276,0,0
31956,29277,0,0
31957,29278,0,0
31958,29280,0,0
31959,29281,0,0
31960,29282,0,0
31961,29283,0,0
31962,29284,0,0
31963,29285,45000,0
31964,29286,0,0
31965,29287,0,0
31966,29289,0,0
31967,29290,0,0
31968,29291,20,0
31969,29292,50,50
31970,29293,0,0
31971,29294,0,0
31972,29295,1000,0
31973,29296,0,0
31974,29297,0,0
31975,29298,0,0
31976,29299,0,0
31977,29300,0,0
31978,29301,0,0
31979,29302,0,0
31980,29304,0,0
31981,29305,0,0
31982,29306,0,0
31983,29307,0,0
31984,29308,0,0
31985,29309,0,0
31986,29310,0,0
31987,29311,210000,0
31988,29314,0,0
31989,29315,0,0
31990,29317,40000,0
31991,29318,0,0
31992,29319,0,0
31993,29320,0,0
31994,29321,0,0
31995,29322,2500,0
31996,3242,0,0
31997,29324,0,0
31998,29326,0,0
31999,29327,200,0
32000,29328,0,0
32001,29329,0,0
32002,29330,0,0
32003,29331,0,0
32004,29332,500,0
32005,29333,0,0
32006,29334,30000,0
32007,29336,0,0
32008,29338,0,0
32009,29339,0,0
32010,29340,2300,0
32011,29341,0,0
32012,29342,0,0
32013,29343,100,0
32014,29344,0,0
32015,29345,0,0
32016,29346,500,0
32017,29347,0,0
32018,29348,0,0
32019,29349,0,0
32020,29350,200,0
32021,29351,0,0
32022,29352,0,0
32023,29353,10000,0
32024,29354,0,0
32025,29355,0,0
32026,29357,0,0
32027,29358,0,0
32028,29359,0,0
32029,29360,0,0
32030,28347,0,0
32031,29361,0,0
32032,29362,0,0
32033,29363,0,0
32034,15010,0,0
32035,29364,0,0
32036,29365,0,0
32037,29366,0,0
32038,24621,200,0
32039,29367,200,0
32040,29368,50000000,0
32041,8319,1200,0
32042,29370,1200,0
32043,29371,1300,0
32044,24758,5,0
32045,29372,5,0
32046,29373,0,0
32047,29374,0,0
32048,29375,0,0
32049,29376,0,0
32050,29378,0,0
32051,29379,400,0
32052,29380,0,0
32053,29381,0,0
32054,29382,0,0
32055,29383,0,0
32056,29384,0,0
32057,29386,0,0
32058,29387,0,0
32059,29388,200,0
32060,29389,0,0
32061,30450,0,0
32062,29391,0,0
32063,29392,0,0
32064,29393,0,0
32065,29394,0,0
32066,29395,0,0
32067,29396,0,0
32068,29397,0,0
32069,29398,0,0
32070,29399,12000,0
32071,29400,0,0
32072,29401,0,0
32073,29402,0,0
32074,29403,0,0
32075,29404,14445,0
32076,29405,0,0
32077,29406,0,0
32078,29407,0,0
32079,29408,0,0
32080,30351,0,0
32081,29410,0,0
32082,29411,200,0
32083,29412,100,100
32084,29413,0,0
32085,29414,0,0
32086,29415,0,0
32087,29416,0,0
32088,29417,0,0
32089,29418,0,0
32090,29419,5000,0
32091,29420,100,500
32092,29421,0,0
32093,29422,0,0
32094,29423,0,0
32095,29424,6000,0
32096,29425,0,0
32097,29426,0,0
32098,29427,0,0
32099,2065,0,0
32100,29428,0,0
32101,29429,187,0
32102,29430,500,0
32103,29431,0,0
32104,29433,0,0
32105,29434,0,0
32106,29435,0,0
32107,29436,0,0
32108,29438,0,0
32109,29439,0,0
32110,29440,0,0
32111,29441,0,0
32112,29442,0,0
32113,16419,0,0
32114,29444,0,0
32115,29446,2,0
32116,29447,0,0
32117,29448,4000,0
32118,29449,400,0
32119,29450,0,0
32120,29453,0,0
32121,29454,0,0
32122,29874,0,0
32123,30780,0,0
32124,29456,0,0
32125,29457,0,0
32126,29458,0,0
32127,29459,0,0
32128,29460,500,0
32129,29461,0,0
32130,29462,2500,0
32131,29463,0,0
32132,29464,0,0
32133,29465,0,0
32134,29466,0,0
32135,29467,0,0
32136,29468,0,0
32137,29469,5,0
32138,29470,0,0
32139,29471,0,0
32140,7886,2,0
32141,29473,2,0
32142,29474,0,0
32143,29475,0,0
32144,29477,0,0
32145,29478,0,0
32146,29479,0,0
32147,29480,0,0
32148,29481,0,0
32149,29482,0,0
32150,29483,0,0
32151,29484,0,0
32152,29485,0,0
32153,29486,0,0
32154,29487,0,0
32155,29490,0,0
32156,29493,0,0
32157,29494,0,0
32158,29495,0,0
32159,29496,0,0
32160,29497,0,0
32161,29498,0,0
32162,29499,5000,0
32163,29500,50000,0
32164,29502,0,0
32165,29503,0,0
32166,29504,400,0
32167,29505,0,0
32168,29507,0,0
32169,29508,0,0
32170,29509,6690,0
32171,3561,7000,0
32172,3690,7000,0
32173,16915,7000,0
32174,29510,7000,0
32175,29511,3500,0
32176,29512,0,0
32177,29513,500,0
32178,12047,0,0
32179,29514,0,0
32180,29515,0,0
32181,29516,0,0
32182,29517,0,0
32183,29518,0,0
32184,29519,0,0
32185,29520,0,0
32186,17404,0,0
32187,29521,0,0
32188,29522,0,0
32189,29523,0,0
32190,29524,0,0
32191,29525,0,0
32192,29527,0,0
32193,29528,0,0
32194,29529,0,0
32195,29530,0,0
32196,29531,0,0
32197,29532,0,0
32198,2861,0,0
32199,29533,0,0
32200,29534,1000,0
32201,29535,0,0
32202,29536,1465,204
32203,30509,1465,204
32204,29537,0,0
32205,29538,3000,0
32206,29539,0,0
32207,29540,0,0
32208,29541,0,0
32209,1489,3000,0
32210,5538,3000,0
32211,6783,3000,0
32212,29542,3000,0
32213,29543,300,0
32214,29544,0,0
32215,29545,0,0
32216,29546,0,0
32217,29547,0,0
32218,117,10000,0
32219,29548,10000,0
32220,5274,10,0
32221,18850,10,0
32222,29549,10,0
32223,29550,0,0
32224,29551,0,0
32225,29552,0,0
32226,29553,0,0
32227,29554,45000,0
32228,29555,0,0
32229,29556,0,0
32230,29557,0,0
32231,29558,0,0
32232,29561,0,0
32233,29562,0,0
32234,29563,0,0
32235,29564,0,0
32236,29565,0,0
32237,29566,0,0
32238,29567,0,0
32239,29568,0,0
32240,29569,0,0
32241,29570,0,0
32242,29571,0,0
32243,29572,0,0
32244,29573,0,0
32245,29574,0,0
32246,29575,0,0
32247,29576,0,0
32248,29577,0,0
32249,29578,0,0
32250,29579,0,0
32251,29580,0,0
32252,29581,10,0
32253,29582,0,0
32254,31103,0,0
32255,29583,10,0
32256,29584,0,0
32257,29585,0,0
32258,29586,0,0
32259,29587,0,0
32260,29588,0,0
32261,29589,0,0
32262,29590,0,0
32263,29591,3000,0
32264,29592,0,0
32265,29594,0,0
32266,29595,0,0
32267,29596,0,0
32268,29597,0,0
32269,29598,0,0
32270,29599,0,0
32271,29600,0,0
32272,29601,0,0
32273,29602,0,0
32274,29604,0,0
32275,29605,0,0
32276,29606,0,0
32277,29607,0,0
32278,29608,0,0
32279,29609,0,0
32280,29610,0,0
32281,29611,0,0
32282,29612,0,0
32283,29613,0,0
32284,29614,0,0
32285,29615,0,0
32286,29616,0,0
32287,29617,0,0
32288,29618,0,0
32289,29619,0,0
32290,29621,1000,0
32291,29622,0,0
32292,29623,0,0
32293,29624,0,0
32294,29625,0,0
32295,29626,0,0
32296,29627,0,0
32297,29628,0,0
32298,29629,0,0
32299,29630,25000,0
32300,29631,0,0
32301,29632,0,0
32302,29633,0,0
32303,29634,0,0
32304,29635,0,0
32305,29636,0,0
32306,29637,195,0
32307,29638,0,0
32308,29639,0,0
32309,29640,0,0
32310,29641,0,0
32311,29642,0,0
32312,29643,0,0
32313,29644,0,0
32314,29645,587,0
32315,29646,20,0
32316,29647,0,0
32317,29648,0,0
32318,29649,0,0
32319,29650,12,0
32320,29651,0,0
32321,29652,0,0
32322,29653,0,0
32323,29654,0,0
32324,29655,0,0
32325,29656,4,0
32326,29657,15000,0
32327,29658,0,0
32328,29659,3000,0
32329,29660,0,0
32330,29661,0,0
32331,29662,0,0
32332,29663,0,0
32333,29664,0,0
32334,29665,250,0
32335,29666,0,0
32336,29668,0,0
32337,29669,0,0
32338,29670,0,0
32339,29671,0,0
32340,29672,0,0
32341,29673,0,0
32342,29674,0,0
32343,29675,0,0
32344,29676,0,0
32345,29678,0,0
32346,29679,0,0
32347,29680,0,0
32348,29681,7000,0
32349,29682,0,0
32350,29683,0,0
32351,29684,0,0
32352,29685,0,0
32353,29686,0,0
32354,29687,0,0
32355,29688,30000,0
32356,29689,0,0
32357,29690,0,0
32358,29691,0,0
32359,29692,0,0
32360,29693,0,0
32361,29694,0,0
32362,29695,0,0
32363,29696,0,0
32364,29698,0,0
32365,29699,0,0
32366,29700,0,0
32367,29701,0,0
32368,29702,0,0
32369,29704,0,0
32370,29705,1000,0
32371,29706,0,0
32372,29707,0,0
32373,29708,280,0
32374,29709,0,0
32375,29710,2000,0
32376,29711,40,0
32377,29712,0,0
32378,29713,0,0
32379,29714,0,0
32380,29715,0,0
32381,29716,250,0
32382,29717,300,0
32383,29718,1200,0
32384,29719,0,0
32385,29720,3500,0
32386,29721,400,0
32387,29722,2000,0
32388,29723,0,0
32389,29724,0,0
32390,29725,0,0
32391,29726,0,0
32392,29727,1000,0
32393,29728,0,0
32394,29729,3000,0
32395,29730,0,0
32396,29731,0,0
32397,29732,0,0
32398,29734,0,0
32399,29735,0,0
32400,29736,100,0
32401,29737,0,0
32402,29738,0,0
32403,29739,0,0
32404,29740,2500,0
32405,29741,0,0
32406,29742,0,0
32407,29743,0,0
32408,29744,0,0
32409,29745,0,0
32410,29746,1100,0
32411,29747,0,0
32412,29748,0,0
32413,29749,0,0
32414,29750,500,0
32415,29751,0,0
32416,29752,300,1000000
32417,29753,0,0
32418,29754,0,0
32419,29755,29,0
32420,29756,0,0
32421,29757,0,0
32422,29758,0,0
32423,29759,0,0
32424,29761,0,0
32425,29762,0,0
32426,7631,8500,0
32427,29763,8500,0
32428,29764,0,0
32429,29765,0,0
32430,29766,0,0
32431,1800,1500,0
32432,24097,1500,0
32433,29767,1500,0
32434,29768,0,0
32435,29769,0,0
32436,29771,0,0
32437,29773,0,0
32438,29774,0,0
32439,29775,0,0
32440,29776,0,0
32441,29777,0,0
32442,29778,0,0
32443,29779,0,0
32444,29780,0,0
32445,29782,0,0
32446,29783,0,0
32447,29784,720,0
32448,29785,0,0
32449,29786,0,0
32450,29787,0,0
32451,29788,0,0
32452,29789,0,0
32453,29790,5,0
32454,29792,0,0
32455,29793,2500,0
32456,29794,17,0
32457,29795,300,0
32458,29796,300,0
32459,29797,2000,0
32460,29798,0,0
32461,29799,0,0
32462,29800,100,0
32463,29801,0,0
32464,29802,0,0
32465,29803,0,0
32466,29804,0,0
32467,29805,0,0
32468,29806,0,0
32469,29807,0,0
32470,29808,0,0
32471,3012,10000,0
32472,28329,10000,0
32473,29809,10000,0
32474,29810,0,0
32475,29811,0,0
32476,29812,0,0
32477,29813,0,0
32478,29814,0,0
32479,29815,5,10
32480,29816,0,0
32481,29817,0,0
32482,29818,0,0
32483,29819,0,0
32484,29820,0,0
32485,29821,0,0
32486,29822,0,0
32487,29823,12,0
32488,29824,0,0
32489,29825,0,0
32490,29826,0,0
32491,29827,0,0
32492,29828,0,0
32493,29829,0,0
32494,29830,5,0
32495,29831,0,0
32496,29832,0,0
32497,29833,0,0
32498,29834,0,0
32499,29835,0,0
32500,29836,0,0
32501,29837,0,0
32502,29838,0,0
32503,29839,0,0
32504,29840,0,0
32505,29841,300,0
32506,29842,0,0
32507,29843,0,0
32508,29846,0,0
32509,29848,0,0
32510,29849,0,0
32511,3076,0,0
32512,29850,0,0
32513,29851,0,0
32514,29852,0,0
32515,29853,0,0
32516,29854,0,0
32517,29856,0,0
32518,29857,0,0
32519,29858,7500,0
32520,29859,0,0
32521,29860,0,0
32522,29861,0,0
32523,29864,0,0
32524,3207,0,0
32525,29865,0,0
32526,29866,0,0
32527,29867,0,0
32528,29868,0,0
32529,29870,0,0
32530,29871,0,0
32531,29872,0,0
32532,29873,0,0
32533,29454,25,0
32534,29874,25,0
32535,30780,25,0
32536,29875,0,0
32537,29876,0,0
32538,29877,0,0
32539,29878,0,0
32540,29879,0,0
32541,29880,0,0
32542,29881,0,0
32543,29883,0,0
32544,29884,0,0
32545,29885,1100,0
32546,29886,0,0
32547,29887,0,0
32548,29889,0,0
32549,29890,0,0
32550,29891,0,0
32551,29892,0,0
32552,29893,0,0
32553,29894,0,0
32554,20167,0,0
32555,29895,0,0
32556,29896,0,0
32557,29897,0,0
32558,29898,20,40
32559,29899,0,0
32560,29900,0,0
32561,29901,0,0
32562,29902,0,0
32563,29903,0,0
32564,29904,0,0
32565,29905,0,0
32566,29906,0,0
32567,29907,1,1
32568,29908,0,0
32569,29909,0,0
32570,29910,0,0
32571,29911,0,0
32572,29912,0,0
32573,29913,0,0
32574,29914,10,1
32575,29915,0,0
32576,29916,85,0
32577,15260,0,0
32578,29917,0,0
32579,29918,0,0
32580,12067,10000,0
32581,25617,10000,0
32582,29919,10000,0
32583,29920,0,0
32584,29921,0,0
32585,29923,0,0
32586,29924,0,0
32587,29925,0,0
32588,29926,1600,0
32589,29927,0,0
32590,29928,0,0
32591,29929,0,0
32592,29930,0,0
32593,29931,0,0
32594,29932,0,0
32595,29934,0,0
32596,29935,1922,0
32597,29936,0,0
32598,29937,0,0
32599,29938,0,0
32600,29940,0,0
32601,29941,0,0
32602,17414,0,0
32603,29942,0,0
32604,30553,0,0
32605,29943,0,0
32606,29944,0,0
32607,29945,0,0
32608,29946,0,0
32609,29947,0,0
32610,29948,5,0
32611,29949,0,0
32612,29950,0,0
32613,29951,0,0
32614,29952,0,0
32615,29953,0,0
32616,29954,0,0
32617,29955,0,0
32618,29956,0,0
32619,29957,0,0
32620,29958,0,0
32621,29959,0,0
32622,29960,0,0
32623,29961,0,0
32624,29962,0,0
32625,29963,0,0
32626,29964,7,0
32627,29965,0,0
32628,29966,0,0
32629,29967,0,0
32630,29968,0,0
32631,29969,0,0
32632,29970,0,0
32633,29971,0,0
32634,29972,0,0
32635,29973,0,0
32636,29974,0,0
32637,29975,50,0
32638,29976,0,0
32639,29977,0,0
32640,29978,0,0
32641,29979,0,0
32642,29980,0,0
32643,29981,0,0
32644,29982,0,0
32645,29983,0,0
32646,29984,0,0
32647,29985,0,0
32648,29986,0,0
32649,29987,0,0
32650,29988,20000,0
32651,29989,0,0
32652,29990,200,0
32653,29991,0,0
32654,29992,600,0
32655,29993,0,0
32656,14030,100,0
32657,17765,100,0
32658,19555,100,0
32659,22983,100,0
32660,29994,100,0
32661,29996,0,0
32662,29998,0,0
32663,29999,0,0
32664,30000,0,0
32665,30002,0,0
32666,30003,0,0
32667,30004,0,0
32668,30005,0,0
32669,30006,0,0
32670,30007,0,0
32671,30008,0,0
32672,30009,0,0
32673,30010,0,0
32674,30011,0,0
32675,17320,3500,0
32676,30012,3500,0
32677,30013,0,0
32678,30014,0,0
32679,1139,50,0
32680,5616,50,0
32681,30015,50,0
32682,30016,0,0
32683,30017,0,0
32684,30018,100,0
32685,30019,0,0
32686,30020,10000,0
32687,30021,0,0
32688,30022,1000,0
32689,30023,0,0
32690,30024,0,0
32691,30025,0,0
32692,30027,48,0
32693,30028,0,0
32694,27690,60,0
32695,30029,60,0
32696,30030,0,0
32697,30031,10000,0
32698,30032,0,0
32699,30033,0,0
32700,30034,0,0
32701,30035,0,0
32702,30036,0,0
32703,30037,0,0
32704,30039,0,0
32705,30040,0,0
32706,30041,0,0
32707,30043,0,0
32708,30045,0,0
32709,30046,0,0
32710,30047,0,0
32711,30048,0,0
32712,30049,0,0
32713,30050,0,0
32714,30051,0,0
32715,30052,100,0
32716,30053,0,0
32717,30054,0,0
32718,30055,0,0
32719,30056,0,0
32720,30057,5000,0
32721,30058,0,0
32722,30059,0,0
32723,30060,1500,0
32724,30061,1200,0
32725,30062,500,0
32726,30063,1000,0
32727,30064,0,0
32728,30065,0,0
32729,30066,0,0
32730,30067,300,0
32731,30069,850,0
32732,30070,0,0
32733,30071,0,0
32734,30072,0,0
32735,30073,340,0
32736,30074,0,0
32737,30076,0,0
32738,30763,0,0
32739,30077,0,0
32740,30078,0,0
32741,30079,0,0
32742,30080,0,0
32743,30081,1000,0
32744,30082,0,0
32745,30083,0,0
32746,30084,200,0
32747,30085,0,0
32748,30086,0,0
32749,30087,0,0
32750,30088,0,0
32751,30090,0,0
32752,30091,0,0
32753,30092,0,0
32754,30093,23000,0
32755,30094,0,0
32756,30095,0,0
32757,30096,0,0
32758,30097,0,0
32759,30098,0,0
32760,30099,0,0
32761,30100,0,0
32762,30101,0,0
32763,5106,2000,0
32764,7558,2000,0
32765,30102,2000,0
32766,30103,0,0
32767,30104,0,0
32768,30105,0,0
32769,30106,0,0
32770,30107,0,0
32771,30108,20,0
32772,16309,50,0
32773,28737,50,0
32774,30109,50,0
32775,30110,0,0
32776,30111,0,0
32777,30112,0,0
32778,30113,0,0
32779,30114,0,0
32780,30115,0,0
32781,30116,0,0
32782,30117,0,0
32783,30119,0,0
32784,30120,0,0
32785,30121,0,0
32786,30122,9000,0
32787,30123,0,0
32788,30124,0,0
32789,30125,0,0
32790,30126,0,0
32791,30127,0,0
32792,30128,12000000,342322
32793,30129,0,0
32794,30130,0,0
32795,30131,380,0
32796,3152,0,0
32797,17362,0,0
32798,30132,0,0
32799,30852,0,0
32800,30133,10,0
32801,30134,0,0
32802,30135,0,0
32803,30136,0,0
32804,30137,50,0
32805,30138,0,0
32806,30139,200,0
32807,30141,0,0
32808,25602,0,0
32809,30142,0,0
32810,30144,300,0
32811,30145,0,0
32812,30146,0,0
32813,30147,0,0
32814,30148,0,0
32815,30149,0,0
32816,30150,0,0
32817,30151,0,0
32818,30152,0,0
32819,30153,0,0
32820,30154,0,0
32821,30155,0,0
32822,30157,0,0
32823,30158,0,0
32824,30159,0,0
32825,30160,0,0
32826,30162,0,0
32827,30163,0,0
32828,30164,0,0
32829,30165,0,0
32830,30166,0,0
32831,30167,0,0
32832,30168,0,0
32833,30169,0,0
32834,30170,0,0
32835,30171,0,0
32836,30172,1000,0
32837,30173,0,0
32838,30174,0,0
32839,30175,0,0
32840,30176,0,0
32841,30177,0,0
32842,30178,0,0
32843,30179,0,0
32844,30180,20000,0
32845,30181,0,0
32846,30183,42,0
32847,30184,1000,0
32848,30185,500,0
32849,30186,0,0
32850,30187,0,0
32851,30188,0,0
32852,30190,0,0
32853,30191,0,0
32854,30192,0,0
32855,30193,0,0
32856,30194,0,0
32857,30195,10,0
32858,30196,0,0
32859,30197,0,0
32860,30198,0,0
32861,30199,0,0
32862,30200,0,0
32863,30201,10,0
32864,30202,0,0
32865,30203,10,0
32866,30204,0,0
32867,30205,0,0
32868,30206,5,0
32869,30207,0,0
32870,30208,100,0
32871,30209,100,0
32872,30210,100,0
32873,30211,0,0
32874,30212,0,0
32875,30213,0,0
32876,30214,0,0
32877,30215,0,0
32878,30216,390,0
32879,30217,781,0
32880,30218,388,0
32881,30219,0,0
32882,30220,0,0
32883,30221,0,0
32884,30222,0,0
32885,30223,0,0
32886,30224,0,0
32887,30225,700,0
32888,30226,0,0
32889,30227,0,0
32890,30228,0,0
32891,2323,2000,0
32892,12173,2000,0
32893,30229,2000,0
32894,30230,0,0
32895,30231,0,0
32896,30232,0,0
32897,30233,0,0
32898,30234,0,0
32899,30235,200000,0
32900,30236,2500,0
32901,30237,0,0
32902,30238,0,0
32903,30239,0,0
32904,30240,0,0
32905,30241,0,0
32906,30242,0,0
32907,30243,0,0
32908,30244,0,0
32909,30245,0,0
32910,30246,0,0
32911,30247,0,0
32912,30248,0,0
32913,30249,0,0
32914,30250,30000,0
32915,30251,10000,10000
32916,30252,0,0
32917,30253,2300,0
32918,30254,0,0
32919,30255,0,0
32920,30256,0,0
32921,30257,0,0
32922,30258,35,0
32923,30259,0,0
32924,30260,0,0
32925,30261,0,0
32926,30262,0,0
32927,30263,0,0
32928,30264,0,0
32929,30265,0,0
32930,30266,300,0
32931,30267,1083,0
32932,30268,0,0
32933,30269,0,0
32934,30270,0,0
32935,30271,5000,0
32936,30272,100,0
32937,30273,0,0
32938,30274,0,0
32939,30275,110,0
32940,30277,0,0
32941,30278,0,0
32942,30279,0,0
32943,30281,0,0
32944,30282,0,0
32945,30283,0,0
32946,30284,0,0
32947,25558,1000,0
32948,30285,1000,0
32949,30287,0,0
32950,5279,1000,0
32951,30288,1000,0
32952,30289,0,0
32953,30290,0,0
32954,30291,0,0
32955,5392,12000,0
32956,30292,12000,0
32957,30293,0,0
32958,30294,0,0
32959,30295,0,0
32960,30296,0,0
32961,30297,0,0
32962,30298,0,0
32963,30299,0,0
32964,30300,0,0
32965,30301,200,0
32966,30302,0,0
32967,30303,500,0
32968,30304,0,0
32969,30305,50000,0
32970,30307,0,0
32971,19345,0,0
32972,30308,0,0
32973,30309,0,0
32974,30310,0,0
32975,30311,0,0
32976,30312,0,0
32977,30313,0,0
32978,30314,0,0
32979,30315,0,0
32980,30316,2227,0
32981,30317,0,0
32982,30318,0,0
32983,30319,0,0
32984,30320,0,0
32985,22589,10,0
32986,27424,10,0
32987,27946,10,0
32988,30322,10,0
32989,30323,0,0
32990,30324,0,0
32991,30325,0,0
32992,30326,0,0
32993,30327,0,0
32994,30328,0,0
32995,30329,12,1
32996,30330,0,0
32997,30331,0,0
32998,30332,0,0
32999,30334,0,0
33000,30335,0,0
33001,30336,50,0
33002,30337,0,0
33003,30338,250,0
33004,30339,0,0
33005,104,0,0
33006,30340,0,0
33007,30341,0,0
33008,30343,0,0
33009,30344,0,0
33010,6963,10,0
33011,7531,10,0
33012,10616,10,0
33013,17906,10,0
33014,18076,10,0
33015,21186,10,0
33016,26880,10,0
33017,30346,10,0
33018,31049,10,0
33019,30347,0,0
33020,30348,0,0
33021,30349,0,0
33022,30350,0,0
33023,30352,0,0
33024,30353,0,0
33025,30354,0,0
33026,30355,0,0
33027,30356,0,0
33028,30357,0,0
33029,30358,0,0
33030,30359,0,0
33031,30360,500,0
33032,30361,0,0
33033,30362,0,0
33034,30363,0,0
33035,30364,0,0
33036,30365,0,0
33037,30366,0,0
33038,30367,0,0
33039,30368,0,0
33040,30369,0,0
33041,30370,0,0
33042,30371,0,0
33043,1086,0,0
33044,30372,0,0
33045,30374,36000,0
33046,30375,0,0
33047,30376,0,0
33048,30377,0,0
33049,30378,0,0
33050,30379,0,0
33051,30380,0,0
33052,30381,0,0
33053,30382,2000,0
33054,30383,0,0
33055,30384,5500,0
33056,30386,0,0
33057,30387,0,0
33058,30388,0,0
33059,30389,0,0
33060,30390,35,0
33061,30391,0,0
33062,30392,0,0
33063,30393,0,0
33064,30394,0,0
33065,30395,0,0
33066,30396,30,0
33067,30398,0,0
33068,30399,0,0
33069,30400,0,0
33070,30401,200,0
33071,30402,100,0
33072,30403,4,0
33073,30404,0,0
33074,30405,0,0
33075,30406,0,0
33076,30407,0,0
33077,30408,4000,0
33078,30409,1000,0
33079,30411,0,0
33080,30412,16000,0
33081,30413,0,0
33082,30414,0,0
33083,30417,0,0
33084,30418,305,0
33085,30419,0,0
33086,30420,0,0
33087,30421,0,0
33088,30422,10,0
33089,30423,0,0
33090,30424,0,0
33091,30426,0,0
33092,30427,0,0
33093,30428,0,0
33094,24931,50,0
33095,30429,50,0
33096,30430,0,0
33097,30431,0,0
33098,1548,200,0
33099,30432,200,0
33100,30433,400,0
33101,30434,0,0
33102,30435,0,0
33103,30436,3000,0
33104,30437,0,0
33105,30438,0,0
33106,30439,0,0
33107,30440,0,0
33108,30441,0,0
33109,30442,0,0
33110,30443,0,0
33111,30444,0,0
33112,30445,0,0
33113,30446,0,0
33114,30447,0,0
33115,30448,10,0
33116,30449,0,0
33117,30451,2000,0
33118,30452,0,0
33119,30453,0,0
33120,30454,0,0
33121,30455,0,0
33122,30456,0,0
33123,3446,500000,0
33124,8681,500000,0
33125,9170,500000,0
33126,30457,500000,0
33127,30458,5000,0
33128,30459,0,0
33129,30460,0,0
33130,30461,0,0
33131,30462,0,0
33132,30463,0,0
33133,30464,0,0
33134,30465,0,0
33135,30466,0,0
33136,30467,0,0
33137,30468,0,0
33138,30469,0,0
33139,30470,0,0
33140,30471,0,0
33141,30472,0,0
33142,30473,0,0
33143,30474,0,0
33144,30475,0,0
33145,30476,0,0
33146,30477,0,0
33147,30478,0,0
33148,30479,4500,0
33149,30480,0,0
33150,30481,500,0
33151,30482,0,0
33152,30483,30000,0
33153,30484,300,0
33154,30485,100000,0
33155,30486,500000,0
33156,30487,1500,1000
33157,30488,50,0
33158,30489,0,0
33159,30490,0,0
33160,30491,0,0
33161,30492,0,0
33162,30493,150,0
33163,30494,0,0
33164,30495,0,0
33165,13510,500,0
33166,24212,500,0
33167,30496,500,0
33168,30497,700,0
33169,30498,0,0
33170,30499,0,0
33171,30500,0,0
33172,30501,0,0
33173,30502,0,0
33174,30503,0,0
33175,30504,0,0
33176,30505,0,0
33177,30507,0,0
33178,30508,0,0
33179,29536,0,0
33180,30509,0,0
33181,30510,0,0
33182,30511,0,0
33183,30512,0,0
33184,30513,0,0
33185,30514,0,0
33186,30515,0,0
33187,30516,0,0
33188,30517,0,0
33189,30518,10000,0
33190,30519,0,0
33191,30520,500000,0
33192,30521,0,0
33193,30522,0,0
33194,30524,0,0
33195,30525,0,0
33196,26335,0,0
33197,30526,0,0
33198,30527,0,0
33199,30528,0,0
33200,30529,0,0
33201,30530,0,0
33202,30531,0,0
33203,30532,10,0
33204,30533,0,0
33205,30534,0,0
33206,30535,0,0
33207,30536,0,0
33208,30537,0,0
33209,30538,0,0
33210,30539,0,0
33211,30540,0,0
33212,30541,0,0
33213,23467,10,0
33214,30542,10,0
33215,30543,0,0
33216,30544,0,0
33217,30545,0,0
33218,30546,0,0
33219,30547,0,0
33220,30549,0,0
33221,30550,4000,0
33222,30551,0,0
33223,30552,0,0
33224,30554,0,0
33225,30555,0,0
33226,30556,0,0
33227,30557,0,0
33228,9064,5,0
33229,29312,5,0
33230,30189,5,0
33231,30559,5,0
33232,30560,0,0
33233,30561,0,0
33234,30562,300,0
33235,30564,50,0
33236,30565,0,0
33237,30566,0,0
33238,30567,0,0
33239,30568,0,0
33240,30569,0,0
33241,30570,0,0
33242,30571,0,0
33243,30572,0,0
33244,30573,0,0
33245,30574,0,0
33246,30575,20000,0
33247,30576,0,0
33248,30577,0,0
33249,30578,0,0
33250,30580,0,0
33251,30581,0,0
33252,30583,0,0
33253,30584,0,0
33254,30585,0,0
33255,30586,0,0
33256,30587,0,0
33257,30588,0,0
33258,30589,0,0
33259,30590,0,0
33260,30591,0,0
33261,30592,0,0
33262,30593,0,0
33263,30594,600,0
33264,20615,5000,0
33265,30595,5000,0
33266,30596,0,0
33267,30597,0,0
33268,30598,0,0
33269,20968,10,10
33270,30140,10,10
33271,30599,10,10
33272,30600,0,0
33273,30601,0,0
33274,30602,0,0
33275,30603,0,0
33276,30604,0,0
33277,30605,0,0
33278,30606,0,0
33279,30607,0,0
33280,30608,0,0
33281,30609,0,0
33282,30610,0,0
33283,30611,0,0
33284,30612,0,0
33285,30613,0,0
33286,30614,10000,0
33287,30615,0,0
33288,30616,0,0
33289,30617,0,0
33290,30618,0,0
33291,30619,0,0
33292,30620,0,0
33293,30621,0,0
33294,30622,0,0
33295,30623,0,0
33296,30624,0,0
33297,30625,0,0
33298,30626,0,0
33299,30628,10000,0
33300,30629,0,0
33301,30630,0,0
33302,30631,5000,0
33303,30632,0,0
33304,30633,0,0
33305,30634,0,0
33306,30635,0,0
33307,30636,0,0
33308,30637,0,0
33309,30638,0,0
33310,30639,0,0
33311,30640,0,0
33312,30641,0,0
33313,30642,0,0
33314,30644,20000,0
33315,30645,0,0
33316,30646,0,0
33317,30647,0,0
33318,30649,5000,500
33319,30650,0,0
33320,30651,0,0
33321,30652,0,0
33322,30653,0,0
33323,30654,50,0
33324,30655,0,0
33325,30656,0,0
33326,30657,0,0
33327,30658,0,0
33328,30659,0,0
33329,30660,0,0
33330,30661,0,0
33331,30662,0,0
33332,30663,0,0
33333,30664,0,0
33334,30665,0,0
33335,30666,0,0
33336,30667,0,0
33337,30668,0,0
33338,30669,0,0
33339,30670,0,0
33340,30671,0,0
33341,30672,0,0
33342,30673,0,0
33343,30674,0,0
33344,30675,0,0
33345,30676,0,0
33346,30677,0,0
33347,30678,0,0
33348,30679,0,0
33349,30680,0,0
33350,30681,0,0
33351,30682,0,0
33352,30683,0,0
33353,30684,0,0
33354,30685,0,0
33355,30686,0,0
33356,30687,0,0
33357,30688,0,0
33358,30689,0,0
33359,30690,0,0
33360,30691,0,0
33361,30692,0,0
33362,30693,0,0
33363,30694,0,0
33364,30695,0,0
33365,30696,0,0
33366,30697,0,0
33367,30698,0,0
33368,30699,0,0
33369,30700,0,0
33370,30701,0,0
33371,30702,0,0
33372,30704,0,0
33373,30705,0,0
33374,30706,0,0
33375,30707,0,0
33376,30708,750,0
33377,30709,0,0
33378,30710,0,0
33379,30711,0,0
33380,30712,0,0
33381,30713,6,0
33382,30714,0,0
33383,30715,0,0
33384,30716,50,0
33385,30717,367,0
33386,30718,0,0
33387,30719,0,0
33388,1107,0,0
33389,25995,0,0
33390,30720,0,0
33391,30721,0,0
33392,30722,0,0
33393,30723,0,0
33394,30724,0,0
33395,30725,0,0
33396,30727,0,0
33397,30728,0,0
33398,30729,0,0
33399,30730,0,0
33400,30731,0,0
33401,30732,0,0
33402,30733,0,0
33403,30734,0,0
33404,30735,0,0
33405,30736,0,0
33406,30737,0,0
33407,30738,0,0
33408,30739,0,0
33409,30740,0,0
33410,30741,0,0
33411,30742,0,0
33412,30743,0,0
33413,30744,1600,0
33414,30745,350,0
33415,30746,0,0
33416,30747,0,0
33417,30748,0,0
33418,30749,0,0
33419,30750,0,0
33420,30751,1000,0
33421,30752,0,0
33422,30753,0,0
33423,30754,0,0
33424,30756,0,0
33425,30758,0,0
33426,30759,0,0
33427,30760,0,0
33428,30761,0,0
33429,30764,0,0
33430,30765,0,0
33431,30768,0,0
33432,30769,0,0
33433,30770,0,0
33434,30771,0,0
33435,30772,0,0
33436,30773,0,0
33437,30774,0,0
33438,30775,0,0
33439,30776,0,0
33440,30777,2675,0
33441,30778,0,0
33442,30779,0,0
33443,30781,3000,0
33444,30782,0,0
33445,30783,120,0
33446,30784,3500,0
33447,30785,0,0
33448,30786,9,0
33449,30787,0,0
33450,15055,3000,0
33451,23777,3000,0
33452,29888,3000,0
33453,30789,3000,0
33454,30790,0,0
33455,30791,0,0
33456,30792,0,0
33457,30793,0,0
33458,30794,0,0
33459,30795,0,0
33460,30796,0,0
33461,30797,0,0
33462,30798,0,0
33463,30799,0,0
33464,30800,0,0
33465,30802,0,0
33466,30803,0,0
33467,30804,0,0
33468,15505,20,0
33469,18237,20,0
33470,30805,20,0
33471,30808,0,0
33472,30810,0,0
33473,30811,0,0
33474,30812,0,0
33475,30815,0,0
33476,30816,0,0
33477,30817,0,0
33478,30818,0,0
33479,30819,0,0
33480,30820,0,0
33481,30821,0,0
33482,30822,0,0
33483,30823,0,0
33484,30824,0,0
33485,30825,0,0
33486,30826,0,0
33487,30827,0,0
33488,30828,0,0
33489,30829,0,0
33490,30831,0,0
33491,30832,0,0
33492,30833,0,0
33493,30834,0,0
33494,30835,0,0
33495,30836,0,0
33496,30837,0,0
33497,30838,0,0
33498,30839,0,0
33499,30840,0,0
33500,30841,0,0
33501,30843,0,0
33502,30844,0,0
33503,30845,0,0
33504,906,0,0
33505,30846,0,0
33506,30847,0,0
33507,30848,0,0
33508,30849,0,0
33509,30850,0,0
33510,30851,0,0
33511,30853,0,0
33512,30854,0,0
33513,30855,0,0
33514,30856,0,0
33515,30859,862,0
33516,30860,8000,0
33517,30861,0,0
33518,30862,0,0
33519,30863,0,0
33520,30865,0,0
33521,30866,595,0
33522,30867,0,0
33523,30869,0,0
33524,30871,0,0
33525,30872,0,0
33526,30873,0,0
33527,30874,0,0
33528,30875,0,0
33529,30876,0,0
33530,30877,0,0
33531,30879,0,0
33532,30880,0,0
33533,30881,0,0
33534,3132,89,0
33535,23898,89,0
33536,30882,89,0
33537,30883,0,0
33538,30884,0,0
33539,30885,0,0
33540,30886,0,0
33541,30887,2440,0
33542,30888,0,0
33543,30889,0,0
33544,30890,0,0
33545,30891,0,0
33546,30892,0,0
33547,30893,0,0
33548,30894,0,0
33549,30895,0,0
33550,30898,0,0
33551,30899,0,0
33552,30900,0,0
33553,30901,0,0
33554,30902,7340,0
33555,3425,0,0
33556,30903,0,0
33557,30904,4000,0
33558,30905,0,0
33559,30906,0,0
33560,30907,0,0
33561,30908,0,0
33562,30909,0,0
33563,30910,0,0
33564,30911,0,0
33565,30912,0,0
33566,30913,0,0
33567,30914,0,0
33568,30915,0,0
33569,30917,125,0
33570,30918,0,0
33571,30919,0,0
33572,30920,12,0
33573,30921,0,0
33574,30922,0,0
33575,30924,0,0
33576,30925,0,0
33577,30927,0,0
33578,30928,0,0
33579,30929,0,0
33580,30930,0,0
33581,30931,0,0
33582,1863,1700,0
33583,23018,1700,0
33584,30932,1700,0
33585,30933,0,0
33586,30934,0,0
33587,30935,100,0
33588,30936,0,0
33589,30937,0,0
33590,30938,0,0
33591,30939,0,0
33592,11367,2000,0
33593,30940,2000,0
33594,30941,6000,0
33595,30942,0,0
33596,30943,0,0
33597,30944,0,0
33598,30945,150,0
33599,30946,0,0
33600,30947,0,0
33601,30948,0,0
33602,30949,0,0
33603,30950,0,0
33604,30951,0,0
33605,30952,0,0
33606,30953,0,0
33607,30954,0,0
33608,30956,0,0
33609,30957,5000,0
33610,30958,0,0
33611,30959,0,0
33612,30960,0,0
33613,30961,0,0
33614,30962,0,0
33615,30963,0,0
33616,30964,300,0
33617,30966,0,0
33618,30967,0,0
33619,30968,0,0
33620,30969,0,0
33621,30970,0,0
33622,30971,193,0
33623,30973,0,0
33624,30975,5000,0
33625,30976,0,0
33626,30977,0,0
33627,30978,0,0
33628,30979,0,0
33629,30980,0,0
33630,30981,0,0
33631,30982,0,0
33632,30983,0,0
33633,30984,0,0
33634,30985,0,0
33635,30986,0,0
33636,30987,200000,0
33637,30988,0,0
33638,30990,0,0
33639,30991,60,0
33640,30992,0,0
33641,30993,0,0
33642,30994,0,0
33643,30995,0,0
33644,30996,0,0
33645,30997,0,0
33646,30998,0,0
33647,31000,0,0
33648,31001,3000,0
33649,31003,0,0
33650,31004,0,0
33651,31005,250000,0
33652,31006,10,0
33653,8309,120,0
33654,31007,120,0
33655,31008,0,0
33656,31009,0,0
33657,31010,0,0
33658,31011,0,0
33659,31012,181618,0
33660,31013,0,0
33661,31014,0,0
33662,31015,0,0
33663,31016,100,0
33664,31017,0,0
33665,31019,0,0
33666,31020,2800,0
33667,31021,0,0
33668,31022,0,0
33669,31024,0,0
33670,31025,0,0
33671,31026,0,0
33672,31027,0,0
33673,31028,100,0
33674,31030,0,0
33675,31031,5500,0
33676,31032,0,0
33677,31033,0,0
33678,31034,0,0
33679,31035,0,0
33680,31036,0,0
33681,31037,0,0
33682,31038,0,0
33683,31039,0,0
33684,31040,0,0
33685,31041,0,0
33686,31042,0,0
33687,31043,0,0
33688,31044,0,0
33689,31045,1,2
33690,31046,1,2
33691,8001,1,3
33692,31047,1,3
33693,8240,51000,0
33694,11290,51000,0
33695,31050,51000,0
33696,31051,0,0
33697,31052,0,0
33698,31053,0,0
33699,31054,0,0
33700,31055,0,0
33701,31056,0,0
33702,31057,0,0
33703,31059,0,0
33704,31060,0,0
33705,31061,0,0
33706,31062,0,0
33707,31063,0,0
33708,31064,35,0
33709,31065,35,0
33710,31066,0,0
33711,31067,0,0
33712,31069,0,0
33713,31070,1000,0
33714,31071,0,0
33715,31072,0,0
33716,31073,0,0
33717,31074,0,0
33718,31075,0,0
33719,31077,0,0
33720,31078,0,0
33721,31079,10000,0
33722,31080,0,0
33723,31081,0,0
33724,31082,0,0
33725,31083,0,0
33726,31084,0,0
33727,31085,0,0
33728,31086,0,0
33729,31087,0,0
33730,31088,2000,0
33731,31089,0,0
33732,31090,0,0
33733,31091,1025,0
33734,31093,500,0
33735,31094,0,0
33736,31095,0,0
33737,31096,0,0
33738,31097,0,0
33739,31098,0,0
33740,31099,0,0
33741,31100,0,0
33742,31101,0,0
33743,31102,0,0
33744,31105,0,0
33745,31106,0,0
33746,31108,0,0
33747,31109,0,0
33748,31110,0,0
33749,31111,0,0
33750,31112,0,0
33751,31113,0,0
33752,31115,0,0
33753,31116,0,0
33754,31117,0,0
33755,31118,0,0
33756,31119,0,0
33757,31120,0,0
33758,31121,0,0
33759,31122,0,0
33760,31123,0,0
33761,31124,0,0
33762,31125,0,0
33763,31126,0,0
33764,31127,0,0
33765,31128,0,0
33766,31129,0,0
33767,31130,0,0
33768,31131,0,0
33769,31132,0,0
33770,31133,500,0
33771,31134,0,0
33772,31135,0,0
33773,31136,228,0
33774,31137,0,0
33775,31138,0,0
33776,31139,0,0
33777,31140,0,0
33778,31141,2000,0
33779,31142,0,0
33780,31143,0,0
33781,31144,0,0
33782,31145,0,0
33783,31146,0,0
33784,31147,0,0
