,movie_id,tmdb_rating,osc_nomination,osc_win,oscar_year,critic_consensus,tomatometer_status,tomatometer_rating,bechdel_rating,imdb_rating
0,1,0.6,,,,,,,,
1,2,50.907,,,,,,,,
2,3,0.84,,,,,,,,
3,4,4.197,,,,,,,,
4,5,0.6,,,,,,,,
5,6,1.956,,,,,,,,
6,7,2.533,,,,,,,,
7,8,7.663,,,,,,,,
8,9,0.6,,,,,,,,
9,10,0.966,,,,,,,,
10,11,0.6,,,,,,,,
11,12,0.6,,,,,,,,
12,13,0.6,,,,,,,,
13,14,0.6,,,,,,,,
14,15,3.44,,,,,,,,
15,16,1.486,,,,,,,,
16,17,1.942,,,,,,,,
17,18,0.6,,,,,,,,
18,19,0.6,,,,,,,,
19,20,0.6,,,,,,,,
20,21,0.6,,,,,,,,
21,22,0.6,,,,,,,,
22,23,0.6,,,,,,,,
23,24,0.6,,,,,,,,
24,25,0.652,,,,,,,,
25,26,0.625,,,,,,,,
26,27,0.657,,,,,,,,
27,28,0.6,,,,,,,,
28,29,0.6,,,,,,,,
29,30,0.677,,,,,,,,
30,31,0.704,,,,,,,,
31,32,0.875,,,,,,,,
32,33,,,,,,,,1.0,7.7
33,34,0.665,,,,,,,,
34,35,0.6,,,,,,,,
35,36,0.6,,,,,,,,
36,37,0.6,,,,,,,,
37,38,0.6,,,,,,,,
38,39,0.969,,,,,,,,
39,40,0.6,,,,,,,,
40,41,0.6,,,,,,,,
41,42,0.6,,,,,,,,
42,43,0.6,,,,,,,,
43,44,0.6,,,,,,,,
44,45,0.6,,,,,,,,
45,46,2.506,,,,,,,,
46,47,2.191,,,,,,,,
47,48,1.09,,,,,,,,
48,49,0.6,,,,,,,,
49,50,0.6,,,,,,,,
50,51,0.6,,,,,,,,
51,52,0.6,,,,,,,,
52,53,1.213,,,,,,,,
53,54,0.6,,,,,,,,
54,55,0.6,,,,,,,,
55,56,0.6,,,,,,,,
56,57,0.601,,,,,,,,
57,58,0.6,,,,,,,,
58,59,0.6,,,,,,,,
59,60,0.6,,,,,,,,
60,61,0.6,,,,,,,,
61,62,0.6,,,,,,,,
62,63,26.205,,,,,,,3.0,7.2
63,64,0.6,,,,,,,,
64,65,0.6,,,,,,,,
65,66,2.046,,,,,,,,
66,67,0.6,,,,,,,,
67,68,0.724,,,,,,,,
68,69,6.115,,,,,,,,
69,70,0.6,,,,,,,,
70,71,19.697,,,,,,,,
71,72,1.166,,,,,,,,
72,73,8.34,,,,,,,,
73,74,4.385,,,,,,,,
74,75,5.909,,,,,,,,
75,76,1.608,,,,,,,,
76,77,0.6,,,,,,,,
77,78,0.6,,,,,,,,
78,79,0.6,,,,,,,,
79,80,0.933,,,,,,,,
80,81,0.6,,,,,,,,
81,82,0.6,,,,,,,,
82,83,11.736,,,,,,,,
83,84,5.235,,,,,,,,
84,85,0.6,,,,,,,,
85,86,3.438,,,,,,,,
86,86,0.937,,,,,,,,
87,87,0.603,,,,,,,,
88,88,1.863,,,,,,,,
89,89,0.84,,,,,,,,
90,90,1.792,,,,,,,,
91,91,,,,,,,,0.0,9.0
92,92,0.903,,,,,,,,
93,93,2.604,,,,,,,,
94,94,0.6,,,,,,,,
95,95,14.073,,,,,,,,
96,96,38.37,,,,,,,,
97,97,0.6,,,,,,,,
98,98,,0.0,1.0,2013,"It's far from comfortable viewing, but 12 Years a Slave's unflinchingly brutal look at American slavery is also brilliant -- and quite possibly essential -- cinema.",Certified-Fresh,95.0,3.0,8.1
99,99,0.6,,,,,,,,
100,100,5.409,,,,,,,,
101,101,0.6,,,,,,,,
102,102,0.6,,,,,,,,
103,103,4.41,,,,,,,,
104,104,0.6,,,,,,,,
105,105,0.6,,,,,,,,
106,106,,1.0,0.0,2010,"As gut-wrenching as it is inspirational, 127 Hours unites one of Danny Boyle's most beautifully exuberant directorial efforts with a terrific performance from James Franco.",Certified-Fresh,93.0,3.0,7.5
107,107,0.6,,,,,,,,
108,108,0.6,,,,,,,,
109,109,0.6,,,,,,,,
110,110,0.668,,,,,,,,
111,111,0.6,,,,,,,,
112,112,0.604,,,,,,,,
113,113,6.982,,,,,,,,
114,114,0.6,,,,,,,,
115,115,0.797,,,,,,,,
116,116,0.6,,,,,,,,
117,117,6.76,,,,,,,,
118,118,4.025,,,,,,,,
119,119,13.765,,,,,,,,
120,120,2.832,,,,,,,,
121,121,2.896,,,,,,,,
122,122,1.177,,,,,,,,
123,123,19.675,,,,,,,,
124,124,0.676,,,,,,,,
125,125,0.6,,,,,,,,
126,126,0.985,,,,,,,,
127,127,0.629,,,,,,,,
128,128,0.6,,,,,,,,
129,129,5.983,,,,,,,,
130,130,1.591,,,,,,,,
131,131,2.224,,,,,,,,
132,132,2.026,,,,,,,,
133,133,3.207,,,,,,,,
134,134,1.183,,,,,,,,
135,135,2.115,,,,,,,,
136,136,2.013,,,,,,,,
137,137,2.13,,,,,,,,
138,138,1.441,,,,,,,,
139,139,2.092,,,,,,,,
140,140,0.6,,,,,,,,
141,141,5.248,,,,,,,,
142,142,5.66,,,,,,,,
143,143,1.825,,,,,,,,
144,144,0.6,,,,,,,,
145,145,1.552,,,,,,,,
146,146,8.452,,,,,,,,
147,147,0.6,,,,,,,,
148,148,27.515,,,,,,,3.0,6.8
149,149,0.6,,,,,,,,
150,150,1.293,,,,,,,,
151,151,0.887,,,,,,,,
152,152,0.6,,,,,,,,
153,153,0.6,,,,,,,,
154,154,0.6,,,,,,,,
155,155,0.6,,,,,,,,
156,156,3.844,,,,,,,,
157,157,0.6,,,,,,,,
158,158,,,,,,,,0.0,8.2
159,159,3.52,,,,,,,,
160,160,1.786,,,,,,,,
161,161,1.268,,,,,,,,
162,162,2.32,,,,,,,,
163,163,24.069,,,,,,,1.0,6.2
164,164,0.892,,,,,,,,
165,165,0.6,,,,,,,,
166,166,7.151,,,,,,,,
167,167,0.6,,,,,,,,
168,168,0.84,,,,,,,,
169,169,0.6,,,,,,,,
170,170,0.6,,,,,,,,
171,171,0.6,,,,,,,,
172,172,0.6,,,,,,,,
173,173,14.022,,,,,,,,
174,174,1.732,,,,,,,,
175,175,2.422,,,,,,,,
176,176,0.6,,,,,,,,
177,177,2.165,,,,,,,,
178,178,0.66,,,,,,,,
179,179,0.728,,,,,,,,
180,180,3.954,,,,,,,,
181,181,0.6,,,,,,,,
182,182,7.984,,,,,,,,
183,183,0.6,,,,,,,,
184,184,0.6,,,,,,,,
185,185,12.421,,,,,,,,
186,186,0.6,,,,,,,,
187,187,0.876,,,,,,,,
188,188,0.6,,,,,,,,
189,189,8.831,,,,,,,,
190,190,0.6,,,,,,,,
191,191,10.204,,,,,,,,
192,192,6.016,,,,,,,,
193,193,,,,,,,,0.0,8.3
194,194,1.82,,,,,,,,
195,195,1.78,,,,,,,,
196,196,0.88,,,,,,,1.0,5.8
197,197,14.236,,,,,,,,
198,198,0.623,,,,,,,,
199,199,0.714,,,,,,,,
200,200,1.653,,,,,,,,
201,201,0.6,,,,,,,,
202,202,3.008,,,,,,,,
203,203,,,,,,,,,
204,204,0.6,,,,,,,,
205,205,0.6,,,,,,,,
206,206,0.682,,,,,,,,
207,207,4.104,,,,,,,,
208,208,1.216,,,,,,,,
209,209,1.124,,,,,,,,
210,210,11.418,,,,,,,,
211,211,0.6,,,,,,,,
212,212,,,,,,,,2.0,7.6
213,213,0.73,,,,,,,,
214,214,0.6,,,,,,,,
215,215,49.268,,,,,,,,
216,216,,,,,,,,3.0,7.5
217,217,53.104,,,,,,,3.0,6.9
218,218,0.835,,,,,,,,
219,219,1.491,,,,,,,,
220,220,0.6,,,,,,,,
221,221,1.4,,,,,,,,
222,222,6.158,,,,,,,,
223,223,0.6,,,,,,,,
224,223,0.6,,,,,,,,
225,224,0.6,,,,,,,,
226,225,0.6,,,,,,,,
227,226,3.547,,,,,,,3.0,6.8
228,227,1.598,,,,,,,,
229,228,0.6,,,,,,,,
230,229,0.6,,,,,,,,
231,230,0.6,,,,,,,,
232,231,2.711,,,,,,,,
233,232,1.344,,,,,,,,
234,233,0.6,,,,,,,,
235,234,0.6,,,,,,,,
236,235,0.916,,,,,,,,
237,236,0.6,,,,,,,,
238,237,0.6,,,,,,,,
239,238,0.6,,,,,,,,
240,239,0.6,,,,,,,,
241,240,2.089,,,,,,,,
242,241,0.6,,,,,,,,
243,242,0.6,,,,,,,,
244,243,0.6,,,,,,,,
245,244,0.6,,,,,,,,
246,245,1.017,,,,,,,,
247,246,,,,,,,,1.0,8.4
248,247,0.6,,,,,,,,
249,248,1.14,,,,,,,,
250,249,6.525,,,,,,,,
251,250,1.462,,,,,,,,
252,251,0.716,,,,,,,,
253,252,2.977,,,,,,,,
254,253,17.106,,,,,,,,
255,254,2.318,,,,,,,,
256,255,0.6,,,,,,,,
257,256,0.6,,,,,,,,
258,257,12.823,,,,,,,,
259,258,27.909,,,,,,,2.0,6.6
260,259,23.715,,,,,,,,
261,260,2.351,,,,,,,,
262,261,18.071,,,,,,,,
263,262,,,,,,,,0.0,7.6
264,263,2.541,,,,,,,,
265,264,0.818,,,,,,,,
266,265,2.129,,,,,,,,
267,266,18.82,,,,,,,,
268,267,1.165,,,,,,,,
269,268,16.567,,,,,,,,
270,269,0.6,,,,,,,,
271,270,0.6,,,,,,,,
272,271,0.6,,,,,,,,
273,272,0.706,,,,,,,,
274,273,0.6,,,,,,,,
275,274,1.762,,,,,,,,
276,275,0.6,,,,,,,,
277,276,3.776,,,,,,,,
278,277,0.895,,,,,,,,
279,278,0.6,,,,,,,,
280,279,,,,,,,,0.0,7.6
281,280,1.714,,,,,,,,
282,281,0.728,,,,,,,,
283,282,1.246,,,,,,,,
284,283,0.652,,,,,,,,
285,283,0.6,,,,,,,,
286,283,0.6,,,,,,,,
287,284,0.6,,,,,,,,
288,285,1.225,,,,,,,,
289,286,0.6,,,,,,,,
290,287,0.818,,,,,,,,
291,288,0.6,,,,,,,,
292,289,0.6,,,,,,,,
293,290,1.526,,,,,,,,
294,291,1.475,,,,,,,,
295,292,1.327,,,,,,,,
296,293,1.313,,,,,,,,
297,294,1.322,,,,,,,,
298,295,0.6,,,,,,,,
299,296,,,,,,,,,
300,297,15.061,,,,,,,,
301,298,0.635,,,,,,,,
302,299,0.6,,,,,,,,
303,300,0.6,,,,,,,,
304,301,,1.0,0.0,1932/33,"Bubsy Berkeley does it again in 42nd Street, a brilliant depression-era romp with stellar musical numbers and impeccable choreography.",Fresh,96.0,3.0,7.4
305,302,0.822,,,,,,,,
306,303,0.6,,,,,,,,
307,304,2.052,,,,,,,,
308,305,0.6,,,,,,,,
309,306,0.6,,,,,,,,
310,307,0.6,,,,,,,,
311,308,25.275,,,,,,,,
312,309,27.688,,,,,,,3.0,5.6
313,310,25.522,,,,,,,3.0,5.0
314,311,0.6,,,,,,,,
315,312,4.479,,,,,,,,
316,313,0.6,,,,,,,,
317,314,7.119,,,,,,,,
318,315,0.6,,,,,,,,
319,316,0.6,,,,,,,,
320,317,0.683,,,,,,,,
321,318,13.272,,,,,,,,
322,319,0.6,,,,,,,,
323,320,0.6,,,,,,,,
324,321,0.6,,,,,,,,
325,322,0.6,,,,,,,,
326,323,0.6,,,,,,,,
327,324,,,,,,,,2.0,7.6
328,325,0.605,,,,,,,,
329,326,11.413,,,,,,,,
330,327,1.714,,,,,,,,
331,328,5.024,,,,,,,,
332,329,0.6,,,,,,,,
333,330,2.149,,,,,,,,
334,331,2.702,,,,,,,,
335,332,6.815,,,,,,,3.0,4.4
336,333,0.6,,,,,,,,
337,334,0.6,,,,,,,,
338,335,1.35,,,,,,,,
339,336,2.065,,,,,,,,
340,337,2.994,,,,,,,,
341,338,1.989,,,,,,,,
342,339,2.853,,,,,,,,
343,340,12.617,,,,,,,,
344,341,0.75,,,,,,,,
345,341,0.6,,,,,,,,
346,342,7.985,,,,,,,,
347,343,0.6,,,,,,,,
348,344,0.6,,,,,,,,
349,345,2.349,,,,,,,,
350,346,0.923,,,,,,,,
351,347,0.6,,,,,,,,
352,348,1.886,,,,,,,,
353,349,0.619,,,,,,,,
354,350,2.37,,,,,,,,
355,351,3.231,,,,,,,,
356,352,0.6,,,,,,,,
357,353,0.6,,,,,,,,
358,354,1.552,,,,,,,,
359,355,1.272,,,,,,,,
360,356,0.6,,,,,,,,
361,357,0.6,,,,,,,,
362,358,2.819,,,,,,,,
363,359,2.165,,,,,,,,
364,360,2.463,,,,,,,,
365,361,0.976,,,,,,,,
366,362,1.393,,,,,,,,
367,363,5.354,,,,,,,,
368,364,2.126,,,,,,,,
369,365,2.12,,,,,,,,
370,366,0.6,,,,,,,,
371,367,4.831,,,,,,,,
372,368,1.781,,,,,,,,
373,369,6.08,,,,,,,,
374,370,1.95,,,,,,,,
375,371,0.876,,,,,,,,
376,372,25.397,,,,,,,,
377,373,0.6,,,,,,,,
378,374,0.6,,,,,,,,
379,375,1.08,,,,,,,,
380,376,0.6,,,,,,,,
381,377,2.738,,,,,,,,
382,378,7.268,,,,,,,,
383,379,1.173,,,,,,,,
384,380,0.6,,,,,,,,
385,381,2.903,,,,,,,,
386,382,0.6,,,,,,,,
387,383,0.632,,,,,,,,
388,384,0.6,,,,,,,,
389,385,0.6,,,,,,,,
390,386,0.868,,,,,,,,
391,387,1.58,,,,,,,,
392,388,0.6,,,,,,,,
393,389,0.725,,,,,,,,
394,390,6.614,,,,,,,,
395,390,0.6,,,,,,,,
396,390,0.6,,,,,,,,
397,391,0.6,,,,,,,,
398,392,0.6,,,,,,,,
399,393,1.596,,,,,,,,
400,394,0.6,,,,,,,,
401,395,3.227,,,,,,,,
402,396,1.355,,,,,,,,
403,397,0.93,,,,,,,,
404,398,7.863,,,,,,,,
405,399,0.6,,,,,,,,
406,400,0.671,,,,,,,,
407,401,1.661,,,,,,,,
408,402,,,,,,,,,
409,403,4.419,,,,,,,0.0,7.0
410,404,0.842,,,,,,,,
411,405,2.148,,,,,,,,
412,406,0.6,,,,,,,,
413,407,1.007,,,,,,,,
414,408,2.358,,,,,,,,
415,409,3.472,,,,,,,,
416,410,1.789,,,,,,,,
417,411,1.091,,,,,,,,
418,412,7.062,,,,,,,,
419,413,7.324,,,,,,,,
420,414,6.105,,,,,,,,
421,415,0.6,,,,,,,,
422,416,0.6,,,,,,,,
423,417,2.688,,,,,,,,
424,418,2.797,,,,,,,,
425,419,0.6,,,,,,,,
426,420,0.638,,,,,,,,
427,421,0.6,,,,,,,,
428,422,0.6,,,,,,,,
429,423,0.6,,,,,,,,
430,424,0.6,,,,,,,,
431,425,0.6,,,,,,,,
432,426,3.238,,,,,,,,
433,427,0.6,,,,,,,,
434,428,12.253,,,,,,,,
435,429,0.935,,,,,,,,
436,430,0.6,,,,,,,,
437,431,0.6,,,,,,,,
438,432,,0.0,1.0,2001,The well-acted A Beautiful Mind is both a moving love story and a revealing look at mental illness.,Certified-Fresh,74.0,1.0,8.2
439,433,6.035,,,,,,,,
440,434,0.6,,,,,,,,
441,435,0.6,,,,,,,,
442,436,1.96,,,,,,,,
443,437,0.6,,,,,,,,
444,438,0.946,,,,,,,,
445,439,0.6,,,,,,,,
446,440,6.651,,,,,,,,
447,441,0.6,,,,,,,,
448,442,5.731,,,,,,,,
449,443,1.843,,,,,,,,
450,444,0.6,,,,,,,,
451,445,3.178,,,,,,,,
452,446,0.6,,,,,,,,
453,447,0.6,,,,,,,,
454,448,0.6,,,,,,,,
455,449,1.178,,,,,,,,
456,450,1.243,,,,,,,,
457,450,0.6,,,,,,,,
458,451,0.6,,,,,,,,
459,452,1.4,,,,,,,,
460,453,1.329,,,,,,,,
461,454,,,,,,,,,
462,455,1.878,,,,,,,,
463,456,5.419,,,,,,,2.0,6.7
464,456,1.855,,,,,,,2.0,6.7
465,457,2.469,,,,,,,,
466,458,0.6,,,,,,,,
467,459,4.221,,,,,,,,
468,460,0.6,,,,,,,,
469,461,0.84,,,,,,,,
470,462,0.6,,,,,,,,
471,463,0.6,,,,,,,,
472,464,6.302,,,,,,,,
473,465,0.6,,,,,,,,
474,466,0.652,,,,,,,,
475,467,0.6,,,,,,,,
476,468,8.396,,,,,,,,
477,469,2.38,,,,,,,,
478,469,0.6,,,,,,,,
479,470,2.005,,,,,,,,
480,471,0.6,,,,,,,,
481,472,5.898,,,,,,,,
482,473,8.448,,,,,,,,
483,474,0.6,,,,,,,,
484,475,0.607,,,,,,,,
485,476,0.6,,,,,,,,
486,477,11.042,,,,,,,,
487,478,,,,,,,,1.0,7.9
488,479,0.6,,,,,,,,
489,480,0.6,,,,,,,,
490,481,45.437,,,,,,,3.0,5.7
491,482,,1.0,0.0,1971,"Disturbing and thought-provoking, A Clockwork Orange is a cold, dystopian nightmare with a very dark sense of humor.",Certified-Fresh,88.0,1.0,8.3
492,483,1.599,,,,,,,,
493,484,0.702,,,,,,,,
494,485,0.6,,,,,,,,
495,486,1.797,,,,,,,,
496,487,0.6,,,,,,,,
497,488,0.69,,,,,,,,
498,489,0.6,,,,,,,,
499,490,3.921,,,,,,,,
500,491,0.6,,,,,,,,
501,492,0.6,,,,,,,,
502,493,5.743,,,,,,,,
503,494,3.59,,,,,,,,
504,495,0.6,,,,,,,,
505,496,1.698,,,,,,,,
506,497,0.658,,,,,,,,
507,498,0.6,,,,,,,,
508,499,0.6,,,,,,,,
509,500,25.0,,,,,,,1.0,6.4
510,501,0.6,,,,,,,,
511,502,0.6,,,,,,,,
512,503,1.825,,,,,,,,
513,504,1.691,,,,,,,,
514,505,0.972,,,,,,,,
515,506,12.718,,,,,,,0.0,6.2
516,507,1.874,,,,,,,,
517,508,4.535,,,,,,,,
518,509,0.6,,,,,,,,
519,510,1.181,,,,,,,,
520,511,1.28,,,,,,,,
521,512,1.895,,,,,,,,
522,513,1.919,,,,,,,,
523,514,0.6,,,,,,,,
524,515,0.644,,,,,,,,
525,516,0.6,,,,,,,,
526,517,0.6,,,,,,,,
527,518,0.6,,,,,,,,
528,519,0.6,,,,,,,,
529,520,6.262,,,,,,,,
530,521,0.6,,,,,,,,
531,522,0.6,,,,,,,,
532,523,4.335,,,,,,,,
533,524,0.6,,,,,,,,
534,525,0.6,,,,,,,,
535,526,0.843,,,,,,,,
536,527,0.6,,,,,,,,
537,528,0.6,,,,,,,,
538,529,0.681,,,,,,,,
539,530,0.6,,,,,,,,
540,531,0.6,,,,,,,,
541,532,0.6,,,,,,,,
542,533,8.365,,,,,,,,
543,534,,1.0,0.0,1932/33,,Fresh,93.0,,6.5
544,535,0.6,,,,,,,,
545,536,1.644,,,,,,,,
546,537,2.766,,,,,,,,
547,538,,1.0,0.0,1992,"An old-fashioned courtroom drama with a contemporary edge, A Few Good Men succeeds on the strength of its stars, with Tom Cruise, Demi Moore, and especially Jack Nicholson delivering powerful performances that more than compensate for the predictable plot.",Certified-Fresh,83.0,1.0,7.7
548,539,0.6,,,,,,,,
549,540,9.026,,,,,,,0.0,6.2
550,541,0.6,,,,,,,,
551,542,0.6,,,,,,,,
552,543,0.988,,,,,,,,
553,544,0.6,,,,,,,,
554,545,0.6,,,,,,,,
555,546,0.6,,,,,,,,
556,547,0.6,,,,,,,,
557,548,0.6,,,,,,,,
558,549,0.6,,,,,,,,
559,550,0.6,,,,,,,,
560,551,0.6,,,,,,,,
561,552,0.6,,,,,,,,
562,553,0.6,,,,,,,,
563,554,0.915,,,,,,,,
564,555,0.6,,,,,,,1.0,6.8
565,556,1.329,,,,,,,,
566,557,0.921,,,,,,,,
567,558,1.413,,,,,,,,
568,559,0.6,,,,,,,,
569,560,0.6,,,,,,,,
570,561,11.19,,,,,,,3.0,6.9
571,561,0.73,,,,,,,3.0,6.9
572,562,0.6,,,,,,,,
573,563,1.285,,,,,,,,
574,564,0.6,,,,,,,,
575,565,0.6,,,,,,,,
576,566,1.049,,,,,,,,
577,567,0.6,,,,,,,,
578,568,0.6,,,,,,,,
579,569,0.6,,,,,,,,
580,570,1.368,,,,,,,,
581,571,0.6,,,,,,,,
582,572,1.4,,,,,,,,
583,573,29.602,,,,,,,,
584,574,0.6,,,,,,,,
585,575,1.874,,,,,,,,
586,576,0.6,,,,,,,,
587,577,0.845,,,,,,,,
588,578,1.177,,,,,,,,
589,579,0.6,,,,,,,,
590,580,0.6,,,,,,,,
591,581,,,,,,,,,
592,582,108.186,,,,,,,3.0,5.0
593,583,125.807,,,,,,,,
594,584,0.841,,,,,,,,
595,585,0.6,,,,,,,,
596,586,3.492,,,,,,,,
597,587,0.6,,,,,,,,
598,588,2.301,,,,,,,,
599,589,2.211,,,,,,,,
600,590,5.297,,,,,,,3.0,4.8
601,591,1.658,,,,,,,,
602,592,2.181,,,,,,,,
603,593,4.519,,,,,,,,
604,594,2.096,,,,,,,,
605,595,2.716,,,,,,,,
606,596,2.148,,,,,,,,
607,597,2.289,,,,,,,,
608,598,1.521,,,,,,,,
609,599,0.842,,,,,,,,
610,600,1.583,,,,,,,,
611,601,1.621,,,,,,,,
612,602,1.537,,,,,,,,
613,603,1.65,,,,,,,,
614,604,0.6,,,,,,,,
615,605,0.6,,,,,,,,
616,606,0.6,,,,,,,,
617,607,0.6,,,,,,,,
618,608,0.6,,,,,,,,
619,609,0.6,,,,,,,,
620,610,0.6,,,,,,,,
621,611,1.377,,,,,,,,
622,612,0.93,,,,,,,,
623,613,0.6,,,,,,,,
624,614,0.686,,,,,,,,
625,615,4.271,,,,,,,,
626,616,1.4,,,,,,,,
627,617,12.497,,,,,,,,
628,618,0.6,,,,,,,,
629,619,2.03,,,,,,,,
630,620,0.84,,,,,,,,
631,621,0.989,,,,,,,,
632,622,0.6,,,,,,,,
633,623,0.6,,,,,,,,
634,624,0.6,,,,,,,,
635,625,0.6,,,,,,,,
636,626,1.558,,,,,,,,
637,627,0.6,,,,,,,,
638,628,1.506,,,,,,,,
639,629,1.176,,,,,,,,
640,630,0.699,,,,,,,,
641,631,0.6,,,,,,,,
642,632,,1.0,0.0,1949,,Fresh,94.0,3.0,7.7
643,633,0.6,,,,,,,,
644,634,0.6,,,,,,,,
645,635,0.6,,,,,,,,
646,636,0.6,,,,,,,,
647,637,0.6,,,,,,,,
648,638,6.248,,,,,,,,
649,639,0.6,,,,,,,,
650,640,0.6,,,,,,,,
651,640,0.6,,,,,,,,
652,641,0.6,,,,,,,,
653,642,0.6,,,,,,,,
654,643,0.668,,,,,,,,
655,644,0.6,,,,,,,,
656,645,,,,,,,,,
657,646,0.913,,,,,,,,
658,647,0.6,,,,,,,,
659,648,6.324,,,,,,,,
660,649,0.6,,,,,,,,
661,650,0.6,,,,,,,,
662,651,0.6,,,,,,,,
663,652,0.6,,,,,,,,
664,653,0.6,,,,,,,,
665,654,0.6,,,,,,,,
666,655,0.6,,,,,,,,
667,656,,0.0,1.0,1966,Solid cinematography and enjoyable performances from Paul Scofield and Robert Shaw add a spark to this deliberately paced adaptation of the Robert Bolt play.,Certified-Fresh,83.0,1.0,7.7
668,657,0.914,,,,,,,,
669,658,0.6,,,,,,,,
670,659,0.6,,,,,,,,
671,660,0.6,,,,,,,,
672,661,0.842,,,,,,,,
673,662,,1.0,0.0,1935,,Fresh,91.0,,6.9
674,663,0.6,,,,,,,,
675,664,1.64,,,,,,,,
676,665,1.176,,,,,,,,
677,666,0.6,,,,,,,,
678,667,0.6,,,,,,,,
679,668,1.96,,,,,,,,
680,669,11.673,,,,,,,,
681,670,2.495,,,,,,,,
682,671,0.6,,,,,,,,
683,672,0.6,,,,,,,,
684,673,2.053,,,,,,,,
685,674,0.6,,,,,,,,
686,675,0.6,,,,,,,,
687,676,0.6,,,,,,,,
688,677,0.6,,,,,,,,
689,678,,,,,,,,,
690,679,0.6,,,,,,,,
691,680,1.4,,,,,,,,
692,681,0.6,,,,,,,,
693,682,2.084,,,,,,,,
694,683,2.739,,,,,,,,
695,684,15.512,,,,,,,,
696,685,0.6,,,,,,,,
697,686,1.75,,,,,,,,
698,687,0.6,,,,,,,,
699,688,0.6,,,,,,,,
700,689,0.6,,,,,,,,
701,690,45.628,,,,,,,3.0,5.2
702,690,44.489,,,,,,,3.0,5.2
703,691,21.198,,,,,,,3.0,6.6
704,692,37.502,,,,,,,3.0,5.6
705,693,38.067,,,,,,,,
706,694,20.909,,,,,,,,
707,695,0.6,,,,,,,,
708,696,1.25,,,,,,,,
709,697,0.6,,,,,,,,
710,698,0.6,,,,,,,,
711,699,0.6,,,,,,,,
712,700,77.424,,,,,,,,
713,701,2.553,,,,,,,,
714,702,0.654,,,,,,,,
715,703,0.6,,,,,,,,
716,704,,1.0,0.0,1984,"A Passage to India is a visually striking exploration of colonialism and prejudice, although it doesn't achieve the thematic breadth of director David Lean's finest work.",Fresh,76.0,3.0,7.3
717,705,1.621,,,,,,,,
718,706,0.6,,,,,,,,
719,707,1.4,,,,,,,,
720,708,1.797,,,,,,,,
721,709,0.6,,,,,,,,
722,710,0.6,,,,,,,,
723,711,1.4,,,,,,,,
724,712,1.4,,,,,,,,
725,713,0.6,,,,,,,,
726,714,1.831,,,,,,,,
727,715,,1.0,0.0,1951,"Director George Stevens' stately treatment of A Place in the Sun buffs out some of the novel's nuance with blunt moralizing, but riveting performances by Montgomery Clift and company give the drama a bruising punch.",Fresh,77.0,,7.8
728,716,0.6,,,,,,,,
729,717,1.49,,,,,,,,
730,718,0.6,,,,,,,,
731,719,0.6,,,,,,,,
732,720,1.972,,,,,,,,
733,721,0.6,,,,,,,,
734,722,0.6,,,,,,,,
735,723,63.493,,,,,,,3.0,7.5
736,724,153.956,,,,,,,3.0,7.2
737,725,5.461,,,,,,,,
738,726,2.222,,,,,,,,
739,727,0.6,,,,,,,,
740,728,1.387,,,,,,,,
741,729,2.714,,,,,,,,
742,730,0.6,,,,,,,,
743,731,3.28,,,,,,,,
744,732,2.62,,,,,,,,
745,733,0.6,,,,,,,,
746,734,0.6,,,,,,,,
747,735,0.6,,,,,,,,
748,736,4.034,,,,,,,,
749,737,14.831,,,,,,,,
750,738,0.6,,,,,,,,
751,739,0.6,,,,,,,,
752,740,1.499,,,,,,,,
753,741,1.283,,,,,,,,
754,742,0.6,,,,,,,,
755,743,0.6,,,,,,,,
756,744,0.6,,,,,,,,
757,745,0.6,,,,,,,,
758,746,0.6,,,,,,,,
759,747,33.761,,,,,,,,
760,748,,1.0,0.0,2009,"Blending dark humor with profoundly personal themes, the Coen brothers deliver what might be their most mature -- if not their best -- film to date.",Certified-Fresh,90.0,2.0,7.1
761,749,0.6,,,,,,,,
762,750,0.6,,,,,,,,
763,751,0.6,,,,,,,,
764,752,0.6,,,,,,,,
765,753,0.723,,,,,,,,
766,754,0.6,,,,,,,,
767,755,1.94,,,,,,,,
768,756,0.6,,,,,,,,
769,757,1.545,,,,,,,,
770,758,2.02,,,,,,,,
771,759,5.422,,,,,,,,
772,760,0.6,,,,,,,,
773,761,0.6,,,,,,,,
774,762,,1.0,0.0,1984,"A meticulously-crafted murder mystery with incisive observations about race in America, A Soldier's Story benefits from a roundly excellent ensemble and Charles Fuller's politically urgent screenplay.",Fresh,90.0,,7.2
775,763,0.6,,,,,,,,
776,764,,2.0,0.0,1937,,Fresh,100.0,1.0,7.3
777,764,,2.0,0.0,1937,,Fresh,100.0,0.0,7.3
778,764,,2.0,0.0,1937,,Fresh,100.0,3.0,7.3
779,764,,2.0,0.0,2018,"With appealing leads, deft direction, and an affecting love story, A Star Is Born is a remake done right -- and a reminder that some stories can be just as effective in the retelling.",Certified-Fresh,90.0,1.0,7.6
780,764,,2.0,0.0,2018,"With appealing leads, deft direction, and an affecting love story, A Star Is Born is a remake done right -- and a reminder that some stories can be just as effective in the retelling.",Certified-Fresh,90.0,0.0,7.6
781,764,,2.0,0.0,2018,"With appealing leads, deft direction, and an affecting love story, A Star Is Born is a remake done right -- and a reminder that some stories can be just as effective in the retelling.",Certified-Fresh,90.0,3.0,7.6
782,765,0.6,,,,,,,,
783,766,0.6,,,,,,,,
784,767,0.613,,,,,,,,
785,768,1.311,,,,,,,,
786,769,2.502,,,,,,,,
787,770,0.6,,,,,,,,
788,771,0.612,,,,,,,,
789,772,,1.0,0.0,1951,"A feverish rendition of a heart-rending story, A Streetcar Named Desire gives Tennessee Williams' stage play explosive power on the screen thanks to Elia Kazan's searing direction and a sterling ensemble at the peak of their craft.",Certified-Fresh,98.0,3.0,8.0
790,773,4.189,,,,,,,3.0,6.5
791,774,0.6,,,,,,,,
792,775,0.6,,,,,,,,
793,776,0.677,,,,,,,,
794,777,0.6,,,,,,,,
795,778,,1.0,0.0,1936,,Fresh,92.0,3.0,7.8
796,779,32.2,,,,,,,3.0,7.1
797,780,0.6,,,,,,,,
798,781,0.636,,,,,,,,
799,782,1.087,,,,,,,,
800,782,0.6,,,,,,,,
801,783,1.28,,,,,,,,
802,784,0.6,,,,,,,,
803,785,0.928,,,,,,,,
804,786,2.115,,,,,,,,
805,787,0.84,,,,,,,,
806,788,1.928,,,,,,,,
807,789,0.6,,,,,,,,
808,790,1.025,,,,,,,,
809,791,0.6,,,,,,,,
810,792,,1.0,0.0,1973,,Fresh,83.0,2.0,6.5
811,793,1.422,,,,,,,,
812,794,0.6,,,,,,,,
813,795,0.6,,,,,,,,
814,796,0.6,,,,,,,,
815,797,0.6,,,,,,,,
816,798,0.6,,,,,,,,
817,799,0.6,,,,,,,,
818,800,1.164,,,,,,,,
819,800,0.6,,,,,,,,
820,801,0.6,,,,,,,,
821,802,1.873,,,,,,,,
822,803,0.808,,,,,,,,
823,804,0.6,,,,,,,,
824,805,6.615,,,,,,,,
825,806,0.6,,,,,,,,
826,807,0.889,,,,,,,,
827,808,0.6,,,,,,,,
828,809,0.6,,,,,,,,
829,810,0.6,,,,,,,,
830,811,0.6,,,,,,,,
831,812,0.6,,,,,,,,
832,813,0.6,,,,,,,,
833,814,1.462,,,,,,,,
834,815,0.6,,,,,,,,
835,816,0.6,,,,,,,,
836,817,0.6,,,,,,,,
837,818,0.6,,,,,,,,
838,819,1.778,,,,,,,,
839,819,0.6,,,,,,,,
840,820,1.48,,,,,,,,
841,821,,,,,,,,1.0,8.1
842,822,16.694,,,,,,,,
843,823,1.256,,,,,,,,
844,824,1.362,,,,,,,,
845,825,1.24,,,,,,,,
846,826,0.6,,,,,,,,
847,827,0.911,,,,,,,,
848,828,1.371,,,,,,,,
849,829,0.84,,,,,,,,
850,830,5.022,,,,,,,,
851,831,0.627,,,,,,,,
852,832,0.6,,,,,,,,
853,833,0.77,,,,,,,,
854,834,0.6,,,,,,,,
855,835,0.6,,,,,,,,
856,836,0.919,,,,,,,,
857,836,0.633,,,,,,,,
858,837,0.6,,,,,,,,
859,838,0.6,,,,,,,,
860,839,0.617,,,,,,,,
861,840,1.893,,,,,,,,
862,841,0.6,,,,,,,,
863,842,0.6,,,,,,,,
864,843,0.6,,,,,,,,
865,844,0.6,,,,,,,,
866,845,8.466,,,,,,,,
867,846,0.966,,,,,,,,
868,847,0.6,,,,,,,,
869,848,0.6,,,,,,,,
870,849,0.6,,,,,,,,
871,850,0.6,,,,,,,,
872,851,0.6,,,,,,,,
873,852,0.6,,,,,,,,
874,853,3.336,,,,,,,,
875,854,0.6,,,,,,,,
876,855,0.6,,,,,,,,
877,856,0.6,,,,,,,,
878,857,0.6,,,,,,,,
879,858,0.616,,,,,,,,
880,859,5.401,,,,,,,3.0,3.9
881,860,1.043,,,,,,,,
882,861,7.283,,,,,,,,
883,862,7.123,,,,,,,,
884,863,1.925,,,,,,,,
885,864,0.627,,,,,,,,
886,865,0.6,,,,,,,,
887,866,0.6,,,,,,,,
888,867,0.779,,,,,,,,
889,868,0.616,,,,,,,,
890,869,0.857,,,,,,,,
891,870,0.6,,,,,,,,
892,871,1.24,,,,,,,,
893,872,0.6,,,,,,,,
894,873,0.722,,,,,,,,
895,874,6.951,,,,,,,,
896,875,0.948,,,,,,,,
897,876,0.6,,,,,,,,
898,877,5.557,,,,,,,,
899,878,50.996,,,,,,,3.0,5.7
900,879,4.288,,,,,,,,
901,880,0.745,,,,,,,,
902,881,0.6,,,,,,,,
903,882,0.849,,,,,,,,
904,883,1.131,,,,,,,,
905,884,0.6,,,,,,,,
906,885,2.019,,,,,,,,
907,886,1.4,,,,,,,,
908,887,0.6,,,,,,,,
909,888,0.6,,,,,,,,
910,889,4.159,,,,,,,,
911,890,0.6,,,,,,,,
912,891,0.6,,,,,,,,
913,892,0.93,,,,,,,,
914,893,0.84,,,,,,,,
915,894,1.4,,,,,,,,
916,894,0.779,,,,,,,,
917,895,0.84,,,,,,,,
918,896,0.6,,,,,,,,
919,897,3.722,,,,,,,,
920,898,8.634,,,,,,,,
921,898,0.6,,,,,,,,
922,899,0.663,,,,,,,,
923,900,3.012,,,,,,,,
924,901,0.6,,,,,,,,
925,902,3.293,,,,,,,,
926,903,1.231,,,,,,,,
927,904,0.6,,,,,,,,
928,905,10.931,,,,,,,,
929,906,0.6,,,,,,,,
930,907,1.477,,,,,,,,
931,908,0.6,,,,,,,,
932,909,5.817,,,,,,,,
933,910,6.86,,,,,,,,
934,911,6.575,,,,,,,,
935,912,2.904,,,,,,,,
936,913,1.008,,,,,,,,
937,913,0.6,,,,,,,,
938,914,0.922,,,,,,,,
939,915,1.347,,,,,,,,
940,916,4.21,,,,,,,,
941,917,9.03,,,,,,,1.0,5.1
942,917,1.547,,,,,,,1.0,5.1
943,918,1.157,,,,,,,,
944,919,0.6,,,,,,,,
945,920,0.6,,,,,,,,
946,921,1.55,,,,,,,,
947,922,0.6,,,,,,,,
948,923,0.913,,,,,,,,
949,924,3.254,,,,,,,,
950,924,2.52,,,,,,,,
951,924,0.6,,,,,,,,
952,925,0.6,,,,,,,,
953,926,0.6,,,,,,,,
954,927,7.655,,,,,,,,
955,927,0.678,,,,,,,,
956,928,6.028,,,,,,,,
957,929,0.6,,,,,,,,
958,930,0.6,,,,,,,,
959,931,0.6,,,,,,,,
960,932,1.151,,,,,,,,
961,933,0.6,,,,,,,,
962,934,0.903,,,,,,,,
963,935,0.6,,,,,,,,
964,936,5.69,,,,,,,3.0,7.0
965,936,2.334,,,,,,,3.0,7.0
966,937,0.72,,,,,,,,
967,938,0.6,,,,,,,,
968,939,0.6,,,,,,,,
969,940,1.238,,,,,,,,
970,941,0.848,,,,,,,,
971,942,,,,,,,,3.0,7.8
972,943,0.84,,,,,,,,
973,944,0.6,,,,,,,,
974,945,3.674,,,,,,,,
975,946,0.639,,,,,,,,
976,947,0.778,,,,,,,,
977,948,5.071,,,,,,,,
978,949,14.673,,,,,,,,
979,950,103.0,,,,,,,3.0,5.9
980,951,0.656,,,,,,,,
981,952,0.607,,,,,,,,
982,953,,,,,,,,,
983,954,0.846,,,,,,,,
984,955,0.6,,,,,,,,
985,956,3.545,,,,,,,,
986,956,0.6,,,,,,,,
987,957,1.215,,,,,,,,
988,958,8.776,,,,,,,3.0,5.8
989,959,0.6,,,,,,,,
990,960,2.24,,,,,,,,
991,961,0.6,,,,,,,,
992,962,1.38,,,,,,,,
993,963,0.6,,,,,,,,
994,964,0.6,,,,,,,,
995,965,0.6,,,,,,,,
996,966,3.035,,,,,,,,
997,967,0.6,,,,,,,,
998,968,0.855,,,,,,,,
999,969,5.641,,,,,,,,
1000,970,0.6,,,,,,,,
1001,971,0.6,,,,,,,1.0,6.8
1002,972,3.471,,,,,,,,
1003,973,0.912,,,,,,,,
1004,974,,,,,,,,,
1005,975,0.6,,,,,,,,
1006,976,2.048,,,,,,,,
1007,977,0.6,,,,,,,,
1008,978,0.6,,,,,,,,
1009,979,0.6,,,,,,,,
1010,980,0.6,,,,,,,,
1011,981,3.144,,,,,,,,
1012,982,0.623,,,,,,,,
1013,983,0.6,,,,,,,,
1014,984,1.672,,,,,,,,
1015,985,0.6,,,,,,,,
1016,986,4.758,,,,,,,,
1017,987,0.6,,,,,,,,
1018,988,4.256,,,,,,,,
1019,989,2.447,,,,,,,,
1020,990,0.84,,,,,,,2.0,7.5
1021,991,0.6,,,,,,,,
1022,992,0.6,,,,,,,,
1023,993,0.6,,,,,,,,
1024,994,0.6,,,,,,,,
1025,995,2.717,,,,,,,,
1026,996,0.6,,,,,,,,
1027,997,0.6,,,,,,,,
1028,998,1.4,,,,,,,,
1029,999,0.6,,,,,,,,
1030,1000,0.6,,,,,,,,
1031,1001,0.6,,,,,,,,
1032,1002,0.6,,,,,,,,
1033,1003,0.6,,,,,,,,
1034,1004,1.4,,,,,,,,
1035,1005,1.06,,,,,,,,
1036,1006,3.083,,,,,,,,
1037,1007,1.462,,,,,,,,
1038,1008,0.6,,,,,,,,
1039,1009,,,,,,,,,
1040,1010,0.6,,,,,,,,
1041,1011,,,,,,,,,
1042,1012,0.641,,,,,,,,
1043,1013,0.653,,,,,,,,
1044,1014,0.65,,,,,,,,
1045,1015,0.697,,,,,,,,
1046,1016,0.63,,,,,,,,
1047,1017,0.896,,,,,,,,
1048,1018,0.6,,,,,,,,
1049,1019,0.6,,,,,,,,
1050,1020,1.4,,,,,,,,
1051,1021,0.6,,,,,,,,
1052,1022,0.644,,,,,,,,
1053,1023,0.6,,,,,,,,
1054,1024,0.6,,,,,,,,
1055,1025,0.6,,,,,,,,
1056,1026,0.6,,,,,,,,
1057,1027,0.734,,,,,,,,
1058,1028,2.177,,,,,,,,
1059,1029,0.6,,,,,,,,
1060,1030,4.835,,,,,,,,
1061,1031,0.6,,,,,,,,
1062,1031,0.6,,,,,,,,
1063,1032,2.546,,,,,,,,
1064,1033,5.409,,,,,,,,
1065,1034,0.6,,,,,,,,
1066,1035,0.6,,,,,,,,
1067,1036,0.6,,,,,,,,
1068,1037,1.929,,,,,,,,
1069,1038,0.6,,,,,,,,
1070,1039,5.181,,,,,,,,
1071,1040,0.6,,,,,,,,
1072,1040,0.6,,,,,,,,
1073,1041,0.827,,,,,,,,
1074,1042,0.6,,,,,,,,
1075,1043,0.6,,,,,,,,
1076,1044,0.6,,,,,,,,
1077,1045,15.868,,,,,,,,
1078,1046,1.271,,,,,,,,
1079,1046,0.6,,,,,,,,
1080,1046,0.6,,,,,,,,
1081,1047,0.6,,,,,,,,
1082,1048,0.6,,,,,,,,
1083,1049,0.84,,,,,,,,
1084,1050,3.251,,,,,,,,
1085,1051,1.981,,,,,,,,
1086,1052,3.615,,,,,,,,
1087,1052,0.6,,,,,,,,
1088,1053,0.6,,,,,,,,
1089,1054,1.972,,,,,,,,
1090,1055,2.62,,,,,,,,
1091,1056,1.083,,,,,,,,
1092,1057,1.199,,,,,,,,
1093,1057,0.6,,,,,,,,
1094,1058,1.142,,,,,,,,
1095,1059,4.967,,,,,,,,
1096,1060,1.451,,,,,,,,
1097,1061,0.6,,,,,,,2.0,7.6
1098,1061,0.6,,,,,,,2.0,7.6
1099,1061,0.6,,,,,,,2.0,7.6
1100,1062,11.693,,,,,,,,
1101,1062,3.19,,,,,,,,
1102,1062,0.6,,,,,,,,
1103,1062,0.6,,,,,,,,
1104,1063,0.602,,,,,,,,
1105,1064,0.6,,,,,,,,
1106,1065,0.6,,,,,,,,
1107,1066,0.879,,,,,,,,
1108,1067,1.202,,,,,,,,
1109,1068,3.204,,,,,,,,
1110,1069,8.961,,,,,,,,
1111,1070,8.444,,,,,,,,
1112,1071,0.673,,,,,,,,
1113,1072,0.6,,,,,,,,
1114,1073,0.717,,,,,,,,
1115,1074,0.6,,,,,,,,
1116,1075,6.425,,,,,,,,
1117,1076,14.972,,,,,,,1.0,5.9
1118,1077,4.665,,,,,,,3.0,4.0
1119,1078,0.6,,,,,,,,
1120,1079,0.904,,,,,,,,
1121,1080,42.146,,,,,,,,
1122,1080,9.162,,,,,,,,
1123,1080,1.406,,,,,,,,
1124,1081,0.6,,,,,,,,
1125,1082,3.067,,,,,,,,
1126,1083,14.116,,,,,,,3.0,7.5
1127,1084,0.6,,,,,,,,
1128,1085,0.6,,,,,,,,
1129,1086,0.6,,,,,,,,
1130,1087,8.106,,,,,,,,
1131,1088,3.375,,,,,,,,
1132,1089,0.6,,,,,,,,
1133,1090,0.6,,,,,,,,
1134,1091,1.4,,,,,,,,
1135,1092,5.772,,,,,,,,
1136,1093,0.6,,,,,,,,
1137,1094,0.697,,,,,,,,
1138,1095,2.408,,,,,,,,
1139,1096,4.415,,,,,,,,
1140,1096,0.6,,,,,,,,
1141,1097,2.273,,,,,,,,
1142,1098,0.875,,,,,,,,
1143,1099,,,,,,,,,
1144,1100,2.087,,,,,,,,
1145,1101,0.6,,,,,,,,
1146,1102,,,,,,,,,
1147,1103,1.456,,,,,,,,
1148,1104,0.6,,,,,,,,
1149,1105,0.6,,,,,,,,
1150,1106,0.696,,,,,,,,
1151,1107,8.795,,,,,,,,
1152,1108,0.6,,,,,,,,
1153,1109,0.6,,,,,,,0.0,7.4
1154,1110,1.926,,,,,,,,
1155,1111,0.6,,,,,,,,
1156,1112,2.412,,,,,,,,
1157,1113,4.191,,,,,,,,
1158,1114,,,,,,,,,
1159,1115,,,,,,,,3.0,7.7
1160,1116,,1.0,0.0,1970,,Fresh,73.0,3.0,6.6
1161,1117,0.6,,,,,,,,
1162,1118,0.825,,,,,,,,
1163,1119,3.401,,,,,,,,
1164,1120,,,,,,,,,
1165,1121,28.997,,,,,,,,
1166,1122,0.6,,,,,,,,
1167,1123,0.6,,,,,,,,
1168,1124,0.6,,,,,,,,
1169,1125,0.6,,,,,,,,
1170,1126,,,,,,,,1.0,8.0
1171,1127,0.6,,,,,,,,
1172,1128,0.6,,,,,,,,
1173,1129,0.804,,,,,,,,
1174,1130,0.847,,,,,,,,
1175,1131,0.77,,,,,,,,
1176,1132,,,,,,,,0.0,8.0
1177,1132,,,,,,,,3.0,6.9
1178,1133,2.79,,,,,,,,
1179,1134,0.6,,,,,,,,
1180,1135,0.6,,,,,,,,
1181,1136,1.936,,,,,,,,
1182,1137,0.6,,,,,,,,
1183,1138,0.6,,,,,,,,
1184,1139,0.88,,,,,,,,
1185,1140,0.6,,,,,,,,
1186,1141,5.907,,,,,,,3.0,3.8
1187,1142,0.6,,,,,,,,
1188,1143,0.6,,,,,,,,
1189,1144,0.6,,,,,,,,
1190,1145,3.691,,,,,,,,
1191,1146,0.6,,,,,,,,
1192,1147,2.575,,,,,,,,
1193,1148,0.6,,,,,,,,
1194,1149,,1.0,0.0,1938,,Fresh,80.0,,6.9
1195,1150,1.118,,,,,,,,
1196,1151,,1.0,0.0,1966,"Anchored by Michael Caine's charmingly droll performance, Alfie is an equally raucous and heart-rending portrait of romance in the Swinging '60s.",Fresh,96.0,1.0,7.0
1197,1152,0.6,,,,,,,,
1198,1153,0.6,,,,,,,,
1199,1154,1.59,,,,,,,,
1200,1155,,1.0,0.0,1935,,Fresh,94.0,,6.9
1201,1156,1.351,,,,,,,,
1202,1157,0.6,,,,,,,,
1203,1158,3.515,,,,,,,,
1204,1159,12.644,,,,,,,,
1205,1160,2.427,,,,,,,,
1206,1161,1.396,,,,,,,,
1207,1162,60.982,,,,,,,3.0,8.5
1208,1163,5.692,,,,,,,,
1209,1164,1.617,,,,,,,,
1210,1165,20.702,,,,,,,,
1211,1165,3.046,,,,,,,,
1212,1166,9.018,,,,,,,,
1213,1167,3.084,,,,,,,,
1214,1168,5.412,,,,,,,,
1215,1169,0.608,,,,,,,,
1216,1170,0.6,,,,,,,,
1217,1171,0.6,,,,,,,,
1218,1172,0.918,,,,,,,,
1219,1173,5.927,,,,,,,,
1220,1174,1.199,,,,,,,,
1221,1175,1.528,,,,,,,,
1222,1176,1.476,,,,,,,,
1223,1177,1.351,,,,,,,,
1224,1178,1.136,,,,,,,,
1225,1179,0.6,,,,,,,,
1226,1180,3.62,,,,,,,,
1227,1181,3.079,,,,,,,,
1228,1182,1.699,,,,,,,,
1229,1183,0.656,,,,,,,,
1230,1184,4.643,,,,,,,,
1231,1185,1.666,,,,,,,,
1232,1186,2.66,,,,,,,,
1233,1187,0.626,,,,,,,,
1234,1188,18.908,,,,,,,,
1235,1189,0.93,,,,,,,,
1236,1190,14.083,,,,,,,,
1237,1191,0.6,,,,,,,,
1238,1192,5.95,,,,,,,,
1239,1193,2.327,,,,,,,,
1240,1194,8.891,,,,,,,,
1241,1195,26.916,,,,,,,,
1242,1196,1.856,,,,,,,,
1243,1197,1.108,,,,,,,,
1244,1198,2.731,,,,,,,,
1245,1199,1.725,,,,,,,,
1246,1200,1.077,,,,,,,,
1247,1201,2.5,,,,,,,,
1248,1202,1.564,,,,,,,,
1249,1203,4.775,,,,,,,,
1250,1204,1.001,,,,,,,,
1251,1205,0.6,,,,,,,,
1252,1206,2.975,,,,,,,,
1253,1207,0.855,,,,,,,,
1254,1208,5.327,,,,,,,,
1255,1209,2.756,,,,,,,,
1256,1210,4.233,,,,,,,,
1257,1211,1.421,,,,,,,,
1258,1212,3.224,,,,,,,,
1259,1213,73.672,,,,,,,3.0,6.4
1260,1214,2.215,,,,,,,,
1261,1215,7.985,,,,,,,,
1262,1216,3.24,,,,,,,,
1263,1217,2.503,,,,,,,,
1264,1218,3.429,,,,,,,,
1265,1219,3.848,,,,,,,,
1266,1220,5.676,,,,,,,,
1267,1221,0.661,,,,,,,,
1268,1222,,,,,,,,3.0,8.4
1269,1223,0.6,,,,,,,,
1270,1224,14.677,,,,,,,,
1271,1225,73.039,,,,,,,,
1272,1226,0.6,,,,,,,,
1273,1227,2.569,,,,,,,,
1274,1228,0.6,,,,,,,,
1275,1229,19.883,,,,,,,,
1276,1230,0.769,,,,,,,,
1277,1231,0.6,,,,,,,,
1278,1232,2.232,,,,,,,,
1279,1233,6.148,,,,,,,,
1280,1233,3.317,,,,,,,,
1281,1234,1.964,,,,,,,,
1282,1235,,0.0,1.0,1950,"Smart, sophisticated, and devastatingly funny, All About Eve is a Hollywood classic that only improves with age.",Certified-Fresh,99.0,3.0,8.2
1283,1236,4.829,,,,,,,3.0,6.1
1284,1237,2.718,,,,,,,,
1285,1238,0.877,,,,,,,,
1286,1239,3.842,,,,,,,,
1287,1240,0.6,,,,,,,,
1288,1241,11.876,,,,,,,3.0,5.1
1289,1241,1.477,,,,,,,3.0,5.1
1290,1242,0.6,,,,,,,,
1291,1243,2.387,,,,,,,,
1292,1244,1.762,,,,,,,,
1293,1245,0.744,,,,,,,,
1294,1246,2.985,,,,,,,3.0,2.9
1295,1247,0.6,,,,,,,,
1296,1248,0.641,,,,,,,,
1297,1249,0.6,,,,,,,,
1298,1250,18.378,,,,,,,,
1299,1250,0.6,,,,,,,,
1300,1251,6.436,,,,,,,,
1301,1252,1.917,,,,,,,,
1302,1253,0.6,,,,,,,,
1303,1254,7.608,,,,,,,,
1304,1255,2.06,,,,,,,,
1305,1256,0.6,,,,,,,,
1306,1257,0.6,,,,,,,,
1307,1258,3.316,,,,,,,,
1308,1259,0.6,,,,,,,,
1309,1260,1.003,,,,,,,,
1310,1261,2.107,,,,,,,,
1311,1262,4.31,,,,,,,,
1312,1263,0.906,,,,,,,,
1313,1264,1.648,,,,,,,,
1314,1265,1.722,,,,,,,,
1315,1266,1.637,,,,,,,,
1316,1267,0.729,,,,,,,,
1317,1268,2.459,,,,,,,,
1318,1269,0.687,,,,,,,,
1319,1270,1.333,,,,,,,,
1320,1271,0.6,,,,,,,,
1321,1272,,,,,,,,0.0,8.1
1322,1272,,,,,,,,0.0,7.8
1323,1273,1.596,,,,,,,,
1324,1274,1.487,,,,,,,,
1325,1275,5.322,,,,,,,,
1326,1276,0.6,,,,,,,,
1327,1277,,,,,,,,2.0,7.8
1328,1278,6.41,,,,,,,,
1329,1279,,1.0,0.0,1940,,Fresh,83.0,2.0,7.5
1330,1280,3.946,,,,,,,,
1331,1281,0.6,,,,,,,,
1332,1281,0.6,,,,,,,,
1333,1282,0.6,,,,,,,,
1334,1283,0.6,,,,,,,,
1335,1283,0.6,,,,,,,,
1336,1284,0.6,,,,,,,,
1337,1285,0.6,,,,,,,,
1338,1286,0.631,,,,,,,,
1339,1287,12.445,,,,,,,,
1340,1288,8.741,,,,,,,,
1341,1289,4.507,,,,,,,,
1342,1290,0.715,,,,,,,,
1343,1291,0.6,,,,,,,,
1344,1292,2.501,,,,,,,,
1345,1293,0.71,,,,,,,,
1346,1294,2.477,,,,,,,,
1347,1295,,0.0,1.0,1949,Broderick Crawford is spellbinding as politician Willie Stark in director Robert Rossen's adaptation of the Robert Penn Warren novel about the corrosive effects of power on the human soul.,Certified-Fresh,95.0,,7.5
1348,1296,2.273,,,,,,,,
1349,1297,,1.0,0.0,1976,"A taut, solidly acted paean to the benefits of a free press and the dangers of unchecked power, made all the more effective by its origins in real-life events.",Certified-Fresh,94.0,,8.0
1350,1298,0.6,,,,,,,,
1351,1299,0.6,,,,,,,,
1352,1300,0.6,,,,,,,,
1353,1301,0.6,,,,,,,,
1354,1302,3.281,,,,,,,,
1355,1303,0.809,,,,,,,,
1356,1304,4.996,,,,,,,,
1357,1305,1.72,,,,,,,,
1358,1306,0.6,,,,,,,,
1359,1307,10.71,,,,,,,,
1360,1308,6.987,,,,,,,,
1361,1309,0.6,,,,,,,,
1362,1310,0.6,,,,,,,,
1363,1311,5.479,,,,,,,,
1364,1312,0.6,,,,,,,,
1365,1313,0.6,,,,,,,,
1366,1314,3.051,,,,,,,,
1367,1315,,,,,,,,3.0,7.9
1368,1316,5.537,,,,,,,,
1369,1317,1.914,,,,,,,2.0,5.8
1370,1318,61.413,,,,,,,,
1371,1318,12.788,,,,,,,,
1372,1318,7.935,,,,,,,,
1373,1318,7.091,,,,,,,,
1374,1318,2.397,,,,,,,,
1375,1318,2.309,,,,,,,,
1376,1318,1.154,,,,,,,,
1377,1318,0.6,,,,,,,,
1378,1318,0.6,,,,,,,,
1379,1318,0.6,,,,,,,,
1380,1318,0.6,,,,,,,,
1381,1318,0.6,,,,,,,,
1382,1318,0.6,,,,,,,,
1383,1319,1.4,,,,,,,,
1384,1320,24.417,,,,,,,,
1385,1320,16.253,,,,,,,,
1386,1320,7.734,,,,,,,,
1387,1321,8.013,,,,,,,,
1388,1322,0.6,,,,,,,,
1389,1323,1.846,,,,,,,,
1390,1324,0.648,,,,,,,,
1391,1325,1.915,,,,,,,,
1392,1326,6.442,,,,,,,,
1393,1327,6.47,,,,,,,,
1394,1328,1.545,,,,,,,,
1395,1329,0.685,,,,,,,0.0,6.6
1396,1330,1.705,,,,,,,,
1397,1331,1.637,,,,,,,,
1398,1332,0.6,,,,,,,,
1399,1333,0.934,,,,,,,,
1400,1334,6.053,,,,,,,,
1401,1335,0.6,,,,,,,,
1402,1336,3.366,,,,,,,,
1403,1337,0.6,,,,,,,,
1404,1338,5.793,,,,,,,,
1405,1338,2.761,,,,,,,,
1406,1338,0.843,,,,,,,,
1407,1339,0.671,,,,,,,,
1408,1340,10.744,,,,,,,0.0,5.6
1409,1341,1.181,,,,,,,,
1410,1342,2.024,,,,,,,,
1411,1343,13.417,,,,,,,,
1412,1344,2.174,,,,,,,,
1413,1345,13.468,,,,,,,,
1414,1345,0.98,,,,,,,,
1415,1346,2.188,,,,,,,,
1416,1347,6.645,,,,,,,3.0,6.3
1417,1348,1.285,,,,,,,,
1418,1349,0.6,,,,,,,,
1419,1350,0.6,,,,,,,,
1420,1351,2.416,,,,,,,,
1421,1352,0.6,,,,,,,,
1422,1353,0.6,,,,,,,,
1423,1354,9.777,,,,,,,3.0,5.6
1424,1355,16.789,,,,,,,,
1425,1356,6.713,,,,,,,3.0,5.4
1426,1357,0.6,,,,,,,,
1427,1358,0.6,,,,,,,,
1428,1359,0.6,,,,,,,,
1429,1360,,0.0,1.0,1984,"A lavish, entertaining, powerful film about the life and influence, both positive and negative, of one of Western culture's great artists.",Certified-Fresh,93.0,3.0,8.3
1430,1361,0.6,,,,,,,,
1431,1362,0.6,,,,,,,,
1432,1363,0.6,,,,,,,,
1433,1364,0.6,,,,,,,,
1434,1365,,,,,,,,2.0,7.8
1435,1366,3.189,,,,,,,,
1436,1367,3.372,,,,,,,,
1437,1368,1.172,,,,,,,,
1438,1369,1.786,,,,,,,,
1439,1370,0.6,,,,,,,,
1440,1371,3.414,,,,,,,,
1441,1371,1.776,,,,,,,,
1442,1372,2.14,,,,,,,,
1443,1373,16.01,,,,,,,,
1444,1374,4.722,,,,,,,,
1445,1375,0.6,,,,,,,,
1446,1376,0.6,,,,,,,,
1447,1377,1.4,,,,,,,,
1448,1377,0.6,,,,,,,,
1449,1378,1.4,,,,,,,,
1450,1379,0.6,,,,,,,,
1451,1380,1.347,,,,,,,,
1452,1381,0.6,,,,,,,3.0,5.8
1453,1382,8.035,,,,,,,,
1454,1383,0.6,,,,,,,,
1455,1384,,1.0,0.0,1963,,Fresh,67.0,,7.8
1456,1385,0.6,,,,,,,,
1457,1386,3.185,,,,,,,,
1458,1387,0.632,,,,,,,,
1459,1388,0.994,,,,,,,,
1460,1389,1.863,,,,,,,,
1461,1390,7.234,,,,,,,,
1462,1391,,0.0,1.0,1999,"Flawlessly cast and brimming with dark, acid wit, American Beauty is a smart, provocative high point of late '90s mainstream Hollywood film.",Certified-Fresh,87.0,3.0,8.3
1463,1392,1.972,,,,,,,,
1464,1393,1.909,,,,,,,,
1465,1394,0.715,,,,,,,,
1466,1395,0.6,,,,,,,,
1467,1396,12.345,,,,,,,,
1468,1397,0.6,,,,,,,,
1469,1398,3.293,,,,,,,,
1470,1399,4.434,,,,,,,,
1471,1400,3.964,,,,,,,,
1472,1401,0.6,,,,,,,,
1473,1402,,,,,,,,1.0,7.8
1474,1403,6.513,,,,,,,,
1475,1403,3.437,,,,,,,,
1476,1404,,1.0,0.0,1973,"One of the most influential of all teen films, American Graffiti is a funny, nostalgic, and bittersweet look at a group of recent high school grads' last days of innocence.",Certified-Fresh,96.0,2.0,7.4
1477,1405,3.226,,,,,,,,
1478,1406,3.74,,,,,,,,
1479,1407,1.4,,,,,,,,
1480,1408,3.934,,,,,,,,
1481,1409,0.6,,,,,,,,
1482,1410,,,,,,,,2.0,8.5
1483,1411,13.533,,,,,,,,
1484,1412,16.887,,,,,,,,
1485,1413,,1.0,0.0,2013,"Riotously funny and impeccably cast, American Hustle compensates for its flaws with unbridled energy and some of David O. Russell's most irrepressibly vibrant direction.",Certified-Fresh,92.0,3.0,7.2
1486,1414,1.516,,,,,,,,
1487,1415,14.446,,,,,,,3.0,6.2
1488,1416,2.874,,,,,,,,
1489,1417,5.939,,,,,,,,
1490,1417,1.699,,,,,,,,
1491,1418,4.636,,,,,,,,
1492,1419,6.15,,,,,,,,
1493,1420,,,,,,,,3.0,7.6
1494,1421,18.281,,,,,,,,
1495,1422,2.008,,,,,,,,
1496,1423,1.243,,,,,,,,
1497,1424,4.446,,,,,,,,
1498,1425,1.449,,,,,,,,
1499,1426,1.693,,,,,,,,
1500,1427,0.6,,,,,,,,
1501,1428,0.6,,,,,,,,
1502,1429,0.6,,,,,,,,
1503,1430,15.455,,,,,,,,
1504,1431,4.002,,,,,,,,
1505,1432,2.838,,,,,,,3.0,5.0
1506,1433,0.6,,,,,,,,
1507,1434,0.6,,,,,,,,
1508,1435,1.204,,,,,,,,
1509,1436,0.776,,,,,,,,
1510,1437,2.005,,,,,,,,
1511,1438,2.806,,,,,,,,
1512,1439,1.672,,,,,,,,
1513,1440,8.424,,,,,,,,
1514,1441,9.618,,,,,,,,
1515,1442,0.804,,,,,,,,
1516,1443,1.908,,,,,,,,
1517,1444,0.681,,,,,,,,
1518,1445,0.655,,,,,,,,
1519,1446,1.494,,,,,,,,
1520,1447,1.211,,,,,,,,
1521,1448,2.175,,,,,,,,
1522,1449,11.685,,,,,,,,
1523,1450,0.791,,,,,,,,
1524,1451,0.704,,,,,,,,
1525,1452,20.16,,,,,,,,
1526,1453,2.98,,,,,,,,
1527,1454,2.181,,,,,,,,
1528,1455,3.465,,,,,,,,
1529,1456,2.3,,,,,,,,
1530,1457,2.335,,,,,,,,
1531,1458,3.461,,,,,,,,
1532,1459,1.482,,,,,,,,
1533,1460,0.6,,,,,,,,
1534,1461,1.07,,,,,,,,
1535,1462,0.967,,,,,,,,
1536,1463,8.841,,,,,,,,
1537,1464,6.894,,,,,,,,
1538,1465,2.861,,,,,,,,
1539,1466,1.92,,,,,,,,
1540,1467,18.767,,,,,,,3.0,4.8
1541,1468,7.687,,,,,,,,
1542,1469,2.049,,,,,,,,
1543,1470,0.912,,,,,,,,
1544,1471,0.6,,,,,,,,
1545,1472,0.6,,,,,,,,
1546,1473,0.716,,,,,,,,
1547,1474,8.675,,,,,,,,
1548,1474,0.714,,,,,,,,
1549,1475,0.759,,,,,,,,
1550,1476,3.596,,,,,,,,
1551,1477,4.155,,,,,,,,
1552,1477,0.6,,,,,,,,
1553,1478,14.127,,,,,,,,
1554,1478,5.699,,,,,,,,
1555,1479,4.241,,,,,,,,
1556,1480,0.6,,,,,,,,
1557,1481,2.658,,,,,,,,
1558,1482,0.6,,,,,,,,
1559,1483,,,,,,,,,
1560,1484,,1.0,0.0,2012,"With towering performances and an unflinching script from Michael Haneke, Amour represents an honest, heartwrenching depiction of deep love and responsibility.",Certified-Fresh,93.0,3.0,7.9
1561,1485,2.585,,,,,,,,
1562,1486,8.74,,,,,,,,
1563,1487,2.625,,,,,,,,
1564,1488,0.6,,,,,,,,
1565,1489,19.391,,,,,,,,
1566,1489,1.09,,,,,,,,
1567,1490,0.6,,,,,,,,
1568,1491,2.285,,,,,,,,
1569,1492,12.592,,,,,,,,
1570,1493,1.912,,,,,,,,
1571,1493,1.4,,,,,,,,
1572,1493,0.6,,,,,,,,
1573,1494,0.6,,,,,,,,
1574,1495,0.6,,,,,,,,
1575,1496,0.6,,,,,,,,
1576,1497,,,,,,,,,
1577,1498,0.6,,,,,,,,
1578,1499,3.954,,,,,,,,
1579,1500,0.6,,,,,,,,
1580,1501,0.6,,,,,,,,
1581,1502,3.231,,,,,,,,
1582,1503,16.117,,,,,,,,
1583,1504,3.262,,,,,,,,
1584,1505,2.592,,,,,,,,
1585,1506,41.806,,,,,,,2.0,7.5
1586,1507,24.146,,,,,,,1.0,5.1
1587,1508,0.6,,,,,,,,
1588,1509,,0.0,1.0,1951,"The plot may be problematic, but such concerns are rendered superfluous by Gene Kelly and Leslie Caron's star power, the Gershwins' classic songs, and Vincente Minnelli's colorful, sympathetic direction.",Certified-Fresh,96.0,1.0,7.2
1589,1510,3.852,,,,,,,,
1590,1511,0.6,,,,,,,,
1591,1512,0.657,,,,,,,,
1592,1513,0.6,,,,,,,,
1593,1514,1.157,,,,,,,,
1594,1515,,1.0,0.0,2009,"Though the latter part of the film may not appeal to all, An Education is a charming coming-of-age tale powered by the strength of relative newcomer Carey Mulligan's standout performance.",Certified-Fresh,94.0,3.0,7.3
1595,1516,0.879,,,,,,,,
1596,1517,0.6,,,,,,,,
1597,1518,6.714,,,,,,,,
1598,1519,1.108,,,,,,,,
1599,1520,2.275,,,,,,,,
1600,1521,0.818,,,,,,,,
1601,1522,0.6,,,,,,,,
1602,1523,0.6,,,,,,,,
1603,1524,2.235,,,,,,,,
1604,1525,0.6,,,,,,,,
1605,1526,0.6,,,,,,,,
1606,1527,0.6,,,,,,,,
1607,1528,0.666,,,,,,,,
1608,1529,1.597,,,,,,,,
1609,1530,1.924,,,,,,,,
1610,1531,0.949,,,,,,,,
1611,1532,0.6,,,,,,,,
1612,1533,0.6,,,,,,,,
1613,1534,0.6,,,,,,,,
1614,1535,0.6,,,,,,,,
1615,1536,0.815,,,,,,,,
1616,1537,0.651,,,,,,,,
1617,1537,0.6,,,,,,,,
1618,1538,1.534,,,,,,,,
1619,1539,0.6,,,,,,,,
1620,1540,5.275,,,,,,,,
1621,1541,0.6,,,,,,,,
1622,1542,0.6,,,,,,,,
1623,1543,40.311,,,,,,,2.0,4.9
1624,1544,26.672,,,,,,,,
1625,1545,59.552,,,,,,,,
1626,1546,24.47,,,,,,,,
1627,1547,0.6,,,,,,,,
1628,1548,1.509,,,,,,,,
1629,1549,0.6,,,,,,,,
1630,1550,0.6,,,,,,,,
1631,1551,1.341,,,,,,,,
1632,1552,0.6,,,,,,,,
1633,1553,1.091,,,,,,,,
1634,1554,0.6,,,,,,,,
1635,1555,0.6,,,,,,,,
1636,1556,,,,,,,,2.0,8.1
1637,1557,1.43,,,,,,,,
1638,1558,1.4,,,,,,,,
1639,1559,0.6,,,,,,,,
1640,1560,0.6,,,,,,,,
1641,1561,7.148,,,,,,,,
1642,1562,0.6,,,,,,,,
1643,1563,0.6,,,,,,,,
1644,1564,1.08,,,,,,,,
1645,1565,8.708,,,,,,,,
1646,1566,6.135,,,,,,,,
1647,1567,,1.0,0.0,1959,"One of cinema's greatest courtroom dramas, Anatomy of a Murder is tense, thought-provoking, and brilliantly acted, with great performances from James Stewart and George C. Scott.",Certified-Fresh,100.0,1.0,8.0
1648,1568,1.608,,,,,,,,
1649,1569,0.6,,,,,,,,
1650,1570,,1.0,0.0,1945,,Fresh,62.0,0.0,7.1
1651,1571,0.659,,,,,,,,
1652,1572,2.274,,,,,,,,
1653,1573,1.33,,,,,,,,
1654,1574,0.6,,,,,,,,
1655,1575,0.6,,,,,,,,
1656,1576,0.745,,,,,,,,
1657,1577,3.377,,,,,,,,
1658,1578,2.905,,,,,,,,
1659,1579,8.101,,,,,,,3.0,5.1
1660,1579,5.315,,,,,,,3.0,5.1
1661,1580,1.456,,,,,,,,
1662,1581,0.6,,,,,,,,
1663,1582,0.6,,,,,,,,
1664,1583,0.6,,,,,,,,
1665,1584,0.667,,,,,,,,
1666,1585,0.6,,,,,,,,
1667,1586,0.6,,,,,,,,
1668,1587,1.131,,,,,,,,
1669,1588,0.6,,,,,,,,
1670,1589,0.6,,,,,,,,
1671,1590,0.6,,,,,,,,
1672,1591,,,,,,,,,
1673,1592,0.907,,,,,,,,
1674,1593,,,,,,,,2.0,8.2
1675,1594,0.909,,,,,,,,
1676,1595,0.623,,,,,,,,
1677,1596,3.245,,,,,,,,
1678,1597,4.223,,,,,,,,
1679,1598,0.6,,,,,,,,
1680,1599,,,,,,,,1.0,8.0
1681,1600,0.6,,,,,,,,
1682,1601,1.471,,,,,,,,
1683,1602,0.6,,,,,,,,
1684,1603,1.46,,,,,,,,
1685,1603,0.6,,,,,,,,
1686,1604,11.041,,,,,,,,
1687,1605,0.775,,,,,,,,
1688,1606,0.894,,,,,,,,
1689,1607,0.6,,,,,,,,
1690,1608,0.6,,,,,,,,
1691,1609,0.914,,,,,,,,
1692,1610,0.6,,,,,,,,
1693,1611,0.6,,,,,,,,
1694,1612,0.6,,,,,,,,
1695,1613,1.4,,,,,,,,
1696,1614,0.877,,,,,,,,
1697,1615,0.6,,,,,,,,
1698,1616,,,,,,,,,
1699,1617,1.816,,,,,,,3.0,5.8
1700,1618,0.6,,,,,,,,
1701,1619,8.039,,,,,,,,
1702,1620,2.044,,,,,,,,
1703,1621,3.686,,,,,,,,
1704,1622,1.698,,,,,,,,
1705,1623,3.434,,,,,,,,
1706,1624,16.396,,,,,,,1.0,7.2
1707,1625,1.4,,,,,,,,
1708,1626,1.395,,,,,,,,
1709,1627,2.46,,,,,,,,
1710,1628,1.812,,,,,,,,
1711,1629,3.8,,,,,,,,
1712,1630,0.6,,,,,,,,
1713,1631,1.47,,,,,,,,
1714,1632,0.6,,,,,,,,
1715,1633,0.6,,,,,,,,
1716,1634,0.6,,,,,,,,
1717,1635,0.6,,,,,,,,
1718,1636,0.6,,,,,,,,
1719,1636,0.6,,,,,,,,
1720,1637,1.76,,,,,,,,
1721,1638,2.233,,,,,,,,
1722,1639,5.032,,,,,,,,
1723,1640,0.843,,,,,,,,
1724,1640,0.6,,,,,,,,
1725,1641,7.227,,,,,,,,
1726,1642,2.587,,,,,,,,
1727,1643,1.4,,,,,,,,
1728,1644,1.525,,,,,,,,
1729,1645,0.6,,,,,,,,
1730,1646,0.6,,,,,,,,
1731,1647,2.078,,,,,,,,
1732,1648,0.6,,,,,,,,
1733,1649,0.666,,,,,,,,
1734,1650,0.6,,,,,,,,
1735,1651,0.6,,,,,,,,
1736,1652,0.6,,,,,,,,
1737,1653,0.6,,,,,,,,
1738,1654,7.198,,,,,,,,
1739,1654,3.997,,,,,,,,
1740,1654,0.6,,,,,,,,
1741,1655,0.6,,,,,,,,
1742,1656,6.889,,,,,,,3.0,4.5
1743,1656,6.255,,,,,,,3.0,4.5
1744,1656,0.6,,,,,,,3.0,4.5
1745,1657,0.6,,,,,,,,
1746,1658,0.6,,,,,,,,
1747,1659,0.662,,,,,,,,
1748,1660,0.6,,,,,,,,
1749,1661,0.6,,,,,,,,
1750,1662,6.327,,,,,,,,
1751,1663,2.481,,,,,,,,
1752,1664,0.6,,,,,,,1.0,7.2
1753,1665,0.6,,,,,,,,
1754,1666,0.6,,,,,,,,
1755,1667,0.6,,,,,,,,
1756,1668,4.335,,,,,,,3.0,6.0
1757,1668,0.628,,,,,,,3.0,6.0
1758,1669,7.52,,,,,,,,
1759,1670,3.006,,,,,,,,
1760,1671,1.61,,,,,,,,
1761,1672,0.6,,,,,,,,
1762,1673,0.6,,,,,,,,
1763,1674,0.6,,,,,,,,
1764,1675,0.6,,,,,,,,
1765,1676,0.6,,,,,,,,
1766,1677,1.859,,,,,,,,
1767,1677,1.456,,,,,,,,
1768,1678,3.545,,,,,,,3.0,6.6
1769,1678,0.6,,,,,,,3.0,6.6
1770,1679,1.939,,,,,,,,
1771,1680,0.6,,,,,,,,
1772,1681,14.683,,,,,,,3.0,6.1
1773,1682,0.6,,,,,,,,
1774,1683,0.6,,,,,,,,
1775,1684,0.6,,,,,,,,
1776,1685,68.243,,,,,,,3.0,5.4
1777,1686,88.826,,,,,,,3.0,5.9
1778,1687,4.278,,,,,,,,
1779,1688,81.021,,,,,,,3.0,6.5
1780,1689,3.115,,,,,,,,
1781,1690,2.547,,,,,,,,
1782,1691,,1.0,0.0,1969,,Rotten,38.0,,7.5
1783,1692,3.031,,,,,,,,
1784,1693,,0.0,1.0,1977,"Filled with poignant performances and devastating humor, Annie Hall represents a quantum leap for Woody Allen and remains an American classic.",Certified-Fresh,98.0,3.0,8.0
1785,1694,53.42,,,,,,,3.0,6.8
1786,1695,2.468,,,,,,,,
1787,1696,0.6,,,,,,,,
1788,1696,0.6,,,,,,,,
1789,1697,0.703,,,,,,,,
1790,1698,1.586,,,,,,,,
1791,1699,2.623,,,,,,,,
1792,1699,0.6,,,,,,,,
1793,1700,3.611,,,,,,,,
1794,1701,3.078,,,,,,,,
1795,1702,1.014,,,,,,,,
1796,1703,0.6,,,,,,,,
1797,1704,7.975,,,,,,,,
1798,1704,0.6,,,,,,,,
1799,1705,0.624,,,,,,,,
1800,1706,0.6,,,,,,,,
1801,1707,3.208,,,,,,,,
1802,1708,0.6,,,,,,,,
1803,1709,0.709,,,,,,,,
1804,1710,0.6,,,,,,,,
1805,1711,3.158,,,,,,,,
1806,1712,12.28,,,,,,,3.0,4.6
1807,1713,1.914,,,,,,,,
1808,1714,1.4,,,,,,,,
1809,1715,3.06,,,,,,,,
1810,1716,4.874,,,,,,,,
1811,1717,3.393,,,,,,,,
1812,1718,0.6,,,,,,,,
1813,1719,1.039,,,,,,,,
1814,1720,0.6,,,,,,,,
1815,1721,0.6,,,,,,,,
1816,1722,1.542,,,,,,,,
1817,1723,0.6,,,,,,,,
1818,1724,3.37,,,,,,,,
1819,1725,39.517,,,,,,,3.0,5.8
1820,1726,1.395,,,,,,,,
1821,1727,1.101,,,,,,,,
1822,1728,0.683,,,,,,,,
1823,1729,0.6,,,,,,,,
1824,1730,8.215,,,,,,,,
1825,1731,0.98,,,,,,,,
1826,1732,0.6,,,,,,,,
1827,1733,8.514,,,,,,,,
1828,1734,5.648,,,,,,,,
1829,1735,3.349,,,,,,,,
1830,1736,25.395,,,,,,,0.0,6.5
1831,1737,0.6,,,,,,,,
1832,1738,2.57,,,,,,,,
1833,1738,2.266,,,,,,,,
1834,1738,1.579,,,,,,,,
1835,1739,0.6,,,,,,,,
1836,1740,0.6,,,,,,,,
1837,1741,0.6,,,,,,,,
1838,1742,0.6,,,,,,,,
1839,1743,8.847,,,,,,,,
1840,1744,2.989,,,,,,,,
1841,1745,1.689,,,,,,,,
1842,1746,0.6,,,,,,,,
1843,1747,0.6,,,,,,,,
1844,1748,10.184,,,,,,,,
1845,1749,119.584,,,,,,,,
1846,1750,0.6,,,,,,,,
1847,1751,14.952,,,,,,,,
1848,1752,6.725,,,,,,,,
1849,1753,0.6,,,,,,,,
1850,1754,0.6,,,,,,,,
1851,1755,0.6,,,,,,,,
1852,1756,0.661,,,,,,,,
1853,1757,1.546,,,,,,,,
1854,1758,7.957,,,,,,,,
1855,1759,25.253,,,,,,,,
1856,1760,0.6,,,,,,,,
1857,1761,0.84,,,,,,,,
1858,1762,2.698,,,,,,,,
1859,1763,0.6,,,,,,,,
1860,1764,0.6,,,,,,,,
1861,1765,0.6,,,,,,,,
1862,1766,6.919,,,,,,,,
1863,1767,10.081,,,,,,,,
1864,1768,10.039,,,,,,,3.0,5.0
1865,1769,1.05,,,,,,,,
1866,1770,0.6,,,,,,,,
1867,1771,0.6,,,,,,,,
1868,1772,2.983,,,,,,,,
1869,1773,0.682,,,,,,,,
1870,1774,0.6,,,,,,,,
1871,1775,0.716,,,,,,,,
1872,1776,1.448,,,,,,,,
1873,1777,0.6,,,,,,,,
1874,1778,1.862,,,,,,,,
1875,1779,,1.0,0.0,1979,"Francis Ford Coppola's haunting, hallucinatory Vietnam War epic is cinema at its most audacious and visionary.",Certified-Fresh,98.0,0.0,8.4
1876,1780,0.6,,,,,,,,
1877,1781,2.394,,,,,,,,
1878,1782,1.15,,,,,,,,
1879,1783,,,,,,,,3.0,7.8
1880,1784,1.133,,,,,,,,
1881,1785,22.287,,,,,,,,
1882,1786,,1.0,0.0,1995,"In recreating the troubled space mission, Apollo 13 pulls no punches: it's a masterfully told drama from director Ron Howard, bolstered by an ensemble of solid performances.",Certified-Fresh,96.0,3.0,7.6
1883,1787,16.468,,,,,,,0.0,5.2
1884,1788,0.6,,,,,,,,
1885,1788,0.6,,,,,,,,
1886,1789,0.6,,,,,,,,
1887,1790,1.654,,,,,,,,
1888,1791,0.73,,,,,,,,
1889,1792,18.001,,,,,,,3.0,6.3
1890,1793,0.6,,,,,,,,
1891,1794,0.6,,,,,,,,
1892,1795,0.6,,,,,,,,
1893,1796,3.657,,,,,,,,
1894,1796,3.188,,,,,,,,
1895,1796,0.6,,,,,,,,
1896,1797,1.393,,,,,,,,
1897,1798,0.742,,,,,,,,
1898,1799,0.6,,,,,,,,
1899,1800,2.414,,,,,,,,
1900,1801,3.576,,,,,,,,
1901,1802,1.52,,,,,,,,
1902,1803,0.921,,,,,,,,
1903,1804,2.499,,,,,,,,
1904,1805,0.6,,,,,,,,
1905,1806,1.4,,,,,,,,
1906,1807,1.13,,,,,,,,
1907,1808,0.6,,,,,,,,
1908,1809,4.655,,,,,,,,
1909,1810,9.846,,,,,,,,
1910,1810,5.899,,,,,,,,
1911,1811,0.6,,,,,,,,
1912,1812,0.6,,,,,,,,
1913,1813,1.71,,,,,,,,
1914,1814,2.414,,,,,,,,
1915,1815,0.6,,,,,,,,
1916,1816,0.6,,,,,,,,
1917,1817,0.84,,,,,,,,
1918,1818,0.6,,,,,,,,
1919,1819,0.6,,,,,,,,
1920,1820,0.635,,,,,,,,
1921,1821,0.6,,,,,,,,
1922,1822,0.6,,,,,,,,
1923,1823,3.194,,,,,,,,
1924,1824,75.81,,,,,,,,
1925,1825,1.147,,,,,,,,
1926,1826,4.582,,,,,,,,
1927,1827,0.6,,,,,,,,
1928,1828,0.6,,,,,,,,
1929,1829,0.6,,,,,,,,
1930,1830,2.224,,,,,,,,
1931,1831,1.592,,,,,,,,
1932,1832,6.287,,,,,,,3.0,4.0
1933,1833,0.6,,,,,,,,
1934,1834,15.25,,,,,,,,
1935,1835,7.429,,,,,,,3.0,2.8
1936,1836,0.6,,,,,,,,
1937,1837,0.6,,,,,,,,
1938,1838,0.697,,,,,,,,
1939,1839,4.033,,,,,,,,
1940,1840,1.774,,,,,,,,
1941,1841,2.976,,,,,,,,
1942,1842,0.6,,,,,,,,
1943,1843,1.866,,,,,,,,
1944,1844,3.875,,,,,,,,
1945,1845,1.611,,,,,,,,
1946,1846,3.185,,,,,,,,
1947,1847,0.6,,,,,,,,
1948,1848,5.307,,,,,,,,
1949,1849,1.321,,,,,,,,
1950,1849,0.875,,,,,,,,
1951,1849,0.716,,,,,,,,
1952,1850,0.6,,,,,,,,
1953,1851,1.769,,,,,,,,
1954,1852,0.6,,,,,,,,
1955,1853,1.422,,,,,,,,
1956,1854,0.6,,,,,,,,
1957,1855,0.6,,,,,,,,
1958,1856,1.907,,,,,,,,
1959,1857,0.6,,,,,,,,
1960,1858,2.038,,,,,,,,
1961,1859,2.289,,,,,,,,
1962,1860,0.6,,,,,,,,
1963,1861,0.651,,,,,,,,
1964,1862,1.751,,,,,,,3.0,5.3
1965,1863,0.6,,,,,,,,
1966,1864,4.755,,,,,,,,
1967,1865,1.858,,,,,,,,
1968,1866,0.6,,,,,,,,
1969,1867,17.166,,,,,,,,
1970,1868,2.953,,,,,,,,
1971,1869,6.552,,,,,,,,
1972,1870,,0.0,1.0,2012,"Tense, exciting, and often darkly comic, Argo recreates a historical event with vivid attention to detail and finely wrought characters.",Certified-Fresh,96.0,3.0,7.7
1973,1871,0.6,,,,,,,,
1974,1872,0.6,,,,,,,,
1975,1873,0.6,,,,,,,,
1976,1874,0.6,,,,,,,,
1977,1875,0.6,,,,,,,1.0,6.7
1978,1876,1.583,,,,,,,,
1979,1877,19.422,,,,,,,,
1980,1878,1.053,,,,,,,,
1981,1879,41.242,,,,,,,2.0,7.4
1982,1880,4.003,,,,,,,,
1983,1881,2.983,,,,,,,,
1984,1882,99.777,,,,,,,3.0,5.8
1985,1882,4.018,,,,,,,3.0,5.8
1986,1883,3.536,,,,,,,,
1987,1884,0.6,,,,,,,,
1988,1885,1.668,,,,,,,,
1989,1886,,0.0,1.0,1956,"It's undeniably shallow, but its cheerful lack of pretense -- as well as its grand scale and star-stuffed cast -- help make Around the World in 80 Days charmingly light-hearted entertainment.",Fresh,69.0,1.0,6.8
1990,1887,1.104,,,,,,,,
1991,1888,,1.0,0.0,2016,Arrival delivers a must-see experience for fans of thinking person's sci-fi that anchors its heady themes with genuinely affecting emotion and a terrific performance from Amy Adams.,Certified-Fresh,94.0,3.0,7.9
1992,1889,0.6,,,,,,,,
1993,1890,0.838,,,,,,,,
1994,1891,,,,,,,,3.0,7.9
1995,1892,2.88,,,,,,,,
1996,1893,0.6,,,,,,,,
1997,1894,2.706,,,,,,,,
1998,1895,6.939,,,,,,,,
1999,1896,7.613,,,,,,,,
2000,1897,8.133,,,,,,,,
2001,1898,1.186,,,,,,,,
2002,1899,0.6,,,,,,,,
2003,1900,3.804,,,,,,,,
2004,1901,1.169,,,,,,,,
2005,1902,2.841,,,,,,,,
2006,1903,0.6,,,,,,,,
2007,1904,0.725,,,,,,,,
2008,1905,2.52,,,,,,,,
2009,1906,1.134,,,,,,,,
2010,1907,1.164,,,,,,,,
2011,1908,0.6,,,,,,,,
2012,1909,0.6,,,,,,,,
2013,1910,0.6,,,,,,,,
2014,1911,0.6,,,,,,,,
2015,1912,44.415,,,,,,,,
2016,1913,0.75,,,,,,,,
2017,1914,1.132,,,,,,,,
2018,1915,0.6,,,,,,,,
2019,1916,,1.0,0.0,1997,"James L. Brooks and Jack Nicholson, doing what they do best, combine smart dialogue and flawless acting to squeeze fresh entertainment value out of the romantic-comedy genre.",Certified-Fresh,85.0,3.0,7.7
2020,1917,0.951,,,,,,,,
2021,1918,0.6,,,,,,,,
2022,1919,0.6,,,,,,,,
2023,1920,0.6,,,,,,,,
2024,1921,0.6,,,,,,,,
2025,1922,2.841,,,,,,,,
2026,1923,0.659,,,,,,,,
2027,1924,0.6,,,,,,,,
2028,1925,2.034,,,,,,,,
2029,1926,21.758,,,,,,,,
2030,1927,0.6,,,,,,,,
2031,1928,1.4,,,,,,,,
2032,1929,0.6,,,,,,,,
2033,1930,1.251,,,,,,,,
2034,1931,1.807,,,,,,,,
2035,1932,0.6,,,,,,,,
2036,1933,0.6,,,,,,,,
2037,1934,0.6,,,,,,,,
2038,1935,0.6,,,,,,,,
2039,1936,13.98,,,,,,,,
2040,1937,0.721,,,,,,,,
2041,1938,2.489,,,,,,,,
2042,1938,2.045,,,,,,,,
2043,1938,0.6,,,,,,,,
2044,1939,0.6,,,,,,,,
2045,1940,0.6,,,,,,,,
2046,1941,0.6,,,,,,,,
2047,1942,0.6,,,,,,,,
2048,1943,3.464,,,,,,,,
2049,1944,1.232,,,,,,,,
2050,1945,0.6,,,,,,,,
2051,1946,3.402,,,,,,,,
2052,1947,0.91,,,,,,,,
2053,1948,0.638,,,,,,,,
2054,1949,0.6,,,,,,,,
2055,1950,3.506,,,,,,,,
2056,1951,0.842,,,,,,,,
2057,1952,0.6,,,,,,,,
2058,1953,0.622,,,,,,,,
2059,1954,0.6,,,,,,,,
2060,1955,16.04,,,,,,,3.0,6.0
2061,1956,2.964,,,,,,,,
2062,1957,2.177,,,,,,,,
2063,1958,1.208,,,,,,,,
2064,1959,5.314,,,,,,,,
2065,1960,2.923,,,,,,,,
2066,1961,0.6,,,,,,,,
2067,1962,16.246,,,,,,,,
2068,1963,0.6,,,,,,,,
2069,1964,0.6,,,,,,,,
2070,1965,1.46,,,,,,,,
2071,1966,3.519,,,,,,,,
2072,1967,0.6,,,,,,,,
2073,1968,0.6,,,,,,,,
2074,1969,1.139,,,,,,,,
2075,1970,1.182,,,,,,,,
2076,1971,27.706,,,,,,,,
2077,1972,5.133,,,,,,,,
2078,1973,1.77,,,,,,,,
2079,1973,1.4,,,,,,,,
2080,1973,1.253,,,,,,,,
2081,1973,0.672,,,,,,,,
2082,1974,0.6,,,,,,,,
2083,1975,8.616,,,,,,,,
2084,1975,7.012,,,,,,,,
2085,1975,1.761,,,,,,,,
2086,1975,1.561,,,,,,,,
2087,1976,0.6,,,,,,,,
2088,1977,1.425,,,,,,,,
2089,1978,4.555,,,,,,,,
2090,1979,0.98,,,,,,,,
2091,1980,0.991,,,,,,,,
2092,1981,0.608,,,,,,,,
2093,1982,5.565,,,,,,,,
2094,1983,2.16,,,,,,,,
2095,1984,0.6,,,,,,,,
2096,1985,0.6,,,,,,,,
2097,1986,0.6,,,,,,,,
2098,1987,0.6,,,,,,,,
2099,1988,5.857,,,,,,,,
2100,1989,0.6,,,,,,,,
2101,1990,1.116,,,,,,,,
2102,1991,1.95,,,,,,,,
2103,1992,0.643,,,,,,,,
2104,1993,6.256,,,,,,,,
2105,1994,0.6,,,,,,,,
2106,1995,0.6,,,,,,,,
2107,1996,1.093,,,,,,,,
2108,1997,0.656,,,,,,,,
2109,1998,1.418,,,,,,,,
2110,1999,0.6,,,,,,,,
2111,2000,1.96,,,,,,,,
2112,2001,0.6,,,,,,,,
2113,2001,0.6,,,,,,,,
2114,2001,0.6,,,,,,,,
2115,2002,0.6,,,,,,,,
2116,2003,2.369,,,,,,,,
2117,2004,0.953,,,,,,,,
2118,2005,0.63,,,,,,,,
2119,2006,0.6,,,,,,,,
2120,2007,0.6,,,,,,,,
2121,2008,0.6,,,,,,,,
2122,2009,1.75,,,,,,,,
2123,2010,0.625,,,,,,,,
2124,2011,,1.0,0.0,1981,"Bittersweet and reflective, Atlantic City is a modest romance given raw power by Burt Lancaster and Susan Sarandon's heartfelt performances along with director Louis Malle's eccentric eye for detail.",Fresh,100.0,3.0,7.3
2125,2012,0.84,,,,,,,,
2126,2013,1.596,,,,,,,,
2127,2014,1.459,,,,,,,,
2128,2015,1.649,,,,,,,,
2129,2016,1.086,,,,,,,,
2130,2017,1.704,,,,,,,,
2131,2018,0.6,,,,,,,,
2132,2019,,1.0,0.0,2007,"Atonement features strong performances, brilliant cinematography, and a unique score. Featuring deft performances from James MacAvoy and Keira Knightley, it's a successful adaptation of Ian McEwan's novel.",Certified-Fresh,83.0,3.0,7.8
2133,2020,0.673,,,,,,,,
2134,2021,1.123,,,,,,,,
2135,2022,0.633,,,,,,,,
2136,2023,6.163,,,,,,,,
2137,2023,6.148,,,,,,,,
2138,2024,1.43,,,,,,,,
2139,2025,0.6,,,,,,,,
2140,2026,0.683,,,,,,,,
2141,2026,0.6,,,,,,,,
2142,2027,0.6,,,,,,,,
2143,2028,0.6,,,,,,,,
2144,2029,0.6,,,,,,,,
2145,2030,3.262,,,,,,,,
2146,2031,4.367,,,,,,,,
2147,2032,0.6,,,,,,,,
2148,2033,0.6,,,,,,,,
2149,2034,8.455,,,,,,,,
2150,2035,3.484,,,,,,,,
2151,2036,1.523,,,,,,,,
2152,2037,5.079,,,,,,,,
2153,2038,0.684,,,,,,,,
2154,2039,3.828,,,,,,,,
2155,2040,1.296,,,,,,,,
2156,2041,0.621,,,,,,,,
2157,2042,0.6,,,,,,,,
2158,2043,1.58,,,,,,,,
2159,2044,3.413,,,,,,,,
2160,2044,1.408,,,,,,,,
2161,2045,0.6,,,,,,,,
2162,2046,0.882,,,,,,,,
2163,2047,0.6,,,,,,,,
2164,2048,7.622,,,,,,,,
2165,2049,0.909,,,,,,,,
2166,2050,0.6,,,,,,,,
2167,2051,0.77,,,,,,,,
2168,2052,0.6,,,,,,,,
2169,2053,0.6,,,,,,,,
2170,2054,0.908,,,,,,,,
2171,2055,0.6,,,,,,,,
2172,2056,0.6,,,,,,,,
2173,2057,7.929,,,,,,,,
2174,2058,3.996,,,,,,,,
2175,2059,0.889,,,,,,,,
2176,2060,0.6,,,,,,,,
2177,2061,5.993,,,,,,,,
2178,2062,3.956,,,,,,,,
2179,2063,2.553,,,,,,,,
2180,2064,0.968,,,,,,,,
2181,2065,0.6,,,,,,,,
2182,2066,0.843,,,,,,,,
2183,2067,1.4,,,,,,,,
2184,2068,2.552,,,,,,,,
2185,2069,65.388,,,,,,,,
2186,2070,59.771,,,,,,,,
2187,2071,0.6,,,,,,,,
2188,2072,0.6,,,,,,,,
2189,2073,0.6,,,,,,,,
2190,2074,0.6,,,,,,,,
2191,2075,2.256,,,,,,,,
2192,2076,3.387,,,,,,,2.0,5.4
2193,2077,1.225,,,,,,,,
2194,2078,0.6,,,,,,,,
2195,2079,,,,,,,,,
2196,2080,0.6,,,,,,,,
2197,2081,0.6,,,,,,,,
2198,2082,17.447,,,,,,,1.0,7.1
2199,2082,0.6,,,,,,,1.0,7.1
2200,2083,0.96,,,,,,,,
2201,2084,0.6,,,,,,,,
2202,2085,7.164,,,,,,,,
2203,2086,,,,,,,,3.0,7.7
2204,2087,10.271,,,,,,,,
2205,2088,8.479,,,,,,,,
2206,2089,6.144,,,,,,,,
2207,2090,0.6,,,,,,,,
2208,2091,1.787,,,,,,,,
2209,2092,1.247,,,,,,,,
2210,2093,0.6,,,,,,,,
2211,2094,1.474,,,,,,,,
2212,2095,,1.0,0.0,1958,,Fresh,93.0,3.0,7.9
2213,2096,0.6,,,,,,,,
2214,2097,1.734,,,,,,,,
2215,2098,2.066,,,,,,,1.0,6.0
2216,2098,0.6,,,,,,,1.0,6.0
2217,2098,0.6,,,,,,,1.0,6.0
2218,2099,0.849,,,,,,,,
2219,2100,1.482,,,,,,,,
2220,2101,2.323,,,,,,,,
2221,2102,2.692,,,,,,,,
2222,2103,0.687,,,,,,,,
2223,2104,0.742,,,,,,,,
2224,2105,0.681,,,,,,,,
2225,2106,10.207,,,,,,,,
2226,2106,2.165,,,,,,,,
2227,2106,0.932,,,,,,,,
2228,2107,1.779,,,,,,,,
2229,2108,0.908,,,,,,,,
2230,2109,1.004,,,,,,,,
2231,2110,1.831,,,,,,,,
2232,2111,0.92,,,,,,,,
2233,2112,1.025,,,,,,,,
2234,2113,2.698,,,,,,,,
2235,2114,10.513,,,,,,,,
2236,2115,2.904,,,,,,,,
2237,2116,5.456,,,,,,,,
2238,2117,1.17,,,,,,,,
2239,2118,0.6,,,,,,,,
2240,2119,1.256,1.0,0.0,2009,"It might be more impressive on a technical level than as a piece of storytelling, but Avatar reaffirms James Cameron's singular gift for imaginative, absorbing filmmaking.",Certified-Fresh,82.0,3.0,7.8
2241,2120,2.696,,,,,,,,
2242,2121,1.176,,,,,,,,
2243,2122,,,,,,,,3.0,8.4
2244,2123,,,,,,,,3.0,8.4
2245,2124,0.6,,,,,,,,
2246,2125,0.748,,,,,,,,
2247,2126,0.6,,,,,,,,
2248,2127,0.6,,,,,,,,
2249,2128,1.4,,,,,,,,
2250,2129,2.251,,,,,,,,
2251,2130,11.482,,,,,,,,
2252,2131,2.625,,,,,,,,
2253,2132,2.753,,,,,,,,
2254,2133,0.887,,,,,,,3.0,6.5
2255,2133,0.6,,,,,,,3.0,6.5
2256,2134,1.589,,,,,,,,
2257,2135,0.6,,,,,,,,
2258,2136,6.044,,,,,,,,
2259,2137,2.288,,,,,,,,
2260,2138,5.167,,,,,,,,
2261,2139,0.851,,,,,,,,
2262,2139,0.742,,,,,,,,
2263,2140,1.403,,,,,,,,
2264,2141,0.664,,,,,,,,
2265,2142,0.6,1.0,0.0,1990,"Elevated by some of Robin Williams' finest non-comedic work and a strong performance from Robert De Niro, Awakenings skirts the edges of melodrama, then soars above it.",Fresh,88.0,,7.8
2266,2143,13.408,,,,,,,,
2267,2144,1.247,,,,,,,,
2268,2145,5.524,,,,,,,,
2269,2146,0.6,,,,,,,,
2270,2147,0.6,,,,,,,,
2271,2148,2.102,,,,,,,,
2272,2149,0.6,,,,,,,,
2273,2150,0.6,,,,,,,,
2274,2151,0.6,,,,,,,,
2275,2152,1.869,,,,,,,,
2276,2153,0.6,,,,,,,,
2277,2154,0.6,,,,,,,,
2278,2155,0.6,,,,,,,,
2279,2156,0.6,,,,,,,,
2280,2157,0.606,,,,,,,,
2281,2158,1.4,,,,,,,,
2282,2159,1.023,,,,,,,,
2283,2160,0.6,,,,,,,,
2284,2161,1.341,,,,,,,,
2285,2162,0.6,,,,,,,,
2286,2163,3.002,,,,,,,,
2287,2164,,,,,,,,,
2288,2165,0.6,,,,,,,,
2289,2166,0.6,,,,,,,,
2290,2167,0.6,,,,,,,,
2291,2168,0.6,,,,,,,,
2292,2169,0.6,,,,,,,,
2293,2170,0.6,,,,,,,,
2294,2171,19.939,,,,,,,,
2295,2172,0.714,,,,,,,,
2296,2173,0.6,,,,,,,,
2297,2174,0.6,,,,,,,,
2298,2175,0.6,,,,,,,,
2299,2176,0.841,,,,,,,,
2300,2177,1.277,,,,,,,,
2301,2178,5.34,,,,,,,,
2302,2179,3.301,,,,,,,,
2303,2180,0.6,,,,,,,,
2304,2181,1.155,,,,,,,,
2305,2182,0.6,,,,,,,,
2306,2183,1.4,,,,,,,,
2307,2184,0.6,,,,,,,,
2308,2185,0.6,,,,,,,,
2309,2186,0.6,,,,,,,,
2310,2187,0.6,,,,,,,,
2311,2188,0.6,,,,,,,,
2312,2189,0.6,,,,,,,,
2313,2190,1.96,,,,,,,,
2314,2191,0.874,,,,,,,,
2315,2192,,,,,,,,,
2316,2193,,,,,,,,,
2317,2194,6.341,,,,,,,,
2318,2195,59.92,,,,,,,,
2319,2196,0.6,,,,,,,,
2320,2197,,,,,,,,,
2321,2198,0.6,,,,,,,,
2322,2199,0.6,1.0,0.0,1995,"The rare family-friendly feature with a heart as big as its special effects budget, Babe offers timeless entertainment for viewers of all ages.",Certified-Fresh,97.0,3.0,6.8
2323,2200,,1.0,0.0,2006,"In Babel, there are no villains, only victims of fate and circumstance. Director Alejandro Gonzalez Iñarritu weaves four of their woeful stories into this mature and multidimensional film.",Fresh,69.0,3.0,7.4
2324,2201,0.84,,,,,,,,
2325,2202,3.953,,,,,,,,
2326,2202,0.6,,,,,,,,
2327,2203,5.692,,,,,,,,
2328,2204,6.229,,,,,,,,
2329,2204,0.809,,,,,,,,
2330,2205,0.6,,,,,,,,
2331,2206,1.329,,,,,,,3.0,7.3
2332,2206,0.6,,,,,,,3.0,7.3
2333,2207,,,,,,,,1.0,7.5
2334,2208,1.142,,,,,,,,
2335,2209,2.101,,,,,,,,
2336,2210,0.637,,,,,,,,
2337,2211,0.6,,,,,,,,
2338,2212,1.319,,,,,,,,
2339,2213,1.176,,,,,,,,
2340,2214,2.582,,,,,,,,
2341,2215,1.676,,,,,,,3.0,7.1
2342,2216,0.6,,,,,,,,
2343,2217,2.055,,,,,,,,
2344,2218,1.7,,,,,,,,
2345,2219,5.737,,,,,,,,
2346,2220,,,,,,,,,
2347,2221,2.405,,,,,,,,
2348,2222,1.362,,,,,,,,
2349,2223,1.793,,,,,,,,
2350,2224,1.291,,,,,,,,
2351,2225,0.6,,,,,,,,
2352,2226,1.004,,,,,,,,
2353,2227,1.4,,,,,,,,
2354,2228,1.539,,,,,,,,
2355,2229,1.111,,,,,,,,
2356,2229,0.6,,,,,,,,
2357,2230,0.82,,,,,,,,
2358,2231,1.635,,,,,,,,
2359,2232,,,,,,,,2.0,8.5
2360,2233,,,,,,,,3.0,7.8
2361,2234,1.227,,,,,,,,
2362,2235,30.601,,,,,,,,
2363,2236,0.6,,,,,,,,
2364,2237,1.32,,,,,,,,
2365,2238,0.929,,,,,,,,
2366,2239,0.6,,,,,,,,
2367,2240,4.084,,,,,,,,
2368,2241,9.262,,,,,,,,
2369,2241,1.553,,,,,,,,
2370,2242,1.139,,,,,,,,
2371,2243,1.144,,,,,,,,
2372,2244,1.897,,,,,,,,
2373,2245,4.49,,,,,,,,
2374,2245,2.213,,,,,,,,
2375,2245,0.6,,,,,,,,
2376,2245,0.6,,,,,,,,
2377,2246,0.923,,,,,,,,
2378,2247,0.6,,,,,,,,
2379,2248,0.6,,,,,,,,
2380,2249,0.6,,,,,,,,
2381,2250,0.6,,,,,,,,
2382,2251,0.6,,,,,,,,
2383,2252,0.703,,,,,,,,
2384,2253,1.467,,,,,,,3.0,6.0
2385,2254,7.238,,,,,,,,
2386,2255,1.047,,,,,,,,
2387,2256,2.676,,,,,,,,
2388,2257,0.71,,,,,,,,
2389,2258,1.179,,,,,,,,
2390,2259,1.064,,,,,,,,
2391,2260,0.6,,,,,,,,
2392,2261,1.586,,,,,,,,
2393,2262,9.036,,,,,,,,
2394,2263,0.6,,,,,,,,
2395,2264,2.05,,,,,,,,
2396,2264,0.6,,,,,,,,
2397,2264,0.6,,,,,,,,
2398,2265,1.71,,,,,,,,
2399,2266,0.706,,,,,,,,
2400,2267,1.378,,,,,,,,
2401,2268,0.669,,,,,,,,
2402,2269,2.528,,,,,,,,
2403,2270,0.6,,,,,,,,
2404,2271,3.869,,,,,,,,
2405,2272,2.428,,,,,,,,
2406,2273,0.6,,,,,,,,
2407,2274,7.696,,,,,,,,
2408,2274,0.6,,,,,,,,
2409,2275,0.6,,,,,,,,
2410,2276,1.926,,,,,,,,
2411,2277,0.6,,,,,,,,
2412,2278,0.6,,,,,,,,
2413,2279,1.011,,,,,,,,
2414,2280,1.222,,,,,,,,
2415,2281,1.662,,,,,,,3.0,3.5
2416,2282,0.806,,,,,,,,
2417,2283,0.6,,,,,,,,
2418,2284,5.74,,,,,,,3.0,5.6
2419,2284,1.4,,,,,,,3.0,5.6
2420,2285,2.103,,,,,,,,
2421,2286,1.568,,,,,,,,
2422,2286,0.6,,,,,,,,
2423,2287,0.6,,,,,,,,
2424,2288,6.272,,,,,,,,
2425,2289,0.6,,,,,,,,
2426,2290,0.6,,,,,,,,
2427,2291,8.749,,,,,,,,
2428,2292,3.248,,,,,,,,
2429,2293,9.702,,,,,,,,
2430,2294,8.762,,,,,,,,
2431,2295,1.25,,,,,,,,
2432,2295,0.933,,,,,,,,
2433,2295,0.706,,,,,,,,
2434,2296,0.916,,,,,,,,
2435,2297,0.602,,,,,,,,
2436,2298,0.6,,,,,,,,
2437,2299,3.922,,,,,,,,
2438,2300,0.6,,,,,,,,
2439,2301,4.169,,,,,,,3.0,4.1
2440,2302,3.45,,,,,,,,
2441,2303,15.491,,,,,,,1.0,6.4
2442,2304,0.6,,,,,,,,
2443,2305,0.6,,,,,,,,
2444,2306,10.113,,,,,,,0.0,6.5
2445,2307,0.6,,,,,,,,
2446,2308,0.733,,,,,,,,
2447,2309,1.106,,,,,,,,
2448,2310,1.575,,,,,,,,
2449,2311,0.6,,,,,,,,
2450,2312,1.4,,,,,,,,
2451,2313,1.068,,,,,,,,
2452,2314,0.6,,,,,,,,
2453,2315,0.674,,,,,,,,
2454,2316,1.908,,,,,,,,
2455,2317,0.6,,,,,,,,
2456,2318,0.877,,,,,,,,
2457,2319,,,,,,,,,
2458,2320,0.6,,,,,,,,
2459,2321,0.6,,,,,,,,
2460,2322,0.6,,,,,,,,
2461,2323,,,,,,,,0.0,7.7
2462,2324,2.536,,,,,,,,
2463,2325,0.919,,,,,,,,
2464,2326,0.6,,,,,,,,
2465,2327,0.6,,,,,,,,
2466,2328,1.826,,,,,,,,
2467,2329,0.6,,,,,,,,
2468,2330,0.765,,,,,,,,
2469,2331,5.808,,,,,,,,
2470,2332,0.6,,,,,,,,
2471,2333,0.631,,,,,,,,
2472,2334,1.083,,,,,,,,
2473,2335,0.6,,,,,,,,
2474,2336,0.933,,,,,,,,
2475,2337,1.423,,,,,,,,
2476,2338,0.6,,,,,,,,
2477,2339,0.6,,,,,,,,
2478,2340,1.105,,,,,,,,
2479,2341,13.646,,,,,,,,
2480,2342,0.6,,,,,,,,
2481,2343,,,,,,,,,
2482,2344,0.6,,,,,,,,
2483,2345,0.763,,,,,,,,
2484,2346,0.6,,,,,,,,
2485,2347,0.6,,,,,,,,
2486,2348,0.6,,,,,,,,
2487,2349,0.6,,,,,,,,
2488,2350,0.6,,,,,,,,
2489,2351,2.796,,,,,,,,
2490,2352,0.6,,,,,,,,
2491,2353,6.144,,,,,,,,
2492,2354,2.125,,,,,,,,
2493,2355,0.778,,,,,,,,
2494,2355,0.6,,,,,,,,
2495,2356,1.4,,,,,,,,
2496,2357,0.6,,,,,,,,
2497,2358,1.183,,,,,,,,
2498,2359,0.6,,,,,,,,
2499,2360,0.6,,,,,,,,
2500,2361,0.659,,,,,,,,
2501,2362,0.6,,,,,,,,
2502,2363,1.826,,,,,,,,
2503,2364,0.671,,,,,,,,
2504,2365,0.6,,,,,,,,
2505,2366,0.6,,,,,,,,
2506,2367,0.668,,,,,,,,
2507,2368,1.729,,,,,,,,
2508,2369,0.6,,,,,,,,
2509,2370,0.6,,,,,,,,
2510,2371,0.6,,,,,,,,
2511,2372,0.6,,,,,,,,
2512,2373,1.242,,,,,,,,
2513,2374,0.6,,,,,,,,
2514,2375,1.32,,,,,,,,
2515,2376,0.6,,,,,,,,
2516,2377,0.6,,,,,,,,
2517,2378,0.6,,,,,,,,
2518,2379,0.6,,,,,,,,
2519,2380,0.875,,,,,,,,
2520,2381,0.6,,,,,,,,
2521,2382,1.36,,,,,,,,
2522,2383,0.6,,,,,,,,
2523,2384,0.6,,,,,,,,
2524,2385,0.841,,,,,,,,
2525,2386,0.6,,,,,,,,
2526,2387,0.6,,,,,,,,
2527,2388,0.6,,,,,,,,
2528,2389,0.6,,,,,,,,
2529,2390,0.6,,,,,,,,
2530,2391,2.275,,,,,,,,
2531,2391,0.94,,,,,,,,
2532,2391,0.747,,,,,,,,
2533,2391,0.677,,,,,,,,
2534,2391,0.6,,,,,,,,
2535,2392,0.626,,,,,,,,
2536,2393,9.387,,,,,,,,
2537,2394,1.882,,,,,,,,
2538,2395,0.68,,,,,,,,
2539,2396,2.695,,,,,,,,
2540,2397,5.918,,,,,,,,
2541,2398,0.93,,,,,,,,
2542,2399,0.6,,,,,,,,
2543,2400,0.6,,,,,,,,
2544,2401,0.6,,,,,,,,
2545,2402,0.6,,,,,,,,
2546,2403,1.096,,,,,,,,
2547,2404,0.682,,,,,,,,
2548,2405,102.826,,,,,,,3.0,7.0
2549,2406,10.795,,,,,,,,
2550,2407,5.353,,,,,,,,
2551,2408,0.6,,,,,,,,
2552,2409,0.674,,,,,,,,
2553,2410,6.154,,,,,,,,
2554,2411,1.968,,,,,,,,
2555,2412,3.155,,,,,,,,
2556,2413,0.6,,,,,,,,
2557,2414,,,,,,,,2.0,8.1
2558,2415,0.6,,,,,,,,
2559,2416,0.6,,,,,,,,
2560,2417,0.6,,,,,,,,
2561,2418,2.753,,,,,,,,
2562,2419,0.6,,,,,,,,
2563,2420,0.6,,,,,,,,
2564,2421,5.597,,,,,,,,
2565,2422,0.771,,,,,,,,
2566,2423,0.74,,,,,,,,
2567,2424,0.6,,,,,,,,
2568,2425,3.099,,,,,,,,
2569,2426,0.6,,,,,,,,
2570,2427,5.915,,,,,,,,
2571,2427,0.946,,,,,,,,
2572,2428,1.982,,,,,,,,
2573,2429,,1.0,0.0,1975,"Cynical, ironic, and suffused with seductive natural lighting, Barry Lyndon is a complex character piece of a hapless man doomed by Georgian society.",Certified-Fresh,91.0,1.0,8.1
2574,2430,,,,,,,,1.0,7.6
2575,2431,0.772,,,,,,,,
2576,2432,0.873,,,,,,,,
2577,2433,2.424,,,,,,,,
2578,2434,2.003,,,,,,,,
2579,2434,0.6,,,,,,,,
2580,2435,0.6,,,,,,,,
2581,2436,2.345,,,,,,,,
2582,2437,0.635,,,,,,,,
2583,2438,1.227,,,,,,,,
2584,2439,0.6,,,,,,,,
2585,2440,0.6,,,,,,,,
2586,2441,5.068,,,,,,,,
2587,2442,7.8,,,,,,,,
2588,2443,6.563,,,,,,,,
2589,2444,7.465,,,,,,,,
2590,2445,0.6,,,,,,,,
2591,2446,8.164,,,,,,,,
2592,2447,1.282,,,,,,,,
2593,2448,0.6,,,,,,,,
2594,2449,0.6,,,,,,,,
2595,2450,4.506,,,,,,,,
2596,2451,0.6,,,,,,,,
2597,2452,0.93,,,,,,,,
2598,2453,0.6,,,,,,,,
2599,2454,9.935,,,,,,,,
2600,2455,0.72,,,,,,,,
2601,2456,1.771,,,,,,,,
2602,2457,0.68,,,,,,,,
2603,2458,0.6,,,,,,,,
2604,2459,,,,,,,,1.0,8.2
2605,2460,0.6,,,,,,,,
2606,2461,,,,,,,,0.0,7.8
2607,2462,,,,,,,,,
2608,2463,10.654,,,,,,,,
2609,2463,1.731,,,,,,,,
2610,2464,0.6,,,,,,,,
2611,2465,4.154,,,,,,,,
2612,2466,0.86,,,,,,,,
2613,2467,0.9,,,,,,,,
2614,2468,2.534,,,,,,,,
2615,2469,0.6,,,,,,,,
2616,2470,0.634,,,,,,,,
2617,2471,0.955,,,,,,,,
2618,2472,0.655,,,,,,,,
2619,2473,1.454,,,,,,,,
2620,2474,0.6,,,,,,,,
2621,2475,2.23,,,,,,,,
2622,2476,2.272,,,,,,,,
2623,2476,0.6,,,,,,,,
2624,2477,2.416,,,,,,,,
2625,2478,,1.0,0.0,1949,,Fresh,75.0,,7.5
2626,2479,0.6,,,,,,,,
2627,2480,0.6,,,,,,,,
2628,2481,5.762,,,,,,,,
2629,2482,1.745,,,,,,,,
2630,2483,0.6,,,,,,,,
2631,2484,0.927,,,,,,,,
2632,2485,1.4,,,,,,,,
2633,2486,0.6,,,,,,,,
2634,2487,8.525,,,,,,,,
2635,2488,0.6,,,,,,,,
2636,2489,26.742,,,,,,,,
2637,2489,0.6,,,,,,,,
2638,2490,0.6,,,,,,,,
2639,2491,0.6,,,,,,,,
2640,2492,4.036,,,,,,,,
2641,2493,0.6,,,,,,,,
2642,2494,0.6,,,,,,,,
2643,2495,0.607,,,,,,,,
2644,2496,0.6,,,,,,,,
2645,2497,0.945,,,,,,,,
2646,2498,0.6,,,,,,,,
2647,2499,0.6,,,,,,,,
2648,2500,0.6,,,,,,,,
2649,2501,2.55,,,,,,,,
2650,2502,0.6,,,,,,,,
2651,2503,0.6,,,,,,,,
2652,2504,5.747,,,,,,,,
2653,2505,1.033,,,,,,,,
2654,2506,0.6,,,,,,,,
2655,2507,0.6,,,,,,,,
2656,2508,1.457,,,,,,,,
2657,2509,0.6,,,,,,,,
2658,2510,2172.338,,,,,,,,
2659,2510,0.6,,,,,,,,
2660,2510,0.6,,,,,,,,
2661,2511,0.6,,,,,,,,
2662,2512,3.203,,,,,,,,
2663,2513,1.975,,,,,,,,
2664,2514,0.679,,,,,,,,
2665,2515,3.63,,,,,,,,
2666,2516,1.49,,,,,,,,
2667,2517,0.896,,,,,,,,
2668,2518,2.586,,,,,,,,
2669,2519,0.6,,,,,,,,
2670,2520,1.928,,,,,,,,
2671,2521,0.6,,,,,,,,
2672,2522,,,,,,,,0.0,7.7
2673,2523,1.4,,,,,,,,
2674,2524,0.6,,,,,,,,
2675,2525,,1.0,0.0,2012,"Beasts of the Southern Wild is a fantastical, emotionally powerful journey and a strong case of filmmaking that values imagination over money.",Certified-Fresh,87.0,3.0,7.3
2676,2526,0.6,,,,,,,,
2677,2527,0.626,,,,,,,,
2678,2528,0.6,,,,,,,,
2679,2529,0.6,,,,,,,,
2680,2530,0.6,,,,,,,,
2681,2531,0.654,,,,,,,,
2682,2532,1.4,,,,,,,,
2683,2533,0.6,,,,,,,,
2684,2534,0.779,,,,,,,,
2685,2535,2.616,,,,,,,,
2686,2536,0.6,,,,,,,,
2687,2537,0.6,,,,,,,3.0,5.6
2688,2538,0.6,,,,,,,,
2689,2539,0.6,,,,,,,,
2690,2540,0.6,,,,,,,,
2691,2541,0.731,,,,,,,,
2692,2542,0.6,,,,,,,,
2693,2543,1.647,,,,,,,1.0,6.7
2694,2544,1.62,,,,,,,,
2695,2545,1.164,,,,,,,,
2696,2546,2.732,,,,,,,,
2697,2547,0.6,,,,,,,,
2698,2548,0.6,,,,,,,,
2699,2549,0.6,,,,,,,,
2700,2550,0.6,,,,,,,,
2701,2551,0.6,,,,,,,,
2702,2552,0.6,,,,,,,,
2703,2553,3.301,,,,,,,,
2704,2554,4.199,1.0,0.0,1991,"Enchanting, sweepingly romantic, and featuring plenty of wonderful musical numbers, Beauty and the Beast is one of Disney's most elegant animated offerings.",Certified-Fresh,94.0,3.0,8.0
2705,2554,4.199,1.0,0.0,1991,"Enchanting, sweepingly romantic, and featuring plenty of wonderful musical numbers, Beauty and the Beast is one of Disney's most elegant animated offerings.",Certified-Fresh,94.0,3.0,8.0
2706,2554,4.199,1.0,0.0,1991,"Enchanting, sweepingly romantic, and featuring plenty of wonderful musical numbers, Beauty and the Beast is one of Disney's most elegant animated offerings.",Certified-Fresh,94.0,3.0,8.0
2707,2554,2.013,1.0,0.0,1991,"Enchanting, sweepingly romantic, and featuring plenty of wonderful musical numbers, Beauty and the Beast is one of Disney's most elegant animated offerings.",Certified-Fresh,94.0,3.0,8.0
2708,2554,2.013,1.0,0.0,1991,"Enchanting, sweepingly romantic, and featuring plenty of wonderful musical numbers, Beauty and the Beast is one of Disney's most elegant animated offerings.",Certified-Fresh,94.0,3.0,8.0
2709,2554,2.013,1.0,0.0,1991,"Enchanting, sweepingly romantic, and featuring plenty of wonderful musical numbers, Beauty and the Beast is one of Disney's most elegant animated offerings.",Certified-Fresh,94.0,3.0,8.0
2710,2555,0.6,,,,,,,,
2711,2556,0.6,,,,,,,,
2712,2557,0.894,,,,,,,,
2713,2558,4.558,,,,,,,,
2714,2559,0.6,,,,,,,,
2715,2560,,1.0,0.0,1964,,Fresh,76.0,,7.8
2716,2561,2.604,,,,,,,,
2717,2562,13.017,,,,,,,,
2718,2562,0.6,,,,,,,,
2719,2563,12.541,,,,,,,,
2720,2564,0.6,,,,,,,,
2721,2565,0.6,,,,,,,,
2722,2566,0.6,,,,,,,,
2723,2567,1.762,,,,,,,,
2724,2568,4.642,,,,,,,,
2725,2569,0.626,,,,,,,,
2726,2570,0.6,,,,,,,,
2727,2570,0.6,,,,,,,,
2728,2571,0.6,,,,,,,,
2729,2572,10.263,,,,,,,,
2730,2573,9.2,,,,,,,3.0,7.3
2731,2574,2.068,,,,,,,,
2732,2575,0.627,,,,,,,,
2733,2576,0.6,,,,,,,,
2734,2577,0.605,,,,,,,1.0,6.7
2735,2578,0.6,,,,,,,,
2736,2579,1.201,,,,,,,,
2737,2580,0.6,,,,,,,,
2738,2581,2.04,,,,,,,,
2739,2582,0.6,,,,,,,,
2740,2583,0.6,,,,,,,,
2741,2584,2.239,,,,,,,,
2742,2585,0.6,,,,,,,,
2743,2586,0.6,,,,,,,,
2744,2587,0.6,,,,,,,,
2745,2588,84.773,,,,,,,,
2746,2589,,,,,,,,3.0,7.9
2747,2590,0.6,,,,,,,,
2748,2591,4.406,,,,,,,,
2749,2592,,,,,,,,0.0,8.1
2750,2593,,,,,,,,0.0,8.1
2751,2594,1.111,,,,,,,,
2752,2595,4.603,,,,,,,,
2753,2596,0.6,,,,,,,,
2754,2597,0.878,,,,,,,,
2755,2598,9.993,,,,,,,,
2756,2599,0.6,,,,,,,,
2757,2600,4.41,,,,,,,,
2758,2600,1.037,,,,,,,,
2759,2600,0.6,,,,,,,,
2760,2601,0.647,,,,,,,,
2761,2601,0.6,,,,,,,,
2762,2602,0.6,,,,,,,,
2763,2603,1.252,,,,,,,,
2764,2603,0.6,,,,,,,,
2765,2604,0.6,,,,,,,,
2766,2605,0.6,,,,,,,,
2767,2606,0.6,,,,,,,,
2768,2607,0.657,,,,,,,,
2769,2608,0.6,,,,,,,,
2770,2609,2.152,,,,,,,,
2771,2610,2.034,,,,,,,,
2772,2610,0.6,,,,,,,,
2773,2611,0.6,,,,,,,,
2774,2612,2.795,,,,,,,,
2775,2612,0.904,,,,,,,,
2776,2613,0.6,,,,,,,,
2777,2614,8.352,,,,,,,1.0,6.7
2778,2615,0.84,,,,,,,,
2779,2616,0.6,,,,,,,,
2780,2617,0.881,,,,,,,,
2781,2618,20.944,,,,,,,,
2782,2619,0.6,,,,,,,,
2783,2620,3.346,,,,,,,,
2784,2621,1.805,,,,,,,,
2785,2621,1.793,,,,,,,,
2786,2622,0.6,,,,,,,,
2787,2623,0.6,,,,,,,,
2788,2624,0.6,,,,,,,,
2789,2625,0.6,,,,,,,,
2790,2626,,,,,,,,3.0,7.7
2791,2627,,,,,,,,2.0,7.9
2792,2628,0.788,,,,,,,,
2793,2629,1.403,,,,,,,,
2794,2630,2.885,,,,,,,,
2795,2631,0.6,,,,,,,,
2796,2632,3.525,,,,,,,,
2797,2633,0.6,,,,,,,,
2798,2634,0.6,,,,,,,,
2799,2635,0.6,,,,,,,,
2800,2636,2.853,,,,,,,,
2801,2637,0.6,,,,,,,,
2802,2638,4.72,,,,,,,,
2803,2639,0.731,,,,,,,,
2804,2640,0.6,,,,,,,,
2805,2641,0.6,,,,,,,,
2806,2642,2.677,,,,,,,,
2807,2643,0.917,,,,,,,,
2808,2644,0.6,,,,,,,,
2809,2645,,,,,,,,,
2810,2646,0.6,,,,,,,,
2811,2647,0.6,,,,,,,,
2812,2648,0.6,,,,,,,,
2813,2649,1.006,,,,,,,,
2814,2650,1.42,,,,,,,,
2815,2651,15.665,,,,,,,0.0,6.1
2816,2651,0.6,,,,,,,0.0,6.1
2817,2652,1.803,,,,,,,,
2818,2653,0.6,,,,,,,,
2819,2654,0.6,,,,,,,,
2820,2655,3.703,,,,,,,,
2821,2656,0.6,,,,,,,,
2822,2657,0.6,,,,,,,,
2823,2658,0.6,,,,,,,,
2824,2659,9.09,,,,,,,,
2825,2660,31.993,,,,,,,,
2826,2661,0.6,,,,,,,,
2827,2662,7.245,,,,,,,,
2828,2663,0.6,,,,,,,,
2829,2664,,0.0,1.0,1959,"Uneven, but in terms of epic scope and grand spectacle, Ben-Hur still ranks among Hollywood's finest examples of pure entertainment.",Certified-Fresh,86.0,3.0,8.1
2830,2664,,0.0,1.0,1959,"Uneven, but in terms of epic scope and grand spectacle, Ben-Hur still ranks among Hollywood's finest examples of pure entertainment.",Certified-Fresh,86.0,1.0,8.1
2831,2665,0.665,,,,,,,,
2832,2666,20.021,,,,,,,0.0,5.4
2833,2666,7.037,,,,,,,0.0,5.4
2834,2666,6.898,,,,,,,0.0,5.4
2835,2666,0.819,,,,,,,0.0,5.4
2836,2666,0.6,,,,,,,0.0,5.4
2837,2667,1.194,,,,,,,,
2838,2668,2.598,,,,,,,,
2839,2669,5.457,,,,,,,,
2840,2670,4.664,,,,,,,,
2841,2671,0.6,,,,,,,,
2842,2672,6.126,,,,,,,,
2843,2673,0.6,,,,,,,,
2844,2674,0.6,,,,,,,,
2845,2675,412.34,,,,,,,,
2846,2675,1.969,,,,,,,,
2847,2676,1.67,,,,,,,,
2848,2677,1.203,,,,,,,,
2849,2678,0.6,,,,,,,,
2850,2679,0.6,,,,,,,,
2851,2680,0.6,,,,,,,,
2852,2681,0.6,,,,,,,,
2853,2682,63.524,,,,,,,,
2854,2683,0.6,,,,,,,,
2855,2684,0.86,,,,,,,,
2856,2685,0.6,,,,,,,3.0,6.3
2857,2686,0.624,,,,,,,,
2858,2687,9.016,,,,,,,1.0,6.2
2859,2688,0.899,,,,,,,,
2860,2689,7.464,,,,,,,,
2861,2690,0.84,,,,,,,,
2862,2690,0.6,,,,,,,,
2863,2691,0.848,,,,,,,,
2864,2692,4.214,,,,,,,,
2865,2693,0.6,,,,,,,,
2866,2694,14.273,,,,,,,1.0,6.3
2867,2695,6.394,,,,,,,1.0,6.8
2868,2696,3.184,,,,,,,3.0,5.3
2869,2697,5.195,,,,,,,,
2870,2698,0.6,,,,,,,,
2871,2699,2.601,,,,,,,,
2872,2700,0.6,,,,,,,,
2873,2701,0.6,,,,,,,,
2874,2702,0.6,,,,,,,3.0,4.9
2875,2703,0.6,,,,,,,,
2876,2704,0.6,,,,,,,,
2877,2705,0.851,,,,,,,,
2878,2706,0.6,,,,,,,,
2879,2707,0.6,,,,,,,,
2880,2708,2.628,,,,,,,,
2881,2709,0.6,,,,,,,,
2882,2710,16.886,,,,,,,,
2883,2711,2.969,,,,,,,,
2884,2712,0.6,,,,,,,,
2885,2713,0.6,,,,,,,,
2886,2714,1.692,,,,,,,,
2887,2715,0.6,,,,,,,,
2888,2716,0.6,,,,,,,,
2889,2717,18.735,,,,,,,3.0,6.5
2890,2718,0.6,,,,,,,,
2891,2719,0.6,,,,,,,,
2892,2720,0.6,,,,,,,,
2893,2721,1.422,,,,,,,,
2894,2722,1.05,,,,,,,,
2895,2723,2.366,,,,,,,,
2896,2724,1.439,,,,,,,,
2897,2725,0.629,,,,,,,,
2898,2726,0.6,,,,,,,,
2899,2727,0.6,,,,,,,,
2900,2728,0.852,,,,,,,,
2901,2729,0.6,,,,,,,,
2902,2730,0.6,,,,,,,,
2903,2731,2.65,,,,,,,,
2904,2732,0.6,,,,,,,,
2905,2733,1.216,,,,,,,,
2906,2734,0.6,,,,,,,,
2907,2735,3.701,,,,,,,,
2908,2736,0.6,,,,,,,,
2909,2737,0.6,,,,,,,,
2910,2738,1.937,,,,,,,,
2911,2739,0.6,,,,,,,,
2912,2740,0.6,,,,,,,,
2913,2741,1.52,,,,,,,3.0,4.8
2914,2741,1.452,,,,,,,3.0,4.8
2915,2741,0.6,,,,,,,3.0,4.8
2916,2742,0.6,,,,,,,,
2917,2743,0.6,,,,,,,,
2918,2744,2.744,,,,,,,,
2919,2745,2.992,,,,,,,,
2920,2746,1.136,,,,,,,,
2921,2747,1.866,,,,,,,,
2922,2748,1.4,,,,,,,,
2923,2749,1.534,,,,,,,,
2924,2750,2.453,,,,,,,,
2925,2751,1.769,,,,,,,,
2926,2752,4.854,,,,,,,,
2927,2753,1.016,,,,,,,,
2928,2754,8.525,,,,,,,,
2929,2755,0.6,,,,,,,,
2930,2756,1.33,,,,,,,,
2931,2757,9.264,,,,,,,,
2932,2758,0.935,,,,,,,,
2933,2759,0.629,,,,,,,,
2934,2760,0.6,,,,,,,,
2935,2761,6.862,,,,,,,,
2936,2762,9.527,,,,,,,2.0,5.9
2937,2763,1.104,,,,,,,,
2938,2764,0.6,,,,,,,,
2939,2765,5.209,,,,,,,,
2940,2765,0.6,,,,,,,,
2941,2766,3.761,,,,,,,,
2942,2767,4.306,,,,,,,,
2943,2768,1.873,,,,,,,,
2944,2769,0.673,,,,,,,,
2945,2770,7.559,,,,,,,,
2946,2771,1.217,,,,,,,,
2947,2772,0.6,,,,,,,,
2948,2773,2.57,,,,,,,,
2949,2774,0.6,,,,,,,,
2950,2775,0.6,,,,,,,,
2951,2776,2.725,,,,,,,,
2952,2777,0.6,,,,,,,,
2953,2778,1.206,,,,,,,,
2954,2779,0.6,,,,,,,,
2955,2780,0.69,,,,,,,,
2956,2781,1.198,,,,,,,,
2957,2782,1.163,,,,,,,,
2958,2783,0.984,,,,,,,,
2959,2784,0.6,,,,,,,,
2960,2785,0.721,,,,,,,,
2961,2786,1.974,,,,,,,,
2962,2787,,,,,,,,,
2963,2788,2.678,,,,,,,,
2964,2789,0.6,,,,,,,,
2965,2790,0.6,,,,,,,,
2966,2791,1.688,,,,,,,,
2967,2792,0.6,,,,,,,,
2968,2793,0.6,,,,,,,,
2969,2794,0.6,,,,,,,,
2970,2795,0.6,,,,,,,,
2971,2796,7.566,,,,,,,1.0,7.4
2972,2797,12.004,,,,,,,,
2973,2798,0.6,,,,,,,,
2974,2799,2.896,,,,,,,,
2975,2800,1.654,,,,,,,,
2976,2801,0.6,,,,,,,,
2977,2802,0.6,,,,,,,,
2978,2803,7.025,,,,,,,,
2979,2804,1.603,,,,,,,,
2980,2805,2.038,,,,,,,,
2981,2806,10.655,,,,,,,,
2982,2807,1.035,,,,,,,,
2983,2808,0.6,,,,,,,,
2984,2809,2.188,,,,,,,,
2985,2810,0.6,,,,,,,,
2986,2811,0.6,,,,,,,,
2987,2812,0.6,,,,,,,,
2988,2813,0.6,,,,,,,,
2989,2814,0.6,,,,,,,,
2990,2815,0.6,,,,,,,,
2991,2816,0.6,,,,,,,,
2992,2817,0.6,,,,,,,,
2993,2818,0.6,,,,,,,,
2994,2819,2.501,,,,,,,,
2995,2820,10.214,,,,,,,,
2996,2821,5.848,,,,,,,,
2997,2822,0.96,,,,,,,,
2998,2823,0.6,,,,,,,,
2999,2824,0.6,,,,,,,,
3000,2825,,,,,,,,1.0,8.0
3001,2826,1.598,,,,,,,,
3002,2827,1.5,,,,,,,,
3003,2828,0.6,,,,,,,,
3004,2829,,,,,,,,3.0,7.8
3005,2830,0.6,,,,,,,,
3006,2831,9.556,,,,,,,,
3007,2832,5.626,,,,,,,,
3008,2833,0.6,,,,,,,,
3009,2834,0.6,,,,,,,,
3010,2835,1.41,,,,,,,,
3011,2836,5.775,,,,,,,,
3012,2837,0.933,,,,,,,,
3013,2838,5.739,,,,,,,,
3014,2838,2.463,,,,,,,,
3015,2838,1.171,,,,,,,,
3016,2839,0.935,,,,,,,,
3017,2840,2.278,,,,,,,,
3018,2841,2.242,,,,,,,,
3019,2842,0.6,,,,,,,,
3020,2843,1.743,,,,,,,,
3021,2844,2.143,,,,,,,,
3022,2845,2.327,,,,,,,,
3023,2846,1.4,,,,,,,,
3024,2847,0.6,,,,,,,,
3025,2848,1.037,,,,,,,,
3026,2849,1.414,,,,,,,,
3027,2850,2.579,,,,,,,,
3028,2851,3.0,,,,,,,,
3029,2852,0.971,,,,,,,,
3030,2853,1.866,,,,,,,,
3031,2854,1.464,,,,,,,0.0,4.9
3032,2855,1.578,,,,,,,,
3033,2856,0.6,,,,,,,,
3034,2857,4.997,,,,,,,,
3035,2858,0.6,,,,,,,,
3036,2859,1.583,,,,,,,,
3037,2860,0.6,,,,,,,,
3038,2861,1.61,,,,,,,,
3039,2862,1.704,,,,,,,,
3040,2863,0.6,,,,,,,,
3041,2864,2.946,,,,,,,,
3042,2865,2.825,,,,,,,,
3043,2866,1.956,,,,,,,,
3044,2867,1.512,,,,,,,,
3045,2868,0.6,,,,,,,,
3046,2869,0.6,,,,,,,,
3047,2870,1.07,,,,,,,,
3048,2871,2.614,,,,,,,,
3049,2872,0.6,,,,,,,,
3050,2873,1.4,,,,,,,,
3051,2874,0.6,,,,,,,,
3052,2875,0.6,,,,,,,2.0,6.6
3053,2876,2.021,,,,,,,,
3054,2877,0.6,,,,,,,,
3055,2878,7.125,,,,,,,,
3056,2879,1.4,,,,,,,,
3057,2880,2.528,,,,,,,,
3058,2881,,,,,,,,3.0,7.7
3059,2882,0.6,,,,,,,,
3060,2883,3.558,,,,,,,,
3061,2884,2.016,,,,,,,,
3062,2885,0.6,,,,,,,,
3063,2886,2.45,,,,,,,,
3064,2887,0.6,,,,,,,,
3065,2888,0.6,,,,,,,,
3066,2889,,,,,,,,,
3067,2890,0.6,,,,,,,,
3068,2891,1.105,,,,,,,,
3069,2892,0.618,,,,,,,,
3070,2892,0.6,,,,,,,,
3071,2893,1.13,,,,,,,,
3072,2894,0.6,,,,,,,,
3073,2895,3.61,,,,,,,,
3074,2896,1.142,,,,,,,,
3075,2897,1.596,,,,,,,,
3076,2898,3.413,,,,,,,,
3077,2899,0.774,,,,,,,,
3078,2900,2.222,,,,,,,,
3079,2901,0.6,,,,,,,,
3080,2902,3.437,,,,,,,,
3081,2903,7.569,,,,,,,,
3082,2904,0.6,,,,,,,,
3083,2905,0.741,,,,,,,,
3084,2906,1.024,,,,,,,,
3085,2907,1.374,,,,,,,,
3086,2908,1.131,,,,,,,,
3087,2909,,,,,,,,,
3088,2910,0.6,,,,,,,,
3089,2911,0.6,,,,,,,,
3090,2912,0.6,,,,,,,,
3091,2913,6.304,,,,,,,3.0,1.5
3092,2914,2.888,,,,,,,,
3093,2915,5.919,,,,,,,,
3094,2916,,,,,,,,,
3095,2917,0.6,,,,,,,,
3096,2918,1.855,,,,,,,3.0,6.1
3097,2918,0.6,,,,,,,3.0,6.1
3098,2919,0.6,,,,,,,,
3099,2920,3.122,,,,,,,,
3100,2921,0.622,,,,,,,,
3101,2921,0.6,,,,,,,,
3102,2922,0.6,,,,,,,,
3103,2923,0.6,,,,,,,,
3104,2924,0.6,,,,,,,,
3105,2925,0.6,,,,,,,,
3106,2926,0.6,,,,,,,,
3107,2927,0.6,,,,,,,,
3108,2928,0.6,,,,,,,,
3109,2929,1.4,,,,,,,,
3110,2930,1.136,,,,,,,,
3111,2931,5.704,,,,,,,3.0,4.9
3112,2932,0.6,,,,,,,,
3113,2933,0.6,,,,,,,,
3114,2934,0.782,,,,,,,,
3115,2935,1.924,,,,,,,,
3116,2936,10.583,,,,,,,,
3117,2936,1.205,,,,,,,,
3118,2936,0.6,,,,,,,,
3119,2936,0.6,,,,,,,,
3120,2937,0.6,,,,,,,,
3121,2938,0.6,,,,,,,,
3122,2939,3.214,,,,,,,,
3123,2940,0.6,,,,,,,,
3124,2940,0.6,,,,,,,,
3125,2941,2.725,,,,,,,,
3126,2942,2.279,,,,,,,,
3127,2943,0.6,,,,,,,,
3128,2944,1.261,,,,,,,,
3129,2945,0.6,,,,,,,,
3130,2946,1.311,,,,,,,,
3131,2947,0.6,,,,,,,,
3132,2948,0.6,,,,,,,,
3133,2949,0.6,,,,,,,,
3134,2950,0.6,,,,,,,,
3135,2951,1.534,,,,,,,,
3136,2952,6.792,,,,,,,,
3137,2952,0.6,,,,,,,,
3138,2952,0.6,,,,,,,,
3139,2953,3.255,,,,,,,,
3140,2954,0.705,,,,,,,,
3141,2955,0.875,,,,,,,,
3142,2956,0.989,,,,,,,,
3143,2957,1.321,,,,,,,,
3144,2958,0.6,,,,,,,,
3145,2959,,1.0,0.0,2018,BlacKkKlansman uses history to offer bitingly trenchant commentary on current events -- and brings out some of Spike Lee's hardest-hitting work in decades along the way.,Certified-Fresh,96.0,3.0,7.5
3146,2960,0.832,,,,,,,,
3147,2961,0.66,,,,,,,,
3148,2962,1.153,,,,,,,,
3149,2963,31.582,,,,,,,1.0,7.2
3150,2964,6.32,,,,,,,,
3151,2965,1.087,,,,,,,3.0,6.1
3152,2966,5.405,,,,,,,,
3153,2967,9.347,,,,,,,,
3154,2968,1.376,,,,,,,,
3155,2969,0.6,,,,,,,,
3156,2970,1.173,,,,,,,,
3157,2971,13.557,,,,,,,3.0,7.1
3158,2971,13.557,,,,,,,3.0,4.7
3159,2971,12.268,,,,,,,3.0,7.1
3160,2971,12.268,,,,,,,3.0,4.7
3161,2971,10.44,,,,,,,3.0,7.1
3162,2971,10.44,,,,,,,3.0,4.7
3163,2972,0.713,,,,,,,,
3164,2973,1.749,,,,,,,,
3165,2974,2.108,,,,,,,,
3166,2975,2.379,,,,,,,1.0,5.6
3167,2976,10.203,,,,,,,,
3168,2976,0.806,,,,,,,,
3169,2976,0.6,,,,,,,,
3170,2976,0.6,,,,,,,,
3171,2977,4.531,,,,,,,,
3172,2978,3.809,,,,,,,,
3173,2979,2.222,,,,,,,,
3174,2980,0.6,,,,,,,,
3175,2981,0.6,,,,,,,,
3176,2982,1.159,,,,,,,,
3177,2983,0.6,,,,,,,,
3178,2984,0.6,,,,,,,,
3179,2985,0.6,,,,,,,,
3180,2986,0.6,,,,,,,,
3181,2987,0.6,,,,,,,,
3182,2988,0.6,,,,,,,,
3183,2989,3.396,,,,,,,,
3184,2990,0.6,,,,,,,,
3185,2991,9.459,,,,,,,,
3186,2991,1.911,,,,,,,,
3187,2991,1.213,,,,,,,,
3188,2992,0.939,,,,,,,,
3189,2993,0.6,,,,,,,,
3190,2994,0.6,,,,,,,,
3191,2995,0.6,,,,,,,,
3192,2996,1.186,,,,,,,,
3193,2997,0.817,,,,,,,,
3194,2998,,,,,,,,0.0,7.7
3195,2999,0.6,,,,,,,,
3196,3000,0.6,,,,,,,,
3197,3001,2.05,,,,,,,,
3198,3002,5.334,,,,,,,,
3199,3003,3.864,,,,,,,,
3200,3004,1.435,,,,,,,,
3201,3004,0.6,,,,,,,,
3202,3005,0.748,,,,,,,,
3203,3006,3.858,,,,,,,,
3204,3007,2.446,,,,,,,,
3205,3008,0.6,,,,,,,,
3206,3008,0.6,,,,,,,,
3207,3009,0.6,,,,,,,,
3208,3010,4.047,,,,,,,,
3209,3011,2.652,,,,,,,,
3210,3011,2.035,,,,,,,,
3211,3011,0.957,,,,,,,,
3212,3011,0.6,,,,,,,,
3213,3012,2.336,,,,,,,,
3214,3013,1.34,,,,,,,,
3215,3014,1.37,,,,,,,,
3216,3015,0.6,,,,,,,,
3217,3016,1.483,,,,,,,,
3218,3016,0.6,,,,,,,,
3219,3017,1.065,,,,,,,,
3220,3018,0.6,,,,,,,,
3221,3019,0.661,,,,,,,,
3222,3019,0.6,,,,,,,,
3223,3020,1.25,,,,,,,1.0,6.9
3224,3020,0.6,,,,,,,1.0,6.9
3225,3020,0.6,,,,,,,1.0,6.9
3226,3020,0.6,,,,,,,1.0,6.9
3227,3021,0.6,,,,,,,,
3228,3022,2.721,,,,,,,,
3229,3023,7.845,,,,,,,,
3230,3023,0.6,,,,,,,,
3231,3024,0.781,,,,,,,,
3232,3025,8.207,,,,,,,,
3233,3026,1.4,,,,,,,,
3234,3027,0.6,,,,,,,,
3235,3028,1.899,,,,,,,,
3236,3029,0.6,,,,,,,,
3237,3030,,1.0,0.0,2018,Black Panther elevates superhero cinema to thrilling new heights while telling one of the MCU's most absorbing stories -- and introducing some of its most fully realized characters.,Certified-Fresh,96.0,3.0,7.3
3238,3031,2.018,,,,,,,,
3239,3032,1.069,,,,,,,,
3240,3033,0.894,,,,,,,,
3241,3034,4.613,,,,,,,,
3242,3035,3.837,,,,,,,,
3243,3036,0.8,,,,,,,,
3244,3037,2.725,,,,,,,,
3245,3038,0.65,,,,,,,,
3246,3039,8.228,,,,,,,3.0,4.8
3247,3040,4.46,,,,,,,,
3248,3041,11.196,,,,,,,,
3249,3042,1.905,,,,,,,,
3250,3043,15.492,,,,,,,1.0,5.8
3251,3044,0.6,,,,,,,,
3252,3045,6.515,,,,,,,,
3253,3046,0.6,,,,,,,,
3254,3047,0.6,,,,,,,,
3255,3048,1.323,,,,,,,,
3256,3049,11.419,,,,,,,3.0,7.1
3257,3050,31.951,1.0,0.0,2010,"Bracingly intense, passionate, and wildly melodramatic, Black Swan glides on Darren Aronofsky's bold direction -- and a bravura performance from Natalie Portman.",Certified-Fresh,85.0,3.0,8.0
3258,3051,3.592,,,,,,,,
3259,3052,0.6,,,,,,,,
3260,3053,2.607,,,,,,,,
3261,3054,10.975,,,,,,,3.0,5.8
3262,3055,0.6,,,,,,,,
3263,3056,147.567,,,,,,,,
3264,3057,0.6,,,,,,,,
3265,3058,0.6,,,,,,,,
3266,3059,1.391,,,,,,,,
3267,3060,41.009,,,,,,,,
3268,3061,0.6,,,,,,,,
3269,3062,0.84,,,,,,,1.0,2.7
3270,3063,3.36,,,,,,,,
3271,3064,2.785,,,,,,,,
3272,3065,3.266,,,,,,,,
3273,3066,0.6,,,,,,,,
3274,3067,9.741,,,,,,,,
3275,3067,3.36,,,,,,,,
3276,3067,1.4,,,,,,,,
3277,3067,0.6,,,,,,,,
3278,3067,0.6,,,,,,,,
3279,3067,0.6,,,,,,,,
3280,3067,0.6,,,,,,,,
3281,3068,0.6,,,,,,,,
3282,3069,1.584,,,,,,,,
3283,3070,5.466,,,,,,,,
3284,3071,3.909,,,,,,,,
3285,3071,0.6,,,,,,,,
3286,3072,1.25,,,,,,,,
3287,3073,8.813,,,,,,,3.0,5.7
3288,3074,57.899,,,,,,,1.0,7.1
3289,3075,39.411,,,,,,,1.0,6.7
3290,3076,0.6,,,,,,,,
3291,3077,,,,,,,,1.0,8.1
3292,3078,,,,,,,,3.0,8.0
3293,3079,0.6,,,,,,,,
3294,3080,20.662,,,,,,,,
3295,3081,4.383,,,,,,,,
3296,3082,39.805,,,,,,,3.0,5.8
3297,3083,4.465,,,,,,,,
3298,3084,22.395,,,,,,,2.0,5.0
3299,3085,1.633,,,,,,,,
3300,3085,0.6,,,,,,,,
3301,3086,0.6,,,,,,,,
3302,3087,0.6,,,,,,,,
3303,3088,0.6,,,,,,,,
3304,3089,2.187,,,,,,,,
3305,3090,0.6,,,,,,,,
3306,3091,,,,,,,,1.0,7.7
3307,3092,3.355,,,,,,,,
3308,3093,2.513,,,,,,,,
3309,3093,0.874,,,,,,,,
3310,3094,0.6,,,,,,,,
3311,3095,4.432,,,,,,,,
3312,3096,2.421,,,,,,,,
3313,3097,4.76,,,,,,,,
3314,3097,2.638,,,,,,,,
3315,3097,0.6,,,,,,,,
3316,3098,0.6,,,,,,,,
3317,3099,0.6,,,,,,,,
3318,3100,0.6,,,,,,,,
3319,3101,1.788,,,,,,,,
3320,3102,3.877,,,,,,,,
3321,3103,0.916,,,,,,,,
3322,3104,0.6,,,,,,,,
3323,3105,0.624,,,,,,,,
3324,3106,0.6,,,,,,,,
3325,3107,0.6,,,,,,,,
3326,3108,2.352,,,,,,,,
3327,3109,9.677,,,,,,,2.0,5.1
3328,3110,2.632,,,,,,,,
3329,3111,0.626,,,,,,,,
3330,3112,0.6,,,,,,,,
3331,3113,0.6,,,,,,,,
3332,3114,1.388,,,,,,,,
3333,3114,0.6,,,,,,,,
3334,3114,0.6,,,,,,,,
3335,3115,4.054,,,,,,,,
3336,3115,0.6,,,,,,,,
3337,3116,3.389,,,,,,,,
3338,3117,7.973,,,,,,,,
3339,3118,1.655,,,,,,,,
3340,3118,0.6,,,,,,,,
3341,3119,0.6,,,,,,,,
3342,3120,1.12,,,,,,,,
3343,3121,1.138,,,,,,,,
3344,3122,0.919,,,,,,,,
3345,3123,1.4,,,,,,,,
3346,3124,4.534,,,,,,,,
3347,3125,0.6,,,,,,,,
3348,3126,2.303,,,,,,,,
3349,3126,0.6,,,,,,,,
3350,3127,3.061,,,,,,,,
3351,3128,6.996,,,,,,,,
3352,3128,1.634,,,,,,,,
3353,3129,0.6,,,,,,,,
3354,3130,0.6,,,,,,,,
3355,3131,1.582,,,,,,,,
3356,3132,0.6,,,,,,,,
3357,3133,1.912,,,,,,,,
3358,3134,1.922,,,,,,,,
3359,3135,0.997,,,,,,,,
3360,3136,2.588,,,,,,,,
3361,3136,1.867,,,,,,,,
3362,3136,1.207,,,,,,,,
3363,3136,0.6,,,,,,,,
3364,3137,2.08,,,,,,,,
3365,3138,0.6,,,,,,,,
3366,3139,0.6,,,,,,,,
3367,3140,1.314,,,,,,,,
3368,3141,0.622,,,,,,,,
3369,3142,0.6,,,,,,,,
3370,3143,0.723,,,,,,,,
3371,3144,0.6,,,,,,,,
3372,3145,0.6,,,,,,,,
3373,3146,1.459,,,,,,,,
3374,3147,3.384,,,,,,,2.0,5.1
3375,3147,0.896,,,,,,,2.0,5.1
3376,3147,0.717,,,,,,,2.0,5.1
3377,3147,0.6,,,,,,,2.0,5.1
3378,3147,0.6,,,,,,,2.0,5.1
3379,3148,3.713,,,,,,,,
3380,3149,2.118,,,,,,,,
3381,3150,0.6,,,,,,,,
3382,3151,0.6,,,,,,,,
3383,3152,0.6,,,,,,,,
3384,3153,1.279,,,,,,,,
3385,3154,3.388,,,,,,,,
3386,3154,0.6,,,,,,,,
3387,3155,0.6,,,,,,,,
3388,3156,0.718,,,,,,,,
3389,3157,0.6,,,,,,,,
3390,3158,0.87,,,,,,,,
3391,3158,0.6,,,,,,,,
3392,3159,0.6,,,,,,,,
3393,3160,3.835,,,,,,,,
3394,3161,0.6,,,,,,,,
3395,3162,2.245,,,,,,,,
3396,3163,0.623,,,,,,,,
3397,3164,0.6,,,,,,,,
3398,3165,0.6,,,,,,,,
3399,3166,0.6,,,,,,,,
3400,3167,1.535,,,,,,,,
3401,3168,2.464,,,,,,,,
3402,3169,0.6,,,,,,,,
3403,3170,0.664,,,,,,,,
3404,3171,0.6,,,,,,,,
3405,3172,0.6,,,,,,,,
3406,3173,1.643,,,,,,,,
3407,3174,0.6,,,,,,,,
3408,3175,9.47,,,,,,,,
3409,3175,0.958,,,,,,,,
3410,3176,0.6,,,,,,,,
3411,3177,0.7,,,,,,,,
3412,3178,2.408,,,,,,,,
3413,3179,0.992,,,,,,,,
3414,3180,1.277,,,,,,,,
3415,3181,0.6,,,,,,,,
3416,3182,1.895,,,,,,,,
3417,3183,0.6,,,,,,,,
3418,3184,0.6,,,,,,,,
3419,3185,,,,,,,,1.0,8.0
3420,3186,7.893,,,,,,,,
3421,3187,3.289,,,,,,,,
3422,3188,0.6,,,,,,,,
3423,3189,0.6,,,,,,,,
3424,3190,1.246,,,,,,,,
3425,3191,0.6,,,,,,,,
3426,3192,8.102,,,,,,,,
3427,3192,3.317,,,,,,,,
3428,3193,2.455,,,,,,,,
3429,3194,8.343,,,,,,,,
3430,3195,1.784,,,,,,,,
3431,3195,0.6,,,,,,,,
3432,3196,0.6,,,,,,,,
3433,3197,1.267,,,,,,,,
3434,3198,1.693,,,,,,,,
3435,3199,3.295,,,,,,,,
3436,3200,5.176,,,,,,,,
3437,3201,1.4,,,,,,,,
3438,3202,0.6,,,,,,,,
3439,3203,4.922,,,,,,,,
3440,3203,2.366,,,,,,,,
3441,3204,0.6,,,,,,,,
3442,3205,1.891,,,,,,,,
3443,3206,2.056,,,,,,,,
3444,3207,0.6,,,,,,,,
3445,3208,2.161,,,,,,,,
3446,3208,0.6,,,,,,,,
3447,3209,0.6,,,,,,,,
3448,3210,2.728,,,,,,,,
3449,3211,1.256,,,,,,,,
3450,3212,2.322,,,,,,,,
3451,3213,1.526,,,,,,,,
3452,3214,1.874,,,,,,,,
3453,3215,1.299,,,,,,,,
3454,3216,0.6,,,,,,,,
3455,3217,0.6,,,,,,,,
3456,3218,5.427,,,,,,,,
3457,3218,3.63,,,,,,,,
3458,3218,0.6,,,,,,,,
3459,3219,1.81,,,,,,,,
3460,3220,1.593,,,,,,,,
3461,3221,2.031,,,,,,,,
3462,3222,0.6,,,,,,,,
3463,3223,2.432,,,,,,,,
3464,3224,2.731,,,,,,,,
3465,3225,0.6,,,,,,,,
3466,3226,0.77,,,,,,,,
3467,3227,0.938,,,,,,,,
3468,3228,0.6,,,,,,,,
3469,3229,2.558,,,,,,,,
3470,3230,9.589,,,,,,,,
3471,3231,24.387,,,,,,,,
3472,3231,10.521,,,,,,,,
3473,3231,0.998,,,,,,,,
3474,3231,0.824,,,,,,,,
3475,3231,0.6,,,,,,,,
3476,3232,1.519,,,,,,,,
3477,3233,1.234,,,,,,,,
3478,3234,1.539,,,,,,,,
3479,3235,1.55,,,,,,,,
3480,3236,5.448,,,,,,,,
3481,3237,0.6,,,,,,,,
3482,3238,2.946,,,,,,,,
3483,3239,1.637,,,,,,,,
3484,3240,0.6,,,,,,,,
3485,3241,0.841,,,,,,,,
3486,3242,0.6,,,,,,,,
3487,3243,1.009,,,,,,,,
3488,3244,0.6,,,,,,,,
3489,3245,0.6,,,,,,,,
3490,3246,0.6,,,,,,,,
3491,3247,0.6,,,,,,,,
3492,3248,0.89,,,,,,,,
3493,3249,2.008,,,,,,,,
3494,3250,0.908,,,,,,,,
3495,3251,1.911,,,,,,,,
3496,3252,1.483,,,,,,,,
3497,3253,0.6,,,,,,,,
3498,3254,1.142,,,,,,,,
3499,3255,0.97,,,,,,,,
3500,3256,1.519,,,,,,,,
3501,3257,1.631,,,,,,,,
3502,3258,0.6,,,,,,,,
3503,3259,5.565,,,,,,,,
3504,3260,8.076,,,,,,,,
3505,3261,6.707,,,,,,,,
3506,3262,1.691,,,,,,,,
3507,3263,2.467,,,,,,,,
3508,3264,1.217,,,,,,,,
3509,3265,0.637,,,,,,,,
3510,3266,0.6,,,,,,,,
3511,3267,1.25,,,,,,,,
3512,3268,52.695,,,,,,,,
3513,3269,2.027,,,,,,,,
3514,3270,2.1,,,,,,,,
3515,3271,0.6,,,,,,,,
3516,3272,1.571,,,,,,,,
3517,3272,0.74,,,,,,,,
3518,3272,0.6,,,,,,,,
3519,3273,1.855,,,,,,,,
3520,3274,0.6,,,,,,,,
3521,3275,0.884,,,,,,,,
3522,3276,0.711,,,,,,,,
3523,3276,0.6,,,,,,,,
3524,3277,0.6,,,,,,,,
3525,3278,0.6,,,,,,,,
3526,3279,3.323,,,,,,,,
3527,3279,1.154,,,,,,,,
3528,3280,0.6,,,,,,,,
3529,3281,0.6,,,,,,,,
3530,3282,2.745,,,,,,,,
3531,3283,0.6,,,,,,,,
3532,3284,0.6,,,,,,,,
3533,3285,1.213,,,,,,,,
3534,3286,2.358,,,,,,,,
3535,3287,0.6,,,,,,,,
3536,3288,1.504,,,,,,,,
3537,3289,2.11,,,,,,,,
3538,3290,0.6,,,,,,,,
3539,3291,2.167,,,,,,,,
3540,3292,7.226,,,,,,,,
3541,3292,0.6,,,,,,,,
3542,3293,5.173,,,,,,,,
3543,3294,0.6,,,,,,,,
3544,3295,,,,,,,,,
3545,3296,0.6,,,,,,,,
3546,3297,2.415,,,,,,,,
3547,3297,2.276,,,,,,,,
3548,3297,0.723,,,,,,,,
3549,3298,1.657,,,,,,,,
3550,3299,0.6,,,,,,,,
3551,3300,1.367,,,,,,,,
3552,3301,2.023,,,,,,,,
3553,3302,0.6,,,,,,,,
3554,3303,0.964,,,,,,,,
3555,3304,0.966,,,,,,,,
3556,3305,0.731,,,,,,,,
3557,3306,0.6,,,,,,,,
3558,3307,0.6,,,,,,,,
3559,3308,0.727,,,,,,,,
3560,3309,0.6,,,,,,,,
3561,3310,1.4,,,,,,,,
3562,3311,1.124,,,,,,,,
3563,3312,0.6,,,,,,,,
3564,3313,0.6,,,,,,,,
3565,3314,2.585,,,,,,,,
3566,3315,1.562,,,,,,,,
3567,3316,1.026,,,,,,,,
3568,3317,2.874,,,,,,,,
3569,3318,1.738,,,,,,,,
3570,3318,1.547,,,,,,,,
3571,3318,1.4,,,,,,,,
3572,3319,2.215,,,,,,,,
3573,3320,0.6,,,,,,,,
3574,3320,0.6,,,,,,,,
3575,3321,2.365,,,,,,,,
3576,3322,2.9,,,,,,,,
3577,3323,0.6,,,,,,,,
3578,3324,0.857,,,,,,,,
3579,3325,6.067,,,,,,,3.0,5.4
3580,3326,0.6,,,,,,,,
3581,3327,1.181,,,,,,,,
3582,3328,4.319,,,,,,,,
3583,3328,1.434,,,,,,,,
3584,3329,0.6,,,,,,,,
3585,3330,0.858,,,,,,,,
3586,3331,0.6,,,,,,,,
3587,3332,7.493,,,,,,,,
3588,3333,11.056,,,,,,,,
3589,3334,2.085,,,,,,,,
3590,3335,2.071,,,,,,,,
3591,3336,0.633,,,,,,,,
3592,3337,6.066,,,,,,,,
3593,3338,0.6,,,,,,,,
3594,3339,1.302,,,,,,,,
3595,3340,0.841,,,,,,,,
3596,3341,0.6,,,,,,,,
3597,3342,5.756,,,,,,,,
3598,3343,0.6,,,,,,,,
3599,3344,2.655,,,,,,,,
3600,3345,1.684,,,,,,,,
3601,3346,0.6,,,,,,,,
3602,3347,0.6,,,,,,,,
3603,3348,0.6,,,,,,,,
3604,3349,1.659,,,,,,,,
3605,3350,0.6,,,,,,,,
3606,3351,0.6,,,,,,,,
3607,3352,0.6,,,,,,,,
3608,3353,2.463,,,,,,,0.0,5.5
3609,3354,1.138,,,,,,,,
3610,3355,1.69,,,,,,,,
3611,3356,0.6,,,,,,,,
3612,3357,0.627,,,,,,,,
3613,3358,0.6,,,,,,,,
3614,3359,1.795,,,,,,,,
3615,3360,0.6,,,,,,,,
3616,3361,1.333,,,,,,,,
3617,3362,3.002,,,,,,,,
3618,3363,26.143,,,,,,,,
3619,3364,0.6,,,,,,,,
3620,3365,0.6,,,,,,,,
3621,3366,0.776,,,,,,,,
3622,3367,13.029,,,,,,,3.0,5.2
3623,3367,12.024,,,,,,,3.0,5.2
3624,3368,12.952,,,,,,,3.0,3.0
3625,3369,12.358,,,,,,,,
3626,3370,9.378,,,,,,,,
3627,3371,2.548,,,,,,,,
3628,3371,0.627,,,,,,,,
3629,3372,4.232,,,,,,,,
3630,3373,1.037,,,,,,,,
3631,3374,0.6,,,,,,,,
3632,3375,2.714,,,,,,,,
3633,3376,0.6,,,,,,,,
3634,3377,0.645,,,,,,,,
3635,3378,0.6,,,,,,,,
3636,3379,0.653,,,,,,,,
3637,3380,1.046,,,,,,,,
3638,3381,1.619,,,,,,,,
3639,3381,0.6,,,,,,,,
3640,3382,8.672,,,,,,,,
3641,3382,1.58,,,,,,,,
3642,3382,0.6,,,,,,,,
3643,3382,0.6,,,,,,,,
3644,3382,0.6,,,,,,,,
3645,3383,2.081,,,,,,,,
3646,3384,1.4,,,,,,,,
3647,3385,0.652,,,,,,,,
3648,3386,0.994,,,,,,,,
3649,3386,0.6,,,,,,,,
3650,3387,4.219,,,,,,,,
3651,3388,3.354,,,,,,,,
3652,3389,4.119,,,,,,,,
3653,3390,1.23,,,,,,,,
3654,3391,1.246,,,,,,,,
3655,3392,0.6,,,,,,,,
3656,3393,0.6,,,,,,,,
3657,3394,0.6,,,,,,,,
3658,3395,2.512,,,,,,,,
3659,3396,0.6,,,,,,,,
3660,3397,1.098,,,,,,,,
3661,3397,0.6,,,,,,,,
3662,3398,0.6,,,,,,,,
3663,3399,0.6,,,,,,,,
3664,3400,1.012,,,,,,,,
3665,3401,0.6,,,,,,,,
3666,3402,0.6,,,,,,,,
3667,3403,4.213,,,,,,,,
3668,3404,0.6,,,,,,,,
3669,3405,1.713,,,,,,,,
3670,3406,0.992,,,,,,,,
3671,3407,0.61,,,,,,,,
3672,3408,1.447,,,,,,,,
3673,3409,4.385,,,,,,,,
3674,3409,0.991,,,,,,,,
3675,3409,0.717,,,,,,,,
3676,3409,0.6,,,,,,,,
3677,3410,1.618,,,,,,,,
3678,3411,5.534,,,,,,,2.0,5.7
3679,3412,9.254,,,,,,,,
3680,3413,3.212,,,,,,,,
3681,3414,0.6,,,,,,,,
3682,3415,0.681,,,,,,,,
3683,3416,0.629,,,,,,,,
3684,3417,42.073,,,,,,,,
3685,3418,2.915,,,,,,,,
3686,3419,0.6,,,,,,,,
3687,3420,0.6,,,,,,,,
3688,3421,0.6,,,,,,,,
3689,3422,0.6,,,,,,,,
3690,3423,0.855,,,,,,,,
3691,3424,4.67,,,,,,,,
3692,3425,2.214,,,,,,,,
3693,3426,1.544,,,,,,,,
3694,3427,1.4,,,,,,,,
3695,3428,0.841,,,,,,,,
3696,3429,6.773,,,,,,,,
3697,3429,0.6,,,,,,,,
3698,3430,0.95,,,,,,,,
3699,3431,0.6,,,,,,,,
3700,3432,3.593,,,,,,,,
3701,3433,0.6,,,,,,,,
3702,3434,0.6,,,,,,,,
3703,3435,1.649,,,,,,,,
3704,3436,1.432,,,,,,,,
3705,3437,1.776,,,,,,,,
3706,3438,0.681,,,,,,,,
3707,3438,0.6,,,,,,,,
3708,3439,0.6,,,,,,,,
3709,3440,1.483,,,,,,,,
3710,3441,0.6,,,,,,,,
3711,3442,0.6,,,,,,,,
3712,3443,0.6,,,,,,,,
3713,3444,0.6,,,,,,,,
3714,3445,0.964,,,,,,,,
3715,3446,0.6,,,,,,,,
3716,3447,0.6,,,,,,,,
3717,3448,1.4,,,,,,,,
3718,3449,0.6,,,,,,,,
3719,3450,0.6,,,,,,,,
3720,3451,0.6,,,,,,,,
3721,3452,12.06,,,,,,,,
3722,3453,2.146,,,,,,,,
3723,3454,0.6,,,,,,,,
3724,3455,1.073,,,,,,,,
3725,3456,0.6,,,,,,,,
3726,3457,2.934,,,,,,,,
3727,3458,0.6,,,,,,,,
3728,3459,3.159,,,,,,,,
3729,3459,2.361,,,,,,,,
3730,3459,0.868,,,,,,,,
3731,3459,0.6,,,,,,,,
3732,3459,0.6,,,,,,,,
3733,3459,0.6,,,,,,,,
3734,3460,0.6,,,,,,,,
3735,3461,5.396,,,,,,,,
3736,3462,2.321,,,,,,,,
3737,3463,3.171,,,,,,,,
3738,3464,0.786,,,,,,,,
3739,3465,4.684,,,,,,,,
3740,3466,0.6,,,,,,,,
3741,3467,1.4,,,,,,,,
3742,3468,3.512,,,,,,,,
3743,3469,1.015,,,,,,,,
3744,3470,5.985,,,,,,,,
3745,3471,1.133,,,,,,,,
3746,3472,0.899,,,,,,,,
3747,3473,0.6,,,,,,,,
3748,3474,6.109,,,,,,,,
3749,3475,0.6,,,,,,,,
3750,3476,1.392,,,,,,,,
3751,3477,0.6,,,,,,,,
3752,3478,1.589,,,,,,,,
3753,3479,0.6,,,,,,,,
3754,3480,0.905,,,,,,,,
3755,3481,1.32,,,,,,,,
3756,3482,1.264,,,,,,,,
3757,3483,0.6,,,,,,,,
3758,3484,0.6,,,,,,,,
3759,3485,0.6,,,,,,,,
3760,3486,1.94,,,,,,,,
3761,3487,0.658,,,,,,,,
3762,3488,0.659,,,,,,,,
3763,3489,0.6,,,,,,,,
3764,3489,0.6,,,,,,,,
3765,3490,1.176,,,,,,,,
3766,3491,0.6,,,,,,,,
3767,3492,0.6,,,,,,,,
3768,3493,0.6,,,,,,,,
3769,3494,0.6,,,,,,,,
3770,3495,0.692,,,,,,,,
3771,3496,,1.0,0.0,1941,,Rotten,33.0,,6.9
3772,3497,0.6,,,,,,,,
3773,3498,,,,,,,,1.0,7.5
3774,3499,0.6,,,,,,,,
3775,3500,0.6,,,,,,,,
3776,3501,1.472,,,,,,,,
3777,3502,,,,,,,,,
3778,3503,3.481,,,,,,,,
3779,3504,0.6,,,,,,,,
3780,3505,0.628,,,,,,,,
3781,3506,0.65,,,,,,,,
3782,3506,0.6,,,,,,,,
3783,3507,1.345,,,,,,,,
3784,3508,4.102,,,,,,,,
3785,3508,2.471,,,,,,,,
3786,3508,0.991,,,,,,,,
3787,3509,1.4,,,,,,,,
3788,3510,1.087,,,,,,,,
3789,3511,22.205,,,,,,,,
3790,3512,3.752,,,,,,,,
3791,3513,0.6,,,,,,,,
3792,3514,1.373,,,,,,,,
3793,3515,0.61,,,,,,,,
3794,3516,0.6,,,,,,,,
3795,3517,0.892,,,,,,,,
3796,3518,2.684,,,,,,,,
3797,3519,0.6,,,,,,,,
3798,3520,0.6,,,,,,,,
3799,3521,0.6,,,,,,,,
3800,3522,0.6,,,,,,,,
3801,3523,2.618,,,,,,,,
3802,3524,,,,,,,,1.0,7.7
3803,3525,2.29,,,,,,,,
3804,3526,5.506,,,,,,,,
3805,3526,0.6,,,,,,,,
3806,3527,0.6,,,,,,,,
3807,3528,1.783,,,,,,,,
3808,3529,0.6,,,,,,,,
3809,3530,0.6,,,,,,,,
3810,3531,0.6,,,,,,,,
3811,3532,0.6,,,,,,,,
3812,3533,0.6,,,,,,,,
3813,3534,0.6,,,,,,,,
3814,3535,0.844,,,,,,,,
3815,3536,0.6,,,,,,,,
3816,3537,2.315,,,,,,,,
3817,3538,0.6,,,,,,,,
3818,3539,1.078,,,,,,,,
3819,3540,13.496,,,,,,,,
3820,3541,6.157,,,,,,,,
3821,3542,10.7,,,,,,,,
3822,3543,2.644,,,,,,,,
3823,3544,1.446,,,,,,,,
3824,3545,0.6,,,,,,,,
3825,3546,0.685,,,,,,,,
3826,3547,0.6,,,,,,,,
3827,3548,1.651,,,,,,,,
3828,3549,0.6,,,,,,,,
3829,3550,1.099,,,,,,,,
3830,3551,47.932,,,,,,,3.0,6.2
3831,3552,1.055,,,,,,,,
3832,3553,5.732,,,,,,,,
3833,3554,8.418,,,,,,,1.0,6.2
3834,3555,10.522,,,,,,,,
3835,3556,4.603,,,,,,,,
3836,3556,0.6,,,,,,,,
3837,3557,0.6,,,,,,,,
3838,3558,0.6,,,,,,,,
3839,3559,0.603,,,,,,,,
3840,3560,9.825,,,,,,,,
3841,3561,7.934,,,,,,,,
3842,3561,1.477,,,,,,,,
3843,3561,0.6,,,,,,,,
3844,3562,1.321,,,,,,,,
3845,3563,9.639,,,,,,,3.0,6.0
3846,3564,0.6,,,,,,,,
3847,3565,0.6,,,,,,,,
3848,3566,1.765,,,,,,,,
3849,3567,1.53,,,,,,,,
3850,3568,2.961,,,,,,,,
3851,3569,2.259,,,,,,,,
3852,3570,,1.0,0.0,2018,"Bohemian Rhapsody hits a handful of high notes, but as an in-depth look at a beloved band, it offers more of a medley than a true greatest hits collection.",Fresh,60.0,2.0,7.9
3853,3571,0.6,,,,,,,,
3854,3572,0.6,,,,,,,3.0,7.5
3855,3573,0.6,,,,,,,,
3856,3574,,,,,,,,,
3857,3575,2.265,,,,,,,,
3858,3576,0.682,,,,,,,,
3859,3577,,,,,,,,,
3860,3578,2.238,,,,,,,,
3861,3579,0.6,,,,,,,,
3862,3580,0.6,,,,,,,,
3863,3581,0.6,,,,,,,,
3864,3582,0.6,,,,,,,,
3865,3583,2.856,,,,,,,,
3866,3584,2.287,,,,,,,,
3867,3585,4.094,,,,,,,,
3868,3586,0.6,,,,,,,,
3869,3587,1.987,,,,,,,,
3870,3588,19.534,,,,,,,,
3871,3589,0.6,,,,,,,,
3872,3590,0.6,,,,,,,,
3873,3591,2.328,,,,,,,,
3874,3592,1.008,,,,,,,,
3875,3593,0.6,,,,,,,,
3876,3594,8.809,,,,,,,,
3877,3595,16.589,,,,,,,3.0,6.8
3878,3596,0.6,,,,,,,,
3879,3597,0.625,,,,,,,,
3880,3598,1.835,,,,,,,,
3881,3599,0.6,,,,,,,,
3882,3600,1.125,,,,,,,,
3883,3601,0.6,,,,,,,,
3884,3602,2.699,,,,,,,,
3885,3603,,1.0,0.0,1967,"A paradigm-shifting classic of American cinema, Bonnie and Clyde packs a punch whose power continues to reverberate through thrillers decades later.",Certified-Fresh,88.0,3.0,7.8
3886,3604,7.119,,,,,,,,
3887,3604,0.6,,,,,,,,
3888,3604,0.6,,,,,,,,
3889,3605,19.835,,,,,,,,
3890,3606,0.626,,,,,,,,
3891,3607,9.088,,,,,,,,
3892,3607,0.6,,,,,,,,
3893,3607,0.6,,,,,,,,
3894,3608,14.994,,,,,,,,
3895,3609,0.6,,,,,,,,
3896,3610,0.742,,,,,,,,
3897,3611,10.898,,,,,,,2.0,4.2
3898,3611,3.395,,,,,,,2.0,4.2
3899,3612,12.334,,,,,,,3.0,5.0
3900,3613,12.502,,,,,,,,
3901,3614,0.6,,,,,,,,
3902,3615,3.118,,,,,,,,
3903,3616,0.697,,,,,,,,
3904,3617,0.6,,,,,,,,
3905,3618,,,,,,,,3.0,7.9
3906,3619,0.87,,,,,,,,
3907,3620,0.6,,,,,,,,
3908,3621,8.963,,,,,,,,
3909,3622,1.531,,,,,,,,
3910,3623,1.186,,,,,,,,
3911,3624,3.937,,,,,,,,
3912,3625,23.306,,,,,,,,
3913,3626,0.6,,,,,,,,
3914,3627,0.6,,,,,,,,
3915,3628,28.575,,,,,,,,
3916,3629,0.6,,,,,,,,
3917,3630,0.6,,,,,,,3.0,5.6
3918,3631,1.524,,,,,,,,
3919,3632,0.6,,,,,,,,
3920,3633,1.783,,,,,,,,
3921,3634,2.176,,,,,,,,
3922,3635,37.441,,,,,,,,
3923,3636,0.6,,,,,,,,
3924,3637,8.875,,,,,,,,
3925,3638,1.085,,,,,,,,
3926,3639,0.616,,,,,,,,
3927,3640,0.6,,,,,,,,
3928,3641,2.904,,,,,,,,
3929,3642,4.581,,,,,,,,
3930,3643,0.844,,,,,,,,
3931,3644,0.6,,,,,,,,
3932,3645,2.14,,,,,,,,
3933,3646,0.6,,,,,,,,
3934,3647,,1.0,0.0,1950,"Marrying screwball romance with political satire, Born Yesterday is a substantive romp with a ferociously smart performance by Judy Holliday as an uncouth bombshell.",Fresh,97.0,3.0,7.6
3935,3648,0.6,,,,,,,,
3936,3649,1.295,,,,,,,,
3937,3650,2.235,,,,,,,,
3938,3651,0.6,,,,,,,,
3939,3652,,1.0,0.0,1989,"Led by an unforgettable performance from Tom Cruise, Born on the Fourth of July finds director Oliver Stone tackling thought-provoking subject matter with ambitious élan.",Certified-Fresh,85.0,3.0,7.2
3940,3653,6.926,,,,,,,,
3941,3654,0.6,,,,,,,,
3942,3655,1.702,,,,,,,,
3943,3656,7.306,,,,,,,,
3944,3657,0.6,,,,,,,,
3945,3658,1.646,,,,,,,,
3946,3659,0.872,,,,,,,,
3947,3660,0.6,,,,,,,,
3948,3661,0.835,,,,,,,,
3949,3662,2.77,,,,,,,,
3950,3663,0.6,,,,,,,,
3951,3664,0.6,,,,,,,,
3952,3665,1.573,,,,,,,,
3953,3666,0.661,,,,,,,,
3954,3667,,,,,,,,,
3955,3668,6.728,,,,,,,,
3956,3669,0.677,,,,,,,,
3957,3670,0.6,,,,,,,,
3958,3671,0.6,,,,,,,,
3959,3672,0.6,,,,,,,,
3960,3673,0.6,,,,,,,,
3961,3674,0.809,,,,,,,,
3962,3674,0.6,,,,,,,,
3963,3674,0.6,,,,,,,,
3964,3675,0.6,,,,,,,,
3965,3675,0.6,,,,,,,,
3966,3676,0.735,,,,,,,,
3967,3677,1.932,,,,,,,,
3968,3678,0.6,,,,,,,,
3969,3679,3.477,,,,,,,2.0,4.9
3970,3680,0.6,,,,,,,,
3971,3681,0.941,,,,,,,,
3972,3682,1.023,,,,,,,3.0,7.1
3973,3683,,1.0,0.0,2014,"Epic in technical scale but breathlessly intimate in narrative scope, Boyhood is a sprawling investigation of the human condition.",Certified-Fresh,97.0,3.0,7.9
3974,3684,0.677,,,,,,,,
3975,3684,0.6,,,,,,,,
3976,3685,3.342,,,,,,,,
3977,3686,2.096,,,,,,,,
3978,3687,,1.0,0.0,1938,,Fresh,90.0,0.0,7.3
3979,3688,0.6,,,,,,,,
3980,3689,3.77,,,,,,,,
3981,3690,12.246,,,,,,,,
3982,3691,0.6,,,,,,,,
3983,3692,,,,,,,,2.0,7.8
3984,3693,0.6,,,,,,,,
3985,3694,2.544,,,,,,,,
3986,3695,0.6,,,,,,,,
3987,3695,0.6,,,,,,,,
3988,3696,0.6,,,,,,,,
3989,3697,28.004,,,,,,,,
3990,3698,8.991,,,,,,,,
3991,3699,7.074,,,,,,,,
3992,3700,8.996,,,,,,,,
3993,3700,3.473,,,,,,,,
3994,3700,0.66,,,,,,,,
3995,3701,0.6,,,,,,,,
3996,3702,10.717,,,,,,,,
3997,3703,5.531,,,,,,,,
3998,3704,1.533,,,,,,,,
3999,3705,0.6,,,,,,,,
4000,3706,1.738,,,,,,,,
4001,3707,1.464,,,,,,,,
4002,3708,16.344,,,,,,,,
4003,3709,1.004,,,,,,,,
4004,3710,0.936,,,,,,,,
4005,3711,11.528,,,,,,,1.0,6.0
4006,3712,45.348,,,,,,,,
4007,3713,2.236,,,,,,,,
4008,3714,10.312,,,,,,,,
4009,3715,0.6,,,,,,,,
4010,3716,0.6,,,,,,,,
4011,3717,2.491,,,,,,,,
4012,3718,0.6,,,,,,,,
4013,3719,0.6,,,,,,,,
4014,3720,,0.0,1.0,1995,"Distractingly violent and historically dodgy, Mel Gibson's Braveheart justifies its epic length by delivering enough sweeping action, drama, and romance to match its ambition.",Certified-Fresh,78.0,2.0,8.3
4015,3721,2.346,,,,,,,,
4016,3722,,,,,,,,3.0,7.9
4017,3723,0.627,,,,,,,1.0,7.0
4018,3723,0.627,,,,,,,1.0,2.9
4019,3723,0.6,,,,,,,1.0,7.0
4020,3723,0.6,,,,,,,1.0,2.9
4021,3724,0.6,,,,,,,,
4022,3725,1.4,,,,,,,,
4023,3726,3.4,,,,,,,,
4024,3727,0.6,,,,,,,,
4025,3728,2.002,,,,,,,,
4026,3729,0.6,,,,,,,,
4027,3730,1.095,,,,,,,,
4028,3731,1.1,,,,,,,,
4029,3732,4.171,,,,,,,,
4030,3733,0.6,,,,,,,,
4031,3734,0.6,,,,,,,,
4032,3735,,,,,,,,,
4033,3736,,1.0,0.0,1979,"At once a touching, funny coming-of-age story and a compelling sports film, Breaking Away is a delightful treat.",Fresh,95.0,,7.7
4034,3737,3.048,,,,,,,,
4035,3738,0.742,,,,,,,,
4036,3739,0.6,,,,,,,,
4037,3740,0.6,,,,,,,,
4038,3741,0.831,,,,,,,,
4039,3742,9.677,,,,,,,,
4040,3743,6.768,,,,,,,,
4041,3744,,,,,,,,,
4042,3745,0.6,,,,,,,,
4043,3746,0.6,,,,,,,,
4044,3747,0.6,,,,,,,,
4045,3748,5.84,,,,,,,,
4046,3749,5.378,,,,,,,,
4047,3749,0.675,,,,,,,,
4048,3750,5.452,,,,,,,,
4049,3751,2.095,,,,,,,,
4050,3752,0.6,,,,,,,,
4051,3753,0.6,,,,,,,,
4052,3754,0.6,,,,,,,,
4053,3755,0.6,,,,,,,,
4054,3756,0.6,,,,,,,,
4055,3757,0.6,,,,,,,,
4056,3758,0.6,,,,,,,,
4057,3759,3.151,,,,,,,,
4058,3760,139.831,,,,,,,1.0,5.6
4059,3761,,,,,,,,,
4060,3762,0.6,,,,,,,,
4061,3763,0.818,,,,,,,,
4062,3764,9.352,,,,,,,,
4063,3765,2.895,,,,,,,,
4064,3766,2.231,,,,,,,,
4065,3767,1.087,,,,,,,,
4066,3768,4.329,,,,,,,3.0,4.1
4067,3769,1.897,,,,,,,,
4068,3770,1.96,,,,,,,,
4069,3771,1.38,,,,,,,,
4070,3772,1.024,,,,,,,,
4071,3773,,1.0,0.0,2015,"Bridge of Spies finds new life in Hollywood's classic Cold War espionage thriller formula, thanks to reliably outstanding work from Steven Spielberg and Tom Hanks.",Certified-Fresh,90.0,1.0,7.6
4072,3774,0.811,,,,,,,,
4073,3775,1.168,,,,,,,,
4074,3776,0.6,,,,,,,,
4075,3777,,,,,,,,3.0,8.0
4076,3777,,,,,,,,3.0,5.4
4077,3778,0.6,,,,,,,,
4078,3779,1.506,,,,,,,,
4079,3780,0.6,,,,,,,,
4080,3781,41.383,,,,,,,2.0,6.1
4081,3782,2.906,,,,,,,,
4082,3783,0.785,,,,,,,,
4083,3784,0.909,,,,,,,,
4084,3785,0.855,,,,,,,,
4085,3786,0.6,,,,,,,,
4086,3787,253.614,,,,,,,,
4087,3788,0.6,,,,,,,,
4088,3789,0.6,,,,,,,,
4089,3790,1.153,,,,,,,,
4090,3791,,,,,,,,3.0,7.8
4091,3792,4.6,,,,,,,,
4092,3793,0.6,,,,,,,,
4093,3794,0.6,,,,,,,,
4094,3795,0.6,,,,,,,,
4095,3796,0.6,,,,,,,,
4096,3797,,1.0,0.0,1987,"Blockbuster dramatist James L. Brooks delivers with Broadcast News, fully entertaining with deft, deep characterization.",Certified-Fresh,98.0,3.0,7.2
4097,3798,5.438,,,,,,,,
4098,3799,1.661,,,,,,,,
4099,3800,3.308,,,,,,,,
4100,3801,0.6,,,,,,,,
4101,3802,,1.0,0.0,2005,"A beautiful, epic Western, Brokeback Mountain's love story is imbued with heartbreaking universality thanks to moving performances by Heath Ledger and Jake Gyllenhaal.",Certified-Fresh,87.0,2.0,7.7
4102,3803,3.051,,,,,,,,
4103,3803,1.511,,,,,,,,
4104,3804,0.863,,,,,,,,
4105,3805,0.6,,,,,,,,
4106,3806,0.878,,,,,,,,
4107,3807,0.6,,,,,,,,
4108,3808,0.6,,,,,,,,
4109,3809,1.188,,,,,,,,
4110,3810,0.6,,,,,,,,
4111,3811,0.6,,,,,,,,
4112,3812,,,,,,,,,
4113,3813,0.6,,,,,,,,
4114,3814,,1.0,0.0,2015,Brooklyn buttresses outstanding performances from Saoirse Ronan and Emory Cohen with a rich period drama that tugs at the heartstrings as deftly as it satisfies the mind.,Certified-Fresh,97.0,3.0,7.5
4115,3815,0.6,,,,,,,,
4116,3816,3.817,,,,,,,,
4117,3817,3.22,,,,,,,,
4118,3818,15.357,,,,,,,2.0,7.0
4119,3819,2.23,,,,,,,,
4120,3820,0.6,,,,,,,,
4121,3821,9.317,,,,,,,,
4122,3822,1.373,,,,,,,,
4123,3823,0.6,,,,,,,,
4124,3824,0.6,,,,,,,,
4125,3825,2.312,,,,,,,,
4126,3825,1.4,,,,,,,,
4127,3825,1.237,,,,,,,,
4128,3826,0.6,,,,,,,,
4129,3827,0.6,,,,,,,,
4130,3828,1.875,,,,,,,,
4131,3829,1.4,,,,,,,,
4132,3830,1.454,,,,,,,,
4133,3831,0.667,,,,,,,,
4134,3832,0.6,,,,,,,,
4135,3833,0.6,,,,,,,,
4136,3834,0.6,,,,,,,,
4137,3835,1.368,,,,,,,,
4138,3836,1.871,,,,,,,,
4139,3837,7.527,,,,,,,,
4140,3838,2.243,,,,,,,,
4141,3839,0.6,,,,,,,,
4142,3840,0.6,,,,,,,,
4143,3841,3.267,,,,,,,,
4144,3842,0.6,,,,,,,,
4145,3843,0.6,,,,,,,,
4146,3844,0.6,,,,,,,,
4147,3845,0.6,,,,,,,,
4148,3846,17.115,,,,,,,3.0,5.7
4149,3847,13.742,,,,,,,3.0,6.1
4150,3847,5.72,,,,,,,3.0,6.1
4151,3848,0.6,,,,,,,,
4152,3849,1.856,,,,,,,,
4153,3850,0.6,,,,,,,,
4154,3851,0.805,,,,,,,,
4155,3852,3.36,,,,,,,,
4156,3853,1.611,,,,,,,,
4157,3854,5.308,,,,,,,,
4158,3854,1.388,,,,,,,,
4159,3854,0.721,,,,,,,,
4160,3855,0.6,,,,,,,,
4161,3856,,1.0,0.0,1991,"Stylishly scattered, Bugsy offers cinematic homage to the infamous underworld legend, chiefly through a magnetic performance from Warren Beatty in the title role.",Certified-Fresh,85.0,,6.8
4162,3857,1.438,,,,,,,,
4163,3858,0.6,,,,,,,,
4164,3859,27.544,,,,,,,,
4165,3860,161.874,,,,,,,,
4166,3861,1.091,,,,,,,,
4167,3862,4.266,,,,,,,,
4168,3863,2.312,,,,,,,,
4169,3864,0.6,,,,,,,,
4170,3865,0.683,,,,,,,,
4171,3866,0.6,,,,,,,,
4172,3867,0.6,,,,,,,,
4173,3868,1.092,,,,,,,,
4174,3869,12.057,,,,,,,,
4175,3870,5.622,,,,,,,,
4176,3871,0.6,,,,,,,,
4177,3872,0.6,,,,,,,,
4178,3873,0.971,,,,,,,,
4179,3874,1.73,,,,,,,,
4180,3875,1.109,,,,,,,,
4181,3876,15.89,,,,,,,,
4182,3877,0.6,,,,,,,,
4183,3878,1.768,,,,,,,,
4184,3879,6.043,,,,,,,,
4185,3879,0.6,,,,,,,,
4186,3880,5.059,,,,,,,,
4187,3881,5.27,,,,,,,,
4188,3882,0.6,,,,,,,,
4189,3883,0.633,,,,,,,,
4190,3884,0.843,,,,,,,,
4191,3885,1.611,,,,,,,,
4192,3886,0.84,,,,,,,,
4193,3887,0.81,,,,,,,,
4194,3888,0.616,,,,,,,,
4195,3889,5.604,,,,,,,,
4196,3890,0.6,,,,,,,,
4197,3891,0.6,,,,,,,,
4198,3892,1.574,,,,,,,,
4199,3893,0.6,,,,,,,,
4200,3894,7.655,,,,,,,,
4201,3895,8.294,,,,,,,,
4202,3896,2.189,,,,,,,,
4203,3897,0.6,,,,,,,,
4204,3898,1.095,,,,,,,,
4205,3899,9.989,,,,,,,,
4206,3899,7.688,,,,,,,,
4207,3899,1.192,,,,,,,,
4208,3900,2.689,,,,,,,,
4209,3901,0.6,,,,,,,,
4210,3902,1.196,,,,,,,,
4211,3903,8.034,,,,,,,,
4212,3903,1.937,,,,,,,,
4213,3904,0.6,,,,,,,,
4214,3905,2.571,,,,,,,,
4215,3906,0.6,,,,,,,,
4216,3907,0.6,,,,,,,,
4217,3908,0.6,,,,,,,,
4218,3909,0.6,,,,,,,,
4219,3910,0.6,,,,,,,,
4220,3911,1.988,,,,,,,,
4221,3912,12.09,,,,,,,,
4222,3913,2.744,,,,,,,,
4223,3914,0.6,,,,,,,,
4224,3915,4.121,,,,,,,,
4225,3916,8.346,,,,,,,,
4226,3917,0.852,,,,,,,,
4227,3918,0.6,,,,,,,,
4228,3919,0.6,,,,,,,,
4229,3920,0.6,,,,,,,,
4230,3921,13.193,,,,,,,,
4231,3922,0.6,,,,,,,3.0,6.3
4232,3923,0.6,,,,,,,,
4233,3924,0.6,,,,,,,,
4234,3925,0.6,,,,,,,,
4235,3926,0.6,,,,,,,,
4236,3927,3.254,,,,,,,,
4237,3928,0.6,,,,,,,,
4238,3929,0.6,,,,,,,,
4239,3930,,1.0,0.0,1969,"With its iconic pairing of Paul Newman and Robert Redford, jaunty screenplay and Burt Bacharach score, Butch Cassidy and the Sundance Kid has gone down as among the defining moments in late-'60s American cinema.",Certified-Fresh,90.0,1.0,8.0
4240,3931,0.6,,,,,,,,
4241,3932,3.739,,,,,,,,
4242,3933,0.6,,,,,,,,
4243,3934,2.972,,,,,,,,
4244,3935,0.84,,,,,,,,
4245,3936,5.824,,,,,,,,
4246,3937,0.774,,,,,,,,
4247,3938,64.786,,,,,,,,
4248,3939,2.627,,,,,,,,
4249,3940,0.6,,,,,,,,
4250,3941,0.874,,,,,,,,
4251,3942,3.025,,,,,,,,
4252,3943,1.873,,,,,,,,
4253,3943,0.617,,,,,,,,
4254,3944,0.6,,,,,,,,
4255,3945,4.252,,,,,,,,
4256,3946,0.6,,,,,,,,
4257,3947,0.884,,,,,,,,
4258,3948,0.6,,,,,,,,
4259,3949,0.6,,,,,,,,
4260,3950,0.895,,,,,,,,
4261,3951,1.043,,,,,,,,
4262,3952,0.6,,,,,,,,
4263,3953,0.6,,,,,,,,
4264,3954,1.092,,,,,,,,
4265,3955,4.743,,,,,,,,
4266,3956,0.826,,,,,,,,
4267,3957,0.612,,,,,,,,
4268,3958,2.231,,,,,,,,
4269,3959,0.998,,,,,,,,
4270,3960,1.132,,,,,,,,
4271,3961,0.6,,,,,,,,
4272,3962,0.6,,,,,,,,
4273,3963,2.631,,,,,,,,
4274,3964,,,,,,,,,
4275,3965,1.569,,,,,,,,
4276,3966,0.6,,,,,,,,
4277,3967,1.286,,,,,,,,
4278,3968,9.442,,,,,,,2.0,5.6
4279,3969,4.576,,,,,,,,
4280,3970,0.6,,,,,,,,
4281,3971,0.6,,,,,,,,
4282,3972,0.711,,,,,,,,
4283,3973,2.465,,,,,,,,
4284,3974,,,,,,,,3.0,7.8
4285,3975,0.6,,,,,,,,
4286,3976,0.6,,,,,,,,
4287,3977,0.828,,,,,,,,
4288,3978,0.6,,,,,,,,
4289,3979,0.6,,,,,,,,
4290,3980,1.096,,,,,,,,
4291,3980,0.676,,,,,,,,
4292,3981,0.6,,,,,,,,
4293,3982,0.789,,,,,,,,
4294,3983,1.594,,,,,,,,
4295,3984,0.6,,,,,,,,
4296,3985,1.31,,,,,,,,
4297,3986,0.6,,,,,,,,
4298,3987,0.6,,,,,,,,
4299,3988,0.6,,,,,,,,
4300,3989,4.136,,,,,,,,
4301,3990,0.6,,,,,,,,
4302,3991,0.6,,,,,,,,
4303,3992,0.6,,,,,,,,
4304,3993,8.93,,,,,,,,
4305,3994,0.6,,,,,,,,
4306,3995,0.645,,,,,,,,
4307,3996,0.6,,,,,,,,
4308,3997,0.6,,,,,,,,
4309,3998,0.6,,,,,,,,
4310,3999,3.584,,,,,,,,
4311,4000,0.719,,,,,,,,
4312,4001,0.6,,,,,,,,
4313,4002,1.328,,,,,,,,
4314,4002,0.6,,,,,,,,
4315,4003,,1.0,0.0,1972,"Great performances and evocative musical numbers help Cabaret secure its status as a stylish, socially conscious classic.",Certified-Fresh,93.0,3.0,7.8
4316,4004,0.6,,,,,,,,
4317,4005,0.6,,,,,,,,
4318,4006,4.988,,,,,,,,
4319,4007,20.364,,,,,,,3.0,5.6
4320,4007,13.064,,,,,,,3.0,5.6
4321,4008,15.97,,,,,,,,
4322,4009,13.089,,,,,,,,
4323,4010,0.6,,,,,,,,
4324,4011,3.121,,,,,,,,
4325,4012,0.902,,,,,,,,
4326,4013,1.36,,,,,,,,
4327,4014,37.362,,,,,,,3.0,5.2
4328,4014,1.08,,,,,,,3.0,5.2
4329,4015,1.38,,,,,,,,
4330,4016,1.036,,,,,,,,
4331,4017,0.6,,,,,,,,
4332,4018,0.6,,,,,,,,
4333,4019,1.167,,,,,,,,
4334,4020,0.6,,,,,,,,
4335,4021,1.864,,,,,,,,
4336,4022,2.75,,,,,,,,
4337,4023,2.236,,,,,,,,
4338,4024,17.114,,,,,,,,
4339,4025,60.884,,,,,,,3.0,7.6
4340,4025,4.391,,,,,,,3.0,7.6
4341,4025,0.6,,,,,,,3.0,7.6
4342,4026,0.6,,,,,,,,
4343,4027,0.6,,,,,,,,
4344,4028,1.417,,,,,,,,
4345,4029,0.6,,,,,,,,
4346,4030,0.6,,,,,,,,
4347,4031,0.6,,,,,,,,
4348,4032,0.6,,,,,,,,
4349,4033,1.254,,,,,,,,
4350,4034,1.975,,,,,,,,
4351,4035,0.6,,,,,,,,
4352,4036,0.61,,,,,,,,
4353,4037,12.652,,,,,,,,
4354,4038,0.682,,,,,,,,
4355,4039,1.618,,,,,,,,
4356,4040,0.998,,,,,,,3.0,6.5
4357,4041,3.339,,,,,,,,
4358,4042,1.26,,,,,,,,
4359,4043,,,,,,,,3.0,7.8
4360,4044,0.977,,,,,,,,
4361,4045,0.906,,,,,,,,
4362,4046,0.6,,,,,,,,
4363,4047,0.613,,,,,,,,
4364,4048,1.543,,,,,,,,
4365,4049,0.6,,,,,,,,
4366,4050,0.6,,,,,,,,
4367,4051,0.688,,,,,,,,
4368,4052,0.804,,,,,,,,
4369,4053,3.881,,,,,,,,
4370,4054,0.771,,,,,,,,
4371,4055,0.6,,,,,,,,
4372,4056,9.718,,,,,,,3.0,5.9
4373,4057,0.6,,,,,,,,
4374,4058,1.965,,,,,,,,
4375,4059,4.044,,,,,,,,
4376,4059,0.622,,,,,,,,
4377,4060,0.6,,,,,,,,
4378,4061,8.973,,,,,,,,
4379,4062,0.706,,,,,,,,
4380,4063,7.281,,,,,,,,
4381,4064,0.6,,,,,,,,
4382,4065,1.231,,,,,,,,
4383,4066,1.636,,,,,,,,
4384,4067,0.6,,,,,,,,
4385,4068,3.271,,,,,,,,
4386,4069,1.321,,,,,,,,
4387,4070,1.901,,,,,,,,
4388,4071,1.627,,,,,,,,
4389,4072,1.92,,,,,,,,
4390,4073,1.4,,,,,,,,
4391,4074,2.039,,,,,,,,
4392,4075,1.718,,,,,,,,
4393,4076,0.6,,,,,,,,
4394,4077,0.6,,,,,,,,
4395,4078,0.6,,,,,,,,
4396,4079,2.615,,,,,,,,
4397,4080,0.6,,,,,,,,
4398,4081,1.805,,,,,,,,
4399,4082,1.555,,,,,,,,
4400,4083,3.093,,,,,,,,
4401,4084,1.173,,,,,,,,
4402,4085,4.694,,,,,,,,
4403,4086,0.6,,,,,,,,
4404,4087,1.926,,,,,,,,
4405,4088,1.898,,,,,,,,
4406,4089,1.605,,,,,,,,
4407,4090,0.61,,,,,,,,
4408,4091,0.6,,,,,,,,
4409,4092,0.975,,,,,,,,
4410,4093,0.6,,,,,,,,
4411,4094,2.806,,,,,,,,
4412,4095,0.6,,,,,,,,
4413,4096,1.979,,,,,,,,
4414,4097,1.556,,,,,,,,
4415,4098,6.863,,,,,,,,
4416,4098,0.986,,,,,,,,
4417,4099,0.6,,,,,,,,
4418,4100,0.8,,,,,,,,
4419,4101,0.6,,,,,,,,
4420,4102,0.6,,,,,,,,
4421,4103,1.471,,,,,,,,
4422,4104,0.6,,,,,,,,
4423,4105,0.6,,,,,,,,
4424,4106,0.614,,,,,,,,
4425,4107,0.6,,,,,,,,
4426,4108,2.828,,,,,,,,
4427,4109,1.4,,,,,,,,
4428,4110,0.6,,,,,,,,
4429,4111,1.814,,,,,,,3.0,3.7
4430,4112,0.6,,,,,,,,
4431,4113,1.375,,,,,,,,
4432,4114,1.112,,,,,,,,
4433,4115,0.6,,,,,,,3.0,7.2
4434,4116,3.24,,,,,,,,
4435,4117,1.81,,,,,,,,
4436,4118,6.256,,,,,,,,
4437,4119,0.6,,,,,,,,
4438,4120,1.132,,,,,,,,
4439,4121,62.465,,,,,,,3.0,6.7
4440,4121,25.43,,,,,,,3.0,6.7
4441,4122,9.974,,,,,,,,
4442,4123,7.971,,,,,,,,
4443,4124,1.551,,,,,,,,
4444,4125,0.6,,,,,,,,
4445,4126,0.891,,,,,,,,
4446,4127,3.793,,,,,,,,
4447,4127,2.334,,,,,,,,
4448,4128,0.6,,,,,,,,
4449,4129,0.71,,,,,,,,
4450,4130,0.6,,,,,,,,
4451,4131,1.305,,,,,,,,
4452,4132,1.435,,,,,,,,
4453,4133,1.761,,,,,,,,
4454,4134,0.6,,,,,,,,
4455,4135,1.451,,,,,,,,
4456,4135,0.6,,,,,,,,
4457,4136,0.867,,,,,,,,
4458,4137,0.6,,,,,,,,
4459,4138,14.75,,,,,,,3.0,5.1
4460,4139,0.6,,,,,,,,
4461,4140,0.6,,,,,,,,
4462,4141,2.883,,,,,,,,
4463,4142,0.699,,,,,,,,
4464,4143,41.435,,,,,,,1.0,5.8
4465,4144,1.43,,,,,,,,
4466,4144,0.765,,,,,,,,
4467,4145,0.95,,,,,,,,
4468,4146,0.6,,,,,,,,
4469,4147,3.893,,,,,,,,
4470,4148,1.462,,,,,,,,
4471,4149,0.6,,,,,,,,
4472,4150,0.6,,,,,,,,
4473,4151,0.676,,,,,,,,
4474,4152,2.328,,,,,,,,
4475,4153,3.017,,,,,,,,
4476,4154,0.784,,,,,,,,
4477,4155,4.894,,,,,,,,
4478,4156,0.6,,,,,,,,
4479,4157,5.936,,,,,,,,
4480,4158,1.706,,,,,,,,
4481,4159,0.6,,,,,,,,
4482,4160,0.841,,,,,,,,
4483,4161,3.13,,,,,,,,
4484,4162,0.6,,,,,,,,
4485,4163,0.6,,,,,,,,
4486,4164,0.6,,,,,,,,
4487,4165,0.677,,,,,,,,
4488,4166,0.6,,,,,,,,
4489,4167,,,,,,,,3.0,7.3
4490,4168,,,,,,,,,
4491,4169,1.345,,,,,,,,
4492,4170,,1.0,0.0,2005,Philip Seymour Hoffman's riveting central performance guides a well-constructed retelling of the most sensational and significant period in author Truman Capote's life.,Certified-Fresh,90.0,3.0,7.3
4493,4171,1.425,,,,,,,,
4494,4172,4.456,,,,,,,,
4495,4173,,,,,,,,3.0,7.8
4496,4174,,,,,,,,3.0,7.7
4497,4175,0.6,,,,,,,,
4498,4176,,1.0,0.0,1935,,Fresh,100.0,,7.7
4499,4177,3.249,,,,,,,,
4500,4178,,,,,,,,3.0,7.8
4501,4179,7.533,,,,,,,,
4502,4180,,1.0,0.0,2013,"Smart, powerfully acted, and incredibly intense, Captain Phillips offers filmgoers a Hollywood biopic done right -- and offers Tom Hanks a showcase for yet another brilliant performance.",Certified-Fresh,93.0,1.0,7.8
4503,4181,1.412,,,,,,,,
4504,4182,,1.0,0.0,1937,,Fresh,94.0,0.0,8.0
4505,4183,2.882,,,,,,,3.0,5.4
4506,4183,0.669,,,,,,,3.0,5.4
4507,4183,0.6,,,,,,,3.0,5.4
4508,4184,1.4,,,,,,,,
4509,4185,1.121,,,,,,,,
4510,4186,0.9,,,,,,,,
4511,4187,7.116,,,,,,,,
4512,4188,4.308,,,,,,,,
4513,4189,0.6,,,,,,,,
4514,4190,1.225,,,,,,,,
4515,4191,2.121,,,,,,,,
4516,4192,3.143,,,,,,,,
4517,4192,0.6,,,,,,,,
4518,4192,0.6,,,,,,,,
4519,4193,1.421,,,,,,,,
4520,4194,1.505,,,,,,,,
4521,4195,1.884,,,,,,,,
4522,4196,0.6,,,,,,,,
4523,4197,0.6,,,,,,,,
4524,4198,0.84,,,,,,,,
4525,4199,0.6,,,,,,,,
4526,4200,0.6,,,,,,,,
4527,4201,1.768,,,,,,,,
4528,4202,0.6,,,,,,,,
4529,4203,0.6,,,,,,,,
4530,4204,1.227,,,,,,,,
4531,4205,0.6,,,,,,,,
4532,4206,1.543,,,,,,,,
4533,4207,0.6,,,,,,,,
4534,4207,0.6,,,,,,,,
4535,4208,0.729,,,,,,,,
4536,4209,1.374,,,,,,,,
4537,4210,0.6,,,,,,,,
4538,4211,21.935,,,,,,,3.0,6.1
4539,4211,0.6,,,,,,,3.0,6.1
4540,4212,0.6,,,,,,,,
4541,4213,0.866,,,,,,,,
4542,4214,0.626,,,,,,,,
4543,4215,,,,,,,,,
4544,4216,2.406,,,,,,,3.0,5.3
4545,4216,1.079,,,,,,,3.0,5.3
4546,4217,1.314,,,,,,,,
4547,4218,1.4,,,,,,,3.0,7.1
4548,4219,0.6,,,,,,,,
4549,4220,5.946,,,,,,,,
4550,4221,0.6,,,,,,,,
4551,4222,0.6,,,,,,,,
4552,4223,1.755,,,,,,,,
4553,4224,1.425,,,,,,,,
4554,4225,0.6,,,,,,,,
4555,4226,0.629,,,,,,,,
4556,4227,0.6,,,,,,,,
4557,4228,0.684,,,,,,,,
4558,4229,1.507,,,,,,,,
4559,4230,0.6,,,,,,,,
4560,4231,0.6,,,,,,,,
4561,4232,1.74,,,,,,,,
4562,4233,0.6,,,,,,,,
4563,4234,0.6,,,,,,,,
4564,4235,0.6,,,,,,,,
4565,4236,8.786,,,,,,,3.0,7.0
4566,4236,3.732,,,,,,,3.0,7.0
4567,4237,0.6,,,,,,,,
4568,4238,0.722,,,,,,,,
4569,4239,2.309,,,,,,,,
4570,4239,0.6,,,,,,,,
4571,4240,3.044,,,,,,,,
4572,4241,2.351,,,,,,,,
4573,4242,5.196,,,,,,,,
4574,4243,5.743,,,,,,,,
4575,4244,4.087,,,,,,,,
4576,4245,3.997,,,,,,,,
4577,4246,0.6,,,,,,,,
4578,4247,0.6,,,,,,,,
4579,4248,1.494,,,,,,,,
4580,4249,1.406,,,,,,,,
4581,4250,0.6,,,,,,,,
4582,4251,0.6,,,,,,,,
4583,4252,1.12,,,,,,,,
4584,4253,0.6,,,,,,,,
4585,4254,71.769,,,,,,,3.0,7.4
4586,4254,71.769,,,,,,,3.0,5.4
4587,4254,71.769,,,,,,,3.0,5.8
4588,4254,46.915,,,,,,,3.0,7.4
4589,4254,46.915,,,,,,,3.0,5.4
4590,4254,46.915,,,,,,,3.0,5.8
4591,4254,37.493,,,,,,,3.0,7.4
4592,4254,37.493,,,,,,,3.0,5.4
4593,4254,37.493,,,,,,,3.0,5.8
4594,4255,95.417,,,,,,,3.0,6.0
4595,4256,1.361,,,,,,,,
4596,4256,0.6,,,,,,,,
4597,4256,0.6,,,,,,,,
4598,4257,5.642,,,,,,,,
4599,4258,0.655,,,,,,,3.0,6.7
4600,4259,0.6,,,,,,,,
4601,4260,0.6,,,,,,,,
4602,4261,0.6,,,,,,,,
4603,4262,0.6,,,,,,,,
4604,4262,0.6,,,,,,,,
4605,4263,3.501,,,,,,,,
4606,4263,0.737,,,,,,,,
4607,4264,0.6,,,,,,,,
4608,4265,0.6,,,,,,,,
4609,4266,,0.0,1.0,1943,"An undisputed masterpiece and perhaps Hollywood's quintessential statement on love and romance, Casablanca has only improved with age, boasting career-defining performances from Humphrey Bogart and Ingrid Bergman.",Certified-Fresh,99.0,1.0,8.5
4610,4267,0.6,,,,,,,,
4611,4268,1.896,,,,,,,,
4612,4269,26.995,,,,,,,3.0,6.2
4613,4270,0.6,,,,,,,,
4614,4271,1.025,,,,,,,,
4615,4272,0.6,,,,,,,,
4616,4273,,,,,,,,2.0,8.2
4617,4274,,,,,,,,2.0,5.0
4618,4274,,,,,,,,1.0,8.0
4619,4275,0.6,,,,,,,,
4620,4276,0.6,,,,,,,,
4621,4277,5.436,,,,,,,,
4622,4278,1.241,,,,,,,,
4623,4278,0.771,,,,,,,,
4624,4279,0.6,,,,,,,,
4625,4280,1.656,,,,,,,,
4626,4281,9.091,,,,,,,,
4627,4282,,,,,,,,2.0,7.8
4628,4283,5.616,,,,,,,,
4629,4284,0.6,,,,,,,,
4630,4285,0.6,,,,,,,,
4631,4286,1.37,,,,,,,,
4632,4287,1.254,,,,,,,,
4633,4288,28.631,,,,,,,,
4634,4288,9.332,,,,,,,,
4635,4289,0.6,,,,,,,,
4636,4290,0.6,,,,,,,,
4637,4291,0.6,,,,,,,,
4638,4292,0.6,,,,,,,,
4639,4293,6.042,,,,,,,,
4640,4294,0.6,,,,,,,,
4641,4295,1.527,,,,,,,,
4642,4296,1.4,,,,,,,,
4643,4297,1.4,,,,,,,,
4644,4298,0.6,,,,,,,,
4645,4299,0.6,,,,,,,,
4646,4300,0.6,,,,,,,,
4647,4301,0.6,,,,,,,,
4648,4302,2.724,,,,,,,,
4649,4303,12.862,,,,,,,3.0,7.2
4650,4303,12.862,,,,,,,3.0,6.2
4651,4304,3.177,,,,,,,,
4652,4305,,,,,,,,3.0,7.9
4653,4306,0.6,,,,,,,,
4654,4307,25.297,,,,,,,,
4655,4308,0.6,,,,,,,,
4656,4309,0.622,,,,,,,,
4657,4310,2.62,,,,,,,,
4658,4311,1.4,,,,,,,,
4659,4312,10.962,,,,,,,,
4660,4312,4.085,,,,,,,,
4661,4312,1.407,,,,,,,,
4662,4312,0.878,,,,,,,,
4663,4313,0.6,,,,,,,,
4664,4314,0.6,,,,,,,,
4665,4315,0.6,,,,,,,,
4666,4316,0.6,,,,,,,,
4667,4317,0.6,,,,,,,,
4668,4318,0.6,,,,,,,,
4669,4319,,,,,,,,2.0,8.1
4670,4320,0.6,,,,,,,,
4671,4321,0.6,,,,,,,,
4672,4322,1.342,,,,,,,,
4673,4323,0.6,,,,,,,,
4674,4324,13.854,,,,,,,,
4675,4325,1.19,,,,,,,,
4676,4326,0.6,,,,,,,,
4677,4326,0.6,,,,,,,,
4678,4327,0.6,,,,,,,,
4679,4328,1.533,,,,,,,,
4680,4329,0.6,,,,,,,,
4681,4330,1.213,,,,,,,,
4682,4331,1.384,,,,,,,,
4683,4332,0.6,,,,,,,,
4684,4333,0.6,,,,,,,,
4685,4334,3.825,,,,,,,3.0,7.0
4686,4334,0.6,,,,,,,3.0,7.0
4687,4335,2.222,,,,,,,,
4688,4336,1.26,,,,,,,,
4689,4337,0.827,,,,,,,,
4690,4338,,0.0,1.0,1932/33,"Though solidly acted and pleasant to look at, Cavalcade lacks cohesion, and sacrifices true emotion for mawkishness.",Rotten,59.0,3.0,5.9
4691,4339,1.35,,,,,,,,
4692,4340,1.545,,,,,,,,
4693,4341,9.898,,,,,,,,
4694,4342,5.773,,,,,,,,
4695,4343,0.6,,,,,,,,
4696,4344,0.6,,,,,,,,
4697,4345,2.036,,,,,,,,
4698,4346,0.6,,,,,,,,
4699,4347,0.6,,,,,,,,
4700,4348,0.6,,,,,,,,
4701,4349,1.381,,,,,,,,
4702,4350,,,,,,,,0.0,7.6
4703,4351,1.019,,,,,,,,
4704,4352,0.907,,,,,,,,
4705,4353,0.6,,,,,,,,
4706,4354,3.151,,,,,,,3.0,6.8
4707,4355,16.725,,,,,,,,
4708,4355,0.6,,,,,,,,
4709,4356,4.338,,,,,,,,
4710,4357,4.596,,,,,,,,
4711,4358,0.6,,,,,,,,
4712,4359,4.218,,,,,,,,
4713,4360,0.6,,,,,,,,
4714,4361,1.968,,,,,,,,
4715,4362,1.165,,,,,,,,
4716,4363,1.094,,,,,,,,
4717,4364,1.021,,,,,,,,
4718,4365,1.96,,,,,,,,
4719,4365,1.447,,,,,,,,
4720,4366,0.6,,,,,,,,
4721,4367,0.6,,,,,,,,
4722,4368,3.653,,,,,,,,
4723,4369,1.673,,,,,,,,
4724,4370,17.49,,,,,,,,
4725,4371,0.68,,,,,,,,
4726,4372,1.34,,,,,,,,
4727,4373,0.948,,,,,,,,
4728,4374,0.6,,,,,,,,
4729,4375,4.35,,,,,,,,
4730,4376,9.759,,,,,,,,
4731,4377,0.6,,,,,,,,
4732,4378,0.6,,,,,,,,
4733,4379,1.271,,,,,,,,
4734,4380,2.035,,,,,,,,
4735,4381,0.6,,,,,,,,
4736,4382,5.109,,,,,,,,
4737,4383,,,,,,,,,
4738,4384,8.129,,,,,,,,
4739,4384,0.6,,,,,,,,
4740,4385,0.6,,,,,,,,
4741,4386,0.995,,,,,,,2.0,5.4
4742,4387,1.125,,,,,,,,
4743,4388,0.6,,,,,,,,
4744,4389,0.6,,,,,,,,
4745,4390,0.6,,,,,,,,
4746,4391,0.6,,,,,,,,
4747,4392,4.739,,,,,,,,
4748,4393,0.6,,,,,,,,
4749,4394,0.944,,,,,,,,
4750,4395,8.223,,,,,,,,
4751,4396,1.189,,,,,,,,
4752,4397,3.469,,,,,,,1.0,5.6
4753,4397,0.6,,,,,,,1.0,5.6
4754,4398,1.254,,,,,,,,
4755,4399,8.558,,,,,,,,
4756,4400,1.197,,,,,,,,
4757,4400,1.12,,,,,,,,
4758,4401,0.6,,,,,,,,
4759,4402,0.797,,,,,,,,
4760,4403,1.466,,,,,,,,
4761,4404,0.714,,,,,,,,
4762,4405,0.6,,,,,,,,
4763,4406,1.234,,,,,,,,
4764,4407,1.808,,,,,,,,
4765,4408,0.6,,,,,,,,
4766,4409,,,,,,,,,
4767,4410,0.633,,,,,,,,
4768,4411,0.6,,,,,,,,
4769,4412,1.097,,,,,,,,
4770,4413,1.665,,,,,,,,
4771,4414,0.6,,,,,,,,
4772,4415,5.431,,,,,,,2.0,7.2
4773,4416,0.6,,,,,,,,
4774,4417,0.686,,,,,,,,
4775,4418,0.6,,,,,,,,
4776,4419,0.666,,,,,,,3.0,7.7
4777,4419,0.6,,,,,,,3.0,7.7
4778,4420,0.6,,,,,,,,
4779,4421,0.6,,,,,,,,
4780,4422,0.6,,,,,,,,
4781,4423,0.6,,,,,,,,
4782,4424,0.89,,,,,,,,
4783,4425,0.881,,,,,,,,
4784,4426,0.848,,,,,,,,
4785,4427,3.481,,,,,,,,
4786,4428,0.6,,,,,,,,
4787,4429,0.6,,,,,,,,
4788,4430,0.6,,,,,,,,
4789,4431,3.519,,,,,,,,
4790,4432,,,,,,,,2.0,7.8
4791,4433,0.6,,,,,,,,
4792,4434,,0.0,1.0,1981,"Decidedly slower and less limber than the Olympic runners at the center of its story, the film nevertheless manages to make effectively stirring use of its spiritual and patriotic themes.",Certified-Fresh,82.0,1.0,7.2
4793,4435,4.335,,,,,,,,
4794,4436,11.824,,,,,,,,
4795,4437,0.6,,,,,,,,
4796,4438,0.6,,,,,,,,
4797,4439,7.416,,,,,,,,
4798,4440,2.013,,,,,,,,
4799,4441,0.6,,,,,,,,
4800,4442,1.399,,,,,,,,
4801,4443,1.012,,,,,,,,
4802,4444,1.113,,,,,,,,
4803,4444,0.6,,,,,,,,
4804,4445,0.6,,,,,,,,
4805,4446,0.6,,,,,,,,
4806,4447,0.622,,,,,,,,
4807,4448,4.667,,,,,,,,
4808,4449,2.68,,,,,,,,
4809,4450,0.6,,,,,,,,
4810,4450,0.6,,,,,,,,
4811,4451,4.132,,,,,,,,
4812,4452,0.6,,,,,,,,
4813,4453,1.105,,,,,,,,
4814,4454,0.743,,,,,,,,
4815,4454,0.685,,,,,,,,
4816,4455,0.6,,,,,,,,
4817,4456,4.73,,,,,,,,
4818,4457,0.6,,,,,,,,
4819,4458,0.6,,,,,,,,
4820,4459,0.6,,,,,,,,
4821,4460,0.886,,,,,,,,
4822,4461,0.6,,,,,,,,
4823,4462,1.09,,,,,,,,
4824,4463,1.147,,,,,,,,
4825,4464,4.775,,,,,,,,
4826,4465,4.23,,,,,,,,
4827,4466,1.932,,,,,,,,
4828,4467,0.901,,,,,,,,
4829,4468,0.6,,,,,,,,
4830,4469,3.891,,,,,,,,
4831,4470,2.762,,,,,,,,
4832,4471,1.4,,,,,,,,
4833,4472,0.6,,,,,,,,
4834,4473,0.6,,,,,,,,
4835,4474,0.6,,,,,,,,
4836,4475,0.6,,,,,,,,
4837,4476,0.6,,,,,,,,
4838,4477,29.565,,,,,,,1.0,5.0
4839,4478,2.298,,,,,,,,
4840,4479,11.838,,,,,,,3.0,5.3
4841,4480,6.349,,,,,,,,
4842,4481,0.6,,,,,,,,
4843,4482,0.6,,,,,,,,
4844,4483,0.6,,,,,,,,
4845,4484,,,,,,,,,
4846,4485,1.827,,,,,,,,
4847,4486,,0.0,1.0,2002,"A rousing and energetic adaptation of the Broadway musical, Chicago succeeds on the level pure spectacle, but provides a surprising level of depth and humor as well.",Certified-Fresh,86.0,3.0,7.2
4848,4487,2.165,,,,,,,,
4849,4488,0.6,,,,,,,,
4850,4489,0.6,,,,,,,,
4851,4490,0.6,,,,,,,,
4852,4491,1.4,,,,,,,,
4853,4492,1.152,,,,,,,,
4854,4493,3.475,,,,,,,,
4855,4493,0.774,,,,,,,,
4856,4494,0.6,,,,,,,,
4857,4495,2.128,,,,,,,,
4858,4496,2.495,,,,,,,,
4859,4497,3.569,,,,,,,,
4860,4498,0.6,,,,,,,,
4861,4499,0.6,,,,,,,,
4862,4500,108.342,,,,,,,,
4863,4500,82.168,,,,,,,,
4864,4500,3.221,,,,,,,,
4865,4500,0.6,,,,,,,,
4866,4501,97.858,,,,,,,,
4867,4502,89.455,,,,,,,,
4868,4503,4.711,,,,,,,,
4869,4504,0.6,,,,,,,,
4870,4505,0.6,,,,,,,,
4871,4506,1.132,,,,,,,,
4872,4507,0.6,,,,,,,,
4873,4508,0.6,,,,,,,,
4874,4509,8.157,,,,,,,,
4875,4510,1.028,,,,,,,,
4876,4511,,,,,,,,3.0,7.9
4877,4512,0.681,,,,,,,,
4878,4513,2.216,,,,,,,,
4879,4514,3.513,,,,,,,,
4880,4515,0.6,,,,,,,,
4881,4516,0.608,,,,,,,,
4882,4517,0.6,,,,,,,,
4883,4518,,1.0,0.0,1986,Children of a Lesser God transcends its transparently noble goals thanks to a pair of absorbing performances from William Hurt and Marlee Matlin.,Fresh,82.0,3.0,7.2
4884,4519,34.686,,,,,,,3.0,5.6
4885,4519,34.686,,,,,,,1.0,3.8
4886,4519,11.284,,,,,,,3.0,5.6
4887,4519,11.284,,,,,,,1.0,3.8
4888,4519,4.603,,,,,,,3.0,5.6
4889,4519,4.603,,,,,,,1.0,3.8
4890,4520,10.163,,,,,,,,
4891,4521,16.22,,,,,,,,
4892,4522,11.984,,,,,,,,
4893,4523,12.932,,,,,,,,
4894,4524,12.273,,,,,,,,
4895,4525,12.716,,,,,,,,
4896,4526,12.465,,,,,,,,
4897,4527,7.336,,,,,,,,
4898,4528,6.855,,,,,,,,
4899,4529,0.641,,,,,,,,
4900,4530,1.4,,,,,,,,
4901,4531,0.957,,,,,,,,
4902,4532,0.6,,,,,,,,
4903,4533,26.773,,,,,,,,
4904,4534,2.352,,,,,,,,
4905,4534,0.675,,,,,,,,
4906,4535,0.6,,,,,,,,
4907,4536,0.6,,,,,,,,
4908,4537,2.472,,,,,,,,
4909,4538,0.841,,,,,,,,
4910,4539,0.6,,,,,,,,
4911,4540,0.6,,,,,,,,
4912,4541,0.6,,,,,,,,
4913,4542,0.6,,,,,,,,
4914,4543,0.841,,,,,,,,
4915,4544,2.239,,,,,,,,
4916,4545,0.6,,,,,,,,
4917,4546,2.525,,,,,,,,
4918,4547,8.528,,,,,,,,
4919,4548,1.952,,,,,,,,
4920,4548,0.6,,,,,,,,
4921,4549,0.6,,,,,,,,
4922,4550,0.6,,,,,,,,
4923,4551,3.566,,,,,,,,
4924,4552,0.674,,,,,,,,
4925,4553,0.6,,,,,,,,
4926,4554,0.6,,,,,,,,
4927,4555,0.973,,,,,,,,
4928,4556,0.6,,,,,,,,
4929,4557,0.6,,,,,,,,
4930,4558,,1.0,0.0,1974,"As bruised and cynical as the decade that produced it, this noir classic benefits from Robert Towne's brilliant screenplay, director Roman Polanski's steady hand, and wonderful performances from Jack Nicholson and Faye Dunaway.",Certified-Fresh,99.0,2.0,8.2
4931,4559,2.088,,,,,,,,
4932,4560,1.4,,,,,,,,
4933,4561,0.888,,,,,,,,
4934,4562,0.6,,,,,,,,
4935,4563,0.6,,,,,,,,
4936,4564,0.677,,,,,,,,
4937,4565,0.6,,,,,,,,
4938,4566,0.6,,,,,,,,
4939,4567,0.707,,,,,,,,
4940,4568,0.6,,,,,,,,
4941,4569,0.6,,,,,,,,
4942,4570,0.6,,,,,,,,
4943,4571,,1.0,0.0,2000,Chocolat is a charmingly light-hearted fable with a lovely performance by Binoche.,Fresh,62.0,3.0,7.2
4944,4571,,1.0,0.0,2000,Chocolat is a charmingly light-hearted fable with a lovely performance by Binoche.,Fresh,62.0,3.0,7.2
4945,4572,4.008,,,,,,,,
4946,4573,2.118,,,,,,,,
4947,4574,0.6,,,,,,,,
4948,4575,2.097,,,,,,,,
4949,4576,1.823,,,,,,,,
4950,4577,0.6,,,,,,,,
4951,4578,1.32,,,,,,,,
4952,4579,0.734,,,,,,,,
4953,4580,10.886,,,,,,,,
4954,4581,6.428,,,,,,,,
4955,4582,17.092,,,,,,,,
4956,4583,3.798,,,,,,,,
4957,4584,2.173,,,,,,,,
4958,4585,0.6,,,,,,,,
4959,4586,2.386,,,,,,,3.0,4.1
4960,4587,1.973,,,,,,,,
4961,4588,10.353,,,,,,,3.0,5.6
4962,4589,0.843,,,,,,,,
4963,4590,2.793,,,,,,,,
4964,4591,0.6,,,,,,,,
4965,4592,26.38,,,,,,,1.0,6.8
4966,4592,26.38,,,,,,,3.0,6.9
4967,4593,1.632,,,,,,,,
4968,4594,0.6,,,,,,,,
4969,4595,2.744,,,,,,,,
4970,4596,0.6,,,,,,,,
4971,4597,0.6,,,,,,,,
4972,4598,6.495,,,,,,,,
4973,4599,0.6,,,,,,,,
4974,4600,0.6,,,,,,,,
4975,4601,2.024,,,,,,,,
4976,4602,0.6,,,,,,,,
4977,4603,0.6,,,,,,,,
4978,4604,0.6,,,,,,,,
4979,4605,1.266,,,,,,,,
4980,4606,1.432,,,,,,,,
4981,4607,8.647,,,,,,,,
4982,4608,0.981,,,,,,,,
4983,4608,0.6,,,,,,,,
4984,4609,0.86,,,,,,,,
4985,4610,1.006,,,,,,,,
4986,4611,0.604,,,,,,,,
4987,4612,0.6,,,,,,,,
4988,4613,2.059,,,,,,,,
4989,4614,0.6,,,,,,,,
4990,4615,0.976,,,,,,,,
4991,4616,3.363,,,,,,,,
4992,4617,119.795,,,,,,,,
4993,4618,0.887,,,,,,,,
4994,4619,0.6,,,,,,,,
4995,4620,1.584,,,,,,,,
4996,4621,,,,,,,,,
4997,4622,0.6,,,,,,,,
4998,4623,,,,,,,,,
4999,4624,0.6,,,,,,,,
5000,4625,0.6,,,,,,,,
5001,4626,0.6,,,,,,,,
5002,4627,4.083,,,,,,,,
5003,4628,4.46,,,,,,,,
5004,4629,0.6,,,,,,,,
5005,4630,0.6,,,,,,,,
5006,4631,1.212,,,,,,,,
5007,4632,3.097,,,,,,,,
5008,4633,0.6,,,,,,,,
5009,4634,1.268,,,,,,,,
5010,4635,0.602,,,,,,,,
5011,4636,0.6,,,,,,,3.0,7.1
5012,4637,,,,,,,,,
5013,4638,0.6,,,,,,,,
5014,4639,8.065,,,,,,,,
5015,4640,1.138,,,,,,,,
5016,4641,,0.0,1.0,1930/31,"Cimarron is supported by a strong performance from Irene Dunne, but uneven in basically every other regard, and riddled with potentially offensive stereotypes.",Rotten,50.0,3.0,5.9
5017,4642,0.6,,,,,,,,
5018,4643,0.6,,,,,,,,
5019,4644,0.6,,,,,,,,
5020,4645,0.6,,,,,,,,
5021,4646,1.727,,,,,,,,
5022,4647,0.874,,,,,,,,
5023,4648,6.136,,,,,,,3.0,7.3
5024,4648,6.136,,,,,,,3.0,6.7
5025,4648,6.136,,,,,,,3.0,6.9
5026,4648,6.136,,,,,,,3.0,4.4
5027,4648,0.84,,,,,,,3.0,7.3
5028,4648,0.84,,,,,,,3.0,6.7
5029,4648,0.84,,,,,,,3.0,6.9
5030,4648,0.84,,,,,,,3.0,4.4
5031,4649,,,,,,,,2.0,8.0
5032,4650,0.6,,,,,,,,
5033,4651,0.6,,,,,,,,
5034,4652,0.6,,,,,,,,
5035,4653,0.676,,,,,,,,
5036,4654,0.6,,,,,,,,
5037,4655,21.724,,,,,,,1.0,6.0
5038,4655,2.652,,,,,,,1.0,6.0
5039,4655,0.618,,,,,,,1.0,6.0
5040,4656,1.173,,,,,,,,
5041,4657,4.104,,,,,,,,
5042,4658,0.6,,,,,,,,
5043,4659,1.009,,,,,,,,
5044,4660,0.6,,,,,,,,
5045,4661,0.6,,,,,,,,
5046,4662,6.712,,,,,,,,
5047,4663,3.738,,,,,,,,
5048,4664,3.133,,,,,,,,
5049,4665,1.223,,,,,,,,
5050,4666,6.147,,,,,,,1.0,5.5
5051,4667,,1.0,0.0,1941,"Orson Welles's epic tale of a publishing tycoon's rise and fall is entertaining, poignant, and inventive in its storytelling, earning its reputation as a landmark achievement in film.",Certified-Fresh,100.0,1.0,8.3
5052,4668,7.371,,,,,,,,
5053,4669,2.097,,,,,,,,
5054,4670,0.6,,,,,,,,
5055,4671,,,,,,,,3.0,8.5
5056,4672,0.6,,,,,,,,
5057,4673,0.6,,,,,,,,
5058,4674,1.4,,,,,,,,
5059,4675,2.88,,,,,,,,
5060,4676,0.6,,,,,,,,
5061,4677,2.063,,,,,,,,
5062,4678,0.6,,,,,,,,
5063,4679,13.03,,,,,,,,
5064,4680,0.6,,,,,,,,
5065,4681,0.6,,,,,,,,
5066,4682,0.682,,,,,,,,
5067,4683,0.6,,,,,,,,
5068,4684,0.6,,,,,,,,
5069,4685,0.62,,,,,,,,
5070,4686,0.84,,,,,,,,
5071,4687,0.996,,,,,,,,
5072,4688,0.6,,,,,,,,
5073,4689,1.093,,,,,,,,
5074,4690,5.142,,,,,,,,
5075,4691,0.638,,,,,,,,
5076,4692,5.264,,,,,,,,
5077,4693,4.575,,,,,,,,
5078,4694,2.526,,,,,,,,
5079,4695,0.6,,,,,,,,
5080,4696,3.666,,,,,,,,
5081,4697,0.6,,,,,,,,
5082,4698,0.6,,,,,,,,
5083,4699,2.846,,,,,,,,
5084,4699,2.143,,,,,,,,
5085,4700,0.6,,,,,,,,
5086,4701,2.232,,,,,,,,
5087,4702,2.411,,,,,,,,
5088,4703,2.434,,,,,,,,
5089,4703,1.27,,,,,,,,
5090,4704,2.759,,,,,,,,
5091,4705,1.003,,,,,,,,
5092,4706,1.243,,,,,,,,
5093,4707,0.6,,,,,,,,
5094,4707,0.6,,,,,,,,
5095,4707,0.6,,,,,,,,
5096,4708,1.394,,,,,,,,
5097,4709,0.6,,,,,,,,
5098,4710,0.6,,,,,,,,
5099,4711,0.6,,,,,,,,
5100,4712,1.113,,,,,,,,
5101,4713,0.6,,,,,,,,
5102,4714,1.592,,,,,,,,
5103,4715,2.379,,,,,,,,
5104,4716,1.641,,,,,,,,
5105,4716,0.6,,,,,,,,
5106,4717,1.305,,,,,,,,
5107,4718,1.704,,,,,,,,
5108,4719,3.034,,,,,,,,
5109,4720,0.6,,,,,,,,
5110,4721,,1.0,0.0,1963,"Cleopatra is a lush, ostentatious, endlessly eye-popping epic that sags collapses from a (and how could it not?) four-hour runtime.",Fresh,62.0,2.0,7.0
5111,4721,,1.0,0.0,1963,"Cleopatra is a lush, ostentatious, endlessly eye-popping epic that sags collapses from a (and how could it not?) four-hour runtime.",Fresh,62.0,1.0,7.0
5112,4721,,1.0,0.0,1963,"Cleopatra is a lush, ostentatious, endlessly eye-popping epic that sags collapses from a (and how could it not?) four-hour runtime.",Fresh,62.0,3.0,7.0
5113,4722,,,,,,,,,
5114,4723,0.6,,,,,,,,
5115,4723,0.6,,,,,,,,
5116,4724,0.658,,,,,,,,
5117,4725,0.6,,,,,,,3.0,6.4
5118,4725,0.6,,,,,,,3.0,6.4
5119,4725,0.6,,,,,,,3.0,6.4
5120,4726,1.4,,,,,,,,
5121,4727,3.328,,,,,,,,
5122,4728,0.6,,,,,,,,
5123,4729,0.948,,,,,,,,
5124,4730,18.292,,,,,,,3.0,6.9
5125,4731,0.6,,,,,,,,
5126,4732,2.78,,,,,,,,
5127,4733,10.718,,,,,,,,
5128,4734,2.2,,,,,,,,
5129,4735,0.993,,,,,,,,
5130,4736,0.6,,,,,,,,
5131,4737,0.6,,,,,,,,
5132,4738,0.6,,,,,,,,
5133,4739,2.478,,,,,,,,
5134,4740,0.6,,,,,,,,
5135,4741,,,,,,,,1.0,7.6
5136,4742,1.512,,,,,,,,
5137,4742,0.6,,,,,,,,
5138,4743,0.6,,,,,,,,
5139,4744,0.6,,,,,,,,
5140,4745,0.6,,,,,,,,
5141,4746,0.964,,,,,,,,
5142,4747,0.643,,,,,,,,
5143,4748,0.6,,,,,,,,
5144,4749,0.6,,,,,,,,
5145,4750,1.899,,,,,,,,
5146,4751,3.519,,,,,,,,
5147,4752,0.6,,,,,,,,
5148,4753,0.6,,,,,,,,
5149,4754,1.774,,,,,,,,
5150,4754,1.362,,,,,,,,
5151,4755,0.6,,,,,,,,
5152,4756,0.6,,,,,,,,
5153,4756,0.6,,,,,,,,
5154,4757,0.6,,,,,,,,
5155,4758,0.6,,,,,,,,
5156,4759,0.6,,,,,,,,
5157,4760,0.6,,,,,,,,
5158,4760,0.6,,,,,,,,
5159,4761,0.6,,,,,,,,
5160,4762,37.203,,,,,,,3.0,5.7
5161,4762,4.131,,,,,,,3.0,5.7
5162,4762,1.961,,,,,,,3.0,5.7
5163,4762,0.677,,,,,,,3.0,5.7
5164,4762,0.6,,,,,,,3.0,5.7
5165,4762,0.6,,,,,,,3.0,5.7
5166,4763,2.148,,,,,,,,
5167,4764,0.6,,,,,,,,
5168,4765,1.4,,,,,,,,
5169,4766,0.706,,,,,,,,
5170,4767,2.475,,,,,,,,
5171,4768,0.6,,,,,,,,
5172,4769,1.213,,,,,,,,
5173,4770,1.165,,,,,,,,
5174,4771,4.552,,,,,,,,
5175,4772,0.6,,,,,,,,
5176,4773,1.821,,,,,,,,
5177,4774,1.569,,,,,,,,
5178,4775,0.6,,,,,,,,
5179,4776,0.957,,,,,,,,
5180,4777,19.125,,,,,,,,
5181,4778,2.269,,,,,,,,
5182,4779,1.242,,,,,,,,
5183,4780,1.534,,,,,,,,
5184,4780,0.6,,,,,,,,
5185,4781,11.451,,,,,,,,
5186,4782,0.6,,,,,,,,
5187,4783,0.84,,,,,,,,
5188,4784,5.48,,,,,,,,
5189,4785,0.6,,,,,,,,
5190,4786,0.6,,,,,,,,
5191,4787,0.84,,,,,,,,
5192,4788,0.6,,,,,,,,
5193,4789,9.049,,,,,,,,
5194,4790,0.861,,,,,,,,
5195,4791,0.6,,,,,,,,
5196,4792,1.43,,,,,,,,
5197,4793,0.6,,,,,,,,
5198,4794,,1.0,0.0,1980,"Like a classic traditional country song, Coal Miner's Daughter draws on time-tested formula -- and undeniable talent -- to tell a solidly affecting story.",Fresh,86.0,,7.5
5199,4795,0.6,,,,,,,,
5200,4796,1.64,,,,,,,,
5201,4797,0.658,,,,,,,,
5202,4798,0.893,,,,,,,,
5203,4799,13.174,,,,,,,2.0,5.9
5204,4800,0.6,,,,,,,,
5205,4801,0.6,,,,,,,,
5206,4802,,,,,,,,3.0,8.4
5207,4803,0.881,,,,,,,,
5208,4804,3.804,,,,,,,,
5209,4805,0.6,,,,,,,,
5210,4806,0.84,,,,,,,,
5211,4807,0.6,,,,,,,,
5212,4808,0.6,,,,,,,,
5213,4809,1.911,,,,,,,,
5214,4810,1.893,,,,,,,,
5215,4811,1.894,,,,,,,,
5216,4812,4.719,,,,,,,,
5217,4813,1.686,,,,,,,,
5218,4814,0.6,,,,,,,,
5219,4815,0.6,,,,,,,,
5220,4816,0.6,,,,,,,,
5221,4817,0.6,,,,,,,,
5222,4818,0.6,,,,,,,,
5223,4819,2.428,,,,,,,,
5224,4820,0.622,,,,,,,,
5225,4821,1.909,,,,,,,,
5226,4822,0.6,,,,,,,,
5227,4823,0.6,,,,,,,,
5228,4824,0.6,,,,,,,,
5229,4825,1.08,,,,,,,,
5230,4826,0.6,,,,,,,,
5231,4827,0.6,,,,,,,,
5232,4828,1.834,,,,,,,,
5233,4829,0.6,,,,,,,,
5234,4830,10.708,,,,,,,,
5235,4830,0.6,,,,,,,,
5236,4831,3.937,,,,,,,,
5237,4832,0.6,,,,,,,,
5238,4833,0.6,,,,,,,,
5239,4834,2.008,,,,,,,,
5240,4835,1.029,,,,,,,,
5241,4836,3.822,,,,,,,,
5242,4837,0.6,,,,,,,,
5243,4838,15.212,,,,,,,,
5244,4839,7.055,,,,,,,,
5245,4840,6.629,,,,,,,,
5246,4841,18.61,,,,,,,0.0,6.0
5247,4842,1.672,,,,,,,,
5248,4842,0.6,,,,,,,,
5249,4843,1.702,,,,,,,,
5250,4844,0.6,,,,,,,,
5251,4845,3.331,,,,,,,,
5252,4846,0.6,,,,,,,,
5253,4847,0.6,,,,,,,,
5254,4848,1.792,,,,,,,,
5255,4849,1.827,,,,,,,,
5256,4850,1.558,,,,,,,,
5257,4850,0.6,,,,,,,,
5258,4851,0.6,,,,,,,,
5259,4852,3.172,,,,,,,,
5260,4853,0.94,,,,,,,,
5261,4854,1.807,,,,,,,,
5262,4855,1.548,,,,,,,,
5263,4856,0.6,,,,,,,,
5264,4857,0.6,,,,,,,,
5265,4858,0.6,,,,,,,,
5266,4859,1.428,,,,,,,,
5267,4860,0.904,,,,,,,,
5268,4861,0.744,,,,,,,,
5269,4862,0.6,,,,,,,,
5270,4863,0.6,,,,,,,,
5271,4864,3.228,,,,,,,,
5272,4865,19.181,,,,,,,2.0,6.2
5273,4866,0.6,,,,,,,,
5274,4867,2.225,,,,,,,,
5275,4868,0.684,,,,,,,,
5276,4869,10.434,,,,,,,,
5277,4870,3.297,,,,,,,,
5278,4871,5.162,,,,,,,,
5279,4872,0.6,,,,,,,,
5280,4873,0.6,,,,,,,,
5281,4874,9.335,,,,,,,,
5282,4875,22.708,,,,,,,,
5283,4875,2.37,,,,,,,,
5284,4876,96.667,,,,,,,,
5285,4877,31.366,,,,,,,,
5286,4878,0.924,,,,,,,,
5287,4879,11.658,,,,,,,,
5288,4880,0.6,,,,,,,,
5289,4881,0.6,,,,,,,,
5290,4882,0.6,,,,,,,,
5291,4883,8.429,,,,,,,1.0,6.0
5292,4884,0.6,,,,,,,,
5293,4885,4.553,,,,,,,,
5294,4886,0.6,,,,,,,,
5295,4887,1.849,,,,,,,,
5296,4888,10.189,,,,,,,,
5297,4889,1.256,,,,,,,,
5298,4890,6.442,,,,,,,,
5299,4891,0.6,,,,,,,,
5300,4892,8.498,,,,,,,,
5301,4893,0.6,,,,,,,,
5302,4894,2.709,,,,,,,,
5303,4894,0.833,,,,,,,,
5304,4895,0.6,,,,,,,,
5305,4896,0.681,,,,,,,,
5306,4897,0.6,,,,,,,,
5307,4898,1.235,,,,,,,,
5308,4899,0.6,,,,,,,,
5309,4900,0.6,,,,,,,,
5310,4901,3.649,,,,,,,,
5311,4902,15.242,,,,,,,,
5312,4902,0.738,,,,,,,,
5313,4902,0.6,,,,,,,,
5314,4902,0.6,,,,,,,,
5315,4903,1.038,,,,,,,,
5316,4904,0.6,,,,,,,,
5317,4905,0.6,,,,,,,,
5318,4906,4.296,,,,,,,,
5319,4907,0.809,,,,,,,,
5320,4908,2.24,,,,,,,,
5321,4909,0.6,,,,,,,,
5322,4910,5.112,,,,,,,,
5323,4911,0.6,,,,,,,,
5324,4912,0.6,,,,,,,,
5325,4913,0.851,,,,,,,,
5326,4914,0.6,,,,,,,,
5327,4915,0.6,,,,,,,,
5328,4916,2.88,,,,,,,,
5329,4917,1.4,,,,,,,,
5330,4918,0.6,,,,,,,,
5331,4919,0.667,,,,,,,,
5332,4920,0.901,,,,,,,,
5333,4921,0.607,,,,,,,,
5334,4922,0.6,,,,,,,,
5335,4923,0.6,,,,,,,,
5336,4923,0.6,,,,,,,,
5337,4923,0.6,,,,,,,,
5338,4924,0.6,,,,,,,,
5339,4925,0.622,,,,,,,,
5340,4926,1.806,,,,,,,,
5341,4927,0.709,,,,,,,,
5342,4928,3.403,,,,,,,,
5343,4929,1.96,,,,,,,,
5344,4930,0.61,,,,,,,,
5345,4931,0.85,,,,,,,,
5346,4932,2.702,,,,,,,,
5347,4933,1.36,,,,,,,,
5348,4934,6.631,,,,,,,,
5349,4935,0.87,,,,,,,,
5350,4936,3.966,,,,,,,2.0,6.5
5351,4937,0.6,,,,,,,,
5352,4938,0.608,,,,,,,,
5353,4939,0.6,,,,,,,,
5354,4940,2.19,,,,,,,,
5355,4940,0.6,,,,,,,,
5356,4941,0.6,,,,,,,,
5357,4942,0.6,,,,,,,,
5358,4943,1.712,,,,,,,2.0,6.7
5359,4944,1.766,,,,,,,,
5360,4945,1.4,,,,,,,,
5361,4946,119.677,,,,,,,1.0,7.0
5362,4947,37.594,,,,,,,,
5363,4948,0.879,,,,,,,,
5364,4948,0.6,,,,,,,,
5365,4949,0.6,,,,,,,,
5366,4950,0.6,,,,,,,,
5367,4951,0.807,,,,,,,,
5368,4952,3.084,,,,,,,,
5369,4953,1.114,,,,,,,3.0,6.8
5370,4954,50.172,,,,,,,,
5371,4955,9.331,,,,,,,,
5372,4956,0.6,,,,,,,1.0,7.5
5373,4957,0.6,,,,,,,,
5374,4958,0.6,,,,,,,,
5375,4959,0.6,,,,,,,,
5376,4960,1.617,,,,,,,,
5377,4961,0.769,,,,,,,,
5378,4962,10.322,,,,,,,3.0,5.3
5379,4963,8.065,,,,,,,,
5380,4964,,,,,,,,1.0,8.0
5381,4965,0.936,,,,,,,,
5382,4966,0.6,,,,,,,,
5383,4967,0.853,,,,,,,2.0,7.6
5384,4968,0.6,,,,,,,,
5385,4969,5.049,,,,,,,,
5386,4970,1.048,,,,,,,,
5387,4971,1.874,,,,,,,,
5388,4972,0.6,,,,,,,,
5389,4973,2.775,,,,,,,,
5390,4974,0.6,,,,,,,,
5391,4975,1.4,,,,,,,,
5392,4976,3.241,,,,,,,,
5393,4976,1.92,,,,,,,,
5394,4977,1.87,,,,,,,,
5395,4978,1.503,,,,,,,,
5396,4979,,,,,,,,1.0,8.1
5397,4980,0.6,,,,,,,,
5398,4981,1.124,,,,,,,,
5399,4982,22.094,,,,,,,1.0,5.7
5400,4983,0.6,,,,,,,,
5401,4984,1.513,,,,,,,,
5402,4985,2.799,,,,,,,,
5403,4986,0.6,,,,,,,,
5404,4987,0.895,,,,,,,,
5405,4988,0.6,,,,,,,3.0,6.6
5406,4989,,,,,,,,3.0,7.7
5407,4990,1.858,,,,,,,,
5408,4991,4.431,,,,,,,,
5409,4992,1.552,,,,,,,,
5410,4993,6.555,,,,,,,,
5411,4993,1.29,,,,,,,,
5412,4994,0.6,,,,,,,,
5413,4995,3.241,,,,,,,,
5414,4996,8.454,,,,,,,,
5415,4997,10.873,,,,,,,,
5416,4998,2.156,,,,,,,,
5417,4999,0.6,,,,,,,,
5418,5000,0.6,,,,,,,,
5419,5001,1.026,,,,,,,,
5420,5002,0.6,,,,,,,,
5421,5003,2.24,,,,,,,,
5422,5004,6.538,,,,,,,,
5423,5005,2.814,,,,,,,,
5424,5006,3.609,,,,,,,,
5425,5007,12.63,,,,,,,,
5426,5008,0.66,,,,,,,,
5427,5009,2.217,,,,,,,,
5428,5010,0.6,,,,,,,,
5429,5011,0.6,,,,,,,,
5430,5012,0.6,,,,,,,,
5431,5013,0.6,,,,,,,,
5432,5014,2.795,,,,,,,,
5433,5014,0.6,,,,,,,,
5434,5014,0.6,,,,,,,,
5435,5014,0.6,,,,,,,,
5436,5015,3.735,,,,,,,,
5437,5016,2.251,,,,,,,,
5438,5017,0.6,,,,,,,,
5439,5018,0.6,,,,,,,,
5440,5019,1.137,,,,,,,,
5441,5020,0.6,,,,,,,,
5442,5021,12.85,,,,,,,,
5443,5022,2.005,,,,,,,,
5444,5023,0.662,,,,,,,,
5445,5024,1.4,,,,,,,,
5446,5024,0.667,,,,,,,,
5447,5025,0.6,,,,,,,,
5448,5026,0.6,,,,,,,,
5449,5027,6.889,,,,,,,,
5450,5027,3.521,,,,,,,,
5451,5027,0.84,,,,,,,,
5452,5028,2.97,,,,,,,,
5453,5029,0.6,,,,,,,,
5454,5030,4.009,,,,,,,,
5455,5031,0.6,,,,,,,,
5456,5032,0.935,,,,,,,,
5457,5033,32.432,,,,,,,,
5458,5033,1.922,,,,,,,,
5459,5034,0.6,,,,,,,,
5460,5035,7.102,,,,,,,,
5461,5036,2.728,,,,,,,,
5462,5037,0.6,,,,,,,,
5463,5038,1.171,,,,,,,,
5464,5039,0.6,,,,,,,,
5465,5040,0.6,,,,,,,,
5466,5041,0.6,,,,,,,,
5467,5042,0.6,,,,,,,,
5468,5043,0.6,,,,,,,,
5469,5044,0.906,,,,,,,,
5470,5045,0.6,,,,,,,,
5471,5046,0.6,,,,,,,,
5472,5047,0.6,,,,,,,,
5473,5048,2.276,,,,,,,,
5474,5048,2.131,,,,,,,,
5475,5048,0.6,,,,,,,,
5476,5049,0.823,,,,,,,,
5477,5050,1.64,,,,,,,,
5478,5050,0.96,,,,,,,,
5479,5051,1.134,,,,,,,,
5480,5052,1.472,,,,,,,,
5481,5053,,,,,,,,,
5482,5054,0.6,,,,,,,,
5483,5055,0.6,,,,,,,,
5484,5056,1.67,,,,,,,,
5485,5056,0.963,,,,,,,,
5486,5057,1.4,,,,,,,,
5487,5058,0.6,,,,,,,,
5488,5059,0.6,,,,,,,,
5489,5060,1.963,,,,,,,,
5490,5061,0.6,,,,,,,,
5491,5062,1.129,,,,,,,,
5492,5063,1.185,,,,,,,,
5493,5064,37.267,,,,,,,,
5494,5064,4.466,,,,,,,,
5495,5065,0.6,,,,,,,,
5496,5066,0.6,,,,,,,,
5497,5067,0.6,,,,,,,3.0,6.6
5498,5067,0.6,,,,,,,3.0,6.6
5499,5068,1.081,,,,,,,,
5500,5069,4.201,,,,,,,,
5501,5070,0.6,,,,,,,,
5502,5071,0.6,,,,,,,,
5503,5072,0.6,,,,,,,,
5504,5073,0.6,,,,,,,,
5505,5074,0.6,,,,,,,,
5506,5075,0.6,,,,,,,,
5507,5076,25.191,,,,,,,,
5508,5077,0.6,,,,,,,,
5509,5078,,0.0,1.0,2005,"A raw and unsettling morality piece on modern angst and urban disconnect, Crash examines the dangers of bigotry and xenophobia in the lives of interconnected Angelenos.",Certified-Fresh,74.0,3.0,7.7
5510,5078,,0.0,1.0,2005,"A raw and unsettling morality piece on modern angst and urban disconnect, Crash examines the dangers of bigotry and xenophobia in the lives of interconnected Angelenos.",Certified-Fresh,74.0,3.0,7.7
5511,5079,2.151,,,,,,,,
5512,5080,0.945,,,,,,,,
5513,5081,0.6,,,,,,,,
5514,5082,0.6,,,,,,,,
5515,5083,0.6,,,,,,,,
5516,5084,0.6,,,,,,,,
5517,5085,49.607,,,,,,,3.0,6.1
5518,5086,0.6,,,,,,,,
5519,5087,3.83,,,,,,,,
5520,5088,1.883,,,,,,,,
5521,5088,0.621,,,,,,,,
5522,5088,0.6,,,,,,,,
5523,5089,7.753,,,,,,,,
5524,5090,6.387,,,,,,,,
5525,5090,5.896,,,,,,,,
5526,5090,3.344,,,,,,,,
5527,5090,0.672,,,,,,,,
5528,5091,1.538,,,,,,,,
5529,5092,1.738,,,,,,,,
5530,5092,0.68,,,,,,,,
5531,5093,0.6,,,,,,,,
5532,5094,1.493,,,,,,,,
5533,5095,1.287,,,,,,,,
5534,5096,1.522,,,,,,,,
5535,5097,0.6,,,,,,,,
5536,5098,0.6,,,,,,,,
5537,5099,0.6,,,,,,,,
5538,5100,2.493,,,,,,,,
5539,5101,6.047,,,,,,,,
5540,5102,0.6,,,,,,,,
5541,5103,1.469,,,,,,,,
5542,5104,1.935,,,,,,,,
5543,5105,1.798,,,,,,,,
5544,5106,1.198,,,,,,,,
5545,5107,0.654,,,,,,,,
5546,5108,0.6,,,,,,,,
5547,5109,0.6,,,,,,,,
5548,5110,0.6,,,,,,,,
5549,5111,0.6,,,,,,,,
5550,5112,2.654,,,,,,,,
5551,5113,5.798,,,,,,,,
5552,5113,5.594,,,,,,,,
5553,5113,0.7,,,,,,,,
5554,5113,0.6,,,,,,,,
5555,5114,0.6,,,,,,,,
5556,5115,1.545,,,,,,,,
5557,5116,1.629,,,,,,,,
5558,5117,1.649,,,,,,,,
5559,5118,1.676,,,,,,,,
5560,5119,2.66,,,,,,,,
5561,5120,0.991,,,,,,,,
5562,5121,15.758,,,,,,,0.0,6.9
5563,5122,3.697,,,,,,,,
5564,5123,0.6,,,,,,,,
5565,5124,0.6,,,,,,,,
5566,5125,0.6,,,,,,,,
5567,5126,1.341,,,,,,,,
5568,5127,2.134,,,,,,,,
5569,5128,0.845,,,,,,,,
5570,5129,0.6,,,,,,,,
5571,5130,4.112,,,,,,,,
5572,5131,3.635,,,,,,,,
5573,5132,3.049,,,,,,,,
5574,5133,1.383,,,,,,,,
5575,5134,1.363,,,,,,,,
5576,5135,3.085,,,,,,,,
5577,5136,1.506,,,,,,,,
5578,5137,3.71,,,,,,,,
5579,5138,2.349,,,,,,,,
5580,5139,,,,,,,,2.0,7.6
5581,5140,0.6,,,,,,,,
5582,5141,22.994,,,,,,,3.0,5.6
5583,5141,22.994,,,,,,,0.0,6.3
5584,5141,11.173,,,,,,,3.0,5.6
5585,5141,11.173,,,,,,,0.0,6.3
5586,5141,0.917,,,,,,,3.0,5.6
5587,5141,0.917,,,,,,,0.0,6.3
5588,5141,0.636,,,,,,,3.0,5.6
5589,5141,0.636,,,,,,,0.0,6.3
5590,5141,0.6,,,,,,,3.0,5.6
5591,5141,0.6,,,,,,,0.0,6.3
5592,5142,22.877,,,,,,,0.0,6.4
5593,5143,0.788,,,,,,,,
5594,5144,1.168,,,,,,,,
5595,5145,2.557,,,,,,,,
5596,5146,0.6,,,,,,,,
5597,5147,1.4,,,,,,,,
5598,5148,4.609,,,,,,,,
5599,5148,0.728,,,,,,,,
5600,5149,1.229,,,,,,,,
5601,5150,0.6,,,,,,,,
5602,5151,0.6,,,,,,,,
5603,5152,0.6,,,,,,,,
5604,5153,1.249,,,,,,,,
5605,5154,0.6,,,,,,,,
5606,5155,3.563,,,,,,,,
5607,5156,30.331,,,,,,,,
5608,5157,14.978,,,,,,,3.0,6.0
5609,5158,28.786,,,,,,,,
5610,5159,1.397,,,,,,,,
5611,5160,8.065,,,,,,,,
5612,5161,0.6,,,,,,,,
5613,5162,1.243,,,,,,,,
5614,5163,0.777,,,,,,,,
5615,5164,0.6,,,,,,,,
5616,5165,1.111,,,,,,,,
5617,5166,0.6,,,,,,,,
5618,5167,0.693,,,,,,,,
5619,5168,2.647,,,,,,,,
5620,5169,0.6,,,,,,,,
5621,5170,1.333,,,,,,,,
5622,5171,0.653,,,,,,,,
5623,5172,0.6,,,,,,,,
5624,5173,0.6,,,,,,,,
5625,5174,0.6,,,,,,,,
5626,5175,0.6,,,,,,,,
5627,5176,,1.0,0.0,1973,"Visually stunning and achingly performed, Ingmar Bergman's chamber piece is a visceral rumination on death and sisterhood.",Fresh,90.0,,8.1
5628,5177,1.715,,,,,,,,
5629,5178,0.673,,,,,,,,
5630,5179,1.513,,,,,,,,
5631,5180,0.6,,,,,,,,
5632,5181,,,,,,,,3.0,7.8
5633,5182,0.635,,,,,,,,
5634,5183,35.226,,,,,,,,
5635,5184,7.055,,,,,,,,
5636,5185,1.904,,,,,,,,
5637,5186,5.3,,,,,,,,
5638,5187,2.553,,,,,,,,
5639,5188,1.461,,,,,,,,
5640,5189,2.891,,,,,,,,
5641,5189,1.261,,,,,,,,
5642,5190,0.6,,,,,,,,
5643,5191,0.6,,,,,,,,
5644,5192,0.624,,,,,,,,
5645,5193,29.153,,,,,,,3.0,6.5
5646,5194,0.6,,,,,,,,
5647,5195,1.203,,,,,,,,
5648,5196,0.6,,,,,,,,
5649,5197,0.6,,,,,,,,
5650,5198,0.638,,,,,,,,
5651,5199,1.157,,,,,,,,
5652,5200,0.6,,,,,,,,
5653,5201,31.428,,,,,,,2.0,6.1
5654,5202,20.123,,,,,,,3.0,5.5
5655,5203,16.561,,,,,,,3.0,4.5
5656,5204,8.932,,,,,,,1.0,4.1
5657,5205,12.252,,,,,,,,
5658,5206,0.6,,,,,,,,
5659,5207,,,,,,,,,
5660,5208,0.6,,,,,,,,
5661,5209,0.6,,,,,,,,
5662,5210,0.624,,,,,,,,
5663,5211,4.999,,,,,,,,
5664,5212,13.054,,,,,,,,
5665,5213,0.6,,,,,,,,
5666,5214,14.929,,,,,,,,
5667,5214,2.699,,,,,,,,
5668,5214,0.752,,,,,,,,
5669,5215,17.077,,,,,,,,
5670,5216,1.09,,,,,,,,
5671,5217,1.4,,,,,,,,
5672,5218,0.6,,,,,,,,
5673,5219,0.6,,,,,,,,
5674,5220,0.6,,,,,,,,
5675,5221,0.6,,,,,,,,
5676,5222,1.294,,,,,,,,
5677,5223,9.799,,,,,,,,
5678,5224,8.058,,,,,,,,
5679,5225,2.025,,,,,,,,
5680,5226,0.6,,,,,,,,
5681,5227,0.6,,,,,,,,
5682,5228,1.056,,,,,,,,
5683,5229,0.6,,,,,,,,
5684,5230,1.557,,,,,,,,
5685,5231,0.6,,,,,,,,
5686,5232,1.043,,,,,,,,
5687,5233,0.6,,,,,,,,
5688,5234,1.303,1.0,0.0,1947,,Fresh,82.0,2.0,7.3
5689,5235,1.187,,,,,,,,
5690,5236,0.722,,,,,,,,
5691,5237,4.177,,,,,,,,
5692,5238,0.6,,,,,,,,
5693,5239,0.6,,,,,,,,
5694,5240,3.177,,,,,,,,
5695,5241,0.623,,,,,,,,
5696,5242,0.6,,,,,,,,
5697,5243,4.301,,,,,,,,
5698,5244,1.18,,,,,,,,
5699,5245,0.6,,,,,,,,
5700,5246,1.689,,,,,,,,
5701,5247,1.314,,,,,,,,
5702,5248,2.93,,,,,,,,
5703,5249,0.6,,,,,,,,
5704,5250,0.849,,,,,,,,
5705,5251,9.957,,,,,,,,
5706,5252,0.6,,,,,,,,
5707,5253,1.022,,,,,,,,
5708,5254,0.6,,,,,,,,
5709,5255,3.248,,,,,,,,
5710,5256,1.4,,,,,,,,
5711,5257,5.413,,,,,,,,
5712,5257,0.906,,,,,,,,
5713,5258,0.989,,,,,,,,
5714,5259,2.874,,,,,,,,
5715,5260,1.919,,,,,,,,
5716,5261,1.036,,,,,,,,
5717,5262,0.6,,,,,,,,
5718,5263,3.47,,,,,,,1.0,6.3
5719,5263,0.6,,,,,,,1.0,6.3
5720,5264,4.166,,,,,,,,
5721,5264,0.6,,,,,,,,
5722,5265,1.982,,,,,,,,
5723,5265,0.6,,,,,,,,
5724,5266,0.6,,,,,,,,
5725,5267,0.84,,,,,,,,
5726,5268,0.6,,,,,,,,
5727,5269,0.661,,,,,,,,
5728,5269,0.6,,,,,,,,
5729,5269,0.6,,,,,,,,
5730,5270,0.6,,,,,,,,
5731,5271,1.226,,,,,,,,
5732,5272,0.6,,,,,,,,
5733,5273,3.136,,,,,,,,
5734,5274,0.853,,,,,,,,
5735,5275,1.015,,,,,,,,
5736,5276,1.378,,,,,,,,
5737,5277,2.932,,,,,,,,
5738,5278,14.284,,,,,,,3.0,5.8
5739,5279,0.721,,,,,,,,
5740,5280,1.261,,,,,,,,
5741,5280,0.6,,,,,,,,
5742,5280,0.6,,,,,,,,
5743,5281,1.653,,,,,,,,
5744,5282,0.6,,,,,,,,
5745,5283,2.376,,,,,,,,
5746,5284,2.082,,,,,,,,
5747,5285,0.6,,,,,,,,
5748,5286,0.6,,,,,,,,
5749,5287,0.6,,,,,,,,
5750,5288,0.6,,,,,,,,
5751,5289,1.9,,,,,,,,
5752,5290,1.125,,,,,,,,
5753,5291,1.062,,,,,,,,
5754,5292,1.197,,,,,,,,
5755,5293,42.197,,,,,,,,
5756,5294,3.534,,,,,,,,
5757,5294,0.746,,,,,,,,
5758,5295,1.655,,,,,,,,
5759,5296,0.6,,,,,,,,
5760,5297,0.6,,,,,,,,
5761,5298,3.779,,,,,,,,
5762,5299,0.685,,,,,,,,
5763,5300,0.65,,,,,,,,
5764,5301,8.418,,,,,,,,
5765,5302,0.6,,,,,,,,
5766,5303,5.291,,,,,,,,
5767,5304,25.435,,,,,,,3.0,7.1
5768,5305,1.4,,,,,,,,
5769,5306,0.6,,,,,,,,
5770,5307,11.534,,,,,,,,
5771,5308,0.6,,,,,,,,
5772,5309,30.421,,,,,,,3.0,6.1
5773,5310,0.85,,,,,,,,
5774,5311,0.6,,,,,,,,
5775,5312,0.6,,,,,,,,
5776,5313,0.6,,,,,,,,
5777,5314,4.752,,,,,,,,
5778,5314,4.599,,,,,,,,
5779,5314,0.6,,,,,,,,
5780,5315,0.6,,,,,,,,
5781,5316,0.784,,,,,,,,
5782,5317,1.054,,,,,,,,
5783,5318,1.617,,,,,,,,
5784,5319,116.318,,,,,,,3.0,5.3
5785,5320,3.474,,,,,,,,
5786,5321,0.6,,,,,,,,
5787,5322,3.434,,,,,,,,
5788,5323,0.6,,,,,,,,
5789,5324,0.6,,,,,,,,
5790,5325,1.361,,,,,,,,
5791,5326,0.6,,,,,,,,
5792,5327,0.6,,,,,,,,
5793,5328,2.317,,,,,,,,
5794,5328,1.978,,,,,,,,
5795,5329,1.679,,,,,,,,
5796,5330,2.463,,,,,,,,
5797,5331,13.922,,,,,,,1.0,7.5
5798,5332,0.6,,,,,,,,
5799,5333,3.227,,,,,,,,
5800,5334,1.65,,,,,,,,
5801,5335,0.6,,,,,,,,
5802,5336,0.884,,,,,,,,
5803,5337,0.6,,,,,,,,
5804,5338,0.6,,,,,,,,
5805,5339,0.6,,,,,,,,
5806,5340,3.012,,,,,,,,
5807,5340,1.609,,,,,,,,
5808,5340,0.6,,,,,,,,
5809,5340,0.6,,,,,,,,
5810,5341,3.157,,,,,,,,
5811,5342,2.612,,,,,,,,
5812,5343,3.194,,,,,,,,
5813,5344,1.033,,,,,,,,
5814,5345,2.056,,,,,,,,
5815,5346,2.057,,,,,,,,
5816,5347,1.189,,,,,,,,
5817,5348,82.858,,,,,,,3.0,5.6
5818,5349,6.5,,,,,,,,
5819,5350,1.478,,,,,,,,
5820,5351,1.18,,,,,,,,
5821,5352,0.843,,,,,,,,
5822,5353,1.96,,,,,,,,
5823,5353,0.6,,,,,,,,
5824,5354,0.63,,,,,,,,
5825,5355,0.6,,,,,,,,
5826,5356,0.928,,,,,,,,
5827,5357,1.924,,,,,,,,
5828,5358,0.6,,,,,,,,
5829,5359,0.6,,,,,,,,
5830,5360,3.377,,,,,,,,
5831,5361,40.317,,,,,,,,
5832,5362,2.385,,,,,,,,
5833,5363,1.4,,,,,,,,
5834,5364,0.6,,,,,,,,
5835,5365,0.8,,,,,,,,
5836,5366,4.368,,,,,,,,
5837,5367,1.796,,,,,,,,
5838,5368,1.93,,,,,,,,
5839,5369,1.719,,,,,,,,
5840,5370,2.556,,,,,,,,
5841,5371,0.6,,,,,,,,
5842,5372,1.198,,,,,,,,
5843,5373,1.591,,,,,,,,
5844,5374,2.791,,,,,,,,
5845,5375,0.6,,,,,,,,
5846,5376,0.6,,,,,,,,
5847,5377,5.478,,,,,,,,
5848,5378,0.6,,,,,,,,
5849,5379,0.6,,,,,,,,
5850,5380,5.497,,,,,,,,
5851,5381,1.445,,,,,,,,
5852,5382,2.242,,,,,,,,
5853,5383,0.6,,,,,,,,
5854,5384,0.6,,,,,,,,
5855,5385,2.035,,,,,,,,
5856,5386,0.6,,,,,,,,
5857,5387,1.39,,,,,,,,
5858,5387,0.6,,,,,,,,
5859,5388,0.6,,,,,,,,
5860,5389,1.909,,,,,,,,
5861,5390,3.412,,,,,,,,
5862,5391,2.576,,,,,,,,
5863,5392,0.996,,,,,,,,
5864,5393,3.313,,,,,,,,
5865,5394,4.344,,,,,,,,
5866,5395,4.394,,,,,,,,
5867,5396,2.31,,,,,,,,
5868,5397,2.889,,,,,,,,
5869,5398,0.6,,,,,,,,
5870,5399,0.6,,,,,,,,
5871,5400,42.103,,,,,,,3.0,5.0
5872,5400,1.982,,,,,,,3.0,5.0
5873,5400,0.6,,,,,,,3.0,5.0
5874,5400,0.6,,,,,,,3.0,5.0
5875,5400,0.6,,,,,,,3.0,5.0
5876,5401,0.6,,,,,,,,
5877,5402,0.6,,,,,,,,
5878,5403,0.6,,,,,,,,
5879,5404,2.849,,,,,,,,
5880,5405,1.684,,,,,,,,
5881,5406,0.6,,,,,,,,
5882,5407,0.84,,,,,,,,
5883,5408,1.343,,,,,,,,
5884,5409,0.6,,,,,,,,
5885,5410,0.6,,,,,,,,
5886,5411,4.89,,,,,,,,
5887,5411,0.6,,,,,,,,
5888,5412,7.615,,,,,,,,
5889,5413,0.6,,,,,,,,
5890,5414,0.6,,,,,,,,
5891,5415,36.483,,,,,,,,
5892,5415,26.432,,,,,,,,
5893,5416,0.6,,,,,,,,
5894,5417,6.148,,,,,,,,
5895,5417,1.77,,,,,,,,
5896,5417,1.4,,,,,,,,
5897,5417,0.622,,,,,,,,
5898,5417,0.6,,,,,,,,
5899,5417,0.6,,,,,,,,
5900,5418,0.7,,,,,,,,
5901,5419,6.398,,,,,,,,
5902,5420,0.668,,,,,,,,
5903,5421,1.673,,,,,,,,
5904,5422,3.005,,,,,,,,
5905,5423,1.937,,,,,,,,
5906,5424,2.775,,,,,,,,
5907,5425,1.552,,,,,,,,
5908,5426,0.6,,,,,,,,
5909,5427,3.966,,,,,,,,
5910,5428,3.119,,,,,,,,
5911,5429,0.6,,,,,,,,
5912,5430,1.596,,,,,,,,
5913,5431,6.795,,,,,,,,
5914,5432,4.807,,,,,,,,
5915,5433,0.988,,,,,,,,
5916,5434,0.6,,,,,,,,
5917,5435,4.116,,,,,,,,
5918,5436,0.6,,,,,,,,
5919,5437,0.6,,,,,,,,
5920,5438,1.4,,,,,,,,
5921,5439,0.6,,,,,,,,
5922,5440,16.412,,,,,,,,
5923,5441,0.6,,,,,,,,
5924,5441,0.6,,,,,,,,
5925,5441,0.6,,,,,,,,
5926,5442,0.6,,,,,,,,
5927,5443,0.6,,,,,,,,
5928,5444,0.6,,,,,,,,
5929,5445,4.125,,,,,,,,
5930,5446,1.416,,,,,,,,
5931,5446,0.6,,,,,,,,
5932,5447,1.639,,,,,,,,
5933,5447,0.6,,,,,,,,
5934,5448,0.659,,,,,,,,
5935,5449,4.8,,,,,,,,
5936,5450,4.653,,,,,,,,
5937,5451,0.6,,,,,,,,
5938,5452,0.905,,,,,,,,
5939,5453,1.4,,,,,,,,
5940,5454,6.094,,,,,,,,
5941,5455,10.4,,,,,,,,
5942,5456,0.6,,,,,,,,
5943,5457,0.6,,,,,,,,
5944,5458,2.281,,,,,,,,
5945,5459,2.467,,,,,,,,
5946,5460,2.157,,,,,,,,
5947,5461,0.6,,,,,,,,
5948,5462,0.6,,,,,,,,
5949,5463,0.6,,,,,,,,
5950,5464,2.31,,,,,,,,
5951,5465,6.958,,,,,,,,
5952,5466,0.6,,,,,,,,
5953,5467,0.6,,,,,,,,
5954,5468,0.6,,,,,,,,
5955,5469,0.6,,,,,,,,
5956,5470,0.84,,,,,,,,
5957,5471,0.6,,,,,,,,
5958,5472,0.6,,,,,,,,
5959,5472,0.6,,,,,,,,
5960,5473,0.873,,,,,,,,
5961,5474,0.6,,,,,,,,
5962,5475,0.6,,,,,,,,
5963,5476,0.6,,,,,,,,
5964,5477,4.913,,,,,,,,
5965,5478,0.6,,,,,,,,
5966,5479,0.6,,,,,,,,
5967,5480,0.6,,,,,,,,
5968,5481,0.6,,,,,,,,
5969,5482,0.6,,,,,,,,
5970,5483,0.6,,,,,,,,
5971,5484,0.6,,,,,,,,
5972,5485,0.6,,,,,,,,
5973,5486,0.6,,,,,,,,
5974,5487,1.129,,,,,,,,
5975,5488,0.6,,,,,,,,
5976,5489,0.6,,,,,,,,
5977,5490,2.346,,,,,,,,
5978,5491,0.663,,,,,,,,
5979,5492,8.98,,,,,,,3.0,4.5
5980,5493,0.6,,,,,,,,
5981,5494,1.862,,,,,,,,
5982,5495,2.573,,,,,,,,
5983,5496,4.441,,,,,,,,
5984,5497,0.979,,,,,,,,
5985,5498,6.665,,,,,,,,
5986,5499,2.212,,,,,,,,
5987,5500,0.6,,,,,,,,
5988,5501,0.6,,,,,,,,
5989,5502,0.841,,,,,,,,
5990,5502,0.6,,,,,,,,
5991,5503,0.6,,,,,,,,
5992,5504,0.6,,,,,,,,
5993,5505,4.801,,,,,,,,
5994,5506,3.513,,,,,,,,
5995,5506,2.156,,,,,,,,
5996,5506,1.677,,,,,,,,
5997,5506,0.6,,,,,,,,
5998,5507,2.502,,,,,,,,
5999,5508,1.45,,,,,,,,
6000,5509,0.623,,,,,,,,
6001,5510,0.719,,,,,,,,
6002,5511,10.356,,,,,,,,
6003,5512,0.6,,,,,,,,
6004,5513,0.6,,,,,,,,
6005,5514,1.093,,,,,,,,
6006,5515,15.174,,,,,,,3.0,6.2
6007,5516,2.621,,,,,,,,
6008,5517,378.39,,,,,,,,
6009,5518,91.27,,,,,,,,
6010,5519,0.622,,,,,,,,
6011,5520,0.6,,,,,,,,
6012,5521,0.6,,,,,,,,
6013,5522,3.147,,,,,,,1.0,6.7
6014,5523,0.6,,,,,,,,
6015,5524,0.932,,,,,,,,
6016,5525,0.6,,,,,,,,
6017,5526,0.689,,,,,,,,
6018,5526,0.633,,,,,,,,
6019,5527,,1.0,0.0,2013,"Dallas Buyers Club rests squarely on Matthew McConaughey's scrawny shoulders, and he carries the burden gracefully with what might be a career-best performance.",Certified-Fresh,93.0,3.0,8.0
6020,5528,4.039,,,,,,,,
6021,5529,0.6,,,,,,,,
6022,5530,0.6,,,,,,,,
6023,5531,0.841,,,,,,,,
6024,5532,0.6,,,,,,,,
6025,5533,13.287,,,,,,,2.0,6.2
6026,5534,1.4,,,,,,,,
6027,5535,0.6,,,,,,,,
6028,5536,0.6,,,,,,,,
6029,5537,0.6,,,,,,,,
6030,5538,0.6,,,,,,,,
6031,5539,0.6,,,,,,,,
6032,5540,0.6,,,,,,,,
6033,5541,1.587,,,,,,,,
6034,5542,2.484,,,,,,,,
6035,5543,0.6,,,,,,,,
6036,5544,0.6,,,,,,,,
6037,5545,2.774,,,,,,,,
6038,5546,1.093,,,,,,,,
6039,5547,0.6,,,,,,,,
6040,5548,0.6,,,,,,,,
6041,5549,0.6,,,,,,,,
6042,5550,0.855,,,,,,,,
6043,5550,0.6,,,,,,,,
6044,5551,1.4,,,,,,,,
6045,5552,0.6,,,,,,,,
6046,5553,1.04,,,,,,,,
6047,5554,8.049,,,,,,,1.0,5.8
6048,5554,3.428,,,,,,,1.0,5.8
6049,5555,1.917,,,,,,,,
6050,5556,0.6,,,,,,,,
6051,5557,,,,,,,,3.0,7.9
6052,5558,2.689,,,,,,,,
6053,5559,,,,,,,,1.0,8.0
6054,5560,0.916,,,,,,,,
6055,5561,0.6,,,,,,,,
6056,5562,0.6,,,,,,,,
6057,5563,,,,,,,,3.0,8.3
6058,5564,0.6,,,,,,,,
6059,5565,0.883,,,,,,,,
6060,5566,0.6,,,,,,,,
6061,5567,1.147,,,,,,,,
6062,5568,1.927,,,,,,,,
6063,5569,,1.0,0.0,1988,"Stylish, seductive, and clever, Stephen Frears' adaptation is a wickedly entertaining exploration of sexual politics.",Fresh,93.0,3.0,7.6
6064,5570,1.005,,,,,,,,
6065,5571,0.6,,,,,,,,
6066,5572,1.309,,,,,,,,
6067,5573,0.6,,,,,,,,
6068,5574,0.6,,,,,,,,
6069,5575,23.557,,,,,,,,
6070,5576,0.6,,,,,,,,
6071,5577,0.845,,,,,,,,
6072,5578,11.894,,,,,,,,
6073,5579,6.147,,,,,,,,
6074,5580,1.4,,,,,,,,
6075,5581,0.6,,,,,,,,
6076,5581,0.6,,,,,,,,
6077,5582,0.6,,,,,,,,
6078,5583,0.6,,,,,,,,
6079,5584,28.531,,,,,,,,
6080,5585,0.6,,,,,,,,
6081,5586,1.404,,,,,,,,
6082,5587,1.176,,,,,,,,
6083,5588,1.57,,,,,,,,
6084,5589,0.6,,,,,,,,
6085,5590,16.117,,,,,,,,
6086,5591,0.6,,,,,,,,
6087,5592,1.203,,,,,,,,
6088,5593,0.6,,,,,,,,
6089,5594,0.6,,,,,,,,
6090,5595,0.6,,,,,,,,
6091,5596,,,,,,,,,
6092,5597,1.892,,,,,,,,
6093,5598,0.874,,,,,,,,
6094,5599,0.6,,,,,,,,
6095,5600,3.298,,,,,,,,
6096,5601,3.655,,,,,,,,
6097,5602,1.977,,,,,,,,
6098,5603,10.257,,,,,,,,
6099,5604,4.23,,,,,,,,
6100,5605,1.647,,,,,,,,
6101,5606,1.536,,,,,,,,
6102,5607,2.169,,,,,,,,
6103,5608,2.614,,,,,,,,
6104,5609,2.521,,,,,,,,
6105,5610,5.39,,,,,,,,
6106,5611,,,,,,,,1.0,7.6
6107,5612,167.344,,,,,,,,
6108,5613,1.049,,,,,,,,
6109,5614,4.119,,,,,,,,
6110,5615,7.926,,,,,,,,
6111,5616,1.162,,,,,,,,
6112,5617,0.6,,,,,,,,
6113,5618,0.6,,,,,,,,
6114,5619,1.058,,,,,,,,
6115,5620,0.6,,,,,,,,
6116,5621,7.473,,,,,,,,
6117,5622,0.6,,,,,,,,
6118,5623,1.528,,,,,,,,
6119,5624,0.836,,,,,,,,
6120,5625,2.578,,,,,,,,
6121,5626,2.262,,,,,,,,
6122,5626,1.613,,,,,,,,
6123,5627,2.32,,,,,,,,
6124,5628,0.6,,,,,,,,
6125,5629,8.487,,,,,,,,
6126,5629,0.6,,,,,,,,
6127,5630,0.6,,,,,,,,
6128,5631,3.424,,,,,,,,
6129,5632,2.279,,,,,,,,
6130,5633,1.09,,,,,,,,
6131,5634,2.172,,,,,,,,
6132,5634,0.701,,,,,,,,
6133,5635,3.452,,,,,,,,
6134,5636,1.997,,,,,,,,
6135,5637,0.692,,,,,,,,
6136,5638,1.63,,,,,,,,
6137,5639,2.78,,,,,,,,
6138,5640,5.77,,,,,,,,
6139,5640,3.159,,,,,,,,
6140,5640,0.6,,,,,,,,
6141,5641,3.179,,,,,,,,
6142,5642,1.4,,,,,,,,
6143,5643,15.674,,,,,,,,
6144,5643,1.132,,,,,,,,
6145,5643,0.6,,,,,,,,
6146,5644,1.742,,,,,,,,
6147,5645,3.606,,,,,,,3.0,4.7
6148,5646,0.6,,,,,,,,
6149,5647,4.326,,,,,,,,
6150,5647,4.046,,,,,,,,
6151,5648,3.217,,,,,,,,
6152,5649,1.038,,,,,,,,
6153,5649,0.892,,,,,,,,
6154,5650,0.668,,,,,,,,
6155,5651,0.6,,,,,,,,
6156,5652,10.632,,,,,,,,
6157,5653,1.79,,,,,,,,
6158,5654,0.6,,,,,,,,
6159,5655,2.1,,,,,,,,
6160,5656,0.6,,,,,,,2.0,7.5
6161,5657,0.6,,,,,,,,
6162,5658,0.641,,,,,,,,
6163,5659,2.716,,,,,,,,
6164,5659,0.6,,,,,,,,
6165,5660,0.6,,,,,,,,
6166,5661,4.418,,,,,,,,
6167,5662,0.939,,,,,,,,
6168,5663,1.471,,,,,,,,
6169,5664,0.6,,,,,,,,
6170,5665,0.702,,,,,,,,
6171,5666,1.221,,,,,,,,
6172,5667,0.6,,,,,,,,
6173,5668,3.492,,,,,,,,
6174,5669,4.309,,,,,,,,
6175,5670,2.131,,,,,,,,
6176,5671,2.02,,,,,,,,
6177,5672,7.216,,,,,,,,
6178,5673,2.493,,,,,,,,
6179,5674,1.373,,,,,,,,
6180,5675,0.638,,,,,,,,
6181,5676,0.6,,,,,,,,
6182,5677,0.6,,,,,,,,
6183,5678,0.6,,,,,,,,
6184,5679,0.96,,,,,,,,
6185,5680,2.866,,,,,,,,
6186,5681,2.117,,,,,,,,
6187,5682,0.6,,,,,,,,
6188,5683,0.6,,,,,,,,
6189,5684,0.6,,,,,,,,
6190,5685,0.947,,,,,,,,
6191,5686,3.527,,,,,,,,
6192,5687,3.174,,,,,,,,
6193,5688,0.894,,,,,,,,
6194,5689,18.95,,,,,,,2.0,6.3
6195,5690,1.31,,,,,,,,
6196,5691,0.6,,,,,,,,
6197,5692,146.99,,,,,,,,
6198,5693,0.6,,,,,,,,
6199,5694,0.6,,,,,,,,
6200,5695,1.528,,,,,,,,
6201,5696,0.6,,,,,,,,
6202,5697,5.483,,,,,,,,
6203,5698,0.6,,,,,,,,
6204,5699,0.6,,,,,,,,
6205,5700,0.6,,,,,,,,
6206,5701,2.652,,,,,,,,
6207,5702,0.6,,,,,,,,
6208,5703,1.583,,,,,,,,
6209,5704,5.879,,,,,,,3.0,4.8
6210,5705,3.806,,,,,,,,
6211,5706,1.002,,,,,,,,
6212,5707,2.265,,,,,,,,
6213,5708,,1.0,0.0,1939,"Bette Davis does it her way with a tour de force performance in Dark Victory, a moving melodrama that snatches triumph from the jaws of mortality.",Fresh,88.0,3.0,7.5
6214,5709,1.504,,,,,,,,
6215,5710,1.28,,,,,,,,
6216,5711,9.281,,,,,,,1.0,5.6
6217,5712,14.764,,,,,,,3.0,5.6
6218,5712,13.856,,,,,,,3.0,5.6
6219,5712,1.96,,,,,,,3.0,5.6
6220,5712,1.117,,,,,,,3.0,5.6
6221,5712,0.6,,,,,,,3.0,5.6
6222,5712,0.6,,,,,,,3.0,5.6
6223,5713,3.444,,,,,,,,
6224,5713,2.752,,,,,,,,
6225,5714,2.653,,,,,,,,
6226,5715,0.979,,,,,,,,
6227,5716,0.871,,,,,,,,
6228,5717,3.128,,,,,,,,
6229,5718,0.6,,,,,,,,
6230,5719,1.74,,,,,,,,
6231,5720,4.905,,,,,,,,
6232,5720,1.16,,,,,,,,
6233,5720,1.004,,,,,,,,
6234,5721,5.377,,,,,,,,
6235,5722,1.106,,,,,,,,
6236,5723,2.504,,,,,,,,
6237,5724,0.6,,,,,,,,
6238,5725,2.908,,,,,,,,
6239,5726,0.6,,,,,,,,
6240,5727,1.702,,,,,,,,
6241,5728,3.13,,,,,,,,
6242,5729,1.666,,,,,,,,
6243,5730,0.947,,,,,,,,
6244,5731,6.255,,,,,,,,
6245,5732,2.472,,,,,,,,
6246,5733,2.161,,,,,,,,
6247,5734,,1.0,0.0,2017,"Darkest Hour is held together by Gary Oldman's electrifying performance, which brings Winston Churchill to life even when the movie's narrative falters.",Certified-Fresh,84.0,2.0,7.4
6248,5735,0.808,,,,,,,,
6249,5736,2.059,,,,,,,,
6250,5737,1.072,,,,,,,,
6251,5738,2.82,,,,,,,,
6252,5738,0.6,,,,,,,,
6253,5739,8.319,,,,,,,,
6254,5740,7.447,,,,,,,,
6255,5741,8.776,,,,,,,,
6256,5741,1.47,,,,,,,,
6257,5741,0.718,,,,,,,,
6258,5741,0.6,,,,,,,,
6259,5742,0.6,,,,,,,,
6260,5743,0.6,,,,,,,,
6261,5743,0.6,,,,,,,,
6262,5744,18.397,,,,,,,1.0,5.0
6263,5744,1.089,,,,,,,1.0,5.0
6264,5745,3.0,,,,,,,,
6265,5746,5.945,,,,,,,,
6266,5747,0.696,,,,,,,,
6267,5748,1.73,,,,,,,,
6268,5749,1.136,,,,,,,,
6269,5750,2.156,,,,,,,,
6270,5751,0.846,,,,,,,,
6271,5752,1.168,,,,,,,,
6272,5753,0.6,,,,,,,,
6273,5754,8.707,,,,,,,,
6274,5754,3.364,,,,,,,,
6275,5754,0.6,,,,,,,,
6276,5755,0.6,,,,,,,,
6277,5756,1.306,,,,,,,,
6278,5757,1.073,,,,,,,,
6279,5758,2.64,,,,,,,,
6280,5759,1.737,,,,,,,,
6281,5760,1.005,,,,,,,,
6282,5761,23.513,,,,,,,,
6283,5762,4.105,1.0,0.0,1965,,Fresh,67.0,3.0,7.1
6284,5762,2.455,1.0,0.0,1965,,Fresh,67.0,3.0,7.1
6285,5762,1.594,1.0,0.0,1965,,Fresh,67.0,3.0,7.1
6286,5763,1.427,,,,,,,,
6287,5764,2.137,,,,,,,,
6288,5765,2.645,,,,,,,,
6289,5766,0.6,,,,,,,,
6290,5767,1.625,,,,,,,,
6291,5768,0.841,,,,,,,,
6292,5769,,,,,,,,0.0,8.4
6293,5770,,,,,,,,,
6294,5771,1.246,,,,,,,,
6295,5772,,,,,,,,,
6296,5773,0.861,,,,,,,,
6297,5774,0.6,,,,,,,,
6298,5775,0.6,,,,,,,,
6299,5776,0.6,,,,,,,,
6300,5777,0.6,,,,,,,,
6301,5778,0.6,,,,,,,,
6302,5779,,,,,,,,,
6303,5780,4.693,,,,,,,,
6304,5781,0.6,,,,,,,,
6305,5782,0.602,,,,,,,3.0,6.3
6306,5783,1.77,,,,,,,,
6307,5784,0.6,,,,,,,,
6308,5785,1.508,,,,,,,,
6309,5786,0.6,,,,,,,,
6310,5787,0.722,,,,,,,,
6311,5787,0.611,,,,,,,,
6312,5788,4.48,,,,,,,,
6313,5788,2.041,,,,,,,,
6314,5789,8.562,,,,,,,,
6315,5790,0.6,,,,,,,,
6316,5791,0.6,,,,,,,,
6317,5792,1.4,,,,,,,,
6318,5793,2.752,,,,,,,,
6319,5794,0.6,,,,,,,,
6320,5795,0.6,,,,,,,,
6321,5796,0.6,,,,,,,,
6322,5797,1.243,,,,,,,,
6323,5798,6.939,,,,,,,3.0,6.5
6324,5798,0.933,,,,,,,3.0,6.5
6325,5799,0.6,,,,,,,,
6326,5800,15.436,,,,,,,,
6327,5801,1.816,,,,,,,,
6328,5802,1.489,,,,,,,,
6329,5803,0.6,,,,,,,,
6330,5804,12.136,,,,,,,,
6331,5805,0.6,,,,,,,,
6332,5806,0.6,,,,,,,,
6333,5807,0.6,,,,,,,,
6334,5808,1.485,,,,,,,,
6335,5808,0.969,,,,,,,,
6336,5808,0.6,,,,,,,,
6337,5809,2.48,,,,,,,,
6338,5810,0.6,,,,,,,,
6339,5811,0.9,,,,,,,,
6340,5812,0.6,,,,,,,,
6341,5813,0.6,,,,,,,,
6342,5814,3.382,,,,,,,,
6343,5815,41.981,,,,,,,0.0,7.8
6344,5815,41.981,,,,,,,3.0,7.3
6345,5815,25.198,,,,,,,0.0,7.8
6346,5815,25.198,,,,,,,3.0,7.3
6347,5816,1.128,,,,,,,,
6348,5817,2.452,,,,,,,,
6349,5818,,,,,,,,1.0,7.6
6350,5819,2.118,,,,,,,,
6351,5819,1.007,,,,,,,,
6352,5819,0.976,,,,,,,,
6353,5820,5.524,,,,,,,,
6354,5821,1.533,,,,,,,,
6355,5822,1.299,,,,,,,,
6356,5823,0.6,,,,,,,,
6357,5824,2.672,,,,,,,,
6358,5825,0.6,,,,,,,,
6359,5826,449.683,,,,,,,,
6360,5827,17.544,,,,,,,,
6361,5828,1.332,,,,,,,,
6362,5829,2.349,,,,,,,,
6363,5830,10.438,,,,,,,3.0,6.4
6364,5831,0.71,,,,,,,3.0,8.1
6365,5832,4.585,,,,,,,,
6366,5833,15.962,,,,,,,0.0,7.1
6367,5833,10.531,,,,,,,0.0,7.1
6368,5834,6.749,,,,,,,,
6369,5835,27.657,,,,,,,,
6370,5836,0.6,,,,,,,,
6371,5837,4.019,,,,,,,,
6372,5838,0.934,,,,,,,,
6373,5839,0.629,,,,,,,,
6374,5840,0.6,,,,,,,,
6375,5841,3.966,,,,,,,,
6376,5842,2.032,,,,,,,,
6377,5843,2.671,,,,,,,1.0,5.9
6378,5843,1.299,,,,,,,1.0,5.9
6379,5844,8.35,,,,,,,,
6380,5845,0.6,,,,,,,,
6381,5846,0.6,,,,,,,,
6382,5847,4.491,,,,,,,,
6383,5848,,,,,,,,3.0,7.7
6384,5849,0.61,,,,,,,,
6385,5850,0.6,,,,,,,,
6386,5851,0.6,,,,,,,,
6387,5852,,,,,,,,3.0,7.6
6388,5853,0.918,,,,,,,,
6389,5854,0.6,,,,,,,,
6390,5855,0.6,,,,,,,,
6391,5856,0.6,,,,,,,,
6392,5857,1.023,,,,,,,,
6393,5858,8.46,,,,,,,,
6394,5859,0.6,,,,,,,,
6395,5860,2.846,,,,,,,,
6396,5861,1.541,,,,,,,,
6397,5862,6.602,,,,,,,,
6398,5863,11.964,,,,,,,,
6399,5864,1.993,,,,,,,,
6400,5865,4.522,,,,,,,,
6401,5866,2.092,,,,,,,,
6402,5867,0.708,,,,,,,,
6403,5868,20.89,,,,,,,,
6404,5869,0.6,,,,,,,,
6405,5870,5.119,,,,,,,,
6406,5870,0.6,,,,,,,,
6407,5870,0.6,,,,,,,,
6408,5870,0.6,,,,,,,,
6409,5870,0.6,,,,,,,,
6410,5871,0.6,,,,,,,,
6411,5872,4.319,,,,,,,,
6412,5873,10.661,,,,,,,,
6413,5874,0.6,,,,,,,,
6414,5875,6.883,,,,,,,,
6415,5876,1.307,,,,,,,,
6416,5877,9.732,,,,,,,,
6417,5877,0.839,,,,,,,,
6418,5878,1.492,,,,,,,,
6419,5879,1.607,,,,,,,2.0,4.7
6420,5880,0.6,,,,,,,,
6421,5881,2.679,,,,,,,,
6422,5882,3.842,,,,,,,,
6423,5883,0.6,,,,,,,,
6424,5884,0.6,,,,,,,,
6425,5885,0.6,,,,,,,,
6426,5886,19.681,,,,,,,0.0,6.8
6427,5887,4.429,,,,,,,,
6428,5888,1.186,,,,,,,,
6429,5889,1.176,,,,,,,,
6430,5890,1.327,,,,,,,,
6431,5891,0.6,,,,,,,,
6432,5892,0.6,,,,,,,,
6433,5893,0.636,,,,,,,,
6434,5894,1.4,,,,,,,,
6435,5895,1.159,,,,,,,,
6436,5896,2.936,,,,,,,,
6437,5897,1.745,,,,,,,,
6438,5898,1.285,,,,,,,,
6439,5899,0.628,,,,,,,,
6440,5900,2.325,,,,,,,,
6441,5901,12.372,1.0,0.0,1937,,Fresh,91.0,,7.3
6442,5901,2.852,1.0,0.0,1937,,Fresh,91.0,,7.3
6443,5901,1.348,1.0,0.0,1937,,Fresh,91.0,,7.3
6444,5901,1.168,1.0,0.0,1937,,Fresh,91.0,,7.3
6445,5901,1.084,1.0,0.0,1937,,Fresh,91.0,,7.3
6446,5901,0.716,1.0,0.0,1937,,Fresh,91.0,,7.3
6447,5901,0.626,1.0,0.0,1937,,Fresh,91.0,,7.3
6448,5901,0.6,1.0,0.0,1937,,Fresh,91.0,,7.3
6449,5901,0.6,1.0,0.0,1937,,Fresh,91.0,,7.3
6450,5901,0.6,1.0,0.0,1937,,Fresh,91.0,,7.3
6451,5901,0.6,1.0,0.0,1937,,Fresh,91.0,,7.3
6452,5901,0.6,1.0,0.0,1937,,Fresh,91.0,,7.3
6453,5902,0.6,,,,,,,,
6454,5903,0.6,,,,,,,,
6455,5904,6.149,,,,,,,,
6456,5905,0.6,,,,,,,,
6457,5906,1.735,,,,,,,,
6458,5907,0.683,,,,,,,,
6459,5908,0.6,,,,,,,,
6460,5909,0.6,,,,,,,,
6461,5910,0.6,,,,,,,,
6462,5911,0.6,,,,,,,,
6463,5912,0.6,,,,,,,,
6464,5913,1.128,,,,,,,,
6465,5914,0.6,,,,,,,,
6466,5915,1.61,,,,,,,,
6467,5916,0.834,,,,,,,,
6468,5917,1.275,,,,,,,,
6469,5918,1.689,,,,,,,3.0,3.3
6470,5918,0.945,,,,,,,3.0,3.3
6471,5919,0.6,,,,,,,,
6472,5920,0.6,,,,,,,,
6473,5921,0.629,,,,,,,,
6474,5922,0.741,,,,,,,,
6475,5923,7.59,,,,,,,,
6476,5924,3.237,,,,,,,,
6477,5925,3.542,,,,,,,3.0,4.8
6478,5926,0.6,,,,,,,,
6479,5927,0.875,,,,,,,,
6480,5928,0.6,,,,,,,,
6481,5929,1.762,,,,,,,,
6482,5930,1.217,,,,,,,,
6483,5931,1.4,,,,,,,,
6484,5932,2.614,,,,,,,,
6485,5933,0.6,,,,,,,,
6486,5934,0.6,,,,,,,,
6487,5935,0.6,,,,,,,,
6488,5936,1.049,,,,,,,,
6489,5937,1.124,,,,,,,,
6490,5938,0.924,,,,,,,,
6491,5939,0.954,,,,,,,,
6492,5940,0.6,,,,,,,,
6493,5941,1.47,,,,,,,,
6494,5942,0.744,,,,,,,,
6495,5943,0.6,,,,,,,,
6496,5944,0.733,,,,,,,,
6497,5945,,,,,,,,,
6498,5946,0.967,,,,,,,,
6499,5947,5.447,,,,,,,,
6500,5948,2.102,,,,,,,,
6501,5949,0.804,,,,,,,,
6502,5950,,,,,,,,,
6503,5951,3.965,,,,,,,,
6504,5952,2.645,,,,,,,,
6505,5952,0.6,,,,,,,,
6506,5953,2.538,,,,,,,,
6507,5954,2.253,,,,,,,,
6508,5955,6.24,,,,,,,,
6509,5956,1.693,,,,,,,,
6510,5957,6.409,,,,,,,,
6511,5958,2.524,,,,,,,,
6512,5959,0.6,,,,,,,,
6513,5960,0.6,,,,,,,,
6514,5961,,1.0,0.0,1989,Affecting performances from the young cast and a genuinely inspirational turn from Robin Williams grant Peter Weir's prep school drama top honors.,Certified-Fresh,84.0,1.0,8.1
6515,5962,0.919,,,,,,,,
6516,5963,0.6,,,,,,,,
6517,5964,1.465,,,,,,,3.0,7.3
6518,5965,8.842,,,,,,,2.0,7.2
6519,5966,7.732,,,,,,,,
6520,5967,0.771,,,,,,,,
6521,5968,9.027,,,,,,,,
6522,5969,0.937,,,,,,,,
6523,5970,0.6,,,,,,,,
6524,5971,1.996,,,,,,,,
6525,5972,0.6,,,,,,,,
6526,5973,4.551,,,,,,,,
6527,5974,3.677,,,,,,,,
6528,5975,0.6,,,,,,,,
6529,5976,7.724,,,,,,,,
6530,5977,3.704,,,,,,,,
6531,5978,1.169,,,,,,,,
6532,5979,1.283,,,,,,,,
6533,5980,0.777,,,,,,,,
6534,5981,59.495,,,,,,,1.0,6.1
6535,5981,0.6,,,,,,,1.0,6.1
6536,5982,17.114,,,,,,,2.0,6.3
6537,5983,15.94,,,,,,,,
6538,5984,0.6,,,,,,,,
6539,5985,0.684,,,,,,,,
6540,5986,4.637,,,,,,,,
6541,5987,1.426,,,,,,,,
6542,5988,2.943,,,,,,,,
6543,5988,0.6,,,,,,,,
6544,5989,8.832,,,,,,,,
6545,5990,23.337,,,,,,,,
6546,5991,1.489,,,,,,,,
6547,5992,4.373,,,,,,,,
6548,5993,0.6,,,,,,,,
6549,5993,0.6,,,,,,,,
6550,5994,2.003,,,,,,,,
6551,5995,0.6,,,,,,,,
6552,5996,0.871,,,,,,,,
6553,5997,0.6,,,,,,,,
6554,5998,0.923,,,,,,,,
6555,5999,5.644,,,,,,,,
6556,6000,1.27,,,,,,,,
6557,6001,0.6,,,,,,,,
6558,6002,0.6,,,,,,,,
6559,6003,0.6,,,,,,,,
6560,6003,0.6,,,,,,,,
6561,6003,0.6,,,,,,,,
6562,6004,0.6,,,,,,,,
6563,6005,1.674,,,,,,,,
6564,6006,9.854,,,,,,,,
6565,6007,9.111,,,,,,,,
6566,6008,0.6,,,,,,,,
6567,6009,1.627,,,,,,,,
6568,6010,1.808,,,,,,,,
6569,6011,1.195,,,,,,,,
6570,6012,0.6,,,,,,,,
6571,6013,0.6,,,,,,,,
6572,6014,1.732,,,,,,,,
6573,6015,2.759,,,,,,,,
6574,6015,1.886,,,,,,,,
6575,6015,1.808,,,,,,,,
6576,6016,3.39,,,,,,,,
6577,6017,0.6,,,,,,,,
6578,6018,2.663,,,,,,,,
6579,6019,0.6,,,,,,,,
6580,6020,6.281,,,,,,,,
6581,6021,5.833,,,,,,,,
6582,6022,1.678,,,,,,,,
6583,6023,0.6,,,,,,,,
6584,6024,0.6,,,,,,,,
6585,6025,1.824,,,,,,,,
6586,6025,0.883,,,,,,,,
6587,6025,0.6,,,,,,,,
6588,6026,0.6,,,,,,,,
6589,6027,0.6,,,,,,,,
6590,6028,1.176,,,,,,,,
6591,6029,1.306,,,,,,,,
6592,6030,3.271,,,,,,,,
6593,6031,9.423,,,,,,,,
6594,6032,0.939,,,,,,,,
6595,6033,1.082,,,,,,,,
6596,6033,1.016,,,,,,,,
6597,6034,0.6,,,,,,,,
6598,6035,2.067,,,,,,,3.0,7.5
6599,6035,0.909,,,,,,,3.0,7.5
6600,6036,0.6,,,,,,,,
6601,6037,5.149,,,,,,,,
6602,6038,0.608,,,,,,,,
6603,6039,1.948,,,,,,,,
6604,6040,2.424,,,,,,,,
6605,6041,0.62,,,,,,,,
6606,6042,0.6,,,,,,,,
6607,6043,0.6,,,,,,,,
6608,6044,7.087,,,,,,,,
6609,6045,0.6,,,,,,,,
6610,6046,8.855,,,,,,,,
6611,6047,3.433,,,,,,,,
6612,6048,0.6,,,,,,,,
6613,6049,1.757,,,,,,,,
6614,6050,2.77,,,,,,,,
6615,6051,0.6,,,,,,,,
6616,6052,4.791,,,,,,,,
6617,6053,0.6,,,,,,,,
6618,6054,0.6,,,,,,,,
6619,6055,2.631,,,,,,,,
6620,6056,11.47,,,,,,,0.0,5.5
6621,6057,0.671,,,,,,,,
6622,6058,1.88,,,,,,,,
6623,6059,1.17,,,,,,,,
6624,6060,6.882,,,,,,,3.0,4.6
6625,6060,3.35,,,,,,,3.0,4.6
6626,6060,0.6,,,,,,,3.0,4.6
6627,6060,0.6,,,,,,,3.0,4.6
6628,6061,0.871,,,,,,,,
6629,6062,2.769,,,,,,,,
6630,6063,0.6,,,,,,,,
6631,6064,0.6,,,,,,,,
6632,6065,0.6,,,,,,,,
6633,6066,11.138,,,,,,,,
6634,6067,0.6,,,,,,,,
6635,6068,0.6,,,,,,,,
6636,6069,1.947,,,,,,,,
6637,6070,0.842,,,,,,,,
6638,6071,1.218,,,,,,,,
6639,6072,0.629,,,,,,,,
6640,6073,5.732,,,,,,,,
6641,6074,2.527,,,,,,,,
6642,6075,1.585,,,,,,,,
6643,6076,2.016,,,,,,,,
6644,6077,1.78,,,,,,,,
6645,6078,1.236,,,,,,,,
6646,6079,3.787,,,,,,,,
6647,6080,8.379,,,,,,,2.0,5.5
6648,6081,1.4,,,,,,,,
6649,6082,2.99,,,,,,,,
6650,6083,0.6,,,,,,,,
6651,6084,1.048,,,,,,,,
6652,6085,1.404,,,,,,,,
6653,6086,2.493,,,,,,,,
6654,6087,4.237,,,,,,,,
6655,6088,1.136,,,,,,,,
6656,6089,0.6,,,,,,,,
6657,6090,0.909,,,,,,,,
6658,6091,2.26,,,,,,,,
6659,6092,1.157,,,,,,,,
6660,6093,1.96,,,,,,,,
6661,6094,1.648,,,,,,,,
6662,6094,1.34,,,,,,,,
6663,6095,1.388,,,,,,,,
6664,6096,1.183,,,,,,,,
6665,6097,1.015,,,,,,,,
6666,6098,0.6,,,,,,,,
6667,6099,1.754,,,,,,,,
6668,6100,0.955,,,,,,,,
6669,6101,0.6,,,,,,,,
6670,6102,0.6,,,,,,,,
6671,6103,0.976,,,,,,,,
6672,6104,0.809,,,,,,,,
6673,6105,1.316,,,,,,,,
6674,6106,8.012,,,,,,,,
6675,6107,0.6,,,,,,,,
6676,6108,1.435,,,,,,,,
6677,6109,0.651,,,,,,,,
6678,6110,0.84,,,,,,,,
6679,6111,0.6,,,,,,,,
6680,6112,3.806,,,,,,,,
6681,6113,2.047,,,,,,,,
6682,6114,,,,,,,,1.0,8.0
6683,6115,,,,,,,,2.0,7.6
6684,6116,0.6,,,,,,,,
6685,6117,9.209,,,,,,,,
6686,6118,15.126,,,,,,,,
6687,6119,4.655,,,,,,,,
6688,6119,3.021,,,,,,,,
6689,6120,2.413,,,,,,,,
6690,6121,0.6,,,,,,,,
6691,6122,1.47,,,,,,,,
6692,6123,0.6,,,,,,,,
6693,6124,2.151,,,,,,,,
6694,6125,1.623,,,,,,,,
6695,6126,1.27,,,,,,,,
6696,6127,1.17,,,,,,,,
6697,6128,0.6,,,,,,,,
6698,6129,0.6,,,,,,,,
6699,6130,0.612,,,,,,,,
6700,6131,1.317,,,,,,,,
6701,6132,1.021,,,,,,,,
6702,6133,0.6,,,,,,,,
6703,6134,0.6,,,,,,,,
6704,6135,1.529,,,,,,,,
6705,6136,1.064,,,,,,,,
6706,6137,2.931,,,,,,,,
6707,6138,0.872,,,,,,,,
6708,6139,1.4,,,,,,,,
6709,6140,0.6,,,,,,,,
6710,6141,0.6,,,,,,,,
6711,6142,1.206,,,,,,,,
6712,6143,0.6,,,,,,,,
6713,6144,0.6,,,,,,,,
6714,6145,27.116,,,,,,,3.0,6.6
6715,6146,0.6,,,,,,,,
6716,6147,3.007,,,,,,,,
6717,6148,7.31,,,,,,,,
6718,6149,4.984,,,,,,,,
6719,6150,0.6,,,,,,,,
6720,6151,0.6,,,,,,,,
6721,6152,0.6,,,,,,,,
6722,6153,0.6,,,,,,,,
6723,6154,0.61,,,,,,,,
6724,6155,1.736,,,,,,,,
6725,6156,1.103,,,,,,,,
6726,6157,0.629,,,,,,,,
6727,6158,3.734,,,,,,,,
6728,6159,1.051,,,,,,,,
6729,6160,0.6,,,,,,,,
6730,6161,0.753,,,,,,,,
6731,6162,0.6,,,,,,,,
6732,6163,2.324,,,,,,,,
6733,6164,1.2,,,,,,,,
6734,6165,1.68,,,,,,,,
6735,6166,0.6,,,,,,,,
6736,6167,0.6,,,,,,,,
6737,6168,3.571,,,,,,,,
6738,6168,1.796,,,,,,,,
6739,6169,0.6,,,,,,,,
6740,6170,2.167,,,,,,,,
6741,6171,0.954,,,,,,,,
6742,6172,0.6,,,,,,,,
6743,6173,0.6,,,,,,,,
6744,6174,0.6,,,,,,,,
6745,6175,2.284,,,,,,,,
6746,6176,0.6,,,,,,,,
6747,6177,2.191,,,,,,,,
6748,6178,0.6,,,,,,,,
6749,6179,4.495,,,,,,,,
6750,6180,2.2,,,,,,,,
6751,6181,0.6,,,,,,,,
6752,6182,0.6,,,,,,,,
6753,6183,0.621,,,,,,,,
6754,6184,0.659,,,,,,,,
6755,6185,1.878,,,,,,,,
6756,6186,1.4,,,,,,,,
6757,6187,0.709,,,,,,,,
6758,6188,5.848,,,,,,,,
6759,6189,1.4,,,,,,,,
6760,6190,0.6,,,,,,,,
6761,6191,5.76,,,,,,,,
6762,6192,0.83,,,,,,,,
6763,6193,1.072,,,,,,,,
6764,6194,0.982,,,,,,,,
6765,6195,0.6,,,,,,,,
6766,6196,0.6,,,,,,,,
6767,6197,20.539,,,,,,,0.0,4.5
6768,6198,,,,,,,,,
6769,6199,0.6,,,,,,,,
6770,6200,1.302,,,,,,,,
6771,6201,0.6,,,,,,,,
6772,6202,0.6,,,,,,,,
6773,6203,0.6,,,,,,,,
6774,6204,0.6,,,,,,,,
6775,6205,0.6,,,,,,,,
6776,6206,0.6,,,,,,,,
6777,6207,1.252,,,,,,,,
6778,6208,0.6,,,,,,,,
6779,6209,1.369,,,,,,,,
6780,6210,2.712,,,,,,,,
6781,6211,0.6,,,,,,,,
6782,6212,0.6,,,,,,,,
6783,6213,1.798,,,,,,,,
6784,6214,0.888,,,,,,,,
6785,6215,3.444,,,,,,,,
6786,6216,1.183,,,,,,,,
6787,6217,0.749,,,,,,,,
6788,6218,1.249,,,,,,,,
6789,6218,0.744,,,,,,,,
6790,6219,1.467,,,,,,,,
6791,6220,0.6,,,,,,,,
6792,6221,3.021,,,,,,,,
6793,6222,8.187,,,,,,,,
6794,6222,1.18,,,,,,,,
6795,6223,1.001,,,,,,,,
6796,6224,38.78,,,,,,,,
6797,6225,6.711,,,,,,,,
6798,6226,1.067,,,,,,,,
6799,6227,0.6,,,,,,,,
6800,6228,0.6,,,,,,,,
6801,6229,0.6,,,,,,,,
6802,6230,0.6,,,,,,,,
6803,6231,1.371,,,,,,,3.0,5.2
6804,6232,0.683,,,,,,,,
6805,6232,0.6,,,,,,,,
6806,6233,0.816,,,,,,,,
6807,6234,1.374,,,,,,,,
6808,6235,7.804,,,,,,,,
6809,6236,5.702,,,,,,,,
6810,6236,3.845,,,,,,,,
6811,6237,3.389,,,,,,,,
6812,6238,0.6,,,,,,,,
6813,6239,1.809,,,,,,,,
6814,6240,3.192,,,,,,,,
6815,6241,3.746,,,,,,,,
6816,6242,0.6,,,,,,,,
6817,6243,2.691,,,,,,,,
6818,6244,0.6,,,,,,,,
6819,6245,3.318,,,,,,,,
6820,6246,1.113,,,,,,,,
6821,6247,1.4,,,,,,,3.0,6.9
6822,6248,1.077,,,,,,,,
6823,6249,0.6,,,,,,,,
6824,6250,2.645,,,,,,,,
6825,6251,1.406,,,,,,,,
6826,6252,0.6,,,,,,,,
6827,6253,1.971,,,,,,,,
6828,6254,0.693,,,,,,,,
6829,6254,0.6,,,,,,,,
6830,6255,1.28,,,,,,,,
6831,6256,1.517,,,,,,,,
6832,6257,1.147,,,,,,,,
6833,6258,0.6,,,,,,,,
6834,6259,1.629,,,,,,,,
6835,6260,1.9,,,,,,,,
6836,6261,0.6,,,,,,,,
6837,6262,0.84,,,,,,,,
6838,6263,0.698,,,,,,,,
6839,6264,0.6,,,,,,,,
6840,6265,0.6,,,,,,,,
6841,6266,1.049,,,,,,,,
6842,6267,0.969,,,,,,,,
6843,6268,33.787,,,,,,,,
6844,6269,3.698,,,,,,,,
6845,6270,3.133,,,,,,,,
6846,6271,2.327,,,,,,,,
6847,6272,1.172,,,,,,,,
6848,6273,0.6,,,,,,,,
6849,6274,1.228,,,,,,,,
6850,6275,1.388,,,,,,,,
6851,6276,0.6,,,,,,,,
6852,6277,1.086,,,,,,,,
6853,6278,1.785,,,,,,,,
6854,6279,3.058,,,,,,,,
6855,6280,1.627,,,,,,,,
6856,6280,1.579,,,,,,,,
6857,6281,0.6,,,,,,,,
6858,6282,0.6,,,,,,,,
6859,6283,3.91,,,,,,,,
6860,6284,3.0,,,,,,,,
6861,6285,6.111,,,,,,,,
6862,6286,9.075,,,,,,,,
6863,6287,1.843,,,,,,,,
6864,6288,0.6,,,,,,,,
6865,6289,0.6,,,,,,,,
6866,6290,0.686,,,,,,,,
6867,6291,1.726,,,,,,,,
6868,6292,0.911,,,,,,,,
6869,6293,1.686,,,,,,,,
6870,6294,0.6,,,,,,,,
6871,6295,8.372,,,,,,,,
6872,6296,0.6,,,,,,,,
6873,6297,1.257,,,,,,,,
6874,6298,0.6,,,,,,,,
6875,6299,0.6,,,,,,,,
6876,6300,2.892,,,,,,,,
6877,6301,1.4,,,,,,,,
6878,6302,0.6,,,,,,,,
6879,6303,6.193,,,,,,,,
6880,6304,1.4,,,,,,,,
6881,6305,2.341,,,,,,,,
6882,6306,1.776,,,,,,,,
6883,6307,1.902,,,,,,,,
6884,6308,0.6,,,,,,,,
6885,6309,0.6,,,,,,,,
6886,6310,2.068,,,,,,,3.0,3.8
6887,6310,1.701,,,,,,,3.0,3.8
6888,6311,0.86,,,,,,,,
6889,6312,1.4,,,,,,,,
6890,6313,2.569,,,,,,,,
6891,6314,0.6,,,,,,,,
6892,6315,0.6,,,,,,,,
6893,6316,0.6,,,,,,,,
6894,6317,2.596,,,,,,,,
6895,6318,0.6,,,,,,,,
6896,6319,,1.0,0.0,1951,,Fresh,100.0,,7.2
6897,6320,0.6,,,,,,,,
6898,6321,3.779,,,,,,,,
6899,6322,0.6,,,,,,,,
6900,6323,0.931,,,,,,,,
6901,6324,11.004,,,,,,,,
6902,6325,6.46,,,,,,,,
6903,6326,0.6,,,,,,,,
6904,6327,0.6,,,,,,,,
6905,6328,0.6,,,,,,,,
6906,6329,0.6,,,,,,,,
6907,6330,2.817,,,,,,,,
6908,6331,19.294,,,,,,,1.0,5.9
6909,6332,22.013,,,,,,,,
6910,6333,51.476,,,,,,,,
6911,6334,0.681,,,,,,,,
6912,6335,4.307,,,,,,,,
6913,6336,0.6,,,,,,,,
6914,6337,2.975,,,,,,,,
6915,6338,5.583,,,,,,,,
6916,6339,1.842,,,,,,,,
6917,6340,0.6,,,,,,,,
6918,6341,0.989,,,,,,,,
6919,6342,0.673,,,,,,,,
6920,6343,3.561,,,,,,,3.0,4.1
6921,6344,15.668,,,,,,,3.0,7.5
6922,6345,14.3,,,,,,,,
6923,6346,0.6,,,,,,,,
6924,6347,4.813,,,,,,,,
6925,6347,0.6,,,,,,,,
6926,6348,0.6,,,,,,,,
6927,6349,2.874,,,,,,,,
6928,6350,0.693,,,,,,,,
6929,6351,0.6,,,,,,,,
6930,6352,0.918,,,,,,,,
6931,6353,3.359,,,,,,,,
6932,6354,6.754,,,,,,,,
6933,6355,3.885,,,,,,,,
6934,6356,7.769,,,,,,,,
6935,6357,0.6,,,,,,,,
6936,6358,1.75,,,,,,,,
6937,6359,0.6,,,,,,,,
6938,6360,9.29,,,,,,,,
6939,6361,6.359,,,,,,,,
6940,6362,2.703,,,,,,,,
6941,6363,0.6,,,,,,,,
6942,6364,1.577,,,,,,,,
6943,6365,0.6,,,,,,,,
6944,6366,0.6,,,,,,,,
6945,6367,0.6,,,,,,,,
6946,6368,2.501,,,,,,,,
6947,6369,0.6,,,,,,,,
6948,6370,0.6,,,,,,,,
6949,6371,0.6,,,,,,,,
6950,6372,5.181,,,,,,,,
6951,6373,0.669,,,,,,,,
6952,6374,0.6,,,,,,,,
6953,6375,0.6,,,,,,,,
6954,6376,0.6,,,,,,,,
6955,6377,1.971,,,,,,,,
6956,6378,0.891,,,,,,,,
6957,6379,0.6,,,,,,,,
6958,6380,0.6,,,,,,,,
6959,6380,0.6,,,,,,,,
6960,6380,0.6,,,,,,,,
6961,6381,,,,,,,,,
6962,6382,0.6,,,,,,,,
6963,6383,20.746,,,,,,,1.0,5.7
6964,6383,9.078,,,,,,,1.0,5.7
6965,6383,3.302,,,,,,,1.0,5.7
6966,6383,1.4,,,,,,,1.0,5.7
6967,6383,0.899,,,,,,,1.0,5.7
6968,6383,0.888,,,,,,,1.0,5.7
6969,6383,0.6,,,,,,,1.0,5.7
6970,6383,0.6,,,,,,,1.0,5.7
6971,6383,0.6,,,,,,,1.0,5.7
6972,6383,0.6,,,,,,,1.0,5.7
6973,6383,0.6,,,,,,,1.0,5.7
6974,6384,6.601,,,,,,,,
6975,6385,0.6,,,,,,,,
6976,6386,1.4,,,,,,,,
6977,6387,0.6,,,,,,,,
6978,6388,22.676,,,,,,,,
6979,6389,,1.0,0.0,1972,"Given primal verve by John Boorman's unflinching direction and Burt Reynolds' star-making performance, Deliverance is a terrifying adventure.",Certified-Fresh,89.0,1.0,7.7
6980,6390,1.37,,,,,,,,
6981,6391,4.293,,,,,,,,
6982,6392,0.708,,,,,,,,
6983,6393,2.774,,,,,,,,
6984,6394,0.6,,,,,,,,
6985,6395,1.099,,,,,,,,
6986,6395,0.6,,,,,,,,
6987,6395,0.6,,,,,,,,
6988,6396,0.6,,,,,,,,
6989,6397,0.6,,,,,,,,
6990,6398,0.939,,,,,,,,
6991,6399,1.816,,,,,,,,
6992,6399,0.6,,,,,,,,
6993,6399,0.6,,,,,,,,
6994,6400,1.396,,,,,,,,
6995,6401,1.311,,,,,,,,
6996,6402,5.776,,,,,,,,
6997,6402,4.481,,,,,,,,
6998,6402,0.84,,,,,,,,
6999,6402,0.701,,,,,,,,
7000,6402,0.6,,,,,,,,
7001,6403,9.056,,,,,,,3.0,5.7
7002,6403,6.058,,,,,,,3.0,5.7
7003,6404,0.607,,,,,,,,
7004,6405,0.6,,,,,,,,
7005,6406,0.6,,,,,,,,
7006,6407,2.592,,,,,,,,
7007,6408,6.02,,,,,,,,
7008,6408,2.034,,,,,,,,
7009,6408,1.9,,,,,,,,
7010,6408,0.6,,,,,,,,
7011,6409,1.568,,,,,,,,
7012,6410,0.656,,,,,,,,
7013,6411,0.654,,,,,,,,
7014,6412,0.6,,,,,,,,
7015,6413,0.6,,,,,,,,
7016,6414,0.6,,,,,,,,
7017,6415,0.6,,,,,,,,
7018,6416,0.6,,,,,,,,
7019,6417,0.84,,,,,,,,
7020,6418,5.927,,,,,,,,
7021,6419,1.467,,,,,,,,
7022,6420,1.516,,,,,,,,
7023,6421,0.65,,,,,,,,
7024,6422,0.635,,,,,,,,
7025,6423,3.875,,,,,,,,
7026,6424,0.6,,,,,,,,
7027,6425,1.4,,,,,,,,
7028,6425,0.961,,,,,,,,
7029,6426,0.84,,,,,,,,
7030,6427,2.093,,,,,,,,
7031,6428,2.548,,,,,,,,
7032,6429,4.521,,,,,,,,
7033,6430,3.449,,,,,,,,
7034,6430,2.51,,,,,,,,
7035,6430,1.365,,,,,,,,
7036,6430,0.95,,,,,,,,
7037,6431,0.938,,,,,,,,
7038,6432,0.6,,,,,,,,
7039,6433,0.6,,,,,,,,
7040,6434,7.161,,,,,,,,
7041,6435,1.282,,,,,,,,
7042,6436,5.29,,,,,,,,
7043,6437,0.6,,,,,,,,
7044,6438,1.162,,,,,,,,
7045,6439,3.933,,,,,,,,
7046,6440,0.679,,,,,,,,
7047,6441,0.6,,,,,,,,
7048,6442,0.628,,,,,,,,
7049,6443,0.6,,,,,,,,
7050,6444,0.6,,,,,,,,
7051,6445,0.633,,,,,,,,
7052,6446,0.891,,,,,,,,
7053,6447,0.6,,,,,,,,
7054,6448,1.645,,,,,,,,
7055,6449,9.724,,,,,,,,
7056,6450,1.925,,,,,,,,
7057,6451,0.6,,,,,,,,
7058,6452,18.059,,,,,,,,
7059,6453,0.6,,,,,,,,
7060,6454,0.6,,,,,,,,
7061,6455,0.6,,,,,,,,
7062,6456,2.909,,,,,,,,
7063,6457,0.6,,,,,,,,
7064,6458,1.036,,,,,,,,
7065,6459,0.84,,,,,,,,
7066,6460,1.463,,,,,,,,
7067,6461,3.08,,,,,,,,
7068,6462,0.862,,,,,,,,
7069,6463,0.84,,,,,,,,
7070,6464,0.6,,,,,,,,
7071,6465,0.6,,,,,,,,
7072,6466,0.912,,,,,,,,
7073,6467,1.141,,,,,,,,
7074,6468,0.6,,,,,,,,
7075,6469,0.6,,,,,,,,
7076,6470,1.314,,,,,,,,
7077,6471,0.6,,,,,,,,
7078,6472,1.903,,,,,,,,
7079,6473,0.984,,,,,,,,
7080,6474,0.743,,,,,,,,
7081,6475,0.6,,,,,,,,
7082,6476,1.151,,,,,,,,
7083,6477,0.6,,,,,,,,
7084,6478,0.6,,,,,,,,
7085,6479,0.998,,,,,,,,
7086,6480,3.748,,,,,,,,
7087,6481,0.6,,,,,,,,
7088,6482,110.83,,,,,,,,
7089,6482,9.962,,,,,,,,
7090,6483,1.793,,,,,,,,
7091,6484,0.6,,,,,,,,
7092,6485,7.424,,,,,,,,
7093,6486,5.16,,,,,,,,
7094,6487,0.84,,,,,,,,
7095,6488,2.462,,,,,,,,
7096,6489,0.623,,,,,,,,
7097,6490,0.6,,,,,,,,
7098,6491,5.944,,,,,,,,
7099,6492,12.433,,,,,,,,
7100,6492,4.302,,,,,,,,
7101,6492,3.525,,,,,,,,
7102,6492,0.629,,,,,,,,
7103,6492,0.6,,,,,,,,
7104,6492,0.6,,,,,,,,
7105,6493,10.111,,,,,,,,
7106,6494,0.654,,,,,,,,
7107,6495,0.98,,,,,,,,
7108,6496,2.468,,,,,,,,
7109,6497,0.6,,,,,,,,
7110,6498,0.6,,,,,,,,
7111,6499,0.6,,,,,,,,
7112,6500,0.6,,,,,,,,
7113,6501,0.77,,,,,,,,
7114,6502,3.565,,,,,,,,
7115,6503,0.6,,,,,,,,
7116,6504,1.961,,,,,,,,
7117,6505,2.374,,,,,,,,
7118,6506,2.401,,,,,,,,
7119,6507,0.6,,,,,,,,
7120,6508,0.6,,,,,,,,
7121,6509,0.847,,,,,,,,
7122,6510,0.844,,,,,,,,
7123,6511,0.6,,,,,,,,
7124,6512,0.657,,,,,,,,
7125,6513,0.6,,,,,,,,
7126,6514,0.6,,,,,,,,
7127,6515,0.6,,,,,,,,
7128,6516,0.6,,,,,,,,
7129,6517,0.972,,,,,,,1.0,5.4
7130,6518,0.6,,,,,,,,
7131,6519,0.6,,,,,,,,
7132,6520,0.6,,,,,,,,
7133,6521,2.971,,,,,,,,
7134,6522,0.6,,,,,,,,
7135,6523,0.6,,,,,,,,
7136,6524,0.84,,,,,,,,
7137,6525,3.936,,,,,,,,
7138,6525,0.6,,,,,,,,
7139,6526,0.6,,,,,,,,
7140,6527,1.232,,,,,,,,
7141,6528,0.6,,,,,,,,
7142,6529,0.6,,,,,,,,
7143,6530,0.6,,,,,,,,
7144,6531,,,,,,,,,
7145,6532,,,,,,,,,
7146,6533,0.6,,,,,,,,
7147,6534,0.811,,,,,,,,
7148,6535,0.6,,,,,,,,
7149,6536,0.6,,,,,,,,
7150,6537,0.6,,,,,,,,
7151,6538,,,,,,,,,
7152,6539,0.6,,,,,,,,
7153,6540,0.6,,,,,,,,
7154,6541,0.6,,,,,,,,
7155,6542,6.79,,,,,,,,
7156,6542,2.829,,,,,,,,
7157,6542,0.963,,,,,,,,
7158,6543,0.6,,,,,,,,
7159,6544,0.6,,,,,,,,
7160,6545,0.933,,,,,,,,
7161,6546,0.6,,,,,,,,
7162,6547,0.6,,,,,,,,
7163,6548,1.121,,,,,,,,
7164,6549,2.156,,,,,,,,
7165,6550,1.425,,,,,,,,
7166,6551,0.6,,,,,,,,
7167,6552,1.458,,,,,,,,
7168,6553,1.644,,,,,,,,
7169,6554,2.881,,,,,,,,
7170,6555,0.6,,,,,,,,
7171,6556,0.611,,,,,,,,
7172,6557,1.297,,,,,,,,
7173,6558,0.6,,,,,,,,
7174,6559,0.6,,,,,,,,
7175,6560,1.043,,,,,,,,
7176,6561,0.6,,,,,,,,
7177,6562,1.124,,,,,,,,
7178,6563,0.6,,,,,,,,
7179,6564,0.6,,,,,,,,
7180,6565,0.6,,,,,,,,
7181,6566,0.955,,,,,,,,
7182,6567,0.6,,,,,,,,
7183,6568,3.525,,,,,,,,
7184,6568,0.6,,,,,,,,
7185,6569,0.6,,,,,,,,
7186,6570,1.126,,,,,,,,
7187,6571,1.423,,,,,,,,
7188,6572,10.339,,,,,,,,
7189,6573,,,,,,,,3.0,7.6
7190,6574,0.821,,,,,,,,
7191,6575,1.701,,,,,,,,
7192,6576,0.6,,,,,,,,
7193,6577,0.6,,,,,,,,
7194,6578,2.801,,,,,,,,
7195,6579,1.055,,,,,,,,
7196,6580,0.64,,,,,,,,
7197,6581,0.6,,,,,,,,
7198,6582,2.29,,,,,,,3.0,6.2
7199,6583,,,,,,,,,
7200,6584,,,,,,,,3.0,7.7
7201,6585,0.6,,,,,,,,
7202,6586,1.94,,,,,,,,
7203,6587,15.983,,,,,,,3.0,5.6
7204,6587,8.147,,,,,,,3.0,5.6
7205,6587,2.922,,,,,,,3.0,5.6
7206,6587,0.6,,,,,,,3.0,5.6
7207,6588,7.519,,,,,,,,
7208,6589,1.693,,,,,,,1.0,7.3
7209,6589,1.606,,,,,,,1.0,7.3
7210,6590,0.6,,,,,,,,
7211,6591,0.6,,,,,,,,
7212,6592,0.6,,,,,,,,
7213,6593,0.998,,,,,,,,
7214,6594,0.6,,,,,,,,
7215,6595,0.6,,,,,,,,
7216,6596,,,,,,,,,
7217,6597,0.899,,,,,,,,
7218,6598,0.6,,,,,,,,
7219,6599,2.56,,,,,,,,
7220,6600,3.036,,,,,,,,
7221,6601,1.671,,,,,,,,
7222,6602,1.0,,,,,,,,
7223,6603,27.48,,,,,,,3.0,6.3
7224,6604,0.678,,,,,,,,
7225,6605,0.6,,,,,,,,
7226,6606,0.876,,,,,,,,
7227,6607,0.6,,,,,,,,
7228,6608,0.6,,,,,,,,
7229,6609,4.747,,,,,,,,
7230,6610,4.802,,,,,,,,
7231,6611,0.6,,,,,,,,
7232,6612,3.595,,,,,,,,
7233,6613,2.141,,,,,,,,
7234,6614,11.276,,,,,,,,
7235,6615,1.486,,,,,,,,
7236,6616,1.406,,,,,,,,
7237,6617,0.6,,,,,,,,
7238,6618,0.6,,,,,,,,
7239,6619,1.123,,,,,,,,
7240,6620,0.6,,,,,,,,
7241,6621,0.6,,,,,,,,
7242,6622,0.6,,,,,,,,
7243,6622,0.6,,,,,,,,
7244,6623,0.6,,,,,,,,
7245,6624,0.6,,,,,,,,
7246,6625,2.351,,,,,,,,
7247,6626,0.881,,,,,,,,
7248,6627,1.224,,,,,,,,
7249,6628,0.679,,,,,,,,
7250,6629,0.6,,,,,,,,
7251,6630,0.6,,,,,,,,
7252,6631,6.683,,,,,,,,
7253,6632,1.254,,,,,,,,
7254,6633,0.6,,,,,,,,
7255,6634,0.6,,,,,,,,
7256,6635,0.6,,,,,,,,
7257,6636,0.6,,,,,,,,
7258,6637,1.695,,,,,,,,
7259,6638,3.282,,,,,,,,
7260,6639,0.6,,,,,,,,
7261,6640,0.6,,,,,,,,
7262,6641,0.6,,,,,,,,
7263,6642,2.039,,,,,,,,
7264,6643,6.41,,,,,,,,
7265,6644,4.415,,,,,,,,
7266,6645,0.6,,,,,,,,
7267,6646,0.6,,,,,,,,
7268,6647,0.745,,,,,,,,
7269,6648,0.6,,,,,,,,
7270,6649,3.503,,,,,,,,
7271,6650,0.704,,,,,,,,
7272,6651,2.819,,,,,,,,
7273,6652,0.6,,,,,,,,
7274,6653,1.731,,,,,,,,
7275,6654,1.4,,,,,,,,
7276,6655,2.611,,,,,,,,
7277,6656,3.48,,,,,,,,
7278,6657,3.898,,,,,,,,
7279,6657,0.6,,,,,,,,
7280,6658,20.748,,,,,,,,
7281,6658,0.6,,,,,,,,
7282,6659,1.025,,,,,,,,
7283,6660,0.747,,,,,,,,
7284,6661,1.4,,,,,,,,
7285,6662,1.078,,,,,,,,
7286,6663,0.6,,,,,,,,
7287,6664,0.6,,,,,,,,
7288,6665,10.873,,,,,,,,
7289,6666,2.214,,,,,,,,
7290,6667,4.877,,,,,,,,
7291,6668,0.936,,,,,,,,
7292,6669,2.413,,,,,,,,
7293,6669,0.965,,,,,,,,
7294,6669,0.6,,,,,,,,
7295,6669,0.6,,,,,,,,
7296,6670,0.6,,,,,,,,
7297,6671,1.739,,,,,,,,
7298,6672,5.944,,,,,,,,
7299,6673,0.6,,,,,,,,
7300,6674,1.029,,,,,,,,
7301,6675,1.758,,,,,,,,
7302,6675,0.617,,,,,,,,
7303,6676,0.6,,,,,,,,
7304,6677,0.6,,,,,,,,
7305,6678,2.587,,,,,,,,
7306,6679,2.595,,,,,,,,
7307,6680,0.6,,,,,,,,
7308,6681,1.816,,,,,,,,
7309,6682,2.77,,,,,,,,
7310,6683,1.805,,,,,,,,
7311,6684,1.198,,,,,,,,
7312,6685,3.775,,,,,,,,
7313,6686,1.236,,,,,,,,
7314,6687,25.084,,,,,,,,
7315,6688,1.4,,,,,,,,
7316,6689,2.964,,,,,,,,
7317,6690,1.031,,,,,,,,
7318,6691,4.753,,,,,,,,
7319,6692,4.882,,,,,,,,
7320,6693,4.17,,,,,,,,
7321,6694,3.799,,,,,,,,
7322,6695,1.527,,,,,,,,
7323,6696,0.6,,,,,,,,
7324,6697,1.78,,,,,,,3.0,4.9
7325,6698,1.991,,,,,,,,
7326,6699,0.6,,,,,,,,
7327,6700,0.6,,,,,,,,
7328,6701,1.319,,,,,,,,
7329,6702,0.6,,,,,,,,
7330,6703,0.9,,,,,,,3.0,6.6
7331,6703,0.6,,,,,,,3.0,6.6
7332,6704,0.6,,,,,,,,
7333,6705,2.766,,,,,,,,
7334,6706,0.6,,,,,,,,
7335,6707,0.6,,,,,,,,
7336,6708,1.102,,,,,,,,
7337,6709,1.861,,,,,,,,
7338,6710,0.6,,,,,,,,
7339,6711,0.84,,,,,,,,
7340,6712,0.6,,,,,,,,
7341,6713,0.6,,,,,,,,
7342,6714,0.6,,,,,,,,
7343,6715,0.6,,,,,,,,
7344,6716,0.6,,,,,,,,
7345,6717,1.226,,,,,,,,
7346,6718,0.6,,,,,,,,
7347,6719,2.257,,,,,,,,
7348,6720,0.6,,,,,,,,
7349,6721,0.6,,,,,,,,
7350,6722,0.6,,,,,,,,
7351,6723,10.666,,,,,,,3.0,8.1
7352,6723,8.808,,,,,,,3.0,8.1
7353,6723,0.613,,,,,,,3.0,8.1
7354,6724,0.6,,,,,,,,
7355,6725,0.6,,,,,,,,
7356,6726,0.84,,,,,,,,
7357,6727,0.6,,,,,,,,
7358,6728,1.843,,,,,,,,
7359,6729,0.6,,,,,,,,
7360,6730,3.222,,,,,,,,
7361,6731,,,,,,,,0.0,8.2
7362,6732,2.013,,,,,,,,
7363,6733,0.6,,,,,,,,
7364,6734,0.823,,,,,,,,
7365,6735,5.313,,,,,,,,
7366,6736,1.454,,,,,,,,
7367,6737,2.066,,,,,,,,
7368,6738,,,,,,,,,
7369,6739,0.6,,,,,,,,
7370,6740,1.531,,,,,,,,
7371,6741,0.6,,,,,,,,
7372,6742,0.6,,,,,,,,
7373,6743,2.632,,,,,,,,
7374,6744,0.6,,,,,,,,
7375,6745,2.925,,,,,,,,
7376,6746,0.6,,,,,,,,
7377,6747,1.538,,,,,,,,
7378,6747,1.322,,,,,,,,
7379,6748,2.088,,,,,,,,
7380,6749,6.875,,,,,,,,
7381,6750,10.191,,,,,,,3.0,5.5
7382,6751,1.037,,,,,,,,
7383,6752,1.224,,,,,,,,
7384,6753,1.62,,,,,,,,
7385,6754,0.6,,,,,,,,
7386,6755,0.93,,,,,,,,
7387,6756,0.6,,,,,,,,
7388,6757,0.6,,,,,,,,
7389,6758,0.6,,,,,,,,
7390,6759,1.207,,,,,,,,
7391,6760,,,,,,,,3.0,8.2
7392,6761,1.844,,,,,,,,
7393,6762,,,,,,,,1.0,7.6
7394,6763,2.061,,,,,,,,
7395,6764,0.6,,,,,,,,
7396,6765,0.6,,,,,,,,
7397,6766,1.609,,,,,,,,
7398,6767,0.6,,,,,,,,
7399,6768,0.6,,,,,,,,
7400,6769,0.6,,,,,,,,
7401,6770,0.6,,,,,,,,
7402,6771,1.789,,,,,,,,
7403,6771,0.655,,,,,,,,
7404,6772,0.958,,,,,,,,
7405,6773,,,,,,,,3.0,7.6
7406,6774,2.233,,,,,,,1.0,4.2
7407,6775,0.809,,,,,,,,
7408,6776,2.429,,,,,,,,
7409,6777,0.6,,,,,,,,
7410,6778,2.523,,,,,,,,
7411,6779,0.6,,,,,,,,
7412,6780,0.6,,,,,,,,
7413,6781,0.6,,,,,,,,
7414,6782,5.485,,,,,,,,
7415,6783,0.6,,,,,,,,
7416,6784,1.863,,,,,,,,
7417,6785,0.6,,,,,,,,
7418,6786,0.6,,,,,,,,
7419,6787,0.6,,,,,,,,
7420,6788,0.6,,,,,,,,
7421,6789,0.6,,,,,,,,
7422,6790,0.6,,,,,,,,
7423,6791,5.135,,,,,,,,
7424,6792,1.4,,,,,,,,
7425,6793,2.871,,,,,,,,
7426,6794,1.144,,,,,,,,
7427,6795,6.837,,,,,,,,
7428,6796,2.726,,,,,,,,
7429,6797,1.069,,,,,,,,
7430,6798,1.532,,,,,,,,
7431,6799,0.6,,,,,,,,
7432,6800,0.6,,,,,,,,
7433,6801,,,,,,,,,
7434,6802,,,,,,,,,
7435,6803,0.6,,,,,,,,
7436,6804,1.163,,,,,,,,
7437,6804,0.884,,,,,,,,
7438,6805,0.6,,,,,,,,
7439,6806,,,,,,,,3.0,8.0
7440,6807,1.783,,,,,,,,
7441,6808,0.6,,,,,,,,
7442,6809,1.612,,,,,,,,
7443,6810,0.6,,,,,,,,
7444,6811,0.664,,,,,,,,
7445,6812,1.4,,,,,,,,
7446,6813,0.6,,,,,,,,
7447,6814,0.6,,,,,,,,
7448,6815,0.6,,,,,,,,
7449,6816,0.6,,,,,,,,
7450,6817,0.6,,,,,,,,
7451,6818,0.6,,,,,,,,
7452,6819,1.34,,,,,,,,
7453,6820,0.6,,,,,,,,
7454,6821,2.197,,,,,,,,
7455,6822,5.377,,,,,,,,
7456,6823,9.562,,,,,,,,
7457,6824,0.6,,,,,,,,
7458,6825,0.6,,,,,,,,
7459,6826,0.65,,,,,,,,
7460,6827,59.573,,,,,,,,
7461,6828,6.224,,,,,,,,
7462,6829,1.506,,,,,,,,
7463,6830,,,,,,,,,
7464,6831,1.314,,,,,,,,
7465,6832,1.351,,,,,,,,
7466,6833,1.346,,,,,,,,
7467,6834,3.548,,,,,,,,
7468,6834,0.6,,,,,,,,
7469,6835,0.6,,,,,,,,
7470,6836,0.6,,,,,,,,
7471,6837,0.624,,,,,,,,
7472,6838,0.976,,,,,,,,
7473,6839,0.6,,,,,,,,
7474,6840,,,,,,,,0.0,7.7
7475,6841,0.6,,,,,,,,
7476,6842,2.364,,,,,,,,
7477,6843,4.298,,,,,,,,
7478,6843,0.6,,,,,,,,
7479,6844,5.527,,,,,,,,
7480,6845,0.848,,,,,,,,
7481,6846,21.967,,,,,,,,
7482,6847,0.6,,,,,,,,
7483,6848,0.6,,,,,,,,
7484,6849,3.244,,,,,,,,
7485,6850,2.432,,,,,,,,
7486,6851,1.134,,,,,,,,
7487,6851,0.64,,,,,,,,
7488,6852,0.6,,,,,,,,
7489,6853,2.763,,,,,,,,
7490,6854,0.6,,,,,,,,
7491,6855,0.674,,,,,,,,
7492,6856,0.6,,,,,,,,
7493,6857,0.6,,,,,,,,
7494,6858,1.077,,,,,,,,
7495,6859,0.6,,,,,,,,
7496,6860,0.678,,,,,,,,
7497,6861,0.6,,,,,,,,
7498,6861,0.6,,,,,,,,
7499,6862,1.393,,,,,,,,
7500,6863,0.6,,,,,,,,
7501,6864,1.597,,,,,,,,
7502,6865,1.658,,,,,,,,
7503,6866,7.504,,,,,,,,
7504,6867,0.6,,,,,,,,
7505,6868,0.6,,,,,,,,
7506,6869,1.181,,,,,,,,
7507,6870,2.281,,,,,,,,
7508,6871,0.6,,,,,,,,
7509,6872,0.6,,,,,,,,
7510,6873,0.6,,,,,,,,
7511,6874,0.6,,,,,,,,
7512,6875,0.626,,,,,,,,
7513,6876,0.6,,,,,,,,
7514,6877,0.6,,,,,,,,
7515,6878,0.686,,,,,,,,
7516,6878,0.6,,,,,,,,
7517,6879,0.6,,,,,,,,
7518,6880,,1.0,0.0,2009,"Technically brilliant and emotionally wrenching, District 9 has action, imagination, and all the elements of a thoroughly entertaining science-fiction classic.",Certified-Fresh,90.0,1.0,7.9
7519,6881,0.6,,,,,,,,
7520,6882,1.216,,,,,,,,
7521,6882,0.911,,,,,,,,
7522,6882,0.6,,,,,,,,
7523,6882,0.6,,,,,,,,
7524,6883,11.478,,,,,,,1.0,5.6
7525,6884,3.308,,,,,,,,
7526,6885,2.97,,,,,,,,
7527,6886,1.815,,,,,,,,
7528,6886,0.876,,,,,,,,
7529,6887,0.6,,,,,,,,
7530,6888,0.6,,,,,,,,
7531,6889,0.6,,,,,,,,
7532,6890,0.839,,,,,,,,
7533,6891,0.6,,,,,,,,
7534,6892,1.123,,,,,,,,
7535,6893,0.6,,,,,,,,
7536,6894,0.6,,,,,,,,
7537,6895,1.451,,,,,,,,
7538,6896,,1.0,0.0,2012,"Bold, bloody, and stylistically daring, Django Unchained is another incendiary masterpiece from Quentin Tarantino.",Certified-Fresh,87.0,1.0,8.4
7539,6897,1.778,,,,,,,0.0,6.1
7540,6898,4.708,,,,,,,,
7541,6899,0.6,,,,,,,,
7542,6900,1.171,,,,,,,,
7543,6901,0.65,,,,,,,,
7544,6902,0.6,,,,,,,,
7545,6903,0.6,,,,,,,,
7546,6904,2.347,,,,,,,,
7547,6904,1.474,,,,,,,,
7548,6904,0.6,,,,,,,,
7549,6905,0.6,,,,,,,,
7550,6906,0.6,,,,,,,,
7551,6907,6.952,,,,,,,,
7552,6908,0.6,,,,,,,,
7553,6909,3.221,,,,,,,,
7554,6910,1.698,,,,,,,,
7555,6911,0.6,,,,,,,,
7556,6912,1.269,,,,,,,,
7557,6913,0.6,,,,,,,,
7558,6914,2.757,,,,,,,,
7559,6915,0.6,,,,,,,,
7560,6916,,,,,,,,,
7561,6917,0.6,,,,,,,,
7562,6918,,,,,,,,2.0,8.0
7563,6919,2.358,,,,,,,,
7564,6920,0.6,,,,,,,,
7565,6921,1.7,,,,,,,,
7566,6922,2.161,,,,,,,,
7567,6923,0.6,,,,,,,,
7568,6924,2.289,,,,,,,,
7569,6925,1.551,,,,,,,,
7570,6926,1.4,,,,,,,,
7571,6927,,1.0,0.0,1967,,Rotten,29.0,2.0,6.2
7572,6928,1.646,,,,,,,,
7573,6929,1.397,,,,,,,,
7574,6930,0.6,,,,,,,,
7575,6931,0.6,,,,,,,,
7576,6932,4.156,,,,,,,,
7577,6933,1.4,,,,,,,,
7578,6934,0.6,,,,,,,,
7579,6935,29.402,,,,,,,3.0,7.3
7580,6935,6.75,,,,,,,3.0,7.3
7581,6936,0.707,,,,,,,,
7582,6937,0.703,,,,,,,,
7583,6938,0.65,,,,,,,,
7584,6939,1.244,,,,,,,,
7585,6940,0.871,,,,,,,,
7586,6941,,1.0,0.0,1965,"It may not be the best of David Lean's epics, but Dr. Zhivago is still brilliantly photographed and sweepingly romantic.",Certified-Fresh,84.0,1.0,8.0
7587,6942,0.894,,,,,,,,
7588,6942,0.818,,,,,,,,
7589,6943,2.974,,,,,,,,
7590,6944,1.29,,,,,,,,
7591,6945,0.6,,,,,,,,
7592,6946,,1.0,0.0,1936,,Fresh,90.0,,7.8
7593,6947,0.6,,,,,,,,
7594,6948,,1.0,0.0,1975,"Framed by great work from director Sidney Lumet and fueled by a gripping performance from Al Pacino, Dog Day Afternoon offers a finely detailed snapshot of people in crisis with tension-soaked drama shaded in black humor.",Certified-Fresh,96.0,3.0,8.0
7595,6949,0.6,,,,,,,,
7596,6950,0.6,,,,,,,,
7597,6951,1.177,,,,,,,,
7598,6952,5.324,,,,,,,,
7599,6953,0.695,,,,,,,,
7600,6954,16.107,,,,,,,0.0,6.8
7601,6955,0.6,,,,,,,,
7602,6956,0.6,,,,,,,,
7603,6957,0.758,,,,,,,,
7604,6958,1.288,,,,,,,,
7605,6959,0.6,,,,,,,,
7606,6960,8.344,,,,,,,,
7607,6961,1.089,,,,,,,,
7608,6962,1.4,,,,,,,,
7609,6963,1.987,,,,,,,,
7610,6964,3.638,,,,,,,,
7611,6965,3.153,,,,,,,,
7612,6966,3.341,,,,,,,,
7613,6967,,,,,,,,3.0,8.0
7614,6968,0.6,,,,,,,,
7615,6969,1.011,,,,,,,,
7616,6970,0.6,,,,,,,,
7617,6971,0.6,,,,,,,,
7618,6972,3.049,,,,,,,,
7619,6973,1.54,,,,,,,,
7620,6973,0.6,,,,,,,,
7621,6974,1.56,,,,,,,,
7622,6975,0.989,,,,,,,,
7623,6976,2.238,,,,,,,,
7624,6977,2.276,,,,,,,,
7625,6978,0.6,,,,,,,,
7626,6979,0.6,,,,,,,,
7627,6980,0.6,,,,,,,,
7628,6981,0.851,,,,,,,,
7629,6982,0.915,,,,,,,,
7630,6982,0.6,,,,,,,,
7631,6983,0.6,,,,,,,,
7632,6984,1.716,,,,,,,,
7633,6985,4.523,,,,,,,,
7634,6986,8.462,,,,,,,,
7635,6986,4.156,,,,,,,,
7636,6986,0.6,,,,,,,,
7637,6987,1.477,,,,,,,,
7638,6988,8.268,,,,,,,,
7639,6989,0.6,,,,,,,,
7640,6990,,,,,,,,,
7641,6991,1.183,,,,,,,,
7642,6992,0.6,,,,,,,,
7643,6993,0.6,,,,,,,,
7644,6994,0.6,,,,,,,,
7645,6995,0.6,,,,,,,,
7646,6996,3.005,,,,,,,,
7647,6997,0.6,,,,,,,,
7648,6998,0.642,,,,,,,,
7649,6999,23.695,,,,,,,,
7650,7000,2.285,,,,,,,,
7651,7001,0.6,,,,,,,,
7652,7002,0.6,,,,,,,,
7653,7003,1.463,,,,,,,,
7654,7004,0.78,,,,,,,,
7655,7005,0.6,,,,,,,,
7656,7006,4.037,,,,,,,,
7657,7007,0.6,,,,,,,,
7658,7008,0.675,,,,,,,,
7659,7009,4.978,,,,,,,,
7660,7010,18.462,,,,,,,,
7661,7010,4.313,,,,,,,,
7662,7011,0.754,,,,,,,,
7663,7012,10.401,,,,,,,,
7664,7012,0.6,,,,,,,,
7665,7013,53.069,,,,,,,,
7666,7014,196.003,,,,,,,,
7667,7015,3.632,,,,,,,,
7668,7015,1.211,,,,,,,,
7669,7016,0.6,,,,,,,,
7670,7017,0.6,,,,,,,,
7671,7018,5.381,,,,,,,,
7672,7019,0.675,,,,,,,,
7673,7020,0.743,,,,,,,,
7674,7021,0.6,,,,,,,,
7675,7022,0.6,,,,,,,,
7676,7023,0.736,,,,,,,,
7677,7024,1.004,,,,,,,,
7678,7025,0.6,,,,,,,,
7679,7026,5.006,,,,,,,,
7680,7027,0.6,,,,,,,,
7681,7028,0.6,,,,,,,,
7682,7029,1.286,,,,,,,,
7683,7030,0.6,,,,,,,,
7684,7031,0.6,,,,,,,,
7685,7032,0.6,,,,,,,,
7686,7033,6.724,,,,,,,,
7687,7034,3.392,,,,,,,,
7688,7034,2.085,,,,,,,,
7689,7035,2.93,,,,,,,,
7690,7036,1.459,,,,,,,,
7691,7037,6.634,,,,,,,,
7692,7038,14.74,,,,,,,,
7693,7038,0.699,,,,,,,,
7694,7039,9.638,,,,,,,,
7695,7040,7.561,,,,,,,,
7696,7041,5.61,,,,,,,,
7697,7042,5.172,,,,,,,,
7698,7043,5.097,,,,,,,,
7699,7044,5.28,,,,,,,,
7700,7045,35.33,,,,,,,,
7701,7046,6.8,,,,,,,,
7702,7047,0.6,,,,,,,,
7703,7048,21.327,,,,,,,,
7704,7049,1.507,,,,,,,,
7705,7050,0.6,,,,,,,,
7706,7051,3.056,,,,,,,,
7707,7052,0.6,,,,,,,,
7708,7053,1.737,,,,,,,,
7709,7053,0.6,,,,,,,,
7710,7054,0.6,,,,,,,,
7711,7055,0.6,,,,,,,,
7712,7056,1.652,,,,,,,,
7713,7057,33.664,,,,,,,,
7714,7058,2.447,,,,,,,,
7715,7059,1.274,,,,,,,,
7716,7059,0.6,,,,,,,,
7717,7060,13.439,,,,,,,,
7718,7060,2.88,,,,,,,,
7719,7060,0.6,,,,,,,,
7720,7061,2.193,,,,,,,,
7721,7062,2.351,,,,,,,,
7722,7063,1.72,,,,,,,,
7723,7064,10.95,,,,,,,,
7724,7065,7.01,,,,,,,,
7725,7066,6.66,,,,,,,,
7726,7066,1.66,,,,,,,,
7727,7066,0.602,,,,,,,,
7728,7067,6.176,,,,,,,,
7729,7068,1.4,,,,,,,,
7730,7069,4.721,,,,,,,,
7731,7070,2.684,,,,,,,,
7732,7071,0.6,,,,,,,,
7733,7072,0.6,,,,,,,,
7734,7073,0.6,,,,,,,,
7735,7074,0.766,,,,,,,,
7736,7075,0.6,,,,,,,,
7737,7076,0.804,,,,,,,,
7738,7077,2.226,,,,,,,,
7739,7078,1.786,,,,,,,,
7740,7078,1.738,,,,,,,,
7741,7078,0.6,,,,,,,,
7742,7079,0.6,,,,,,,,
7743,7080,4.294,,,,,,,,
7744,7081,0.6,,,,,,,,
7745,7082,0.839,,,,,,,,
7746,7083,0.6,,,,,,,,
7747,7084,1.421,,,,,,,,
7748,7084,0.6,,,,,,,,
7749,7085,2.586,,,,,,,,
7750,7086,0.6,,,,,,,,
7751,7087,0.6,,,,,,,,
7752,7088,3.117,,,,,,,,
7753,7089,4.151,,,,,,,,
7754,7089,0.979,,,,,,,,
7755,7090,0.6,,,,,,,,
7756,7091,0.6,,,,,,,,
7757,7092,0.6,,,,,,,,
7758,7093,25.125,,,,,,,,
7759,7094,10.323,,,,,,,,
7760,7095,0.6,,,,,,,,
7761,7096,3.132,,,,,,,,
7762,7097,1.4,,,,,,,,
7763,7097,0.6,,,,,,,,
7764,7098,0.6,,,,,,,,
7765,7099,1.136,,,,,,,,
7766,7100,2.923,,,,,,,,
7767,7101,0.6,,,,,,,,
7768,7102,0.6,,,,,,,,
7769,7103,0.6,,,,,,,,
7770,7104,1.192,,,,,,,,
7771,7105,8.668,,,,,,,,
7772,7106,4.265,,,,,,,,
7773,7107,,,,,,,,1.0,7.7
7774,7108,,,,,,,,3.0,8.0
7775,7109,2.993,,,,,,,,
7776,7110,0.6,,,,,,,,
7777,7111,13.995,,,,,,,,
7778,7112,0.6,,,,,,,,
7779,7113,0.6,,,,,,,,
7780,7114,19.26,,,,,,,1.0,5.2
7781,7114,0.6,,,,,,,1.0,5.2
7782,7115,4.994,,,,,,,,
7783,7116,2.01,,,,,,,,
7784,7117,0.84,,,,,,,,
7785,7118,28.724,,,,,,,,
7786,7119,1.24,,,,,,,,
7787,7120,1.847,,,,,,,,
7788,7121,0.6,,,,,,,,
7789,7122,2.696,,,,,,,,
7790,7123,1.458,,,,,,,,
7791,7123,0.6,,,,,,,,
7792,7124,0.6,,,,,,,,
7793,7125,1.24,,,,,,,,
7794,7126,0.6,,,,,,,,
7795,7127,0.6,,,,,,,,
7796,7128,1.9,,,,,,,,
7797,7129,1.675,,,,,,,,
7798,7130,1.426,,,,,,,,
7799,7131,0.6,,,,,,,,
7800,7131,0.6,,,,,,,,
7801,7132,1.353,,,,,,,,
7802,7133,6.873,,,,,,,,
7803,7134,0.6,,,,,,,,
7804,7135,0.6,,,,,,,,
7805,7136,1.0,,,,,,,,
7806,7136,0.6,,,,,,,,
7807,7137,0.6,,,,,,,,
7808,7138,2.545,,,,,,,,
7809,7139,2.931,,,,,,,,
7810,7140,3.999,,,,,,,1.0,6.2
7811,7141,0.86,,,,,,,,
7812,7142,0.6,,,,,,,,
7813,7143,6.339,,,,,,,,
7814,7143,0.6,,,,,,,,
7815,7144,0.6,,,,,,,,
7816,7145,1.464,,,,,,,,
7817,7145,1.311,,,,,,,,
7818,7146,0.6,,,,,,,,
7819,7147,0.6,,,,,,,,
7820,7148,0.6,,,,,,,,
7821,7149,0.6,,,,,,,,
7822,7150,13.258,,,,,,,,
7823,7151,0.6,,,,,,,,
7824,7152,9.996,,,,,,,,
7825,7153,0.6,,,,,,,,
7826,7154,0.6,,,,,,,,
7827,7155,2.32,,,,,,,,
7828,7156,0.904,,,,,,,,
7829,7157,0.6,,,,,,,,
7830,7158,0.6,,,,,,,,
7831,7159,7.298,,,,,,,,
7832,7160,0.6,,,,,,,,
7833,7161,0.6,,,,,,,,
7834,7162,1.487,,,,,,,,
7835,7162,0.6,,,,,,,,
7836,7163,,1.0,0.0,1944,"A dark, tautly constructed adaptation of James M. Cain's novel -- penned by Billy Wilder and Raymond Chandler -- Double Indemnity continues to set the standard for the best in Hollywood film noir.",Certified-Fresh,97.0,3.0,8.3
7837,7164,0.729,,,,,,,,
7838,7165,6.768,,,,,,,,
7839,7165,0.6,,,,,,,,
7840,7166,1.957,,,,,,,,
7841,7167,21.977,,,,,,,,
7842,7168,0.6,,,,,,,,
7843,7169,39.821,,,,,,,,
7844,7169,13.499,,,,,,,,
7845,7170,0.6,,,,,,,,
7846,7171,0.6,,,,,,,,
7847,7172,16.988,,,,,,,,
7848,7173,,,,,,,,1.0,7.7
7849,7174,0.6,,,,,,,,
7850,7175,0.6,,,,,,,,
7851,7176,1.144,,,,,,,,
7852,7177,0.6,,,,,,,,
7853,7178,6.815,,,,,,,,
7854,7179,21.33,,,,,,,,
7855,7180,0.707,,,,,,,,
7856,7181,1.03,,,,,,,,
7857,7182,1.105,,,,,,,,
7858,7183,0.992,,,,,,,,
7859,7184,0.6,,,,,,,,
7860,7185,5.515,,,,,,,,
7861,7186,1.044,,,,,,,,
7862,7187,0.6,,,,,,,,
7863,7188,0.6,,,,,,,,
7864,7189,0.6,,,,,,,,
7865,7190,1.358,,,,,,,,
7866,7191,3.392,,,,,,,,
7867,7192,2.329,,,,,,,,
7868,7193,0.6,,,,,,,,
7869,7194,8.742,,,,,,,,
7870,7195,1.045,,,,,,,,
7871,7196,2.25,,,,,,,,
7872,7197,0.6,,,,,,,,
7873,7198,0.6,,,,,,,,
7874,7199,1.798,,,,,,,,
7875,7200,0.6,,,,,,,,
7876,7201,2.088,,,,,,,,
7877,7202,4.501,,,,,,,,
7878,7202,1.966,,,,,,,,
7879,7202,1.871,,,,,,,,
7880,7202,1.671,,,,,,,,
7881,7202,1.006,,,,,,,,
7882,7203,1.683,,,,,,,,
7883,7204,1.625,,,,,,,,
7884,7205,0.858,,,,,,,,
7885,7206,4.055,,,,,,,,
7886,7207,0.634,,,,,,,,
7887,7208,0.6,,,,,,,,
7888,7209,1.692,,,,,,,,
7889,7210,1.431,,,,,,,,
7890,7211,6.374,,,,,,,,
7891,7212,0.6,,,,,,,,
7892,7213,2.053,,,,,,,,
7893,7214,0.6,,,,,,,,
7894,7215,1.97,,,,,,,,
7895,7216,1.463,,,,,,,,
7896,7217,1.39,,,,,,,,
7897,7218,0.6,,,,,,,,
7898,7219,,,,,,,,0.0,8.3
7899,7220,8.974,,,,,,,,
7900,7221,0.964,,,,,,,,
7901,7222,0.84,,,,,,,,
7902,7223,0.6,,,,,,,,
7903,7224,14.65,,,,,,,2.0,7.4
7904,7224,14.65,,,,,,,3.0,7.0
7905,7224,14.65,,,,,,,3.0,6.2
7906,7224,14.65,,,,,,,3.0,7.4
7907,7224,11.414,,,,,,,2.0,7.4
7908,7224,11.414,,,,,,,3.0,7.0
7909,7224,11.414,,,,,,,3.0,6.2
7910,7224,11.414,,,,,,,3.0,7.4
7911,7224,10.441,,,,,,,2.0,7.4
7912,7224,10.441,,,,,,,3.0,7.0
7913,7224,10.441,,,,,,,3.0,6.2
7914,7224,10.441,,,,,,,3.0,7.4
7915,7224,5.266,,,,,,,2.0,7.4
7916,7224,5.266,,,,,,,3.0,7.0
7917,7224,5.266,,,,,,,3.0,6.2
7918,7224,5.266,,,,,,,3.0,7.4
7919,7224,1.958,,,,,,,2.0,7.4
7920,7224,1.958,,,,,,,3.0,7.0
7921,7224,1.958,,,,,,,3.0,6.2
7922,7224,1.958,,,,,,,3.0,7.4
7923,7224,1.382,,,,,,,2.0,7.4
7924,7224,1.382,,,,,,,3.0,7.0
7925,7224,1.382,,,,,,,3.0,6.2
7926,7224,1.382,,,,,,,3.0,7.4
7927,7224,1.044,,,,,,,2.0,7.4
7928,7224,1.044,,,,,,,3.0,7.0
7929,7224,1.044,,,,,,,3.0,6.2
7930,7224,1.044,,,,,,,3.0,7.4
7931,7225,0.724,,,,,,,,
7932,7226,20.145,,,,,,,,
7933,7227,2.692,,,,,,,,
7934,7228,12.165,,,,,,,,
7935,7229,10.621,,,,,,,,
7936,7230,8.267,,,,,,,,
7937,7231,0.825,,,,,,,,
7938,7232,0.6,,,,,,,,
7939,7233,0.623,,,,,,,,
7940,7234,7.621,,,,,,,2.0,6.5
7941,7235,16.058,,,,,,,,
7942,7236,12.945,,,,,,,,
7943,7237,3.153,,,,,,,,
7944,7238,0.6,,,,,,,,
7945,7239,0.6,,,,,,,,
7946,7240,1.4,,,,,,,,
7947,7241,25.427,,,,,,,0.0,6.2
7948,7242,0.6,,,,,,,,
7949,7243,0.6,,,,,,,,
7950,7244,0.6,,,,,,,,
7951,7245,0.6,,,,,,,,
7952,7246,3.645,,,,,,,,
7953,7247,0.746,,,,,,,,
7954,7248,2.419,,,,,,,,
7955,7249,0.6,,,,,,,,
7956,7250,2.526,,,,,,,,
7957,7251,1.073,,,,,,,,
7958,7252,2.723,,,,,,,,
7959,7253,0.6,,,,,,,,
7960,7254,0.845,,,,,,,,
7961,7255,3.673,,,,,,,,
7962,7256,3.107,,,,,,,,
7963,7257,3.07,,,,,,,,
7964,7258,0.6,,,,,,,,
7965,7259,1.606,,,,,,,,
7966,7260,1.326,,,,,,,,
7967,7261,2.044,,,,,,,,
7968,7262,0.6,,,,,,,,
7969,7263,0.6,,,,,,,,
7970,7264,17.427,,,,,,,3.0,5.8
7971,7265,2.807,,,,,,,,
7972,7266,9.905,,,,,,,1.0,6.6
7973,7267,2.838,,,,,,,,
7974,7268,5.345,,,,,,,,
7975,7269,3.347,,,,,,,,
7976,7270,0.6,,,,,,,,
7977,7271,7.332,,,,,,,,
7978,7272,2.617,,,,,,,,
7979,7273,0.6,,,,,,,,
7980,7274,59.708,,,,,,,3.0,6.6
7981,7275,0.602,,,,,,,,
7982,7276,1.155,,,,,,,,
7983,7277,5.174,,,,,,,,
7984,7278,96.114,,,,,,,,
7985,7279,1.21,,,,,,,,
7986,7280,13.276,,,,,,,,
7987,7281,0.6,,,,,,,,
7988,7282,0.6,,,,,,,,
7989,7283,1.305,,,,,,,,
7990,7284,0.669,,,,,,,,
7991,7285,0.6,,,,,,,,
7992,7286,0.6,,,,,,,,
7993,7287,0.6,,,,,,,,
7994,7288,0.921,,,,,,,,
7995,7289,16.347,,,,,,,,
7996,7290,0.748,,,,,,,,
7997,7291,0.809,,,,,,,,
7998,7292,1.072,,,,,,,,
7999,7293,9.01,,,,,,,,
8000,7294,0.6,,,,,,,,
8001,7295,2.722,,,,,,,,
8002,7296,1.885,,,,,,,,
8003,7297,1.403,,,,,,,,
8004,7298,0.66,,,,,,,,
8005,7299,0.6,,,,,,,,
8006,7300,0.6,,,,,,,,
8007,7301,2.552,,,,,,,,
8008,7302,3.026,,,,,,,,
8009,7303,0.6,,,,,,,,
8010,7304,6.532,,,,,,,,
8011,7304,1.327,,,,,,,,
8012,7305,1.06,,,,,,,3.0,6.0
8013,7306,1.505,,,,,,,,
8014,7307,1.311,,,,,,,,
8015,7308,0.6,,,,,,,,
8016,7309,0.771,,,,,,,,
8017,7310,0.6,,,,,,,,
8018,7311,1.416,,,,,,,,
8019,7312,0.6,,,,,,,,
8020,7313,0.6,,,,,,,,
8021,7314,0.68,,,,,,,,
8022,7315,0.6,,,,,,,,
8023,7316,2.347,,,,,,,,
8024,7317,0.6,,,,,,,,
8025,7318,1.019,,,,,,,,
8026,7319,0.6,,,,,,,,
8027,7320,1.313,,,,,,,,
8028,7321,62.464,,,,,,,0.0,5.5
8029,7321,23.125,,,,,,,0.0,5.5
8030,7322,0.6,,,,,,,,
8031,7323,1.288,,,,,,,,
8032,7324,0.6,,,,,,,,
8033,7325,7.964,,,,,,,,
8034,7326,3.12,,,,,,,3.0,6.3
8035,7326,2.296,,,,,,,3.0,6.3
8036,7327,0.6,,,,,,,,
8037,7328,0.875,,,,,,,,
8038,7329,0.6,,,,,,,,
8039,7330,0.6,,,,,,,,
8040,7331,4.647,,,,,,,,
8041,7332,0.917,,,,,,,,
8042,7333,1.513,,,,,,,,
8043,7334,11.068,,,,,,,,
8044,7335,0.6,,,,,,,,
8045,7336,13.271,,,,,,,3.0,6.8
8046,7337,0.6,,,,,,,,
8047,7338,7.262,,,,,,,,
8048,7339,3.763,,,,,,,,
8049,7340,2.84,,,,,,,,
8050,7341,0.701,,,,,,,,
8051,7342,1.36,,,,,,,,
8052,7343,0.6,,,,,,,,
8053,7344,3.641,,,,,,,,
8054,7345,0.6,,,,,,,,
8055,7346,0.6,,,,,,,,
8056,7347,,,,,,,,,
8057,7348,,,,,,,,3.0,7.8
8058,7349,1.217,,,,,,,,
8059,7350,12.906,,,,,,,,
8060,7351,1.45,,,,,,,,
8061,7352,3.443,,,,,,,,
8062,7353,0.848,,,,,,,,
8063,7354,3.637,,,,,,,,
8064,7354,0.6,,,,,,,,
8065,7355,0.6,,,,,,,,
8066,7356,0.6,,,,,,,,
8067,7357,0.84,,,,,,,,
8068,7358,0.64,,,,,,,,
8069,7359,0.6,,,,,,,,
8070,7360,0.988,,,,,,,,
8071,7361,0.6,,,,,,,,
8072,7362,0.6,,,,,,,,
8073,7363,1.637,,,,,,,,
8074,7364,2.749,,,,,,,,
8075,7365,0.601,,,,,,,,
8076,7366,0.6,,,,,,,,
8077,7367,,,,,,,,1.0,7.7
8078,7368,0.6,,,,,,,,
8079,7369,0.6,,,,,,,,
8080,7370,0.6,,,,,,,,
8081,7371,0.865,,,,,,,,
8082,7372,0.924,,,,,,,,
8083,7373,0.6,,,,,,,,
8084,7374,0.6,,,,,,,,
8085,7375,,,,,,,,,
8086,7376,0.6,,,,,,,,
8087,7377,0.6,,,,,,,,
8088,7378,0.6,,,,,,,,
8089,7379,0.6,,,,,,,,
8090,7380,,,,,,,,1.0,7.7
8091,7381,0.6,,,,,,,,
8092,7382,6.834,,,,,,,,
8093,7383,0.6,,,,,,,,
8094,7384,0.6,,,,,,,,
8095,7385,0.873,,,,,,,,
8096,7386,0.6,,,,,,,,
8097,7387,2.292,,,,,,,,
8098,7388,17.974,,,,,,,,
8099,7389,10.108,,,,,,,,
8100,7390,0.664,,,,,,,,
8101,7391,3.258,,,,,,,,
8102,7392,0.6,,,,,,,,
8103,7393,0.6,,,,,,,,
8104,7394,0.6,,,,,,,,
8105,7395,0.6,,,,,,,,
8106,7396,,1.0,0.0,2017,"Dunkirk serves up emotionally satisfying spectacle, delivered by a writer-director in full command of his craft and brought to life by a gifted ensemble cast that honors the fact-based story.",Certified-Fresh,92.0,0.0,7.8
8107,7397,0.6,,,,,,,,
8108,7398,0.6,,,,,,,,
8109,7399,0.6,,,,,,,,
8110,7400,0.6,,,,,,,,
8111,7401,2.314,,,,,,,,
8112,7402,1.096,,,,,,,,
8113,7402,0.6,,,,,,,,
8114,7403,0.6,,,,,,,,
8115,7404,1.042,,,,,,,,
8116,7405,0.6,,,,,,,,
8117,7406,15.654,,,,,,,,
8118,7407,0.6,,,,,,,,
8119,7408,0.6,,,,,,,,
8120,7409,0.6,,,,,,,,
8121,7410,0.6,,,,,,,,
8122,7411,1.007,,,,,,,,
8123,7412,2.478,,,,,,,,
8124,7413,1.449,,,,,,,,
8125,7414,2.807,,,,,,,,
8126,7415,4.83,,,,,,,,
8127,7416,2.029,,,,,,,,
8128,7417,0.979,,,,,,,,
8129,7418,0.6,,,,,,,,
8130,7419,8.038,,,,,,,,
8131,7420,1.383,,,,,,,,
8132,7421,0.6,,,,,,,,
8133,7422,0.658,,,,,,,,
8134,7423,0.6,,,,,,,,
8135,7424,0.715,,,,,,,3.0,4.6
8136,7425,0.6,,,,,,,,
8137,7426,0.6,,,,,,,,
8138,7427,6.031,,,,,,,0.0,5.1
8139,7428,1.232,,,,,,,,
8140,7429,2.003,,,,,,,,
8141,7429,0.6,,,,,,,,
8142,7430,0.6,,,,,,,,
8143,7431,,,,,,,,,
8144,7432,0.621,,,,,,,,
8145,7433,0.85,,,,,,,,
8146,7434,0.6,,,,,,,,
8147,7435,0.879,,,,,,,,
8148,7436,0.6,,,,,,,,
8149,7437,2.706,,,,,,,,
8150,7438,0.6,,,,,,,,
8151,7439,0.709,,,,,,,,
8152,7440,2.606,,,,,,,,
8153,7441,0.6,,,,,,,,
8154,7442,,,,,,,,,
8155,7443,1.097,,,,,,,,
8156,7444,0.6,,,,,,,,
8157,7445,0.6,,,,,,,,
8158,7446,0.6,,,,,,,,
8159,7447,0.846,,,,,,,,
8160,7448,0.6,,,,,,,,
8161,7449,0.6,,,,,,,,
8162,7450,0.6,,,,,,,,
8163,7451,0.6,,,,,,,,
8164,7452,0.6,,,,,,,,
8165,7453,0.606,,,,,,,,
8166,7454,0.624,,,,,,,,
8167,7455,0.6,,,,,,,,
8168,7456,0.6,,,,,,,,
8169,7457,0.6,,,,,,,,
8170,7458,0.6,,,,,,,,
8171,7459,0.6,,,,,,,,
8172,7460,1.96,,,,,,,,
8173,7461,0.669,,,,,,,,
8174,7462,1.467,,,,,,,,
8175,7463,1.297,,,,,,,,
8176,7464,5.744,,,,,,,,
8177,7464,4.283,,,,,,,,
8178,7465,0.6,,,,,,,,
8179,7466,0.6,,,,,,,,
8180,7467,,,,,,,,,
8181,7468,1.571,,,,,,,,
8182,7469,1.74,,,,,,,,
8183,7470,5.143,,,,,,,,
8184,7471,1.238,,,,,,,,
8185,7472,0.969,,,,,,,,
8186,7473,0.6,,,,,,,,
8187,7474,1.025,,,,,,,,
8188,7475,,,,,,,,3.0,7.6
8189,7476,0.6,,,,,,,3.0,6.6
8190,7477,3.285,,,,,,,,
8191,7478,2.809,,,,,,,,
8192,7479,7.386,,,,,,,,
8193,7480,0.6,,,,,,,3.0,5.7
8194,7481,0.6,,,,,,,,
8195,7482,1.172,,,,,,,,
8196,7483,2.283,,,,,,,,
8197,7484,11.379,,,,,,,,
8198,7485,8.179,,,,,,,,
8199,7486,1.722,,,,,,,,
8200,7487,0.651,,,,,,,,
8201,7488,1.371,,,,,,,,
8202,7489,0.802,,,,,,,,
8203,7490,1.756,,,,,,,1.0,2.8
8204,7490,1.395,,,,,,,1.0,2.8
8205,7491,0.6,,,,,,,,
8206,7492,0.6,,,,,,,,
8207,7493,1.696,,,,,,,,
8208,7494,0.6,,,,,,,,
8209,7495,0.784,,,,,,,,
8210,7496,0.6,,,,,,,,
8211,7497,7.962,,,,,,,,
8212,7498,2.825,,,,,,,,
8213,7499,0.6,,,,,,,,
8214,7500,1.827,,,,,,,,
8215,7501,1.112,,,,,,,,
8216,7502,2.215,,,,,,,,
8217,7502,0.634,,,,,,,,
8218,7502,0.6,,,,,,,,
8219,7503,9.481,,,,,,,,
8220,7504,47.267,,,,,,,,
8221,7504,3.91,,,,,,,,
8222,7504,0.629,,,,,,,,
8223,7504,0.6,,,,,,,,
8224,7504,0.6,,,,,,,,
8225,7505,0.6,,,,,,,,
8226,7506,3.555,,,,,,,,
8227,7507,0.6,,,,,,,,
8228,7508,1.247,,,,,,,,
8229,7509,0.6,,,,,,,,
8230,7510,0.6,,,,,,,,
8231,7511,0.6,,,,,,,,
8232,7512,2.308,,,,,,,,
8233,7513,0.6,,,,,,,,
8234,7514,11.099,,,,,,,,
8235,7515,6.235,,,,,,,,
8236,7516,0.802,,,,,,,,
8237,7517,0.881,,,,,,,,
8238,7518,,,,,,,,3.0,7.8
8239,7519,2.621,,,,,,,,
8240,7520,2.808,,,,,,,,
8241,7521,0.6,,,,,,,,
8242,7521,0.6,,,,,,,,
8243,7522,0.6,,,,,,,,
8244,7523,26.874,,,,,,,,
8245,7524,3.581,,,,,,,,
8246,7525,6.464,,,,,,,,
8247,7526,3.031,,,,,,,,
8248,7527,0.6,,,,,,,,
8249,7528,4.44,,,,,,,,
8250,7529,0.6,,,,,,,,
8251,7530,7.208,,,,,,,,
8252,7531,0.6,,,,,,,,
8253,7532,1.763,,,,,,,,
8254,7533,1.771,,,,,,,,
8255,7534,1.387,,,,,,,,
8256,7535,4.93,,,,,,,,
8257,7536,,,,,,,,1.0,7.9
8258,7537,5.011,,,,,,,,
8259,7538,0.915,,,,,,,,
8260,7539,2.29,,,,,,,,
8261,7540,2.295,,,,,,,,
8262,7541,0.931,,,,,,,,
8263,7542,0.6,,,,,,,,
8264,7543,0.727,,,,,,,,
8265,7544,0.926,,,,,,,,
8266,7545,1.733,,,,,,,,
8267,7546,0.6,,,,,,,,
8268,7547,,,,,,,,3.0,7.9
8269,7548,0.845,,,,,,,,
8270,7549,0.621,,,,,,,,
8271,7550,4.126,,,,,,,,
8272,7551,1.4,,,,,,,,
8273,7552,5.51,,,,,,,,
8274,7552,0.6,,,,,,,,
8275,7553,0.6,,,,,,,,
8276,7554,0.6,,,,,,,,
8277,7555,1.964,,,,,,,,
8278,7556,,,,,,,,,
8279,7557,1.386,,,,,,,2.0,6.1
8280,7558,0.6,,,,,,,,
8281,7559,1.482,,,,,,,,
8282,7560,0.6,,,,,,,,
8283,7561,20.211,,,,,,,,
8284,7562,0.6,,,,,,,,
8285,7563,0.6,,,,,,,,
8286,7564,0.675,,,,,,,,
8287,7565,0.638,,,,,,,,
8288,7565,0.6,,,,,,,,
8289,7566,0.6,,,,,,,,
8290,7567,0.6,,,,,,,,
8291,7568,2.062,,,,,,,,
8292,7569,0.6,,,,,,,,
8293,7570,0.6,,,,,,,,
8294,7571,1.247,,,,,,,,
8295,7572,0.731,,,,,,,,
8296,7573,0.924,,,,,,,,
8297,7574,0.681,,,,,,,,
8298,7575,3.009,,,,,,,,
8299,7576,0.6,,,,,,,,
8300,7577,0.6,,,,,,,,
8301,7578,0.6,,,,,,,,
8302,7579,1.221,,,,,,,,
8303,7580,0.6,,,,,,,,
8304,7581,1.702,,,,,,,,
8305,7582,0.6,,,,,,,,
8306,7583,0.6,,,,,,,,
8307,7584,0.688,,,,,,,,
8308,7585,0.6,,,,,,,,
8309,7586,0.6,,,,,,,,
8310,7587,0.6,,,,,,,,
8311,7588,0.648,,,,,,,,
8312,7589,0.6,,,,,,,,
8313,7590,1.4,,,,,,,,
8314,7591,0.6,,,,,,,,
8315,7592,0.6,,,,,,,,
8316,7593,0.6,,,,,,,,
8317,7594,0.6,,,,,,,,
8318,7595,0.779,,,,,,,,
8319,7596,0.6,,,,,,,,
8320,7597,1.757,,,,,,,,
8321,7598,0.6,,,,,,,,
8322,7599,0.84,,,,,,,,
8323,7600,0.6,,,,,,,,
8324,7601,1.4,,,,,,,,
8325,7602,0.762,,,,,,,,
8326,7603,0.6,,,,,,,,
8327,7604,52.743,,,,,,,,
8328,7605,0.873,,,,,,,,
8329,7606,0.842,,,,,,,,
8330,7607,0.6,,,,,,,,
8331,7608,1.732,,,,,,,,
8332,7609,1.022,,,,,,,,
8333,7610,,,,,,,,,
8334,7611,1.518,,,,,,,,
8335,7612,0.6,,,,,,,,
8336,7613,0.6,,,,,,,,
8337,7614,0.6,,,,,,,,
8338,7615,1.343,,,,,,,,
8339,7616,0.6,,,,,,,,
8340,7617,0.6,,,,,,,,
8341,7618,0.6,,,,,,,,
8342,7619,1.4,,,,,,,,
8343,7620,0.918,,,,,,,,
8344,7621,0.6,,,,,,,,
8345,7622,0.6,,,,,,,,
8346,7623,2.548,,,,,,,,
8347,7624,7.906,,,,,,,,
8348,7625,0.697,,,,,,,,
8349,7626,0.6,,,,,,,,
8350,7627,2.519,,,,,,,,
8351,7628,3.064,,,,,,,,
8352,7629,0.6,,,,,,,,
8353,7630,0.6,,,,,,,,
8354,7631,0.6,,,,,,,,
8355,7632,5.379,,,,,,,,
8356,7633,0.6,,,,,,,,
8357,7634,1.4,,,,,,,,
8358,7635,0.6,,,,,,,,
8359,7636,0.885,,,,,,,,
8360,7637,,,,,,,,,
8361,7638,0.6,,,,,,,,
8362,7639,0.6,,,,,,,,
8363,7640,1.199,,,,,,,,
8364,7641,,,,,,,,,
8365,7642,0.6,,,,,,,,
8366,7643,0.6,,,,,,,,
8367,7644,0.6,,,,,,,,
8368,7645,3.067,,,,,,,,
8369,7646,0.6,,,,,,,,
8370,7647,2.876,,,,,,,,
8371,7648,0.6,,,,,,,,
8372,7649,0.6,,,,,,,,
8373,7650,1.069,,,,,,,,
8374,7651,0.6,,,,,,,,
8375,7652,0.6,,,,,,,,
8376,7653,0.6,,,,,,,,
8377,7654,0.6,,,,,,,,
8378,7655,0.732,,,,,,,,
8379,7656,0.6,,,,,,,,
8380,7657,0.6,,,,,,,,
8381,7658,0.6,,,,,,,,
8382,7659,0.6,,,,,,,,
8383,7660,1.575,,,,,,,,
8384,7661,0.6,,,,,,,,
8385,7662,0.6,,,,,,,,
8386,7663,0.6,,,,,,,,
8387,7664,0.6,,,,,,,1.0,7.1
8388,7665,5.365,,,,,,,,
8389,7666,2.528,,,,,,,,
8390,7667,22.502,,,,,,,,
8391,7668,0.849,,,,,,,,
8392,7669,2.546,,,,,,,,
8393,7670,0.6,,,,,,,,
8394,7671,0.6,,,,,,,,
8395,7672,,1.0,0.0,1998,"No mere historical drama, Elizabeth is a rich, suspenseful journey into the heart of British Royal politics, and features a typically outstanding performance from Cate Blanchett.",Certified-Fresh,82.0,3.0,7.4
8396,7673,12.49,,,,,,,,
8397,7674,0.653,,,,,,,,
8398,7674,0.6,,,,,,,,
8399,7675,0.84,,,,,,,,
8400,7676,1.706,,,,,,,,
8401,7676,0.608,,,,,,,,
8402,7677,0.6,,,,,,,,
8403,7678,0.6,,,,,,,,
8404,7679,7.568,,,,,,,,
8405,7680,0.6,,,,,,,,
8406,7681,0.6,,,,,,,,
8407,7682,3.565,,,,,,,,
8408,7682,0.688,,,,,,,,
8409,7683,8.753,,,,,,,,
8410,7684,17.003,,,,,,,,
8411,7685,0.6,,,,,,,,
8412,7686,0.6,,,,,,,,
8413,7687,1.123,,,,,,,,
8414,7688,10.818,,,,,,,,
8415,7689,7.389,,,,,,,,
8416,7690,13.815,,,,,,,,
8417,7691,1.425,,,,,,,,
8418,7692,0.6,,,,,,,,
8419,7693,1.013,,,,,,,,
8420,7693,0.6,,,,,,,,
8421,7694,5.614,,,,,,,,
8422,7695,0.6,,,,,,,,
8423,7696,2.55,,,,,,,,
8424,7697,15.35,,,,,,,,
8425,7697,0.6,,,,,,,,
8426,7698,2.225,,,,,,,,
8427,7699,2.516,,,,,,,,
8428,7700,3.126,,,,,,,,
8429,7701,4.045,,,,,,,,
8430,7701,3.671,,,,,,,,
8431,7702,23.982,,,,,,,3.0,5.4
8432,7703,0.6,,,,,,,,
8433,7704,0.6,,,,,,,,
8434,7705,1.895,,,,,,,3.0,6.6
8435,7705,0.6,,,,,,,3.0,6.6
8436,7706,1.091,,,,,,,,
8437,7707,2.005,,,,,,,,
8438,7708,0.6,,,,,,,,
8439,7709,1.302,,,,,,,,
8440,7710,0.6,,,,,,,,
8441,7711,0.631,,,,,,,,
8442,7712,6.288,,,,,,,,
8443,7713,6.727,,,,,,,,
8444,7714,,,,,,,,1.0,7.7
8445,7715,0.811,,,,,,,,
8446,7716,1.645,,,,,,,,
8447,7717,0.6,,,,,,,,
8448,7718,1.49,,,,,,,,
8449,7719,0.6,,,,,,,,
8450,7720,0.6,,,,,,,,
8451,7721,0.6,,,,,,,,
8452,7722,,,,,,,,,
8453,7723,0.6,,,,,,,,
8454,7724,0.6,,,,,,,,
8455,7725,0.6,,,,,,,3.0,7.1
8456,7726,0.6,,,,,,,,
8457,7727,2.258,,,,,,,,
8458,7728,6.726,,,,,,,,
8459,7729,0.846,,,,,,,,
8460,7730,1.872,,,,,,,,
8461,7730,0.6,,,,,,,,
8462,7730,0.6,,,,,,,,
8463,7731,3.62,,,,,,,,
8464,7732,0.6,,,,,,,,
8465,7733,0.801,,,,,,,,
8466,7734,0.6,,,,,,,,
8467,7735,0.6,,,,,,,,
8468,7736,1.985,,,,,,,,
8469,7737,0.6,,,,,,,,
8470,7738,0.6,,,,,,,,
8471,7739,19.738,,,,,,,,
8472,7740,0.973,,,,,,,,
8473,7741,,,,,,,,3.0,7.6
8474,7742,5.995,,,,,,,,
8475,7742,0.6,,,,,,,,
8476,7743,0.6,,,,,,,,
8477,7744,1.4,,,,,,,,
8478,7745,0.6,,,,,,,,
8479,7746,3.053,,,,,,,,
8480,7747,0.6,,,,,,,,
8481,7748,1.49,,,,,,,,
8482,7748,0.6,,,,,,,,
8483,7748,0.6,,,,,,,,
8484,7748,0.6,,,,,,,,
8485,7749,0.6,,,,,,,,
8486,7750,0.872,,,,,,,,
8487,7751,0.65,,,,,,,,
8488,7751,0.6,,,,,,,,
8489,7752,0.6,,,,,,,,
8490,7753,0.6,,,,,,,,
8491,7754,0.89,,,,,,,,
8492,7755,,,,,,,,2.0,7.5
8493,7756,0.6,,,,,,,,
8494,7757,0.6,,,,,,,,
8495,7758,1.078,,,,,,,,
8496,7759,1.4,,,,,,,,
8497,7760,,,,,,,,3.0,7.8
8498,7761,0.6,,,,,,,,
8499,7762,0.767,,,,,,,,
8500,7763,0.6,,,,,,,,
8501,7764,0.6,,,,,,,,
8502,7765,1.4,,,,,,,,
8503,7766,0.6,,,,,,,,
8504,7767,13.294,,,,,,,,
8505,7768,1.4,,,,,,,,
8506,7769,0.6,,,,,,,,
8507,7770,7.677,,,,,,,,
8508,7771,3.048,,,,,,,,
8509,7771,1.018,,,,,,,,
8510,7772,,,,,,,,1.0,7.6
8511,7773,1.4,,,,,,,,
8512,7774,1.535,,,,,,,,
8513,7775,3.823,,,,,,,3.0,4.5
8514,7776,2.352,,,,,,,,
8515,7777,0.6,,,,,,,,
8516,7778,10.731,,,,,,,,
8517,7779,6.31,,,,,,,,
8518,7780,2.782,,,,,,,3.0,4.7
8519,7781,0.84,,,,,,,,
8520,7782,0.6,,,,,,,,
8521,7783,0.658,,,,,,,,
8522,7784,1.551,,,,,,,,
8523,7785,0.6,,,,,,,,
8524,7786,0.6,,,,,,,,
8525,7787,5.751,,,,,,,1.0,6.0
8526,7787,1.907,,,,,,,1.0,6.0
8527,7788,2.805,,,,,,,,
8528,7789,3.498,,,,,,,,
8529,7789,1.112,,,,,,,,
8530,7790,0.93,,,,,,,,
8531,7791,3.69,,,,,,,,
8532,7792,1.135,,,,,,,,
8533,7793,2.959,,,,,,,,
8534,7794,1.672,,,,,,,,
8535,7795,16.376,,,,,,,0.0,7.3
8536,7796,0.6,,,,,,,,
8537,7797,0.6,,,,,,,,
8538,7798,0.6,,,,,,,,
8539,7799,2.246,,,,,,,,
8540,7800,,1.0,0.0,2000,"Taking full advantage of Julia Roberts's considerable talent and appeal, Erin Brockovich overcomes a few character and plot issues to deliver a smart, thoughtful, and funny legal drama.",Certified-Fresh,84.0,3.0,7.4
8541,7801,0.6,,,,,,,,
8542,7802,10.449,,,,,,,,
8543,7803,1.132,,,,,,,,
8544,7804,0.6,,,,,,,,
8545,7805,3.147,,,,,,,,
8546,7806,21.872,,,,,,,,
8547,7807,8.664,,,,,,,,
8548,7808,8.696,,,,,,,,
8549,7809,0.726,,,,,,,,
8550,7810,4.042,,,,,,,,
8551,7811,1.623,,,,,,,,
8552,7812,5.917,,,,,,,,
8553,7813,1.607,,,,,,,,
8554,7814,0.6,,,,,,,,
8555,7815,0.6,,,,,,,,
8556,7816,11.466,,,,,,,,
8557,7817,0.6,,,,,,,,
8558,7818,3.099,,,,,,,,
8559,7819,0.6,,,,,,,,
8560,7820,0.6,,,,,,,,
8561,7821,0.6,,,,,,,,
8562,7822,36.573,,,,,,,3.0,6.4
8563,7822,26.071,,,,,,,3.0,6.4
8564,7822,12.56,,,,,,,3.0,6.4
8565,7823,0.602,,,,,,,,
8566,7824,60.72,,,,,,,3.0,5.7
8567,7825,0.961,,,,,,,,
8568,7826,,,,,,,,0.0,7.6
8569,7827,5.429,,,,,,,,
8570,7828,1.724,,,,,,,,
8571,7829,1.488,,,,,,,,
8572,7830,0.6,,,,,,,,
8573,7831,2.141,,,,,,,,
8574,7832,0.6,,,,,,,,
8575,7833,4.278,,,,,,,,
8576,7834,0.6,,,,,,,,
8577,7835,7.172,,,,,,,,
8578,7836,44.884,,,,,,,,
8579,7837,1.683,,,,,,,,
8580,7838,5.47,,,,,,,,
8581,7839,0.6,,,,,,,,
8582,7840,0.6,,,,,,,,
8583,7841,0.6,,,,,,,,
8584,7842,0.6,,,,,,,,
8585,7843,,,,,,,,,
8586,7844,0.6,,,,,,,,
8587,7845,0.6,,,,,,,,
8588,7846,0.948,,,,,,,,
8589,7847,2.913,,,,,,,,
8590,7848,1.422,,,,,,,,
8591,7849,0.665,,,,,,,,
8592,7850,0.6,,,,,,,,
8593,7851,0.6,,,,,,,,
8594,7852,0.6,,,,,,,,
8595,7853,5.08,,,,,,,,
8596,7854,0.6,,,,,,,,
8597,7855,0.6,,,,,,,,
8598,7856,0.6,,,,,,,,
8599,7857,3.793,,,,,,,,
8600,7858,1.665,,,,,,,,
8601,7859,0.913,,,,,,,,
8602,7860,2.431,,,,,,,,
8603,7861,0.6,,,,,,,,
8604,7862,0.6,,,,,,,,
8605,7863,,,,,,,,2.0,8.3
8606,7864,0.6,,,,,,,,
8607,7865,1.713,,,,,,,,
8608,7866,4.659,,,,,,,,
8609,7867,1.3,,,,,,,,
8610,7868,0.6,,,,,,,,
8611,7869,0.6,,,,,,,,
8612,7870,0.6,,,,,,,,
8613,7871,9.377,,,,,,,,
8614,7872,1.4,,,,,,,,
8615,7872,0.6,,,,,,,,
8616,7873,0.6,,,,,,,,
8617,7874,0.6,,,,,,,,
8618,7875,0.6,,,,,,,,
8619,7876,0.6,,,,,,,,
8620,7877,10.978,,,,,,,,
8621,7878,9.045,,,,,,,,
8622,7879,38.807,,,,,,,3.0,6.6
8623,7880,11.554,,,,,,,3.0,7.1
8624,7881,1.286,,,,,,,,
8625,7882,0.6,,,,,,,,
8626,7883,3.215,,,,,,,,
8627,7884,0.6,,,,,,,,
8628,7885,0.633,,,,,,,,
8629,7886,1.006,,,,,,,,
8630,7887,0.6,,,,,,,,
8631,7888,1.439,,,,,,,,
8632,7889,0.632,,,,,,,,
8633,7890,0.6,,,,,,,,
8634,7891,0.676,,,,,,,,
8635,7892,1.4,,,,,,,,
8636,7893,0.6,,,,,,,,
8637,7894,0.6,,,,,,,,
8638,7895,0.6,,,,,,,,
8639,7896,11.758,,,,,,,,
8640,7896,6.104,,,,,,,,
8641,7897,1.334,,,,,,,,
8642,7898,0.6,,,,,,,,
8643,7899,0.6,,,,,,,,
8644,7900,1.833,,,,,,,1.0,7.7
8645,7900,1.006,,,,,,,1.0,7.7
8646,7900,0.891,,,,,,,1.0,7.7
8647,7900,0.6,,,,,,,1.0,7.7
8648,7900,0.6,,,,,,,1.0,7.7
8649,7900,0.6,,,,,,,1.0,7.7
8650,7901,2.576,,,,,,,,
8651,7902,7.016,,,,,,,,
8652,7903,0.945,,,,,,,,
8653,7904,6.322,,,,,,,,
8654,7905,0.6,,,,,,,,
8655,7906,2.281,,,,,,,,
8656,7907,0.6,,,,,,,,
8657,7908,4.193,,,,,,,,
8658,7909,3.674,,,,,,,,
8659,7910,2.93,,,,,,,,
8660,7911,2.235,,,,,,,,
8661,7912,2.261,,,,,,,,
8662,7913,3.763,,,,,,,,
8663,7914,1.905,,,,,,,,
8664,7915,2.52,,,,,,,,
8665,7916,3.446,,,,,,,,
8666,7917,0.6,,,,,,,,
8667,7918,0.991,,,,,,,,
8668,7919,0.973,,,,,,,,
8669,7920,1.888,,,,,,,,
8670,7921,0.6,,,,,,,,
8671,7922,0.6,,,,,,,,
8672,7923,49.982,,,,,,,3.0,6.5
8673,7924,33.777,,,,,,,3.0,7.7
8674,7925,5.383,,,,,,,,
8675,7926,2.742,,,,,,,,
8676,7927,3.441,,,,,,,,
8677,7928,1.197,,,,,,,,
8678,7929,1.246,,,,,,,,
8679,7930,1.741,,,,,,,,
8680,7931,57.106,,,,,,,,
8681,7931,3.967,,,,,,,,
8682,7932,3.047,,,,,,,,
8683,7932,0.6,,,,,,,,
8684,7933,3.306,,,,,,,,
8685,7934,2.566,,,,,,,,
8686,7935,0.6,,,,,,,,
8687,7936,0.6,,,,,,,,
8688,7937,0.6,,,,,,,,
8689,7938,4.167,,,,,,,,
8690,7939,0.639,,,,,,,,
8691,7940,2.821,,,,,,,,
8692,7941,2.047,,,,,,,,
8693,7942,0.6,,,,,,,,
8694,7943,7.014,,,,,,,,
8695,7944,1.846,,,,,,,,
8696,7944,0.926,,,,,,,,
8697,7945,0.675,,,,,,,,
8698,7945,0.618,,,,,,,,
8699,7946,0.669,,,,,,,,
8700,7947,1.46,,,,,,,,
8701,7948,1.477,,,,,,,,
8702,7949,0.6,,,,,,,,
8703,7950,0.6,,,,,,,,
8704,7951,0.6,,,,,,,,
8705,7952,0.654,,,,,,,,
8706,7953,0.6,,,,,,,,
8707,7954,0.907,,,,,,,,
8708,7955,2.754,,,,,,,,
8709,7956,0.6,,,,,,,,
8710,7956,0.6,,,,,,,,
8711,7956,0.6,,,,,,,,
8712,7956,0.6,,,,,,,,
8713,7957,0.6,,,,,,,,
8714,7958,1.824,,,,,,,,
8715,7958,0.6,,,,,,,,
8716,7959,1.591,,,,,,,,
8717,7960,0.6,,,,,,,,
8718,7961,2.32,,,,,,,,
8719,7962,4.029,,,,,,,,
8720,7962,1.865,,,,,,,,
8721,7963,0.6,,,,,,,,
8722,7964,5.958,,,,,,,,
8723,7965,1.36,,,,,,,,
8724,7966,0.6,,,,,,,,
8725,7967,0.6,,,,,,,,
8726,7968,0.6,,,,,,,,
8727,7969,0.6,,,,,,,,
8728,7970,2.317,,,,,,,,
8729,7971,2.568,,,,,,,,
8730,7972,0.989,,,,,,,,
8731,7973,0.6,,,,,,,,
8732,7974,0.872,,,,,,,,
8733,7975,1.242,,,,,,,,
8734,7976,0.607,,,,,,,,
8735,7977,0.6,,,,,,,,
8736,7978,7.861,,,,,,,,
8737,7979,0.6,,,,,,,,
8738,7980,0.6,,,,,,,,
8739,7981,9.018,,,,,,,,
8740,7982,7.867,,,,,,,,
8741,7983,4.11,,,,,,,,
8742,7983,0.6,,,,,,,,
8743,7984,10.29,,,,,,,3.0,6.1
8744,7984,10.29,,,,,,,0.0,5.9
8745,7985,5.145,,,,,,,,
8746,7986,0.6,,,,,,,,
8747,7987,0.6,,,,,,,,
8748,7988,0.6,,,,,,,,
8749,7989,,,,,,,,1.0,7.7
8750,7990,0.6,,,,,,,,
8751,7991,0.6,,,,,,,,
8752,7992,10.633,,,,,,,3.0,6.1
8753,7993,0.6,,,,,,,,
8754,7994,0.6,,,,,,,,
8755,7995,1.744,,,,,,,,
8756,7996,0.6,,,,,,,,
8757,7997,0.6,,,,,,,,
8758,7998,0.6,,,,,,,,
8759,7999,0.6,,,,,,,,
8760,8000,0.6,,,,,,,,
8761,8001,0.6,,,,,,,,
8762,8002,1.205,,,,,,,,
8763,8003,8.334,,,,,,,,
8764,8004,0.6,,,,,,,,
8765,8005,1.243,,,,,,,,
8766,8006,1.278,,,,,,,,
8767,8007,0.621,,,,,,,,
8768,8008,0.6,,,,,,,,
8769,8009,1.933,,,,,,,,
8770,8009,1.406,,,,,,,,
8771,8010,17.117,,,,,,,,
8772,8011,0.884,,,,,,,,
8773,8011,0.851,,,,,,,,
8774,8011,0.768,,,,,,,,
8775,8011,0.6,,,,,,,,
8776,8012,2.575,,,,,,,,
8777,8013,1.588,,,,,,,,
8778,8014,0.6,,,,,,,,
8779,8015,6.031,,,,,,,3.0,5.2
8780,8016,0.6,,,,,,,,
8781,8017,0.62,,,,,,,,
8782,8018,0.6,,,,,,,,
8783,8019,0.6,,,,,,,,
8784,8020,3.722,,,,,,,,
8785,8020,1.615,,,,,,,,
8786,8020,1.4,,,,,,,,
8787,8020,1.158,,,,,,,,
8788,8021,0.6,,,,,,,,
8789,8022,3.014,,,,,,,,
8790,8023,0.879,,,,,,,,
8791,8024,0.6,,,,,,,,
8792,8025,0.6,,,,,,,,
8793,8026,4.177,,,,,,,,
8794,8027,1.843,,,,,,,,
8795,8028,9.032,,,,,,,,
8796,8029,0.6,,,,,,,,
8797,8030,2.867,,,,,,,,
8798,8031,32.967,,,,,,,,
8799,8032,2.233,,,,,,,,
8800,8033,4.826,,,,,,,,
8801,8034,25.745,,,,,,,,
8802,8035,0.6,,,,,,,,
8803,8036,0.6,,,,,,,,
8804,8037,0.6,,,,,,,,
8805,8038,0.646,,,,,,,,
8806,8038,0.6,,,,,,,,
8807,8039,0.6,,,,,,,,
8808,8040,0.6,,,,,,,,
8809,8041,0.6,,,,,,,,
8810,8042,0.6,,,,,,,,
8811,8043,0.6,,,,,,,,
8812,8044,0.6,,,,,,,,
8813,8045,0.667,,,,,,,,
8814,8046,1.232,,,,,,,,
8815,8047,0.6,,,,,,,,
8816,8048,0.6,,,,,,,,
8817,8049,0.616,,,,,,,,
8818,8050,3.1,,,,,,,,
8819,8051,3.867,,,,,,,,
8820,8052,1.4,,,,,,,,
8821,8053,1.197,,,,,,,,
8822,8053,0.715,,,,,,,,
8823,8053,0.6,,,,,,,,
8824,8054,5.134,,,,,,,,
8825,8055,0.6,,,,,,,,
8826,8056,0.6,,,,,,,,
8827,8057,2.429,,,,,,,,
8828,8057,1.603,,,,,,,,
8829,8058,0.6,,,,,,,,
8830,8059,1.317,,,,,,,,
8831,8060,6.299,,,,,,,,
8832,8061,2.541,,,,,,,,
8833,8062,16.467,,,,,,,,
8834,8063,2.79,,,,,,,,
8835,8064,8.088,,,,,,,,
8836,8065,6.902,,,,,,,,
8837,8066,0.6,,,,,,,,
8838,8066,0.6,,,,,,,,
8839,8067,8.779,,,,,,,,
8840,8068,11.134,,,,,,,,
8841,8069,3.065,,,,,,,,
8842,8070,0.6,,,,,,,,
8843,8071,0.6,,,,,,,,
8844,8072,0.6,,,,,,,,
8845,8073,0.6,,,,,,,,
8846,8074,5.635,,,,,,,,
8847,8075,0.6,,,,,,,,
8848,8076,0.6,,,,,,,,
8849,8077,1.4,,,,,,,,
8850,8078,0.6,,,,,,,,
8851,8079,0.77,,,,,,,,
8852,8080,0.6,,,,,,,,
8853,8081,1.988,,,,,,,,
8854,8082,0.6,,,,,,,,
8855,8083,2.649,,,,,,,,
8856,8084,0.6,,,,,,,,
8857,8085,4.194,,,,,,,,
8858,8086,3.566,,,,,,,,
8859,8087,3.983,,,,,,,3.0,6.1
8860,8088,0.6,,,,,,,,
8861,8089,0.629,,,,,,,,
8862,8090,3.077,,,,,,,,
8863,8091,0.6,,,,,,,,
8864,8092,0.6,,,,,,,,
8865,8093,2.301,,,,,,,,
8866,8093,0.6,,,,,,,,
8867,8094,0.621,,,,,,,,
8868,8095,1.426,,,,,,,,
8869,8096,0.963,,,,,,,,
8870,8097,0.6,,,,,,,,
8871,8098,0.902,,,,,,,,
8872,8099,0.6,,,,,,,,
8873,8100,0.6,,,,,,,1.0,7.3
8874,8101,9.356,,,,,,,,
8875,8102,1.905,,,,,,,,
8876,8103,3.39,,,,,,,,
8877,8104,7.017,,,,,,,,
8878,8105,4.934,,,,,,,,
8879,8106,0.9,,,,,,,,
8880,8107,1.037,,,,,,,,
8881,8107,0.6,,,,,,,,
8882,8108,0.987,,,,,,,,
8883,8109,0.6,,,,,,,,
8884,8110,0.6,,,,,,,,
8885,8111,1.091,,,,,,,,
8886,8112,1.486,,,,,,,3.0,6.2
8887,8113,0.6,,,,,,,,
8888,8114,0.6,,,,,,,,
8889,8115,0.6,,,,,,,,
8890,8116,3.586,,,,,,,,
8891,8117,11.273,,,,,,,,
8892,8118,0.6,,,,,,,,
8893,8119,0.6,,,,,,,,
8894,8120,0.6,,,,,,,,
8895,8121,0.6,,,,,,,,
8896,8122,0.6,,,,,,,,
8897,8123,1.624,,,,,,,,
8898,8124,0.6,,,,,,,,
8899,8125,0.6,,,,,,,,
8900,8126,0.6,,,,,,,,
8901,8127,2.26,,,,,,,,
8902,8128,0.6,,,,,,,,
8903,8129,0.6,,,,,,,,
8904,8130,0.6,,,,,,,,
8905,8131,0.652,,,,,,,,
8906,8132,,,,,,,,,
8907,8133,0.6,,,,,,,,
8908,8134,0.6,,,,,,,,
8909,8135,1.355,,,,,,,,
8910,8136,0.6,,,,,,,,
8911,8137,2.225,,,,,,,,
8912,8138,0.6,,,,,,,,
8913,8139,1.009,,,,,,,,
8914,8140,0.6,,,,,,,,
8915,8141,0.6,,,,,,,,
8916,8142,0.6,,,,,,,,
8917,8143,2.317,,,,,,,,
8918,8143,0.6,,,,,,,,
8919,8144,1.4,,,,,,,,
8920,8145,0.6,,,,,,,,
8921,8146,0.873,,,,,,,,
8922,8147,1.676,,,,,,,,
8923,8148,0.6,,,,,,,,
8924,8149,0.6,,,,,,,,
8925,8150,0.6,,,,,,,,
8926,8151,0.673,,,,,,,,
8927,8152,0.911,,,,,,,,
8928,8153,8.444,,,,,,,,
8929,8153,0.6,,,,,,,,
8930,8154,0.6,,,,,,,,
8931,8155,0.6,,,,,,,,
8932,8156,0.6,,,,,,,,
8933,8157,0.6,,,,,,,,
8934,8158,0.907,,,,,,,,
8935,8159,1.471,,,,,,,,
8936,8160,6.554,,,,,,,,
8937,8161,3.251,,,,,,,,
8938,8162,3.023,,,,,,,,
8939,8163,1.809,,,,,,,,
8940,8164,1.42,,,,,,,,
8941,8165,0.937,,,,,,,,
8942,8166,0.6,,,,,,,,
8943,8167,0.6,,,,,,,,
8944,8168,0.6,,,,,,,,
8945,8169,0.868,,,,,,,,
8946,8170,0.666,,,,,,,,
8947,8171,0.6,,,,,,,,
8948,8172,0.83,,,,,,,,
8949,8173,0.92,,,,,,,,
8950,8174,2.272,,,,,,,,
8951,8175,0.6,,,,,,,,
8952,8176,0.6,,,,,,,,
8953,8177,0.6,,,,,,,,
8954,8178,0.6,,,,,,,,
8955,8179,0.6,,,,,,,,
8956,8180,0.6,,,,,,,,
8957,8181,0.6,,,,,,,,
8958,8182,0.6,,,,,,,,
8959,8183,0.6,,,,,,,,
8960,8184,0.6,,,,,,,,
8961,8185,0.6,,,,,,,,
8962,8186,0.655,,,,,,,,
8963,8186,0.6,,,,,,,,
8964,8187,1.019,,,,,,,,
8965,8188,4.559,,,,,,,3.0,6.1
8966,8188,0.84,,,,,,,3.0,6.1
8967,8188,0.6,,,,,,,3.0,6.1
8968,8189,2.768,,,,,,,,
8969,8190,0.6,,,,,,,,
8970,8191,0.6,,,,,,,,
8971,8192,0.6,,,,,,,,
8972,8193,4.204,,,,,,,3.0,6.8
8973,8193,0.6,,,,,,,3.0,6.8
8974,8194,0.6,,,,,,,,
8975,8195,1.267,,,,,,,,
8976,8196,0.6,,,,,,,,
8977,8197,0.6,,,,,,,,
8978,8198,1.729,,,,,,,,
8979,8199,0.6,,,,,,,,
8980,8200,0.688,,,,,,,,
8981,8201,1.61,,,,,,,,
8982,8201,1.222,,,,,,,,
8983,8202,2.113,,,,,,,,
8984,8203,0.631,,,,,,,,
8985,8204,3.659,,,,,,,,
8986,8205,1.235,,,,,,,,
8987,8206,17.041,,,,,,,,
8988,8206,3.621,,,,,,,,
8989,8207,0.602,,,,,,,,
8990,8208,0.6,,,,,,,,
8991,8209,4.452,,,,,,,1.0,7.5
8992,8209,1.113,,,,,,,1.0,7.5
8993,8210,0.6,,,,,,,,
8994,8211,1.014,,,,,,,,
8995,8212,0.6,,,,,,,,
8996,8213,,,,,,,,1.0,7.6
8997,8214,0.6,,,,,,,,
8998,8215,7.111,,,,,,,,
8999,8216,0.6,,,,,,,,
9000,8217,0.6,,,,,,,,
9001,8217,0.6,,,,,,,,
9002,8218,0.6,,,,,,,,
9003,8219,0.878,,,,,,,,
9004,8220,2.403,,,,,,,,
9005,8220,0.6,,,,,,,,
9006,8221,8.937,,,,,,,,
9007,8222,0.6,,,,,,,,
9008,8223,0.6,,,,,,,,
9009,8223,0.6,,,,,,,,
9010,8224,2.094,,,,,,,,
9011,8225,1.139,,,,,,,,
9012,8225,0.6,,,,,,,,
9013,8226,0.6,,,,,,,,
9014,8227,0.6,,,,,,,,
9015,8228,0.6,,,,,,,,
9016,8229,0.6,,,,,,,,
9017,8230,1.242,,,,,,,,
9018,8231,2.477,,,,,,,,
9019,8232,2.071,,,,,,,,
9020,8233,1.57,,,,,,,,
9021,8234,0.781,,,,,,,,
9022,8235,0.712,,,,,,,,
9023,8236,0.6,,,,,,,,
9024,8237,0.6,,,,,,,,
9025,8238,0.6,,,,,,,,
9026,8239,2.156,,,,,,,,
9027,8240,0.613,,,,,,,,
9028,8241,1.308,,,,,,,,
9029,8242,3.983,,,,,,,,
9030,8243,0.6,,,,,,,,
9031,8244,0.79,,,,,,,,
9032,8245,1.287,,,,,,,,
9033,8246,1.604,,,,,,,,
9034,8247,2.013,,,,,,,,
9035,8248,0.681,,,,,,,,
9036,8249,0.6,,,,,,,,
9037,8250,2.23,,,,,,,,
9038,8250,0.946,,,,,,,,
9039,8250,0.808,,,,,,,,
9040,8250,0.6,,,,,,,,
9041,8250,0.6,,,,,,,,
9042,8251,0.6,,,,,,,,
9043,8252,0.6,,,,,,,,
9044,8253,0.6,,,,,,,,
9045,8254,0.6,,,,,,,,
9046,8255,1.128,,,,,,,,
9047,8256,1.735,,,,,,,,
9048,8257,0.6,,,,,,,,
9049,8258,,,,,,,,,
9050,8259,0.6,,,,,,,,
9051,8260,,,,,,,,0.0,7.7
9052,8261,1.355,,,,,,,,
9053,8262,1.176,,,,,,,,
9054,8263,,,,,,,,1.0,7.9
9055,8264,0.6,,,,,,,,
9056,8265,0.672,,,,,,,,
9057,8266,0.6,,,,,,,,
9058,8267,20.453,,,,,,,3.0,4.9
9059,8268,1.181,,,,,,,,
9060,8269,1.343,,,,,,,,
9061,8270,0.687,,,,,,,,
9062,8271,0.962,,,,,,,,
9063,8272,0.6,,,,,,,,
9064,8273,0.6,,,,,,,,
9065,8274,0.6,,,,,,,,
9066,8275,,1.0,0.0,1996,"Violent, quirky, and darkly funny, Fargo delivers an original crime story and a wonderful performance by McDormand.",Certified-Fresh,94.0,2.0,8.1
9067,8276,0.6,,,,,,,,
9068,8277,5.072,,,,,,,,
9069,8278,0.6,,,,,,,,
9070,8279,0.6,,,,,,,,
9071,8280,0.6,,,,,,,,
9072,8281,8.991,,,,,,,,
9073,8282,1.949,,,,,,,,
9074,8283,0.6,,,,,,,,
9075,8284,0.6,,,,,,,,
9076,8285,0.6,,,,,,,,
9077,8286,47.937,,,,,,,,
9078,8287,0.92,,,,,,,,
9079,8288,0.6,,,,,,,,
9080,8289,1.77,,,,,,,,
9081,8290,0.682,,,,,,,,
9082,8291,,1.0,0.0,1987,"A potboiler in the finest sense, Fatal Attraction is a sultry, juicy thriller that's hard to look away from once it gets going.",Certified-Fresh,76.0,3.0,6.9
9083,8292,1.4,,,,,,,,
9084,8293,0.911,,,,,,,,
9085,8294,1.028,,,,,,,,
9086,8295,3.624,,,,,,,,
9087,8296,1.639,,,,,,,,
9088,8297,1.474,,,,,,,,
9089,8298,3.235,,,,,,,,
9090,8299,1.129,,,,,,,,
9091,8300,0.6,,,,,,,,
9092,8301,0.6,,,,,,,,
9093,8302,4.073,,,,,,,,
9094,8303,0.84,,,,,,,,
9095,8304,1.535,,,,,,,,
9096,8305,0.6,,,,,,,,
9097,8306,0.6,,,,,,,,
9098,8307,0.808,,,,,,,,
9099,8308,2.789,,,,,,,,
9100,8309,0.702,,,,,,,,
9101,8310,0.6,,,,,,,,
9102,8311,0.848,,,,,,,,
9103,8312,0.6,,,,,,,,
9104,8313,1.377,,,,,,,,
9105,8314,,1.0,0.0,1950,"With a terrific script, great performances from Spencer Tracy and Elizabeth Taylor, and assured direction from Vincent Minnelli, Father of the Bride endures as a sparkling comedy of its era.",Fresh,90.0,,7.2
9106,8315,4.307,,,,,,,,
9107,8316,0.6,,,,,,,,
9108,8317,0.6,,,,,,,,
9109,8318,0.6,,,,,,,,
9110,8319,0.913,,,,,,,,
9111,8320,1.751,,,,,,,1.0,6.5
9112,8320,0.6,,,,,,,1.0,6.5
9113,8321,0.6,,,,,,,,
9114,8322,5.134,,,,,,,,
9115,8323,1.93,,,,,,,,
9116,8324,0.636,,,,,,,,
9117,8325,0.806,,,,,,,,
9118,8326,3.198,,,,,,,3.0,6.2
9119,8326,2.005,,,,,,,3.0,6.2
9120,8326,1.49,,,,,,,3.0,6.2
9121,8326,0.6,,,,,,,3.0,6.2
9122,8326,0.6,,,,,,,3.0,6.2
9123,8327,1.732,,,,,,,,
9124,8328,5.035,,,,,,,,
9125,8329,0.6,,,,,,,,
9126,8330,1.782,,,,,,,,
9127,8331,0.842,,,,,,,,
9128,8332,0.818,,,,,,,,
9129,8333,2.47,,,,,,,,
9130,8334,0.6,,,,,,,,
9131,8335,5.284,,,,,,,,
9132,8336,2.314,,,,,,,,
9133,8337,1.515,,,,,,,,
9134,8338,0.6,,,,,,,,
9135,8339,3.699,,,,,,,,
9136,8339,1.474,,,,,,,,
9137,8340,1.798,,,,,,,,
9138,8341,1.634,,,,,,,,
9139,8342,1.449,,,,,,,,
9140,8343,0.6,,,,,,,,
9141,8344,2.778,,,,,,,,
9142,8345,2.549,,,,,,,,
9143,8346,2.65,,,,,,,,
9144,8347,66.278,,,,,,,,
9145,8348,105.156,,,,,,,,
9146,8349,111.397,,,,,,,,
9147,8350,1.092,,,,,,,,
9148,8351,0.6,,,,,,,,
9149,8352,7.121,,,,,,,1.0,6.0
9150,8353,0.6,,,,,,,0.0,5.3
9151,8354,,,,,,,,1.0,7.5
9152,8355,34.067,,,,,,,,
9153,8356,1.991,,,,,,,,
9154,8357,2.797,,,,,,,,
9155,8357,1.04,,,,,,,,
9156,8357,0.893,,,,,,,,
9157,8358,0.6,,,,,,,,
9158,8359,0.6,,,,,,,,
9159,8360,0.6,,,,,,,,
9160,8361,3.378,,,,,,,,
9161,8362,7.721,,,,,,,,
9162,8363,10.98,,,,,,,,
9163,8364,0.628,,,,,,,,
9164,8365,0.713,,,,,,,,
9165,8366,0.957,,,,,,,,
9166,8367,1.876,,,,,,,,
9167,8368,0.6,,,,,,,,
9168,8369,0.671,,,,,,,,
9169,8370,13.423,,,,,,,,
9170,8370,1.176,,,,,,,,
9171,8371,8.307,,,,,,,,
9172,8372,7.58,,,,,,,,
9173,8373,0.6,,,,,,,,
9174,8374,0.6,,,,,,,,
9175,8375,1.662,,,,,,,,
9176,8376,0.686,,,,,,,,
9177,8377,1.093,,,,,,,,
9178,8378,0.6,,,,,,,,
9179,8379,0.6,,,,,,,,
9180,8380,0.639,,,,,,,,
9181,8381,0.6,,,,,,,,
9182,8382,18.403,,,,,,,,
9183,8382,0.742,,,,,,,,
9184,8383,0.6,,,,,,,,
9185,8384,0.6,,,,,,,,
9186,8385,0.6,,,,,,,,
9187,8386,0.6,,,,,,,,
9188,8387,0.6,,,,,,,,
9189,8388,2.515,,,,,,,,
9190,8389,1.065,,,,,,,,
9191,8390,0.6,,,,,,,,
9192,8391,0.6,,,,,,,,
9193,8392,0.6,,,,,,,,
9194,8393,1.459,,,,,,,,
9195,8394,1.523,,,,,,,,
9196,8395,1.635,,,,,,,,
9197,8396,3.0,,,,,,,,
9198,8397,1.547,,,,,,,,
9199,8398,0.6,,,,,,,,
9200,8399,1.034,,,,,,,,
9201,8400,1.011,,,,,,,,
9202,8401,5.874,,,,,,,1.0,7.0
9203,8402,0.6,,,,,,,,
9204,8403,0.6,,,,,,,,
9205,8404,0.6,,,,,,,,
9206,8405,1.986,,,,,,,,
9207,8406,0.925,,,,,,,3.0,6.7
9208,8406,0.6,,,,,,,3.0,6.7
9209,8407,0.6,,,,,,,,
9210,8408,0.6,,,,,,,,
9211,8409,1.06,,,,,,,,
9212,8410,5.062,,,,,,,,
9213,8411,0.6,,,,,,,,
9214,8412,0.6,,,,,,,,
9215,8413,4.415,,,,,,,3.0,4.7
9216,8413,0.6,,,,,,,3.0,4.7
9217,8414,2.961,,,,,,,,
9218,8415,1.123,,,,,,,,
9219,8416,,1.0,0.0,2016,"From its reunited Broadway stars to its screenplay, the solidly crafted Fences finds its Pulitzer-winning source material fundamentally unchanged -- and still just as powerful.",Certified-Fresh,92.0,3.0,7.2
9220,8417,7.859,,,,,,,,
9221,8418,1.788,,,,,,,,
9222,8419,1.088,,,,,,,,
9223,8420,0.6,,,,,,,,
9224,8421,7.937,,,,,,,,
9225,8421,0.6,,,,,,,,
9226,8421,0.6,,,,,,,,
9227,8421,0.6,,,,,,,,
9228,8422,1.805,,,,,,,,
9229,8423,0.6,,,,,,,,
9230,8424,2.395,,,,,,,,
9231,8425,,,,,,,,,
9232,8426,5.662,,,,,,,,
9233,8427,0.7,,,,,,,,
9234,8428,,,,,,,,,
9235,8429,0.6,,,,,,,,
9236,8430,0.6,,,,,,,,
9237,8431,0.6,,,,,,,,
9238,8432,0.6,,,,,,,,
9239,8433,1.831,,,,,,,,
9240,8434,2.191,,,,,,,,
9241,8435,1.215,,,,,,,,
9242,8436,0.6,,,,,,,,
9243,8437,1.9,,,,,,,,
9244,8438,0.989,,,,,,,,
9245,8439,0.6,,,,,,,,
9246,8440,,1.0,0.0,1971,"A bird may love a fish -- and musical fans will love this adaptation of Fiddler on the Roof, even if it isn't quite as transcendent as the long-running stage version.",Certified-Fresh,83.0,,8.0
9247,8441,0.6,,,,,,,,
9248,8442,10.077,,,,,,,2.0,6.7
9249,8443,1.567,,,,,,,,
9250,8444,,1.0,0.0,1989,"Field of Dreams is sentimental, but in the best way; it's a mix of fairy tale, baseball, and family togetherness.",Certified-Fresh,87.0,2.0,7.5
9251,8445,2.637,,,,,,,3.0,2.6
9252,8446,1.462,,,,,,,,
9253,8447,0.6,,,,,,,,
9254,8448,3.391,,,,,,,,
9255,8449,0.6,,,,,,,,
9256,8450,0.6,,,,,,,,
9257,8451,0.6,,,,,,,,
9258,8452,0.6,,,,,,,,
9259,8453,0.6,,,,,,,,
9260,8454,,,,,,,,1.0,8.8
9261,8455,1.135,,,,,,,,
9262,8456,0.6,,,,,,,,
9263,8457,0.84,,,,,,,,
9264,8458,0.6,,,,,,,,
9265,8459,14.098,,,,,,,,
9266,8460,0.6,,,,,,,,
9267,8461,0.6,,,,,,,,
9268,8462,0.6,,,,,,,,
9269,8463,3.477,,,,,,,,
9270,8464,0.6,,,,,,,,
9271,8465,0.6,,,,,,,1.0,7.0
9272,8466,0.6,,,,,,,,
9273,8467,0.6,,,,,,,,
9274,8468,0.662,,,,,,,,
9275,8469,0.6,,,,,,,,
9276,8470,0.6,,,,,,,,
9277,8471,0.63,,,,,,,,
9278,8472,0.6,,,,,,,,
9279,8473,0.6,,,,,,,,
9280,8474,0.986,,,,,,,,
9281,8475,0.6,,,,,,,,
9282,8476,0.6,,,,,,,,
9283,8477,0.713,,,,,,,,
9284,8477,0.6,,,,,,,,
9285,8478,16.939,,,,,,,3.0,6.4
9286,8478,0.6,,,,,,,3.0,6.4
9287,8478,0.6,,,,,,,3.0,6.4
9288,8479,3.12,,,,,,,,
9289,8480,83.626,,,,,,,1.0,6.7
9290,8480,0.6,,,,,,,1.0,6.7
9291,8481,64.18,,,,,,,3.0,6.2
9292,8482,67.459,,,,,,,3.0,5.8
9293,8483,73.733,,,,,,,2.0,5.9
9294,8484,0.6,,,,,,,,
9295,8485,1.391,,,,,,,,
9296,8486,7.194,,,,,,,,
9297,8486,0.6,,,,,,,,
9298,8487,2.109,,,,,,,,
9299,8488,0.6,,,,,,,,
9300,8489,0.6,,,,,,,,
9301,8490,1.4,,,,,,,,
9302,8491,0.712,,,,,,,,
9303,8492,2.757,,,,,,,,
9304,8493,0.6,,,,,,,,
9305,8494,6.901,,,,,,,,
9306,8495,0.854,,,,,,,,
9307,8496,2.148,,,,,,,,
9308,8497,0.663,,,,,,,,
9309,8498,0.6,,,,,,,,
9310,8499,1.19,,,,,,,,
9311,8500,3.867,,,,,,,,
9312,8501,14.844,,,,,,,,
9313,8501,2.394,,,,,,,,
9314,8502,1.279,,,,,,,,
9315,8503,,,,,,,,1.0,8.2
9316,8504,,1.0,0.0,2004,"It won't pass muster for those looking for historical accuracy, but Finding Neverland is a warm, heartfelt drama with a charm all its own -- and Johnny Depp gives a graceful performance as Peter Pan creator J.M. Barrie.",Certified-Fresh,83.0,3.0,7.7
9317,8505,1.36,,,,,,,,
9318,8506,0.6,,,,,,,,
9319,8507,0.814,,,,,,,,
9320,8508,2.789,,,,,,,,
9321,8509,4.935,,,,,,,,
9322,8510,2.678,,,,,,,,
9323,8511,2.268,,,,,,,,
9324,8512,3.903,,,,,,,,
9325,8513,0.6,,,,,,,,
9326,8514,0.6,,,,,,,,
9327,8515,0.6,,,,,,,,
9328,8516,5.528,,,,,,,,
9329,8517,7.302,,,,,,,,
9330,8518,1.4,,,,,,,,
9331,8519,0.673,,,,,,,,
9332,8520,0.6,,,,,,,,
9333,8521,0.6,,,,,,,,
9334,8522,0.6,,,,,,,,
9335,8523,26.989,,,,,,,,
9336,8523,15.134,,,,,,,,
9337,8524,0.6,,,,,,,,
9338,8525,0.6,,,,,,,,
9339,8526,,,,,,,,0.0,7.7
9340,8527,8.142,,,,,,,,
9341,8527,6.43,,,,,,,,
9342,8528,0.721,,,,,,,,
9343,8529,0.6,,,,,,,,
9344,8529,0.6,,,,,,,,
9345,8530,0.72,,,,,,,,
9346,8531,0.637,,,,,,,,
9347,8532,2.106,,,,,,,,
9348,8533,1.617,,,,,,,,
9349,8534,0.6,,,,,,,,
9350,8535,0.6,,,,,,,,
9351,8536,0.6,,,,,,,,
9352,8537,0.6,,,,,,,,
9353,8538,0.6,,,,,,,,
9354,8539,1.822,,,,,,,,
9355,8540,0.6,,,,,,,,
9356,8541,0.6,,,,,,,,
9357,8542,2.52,,,,,,,,
9358,8543,1.615,,,,,,,,
9359,8544,0.6,,,,,,,,
9360,8545,0.6,,,,,,,,
9361,8546,,,,,,,,,
9362,8547,0.6,,,,,,,,
9363,8548,2.938,,,,,,,3.0,2.6
9364,8549,0.6,,,,,,,,
9365,8550,0.6,,,,,,,,
9366,8551,5.015,,,,,,,,
9367,8552,,1.0,0.0,1970,"An important touchstone of the New Hollywood era, Five Easy Pieces is a haunting portrait of alienation that features one of Jack Nicholson's greatest performances.",Certified-Fresh,88.0,3.0,7.5
9368,8553,0.637,,,,,,,,
9369,8554,0.6,,,,,,,,
9370,8555,0.6,,,,,,,,
9371,8556,0.901,,,,,,,,
9372,8557,1.359,,,,,,,,
9373,8558,0.6,,,,,,,,
9374,8559,0.849,,,,,,,,
9375,8560,0.84,,,,,,,,
9376,8561,0.639,,,,,,,,
9377,8562,2.496,,,,,,,,
9378,8563,2.38,,,,,,,3.0,6.1
9379,8564,0.6,,,,,,,,
9380,8565,0.653,,,,,,,,
9381,8566,0.6,,,,,,,,
9382,8567,0.6,,,,,,,,
9383,8568,18.442,,,,,,,3.0,6.5
9384,8568,17.805,,,,,,,3.0,6.5
9385,8569,0.6,,,,,,,,
9386,8570,4.984,,,,,,,,
9387,8571,2.062,,,,,,,,
9388,8572,4.007,,,,,,,,
9389,8573,0.6,,,,,,,,
9390,8573,0.6,,,,,,,,
9391,8574,10.085,,,,,,,,
9392,8575,0.6,,,,,,,,
9393,8576,1.568,,,,,,,,
9394,8577,0.6,,,,,,,,
9395,8578,0.6,,,,,,,,
9396,8579,0.6,,,,,,,,
9397,8580,0.6,,,,,,,,
9398,8581,3.371,,,,,,,,
9399,8582,0.848,,,,,,,,
9400,8583,0.6,,,,,,,,
9401,8584,0.899,,,,,,,,
9402,8585,0.6,,,,,,,,
9403,8586,0.6,,,,,,,,
9404,8587,7.259,,,,,,,,
9405,8588,3.312,,,,,,,,
9406,8589,0.6,,,,,,,,
9407,8590,0.6,,,,,,,,
9408,8591,0.6,,,,,,,,
9409,8592,1.098,,,,,,,,
9410,8593,0.6,,,,,,,,
9411,8594,1.043,,,,,,,,
9412,8595,3.338,,,,,,,,
9413,8596,0.6,,,,,,,,
9414,8597,0.6,,,,,,,,
9415,8598,0.6,,,,,,,,
9416,8599,0.6,,,,,,,,
9417,8600,0.6,,,,,,,,
9418,8601,2.427,,,,,,,,
9419,8602,2.432,,,,,,,,
9420,8602,0.6,,,,,,,,
9421,8603,0.6,,,,,,,,
9422,8604,0.6,,,,,,,,
9423,8604,0.6,,,,,,,,
9424,8605,6.064,,,,,,,,
9425,8606,16.925,,,,,,,,
9426,8607,8.357,,,,,,,3.0,5.1
9427,8608,0.861,,,,,,,,
9428,8609,,,,,,,,3.0,7.7
9429,8610,0.631,,,,,,,,
9430,8611,0.6,,,,,,,,
9431,8612,0.784,,,,,,,,
9432,8613,3.266,,,,,,,,
9433,8613,1.76,,,,,,,,
9434,8614,0.6,,,,,,,,
9435,8615,1.4,,,,,,,,
9436,8616,5.349,,,,,,,,
9437,8617,0.6,,,,,,,,
9438,8618,2.156,,,,,,,,
9439,8618,0.6,,,,,,,,
9440,8619,0.6,,,,,,,,
9441,8620,0.6,,,,,,,,
9442,8621,8.165,,,,,,,,
9443,8622,0.6,,,,,,,,
9444,8623,3.901,,,,,,,,
9445,8624,4.771,,,,,,,3.0,5.8
9446,8625,5.209,,,,,,,,
9447,8626,1.314,,,,,,,,
9448,8627,3.733,,,,,,,,
9449,8628,1.4,,,,,,,,
9450,8629,0.6,,,,,,,,
9451,8630,0.6,,,,,,,,
9452,8631,0.6,,,,,,,,
9453,8632,0.6,,,,,,,,
9454,8633,0.6,,,,,,,,
9455,8634,0.6,,,,,,,,
9456,8635,3.171,,,,,,,,
9457,8636,0.6,,,,,,,,
9458,8637,1.094,,,,,,,,
9459,8638,0.839,,,,,,,,
9460,8639,0.6,,,,,,,,
9461,8640,0.692,,,,,,,,
9462,8641,0.6,,,,,,,,
9463,8642,0.895,,,,,,,,
9464,8643,0.6,,,,,,,,
9465,8644,0.752,,,,,,,,
9466,8645,1.502,,,,,,,,
9467,8646,3.277,,,,,,,,
9468,8647,0.6,,,,,,,,
9469,8648,13.478,,,,,,,,
9470,8649,2.708,,,,,,,,
9471,8650,0.6,,,,,,,,
9472,8651,0.6,,,,,,,,
9473,8652,1.203,,,,,,,,
9474,8653,0.6,,,,,,,,
9475,8654,0.6,,,,,,,,
9476,8655,6.34,,,,,,,,
9477,8656,1.359,,,,,,,,
9478,8657,1.475,,,,,,,,
9479,8657,0.6,,,,,,,,
9480,8657,0.6,,,,,,,,
9481,8658,2.779,,,,,,,,
9482,8659,0.6,,,,,,,,
9483,8660,0.6,,,,,,,,
9484,8661,0.6,,,,,,,,
9485,8662,3.845,,,,,,,,
9486,8663,0.6,,,,,,,,
9487,8664,0.6,,,,,,,,
9488,8665,0.845,,,,,,,,
9489,8666,0.935,,,,,,,,
9490,8667,1.259,,,,,,,,
9491,8668,0.6,,,,,,,,
9492,8668,0.6,,,,,,,,
9493,8668,0.6,,,,,,,,
9494,8669,0.6,,,,,,,,
9495,8670,0.6,,,,,,,,
9496,8671,2.87,,,,,,,,
9497,8672,0.6,,,,,,,,
9498,8673,0.6,,,,,,,,
9499,8674,0.6,,,,,,,,
9500,8675,0.6,,,,,,,,
9501,8676,0.653,,,,,,,,
9502,8677,0.6,,,,,,,,
9503,8678,0.6,,,,,,,,
9504,8679,0.6,,,,,,,,
9505,8680,2.871,,,,,,,,
9506,8681,1.155,,,,,,,,
9507,8682,3.295,,,,,,,,
9508,8683,,1.0,0.0,1943,,Fresh,71.0,,6.9
9509,8684,0.652,,,,,,,,
9510,8685,0.6,,,,,,,,
9511,8686,2.355,,,,,,,,
9512,8687,0.6,,,,,,,3.0,6.0
9513,8688,14.393,,,,,,,,
9514,8689,0.6,,,,,,,,
9515,8690,0.911,,,,,,,,
9516,8691,31.129,,,,,,,,
9517,8692,0.6,,,,,,,,
9518,8693,1.177,,,,,,,,
9519,8694,0.6,,,,,,,,
9520,8695,5.134,,,,,,,,
9521,8696,6.233,,,,,,,3.0,5.1
9522,8697,0.62,,,,,,,,
9523,8698,0.955,,,,,,,,
9524,8699,0.6,,,,,,,,
9525,8700,0.6,,,,,,,,
9526,8701,1.547,,,,,,,,
9527,8702,,,,,,,,0.0,8.1
9528,8703,1.771,,,,,,,,
9529,8703,0.6,,,,,,,,
9530,8704,,1.0,0.0,1940,"Alfred Hitchcock's Foreign Correspondent features a winning combination of international intrigue, comic relief, and some of the legendary director's most memorable set pieces.",Fresh,95.0,1.0,7.5
9531,8705,3.726,,,,,,,,
9532,8706,0.761,,,,,,,,
9533,8707,0.6,,,,,,,,
9534,8708,0.6,,,,,,,,
9535,8709,1.042,,,,,,,,
9536,8710,0.6,,,,,,,,
9537,8711,0.6,,,,,,,,
9538,8712,0.766,,,,,,,,
9539,8713,1.057,,,,,,,,
9540,8714,0.6,,,,,,,,
9541,8715,5.223,,,,,,,,
9542,8716,1.006,,,,,,,,
9543,8717,1.523,,,,,,,,
9544,8718,0.6,,,,,,,,
9545,8719,0.934,,,,,,,,
9546,8719,0.68,,,,,,,,
9547,8720,0.6,,,,,,,,
9548,8721,2.703,,,,,,,,
9549,8722,0.98,,,,,,,,
9550,8723,0.6,,,,,,,,
9551,8724,7.061,,,,,,,,
9552,8725,0.63,,,,,,,,
9553,8726,0.6,,,,,,,,
9554,8727,0.6,,,,,,,,
9555,8728,0.6,,,,,,,,
9556,8729,0.6,,,,,,,,
9557,8730,0.608,,,,,,,,
9558,8731,0.6,,,,,,,,
9559,8732,5.321,,,,,,,,
9560,8733,0.6,,,,,,,,
9561,8734,2.433,,,,,,,,
9562,8735,0.602,,,,,,,,
9563,8736,,0.0,1.0,1994,"Forrest Gump may be an overly sentimental film with a somewhat problematic message, but its sweetness and charm are usually enough to approximate true depth and grace.",Fresh,71.0,1.0,8.8
9564,8737,2.102,,,,,,,,
9565,8738,0.6,,,,,,,,
9566,8739,1.407,,,,,,,,
9567,8740,6.479,,,,,,,,
9568,8741,0.6,,,,,,,,
9569,8742,1.292,,,,,,,,
9570,8743,0.713,,,,,,,,
9571,8744,,,,,,,,,
9572,8745,0.6,,,,,,,,
9573,8746,0.6,,,,,,,,
9574,8747,1.6,,,,,,,,
9575,8748,0.6,,,,,,,,
9576,8749,6.081,,,,,,,,
9577,8750,1.203,,,,,,,,
9578,8751,4.696,,,,,,,,
9579,8752,0.608,,,,,,,,
9580,8753,1.357,,,,,,,,
9581,8754,1.049,,,,,,,,
9582,8755,6.737,,,,,,,,
9583,8756,0.6,,,,,,,,
9584,8757,,1.0,0.0,1994,"While frothy to a fault, Four Weddings and a Funeral features irresistibly breezy humor, and winsome performances from Hugh Grant and Andie MacDowell.",Certified-Fresh,96.0,3.0,7.1
9585,8758,0.698,,,,,,,,
9586,8759,2.764,,,,,,,,
9587,8760,1.725,,,,,,,,
9588,8761,0.79,,,,,,,,
9589,8762,0.624,,,,,,,,
9590,8763,0.6,,,,,,,,
9591,8764,1.249,,,,,,,,
9592,8765,0.623,,,,,,,,
9593,8766,0.6,,,,,,,,
9594,8767,11.623,,,,,,,,
9595,8768,0.841,,,,,,,,
9596,8769,3.811,,,,,,,,
9597,8770,0.6,,,,,,,,
9598,8771,0.6,,,,,,,,
9599,8772,0.6,,,,,,,,
9600,8772,0.6,,,,,,,,
9601,8773,0.6,,,,,,,,
9602,8774,1.853,,,,,,,,
9603,8775,0.681,,,,,,,,
9604,8776,0.786,,,,,,,1.0,6.9
9605,8777,0.6,,,,,,,,
9606,8778,2.157,,,,,,,,
9607,8779,0.613,,,,,,,,
9608,8780,0.6,,,,,,,,
9609,8781,10.29,,,,,,,,
9610,8782,0.6,,,,,,,,
9611,8783,11.215,,,,,,,,
9612,8784,0.786,,,,,,,,
9613,8785,9.197,,,,,,,,
9614,8786,0.6,,,,,,,,
9615,8787,1.4,,,,,,,,
9616,8788,7.583,,,,,,,1.0,7.8
9617,8788,5.31,,,,,,,1.0,7.8
9618,8788,2.142,,,,,,,1.0,7.8
9619,8788,1.757,,,,,,,1.0,7.8
9620,8788,1.4,,,,,,,1.0,7.8
9621,8788,1.347,,,,,,,1.0,7.8
9622,8788,1.301,,,,,,,1.0,7.8
9623,8788,0.6,,,,,,,1.0,7.8
9624,8788,0.6,,,,,,,1.0,7.8
9625,8789,1.412,,,,,,,,
9626,8790,1.657,,,,,,,,
9627,8791,2.596,,,,,,,,
9628,8792,2.69,,,,,,,,
9629,8793,4.118,,,,,,,1.0,5.5
9630,8794,1.346,,,,,,,,
9631,8795,6.769,,,,,,,,
9632,8796,0.829,,,,,,,,
9633,8797,1.561,,,,,,,,
9634,8798,1.263,,,,,,,,
9635,8799,2.614,,,,,,,,
9636,8800,2.433,,,,,,,,
9637,8801,5.938,,,,,,,,
9638,8802,3.924,,,,,,,,
9639,8803,1.73,,,,,,,,
9640,8804,1.526,,,,,,,,
9641,8805,0.6,,,,,,,,
9642,8806,8.886,,,,,,,,
9643,8807,0.6,,,,,,,,
9644,8808,6.247,,,,,,,,
9645,8809,6.894,,,,,,,,
9646,8810,2.492,,,,,,,,
9647,8811,0.6,,,,,,,,
9648,8812,10.606,,,,,,,,
9649,8813,0.6,,,,,,,,
9650,8814,1.967,,,,,,,,
9651,8815,2.631,,,,,,,,
9652,8816,0.603,,,,,,,,
9653,8817,1.5,,,,,,,,
9654,8818,2.096,,,,,,,,
9655,8819,0.6,,,,,,,,
9656,8820,0.6,,,,,,,,
9657,8821,0.6,,,,,,,,
9658,8822,1.081,,,,,,,,
9659,8823,0.6,,,,,,,,
9660,8824,1.037,,,,,,,,
9661,8825,3.185,,,,,,,,
9662,8826,0.6,,,,,,,,
9663,8827,2.344,,,,,,,,
9664,8828,0.6,,,,,,,,
9665,8829,0.676,,,,,,,,
9666,8830,0.6,,,,,,,,
9667,8831,1.264,,,,,,,,
9668,8832,1.33,,,,,,,,
9669,8833,0.6,,,,,,,,
9670,8834,2.754,,,,,,,,
9671,8835,2.521,,,,,,,,
9672,8836,0.736,,,,,,,,
9673,8836,0.6,,,,,,,,
9674,8836,0.6,,,,,,,,
9675,8837,2.1,,,,,,,,
9676,8837,1.4,,,,,,,,
9677,8838,0.6,,,,,,,,
9678,8839,1.565,,,,,,,,
9679,8840,7.553,,,,,,,,
9680,8841,0.6,,,,,,,,
9681,8842,,,,,,,,2.0,7.8
9682,8842,,,,,,,,3.0,6.7
9683,8843,16.582,,,,,,,,
9684,8844,3.586,,,,,,,,
9685,8844,1.693,,,,,,,,
9686,8844,0.6,,,,,,,,
9687,8844,0.6,,,,,,,,
9688,8845,33.205,,,,,,,3.0,6.3
9689,8846,1.378,,,,,,,,
9690,8847,0.6,,,,,,,,
9691,8848,0.6,,,,,,,,
9692,8849,0.6,,,,,,,,
9693,8850,0.636,,,,,,,,
9694,8851,1.4,,,,,,,,
9695,8852,72.488,,,,,,,3.0,5.7
9696,8853,61.784,,,,,,,,
9697,8854,0.6,,,,,,,,
9698,8855,0.6,,,,,,,,
9699,8856,0.6,,,,,,,,
9700,8857,0.6,,,,,,,,
9701,8858,0.6,,,,,,,,
9702,8859,0.6,,,,,,,,
9703,8860,0.6,,,,,,,,
9704,8861,4.094,,,,,,,3.0,6.8
9705,8862,3.86,,,,,,,,
9706,8863,0.6,,,,,,,,
9707,8864,2.362,,,,,,,,
9708,8865,0.6,,,,,,,,
9709,8866,0.895,,,,,,,,
9710,8867,0.6,,,,,,,,
9711,8868,0.6,,,,,,,,
9712,8869,0.84,,,,,,,,
9713,8870,0.866,,,,,,,,
9714,8871,12.191,,,,,,,3.0,7.4
9715,8871,6.447,,,,,,,3.0,7.4
9716,8871,0.887,,,,,,,3.0,7.4
9717,8872,0.7,,,,,,,,
9718,8873,43.347,,,,,,,3.0,6.7
9719,8874,0.6,,,,,,,,
9720,8875,0.608,,,,,,,,
9721,8876,2.782,,,,,,,,
9722,8877,0.6,,,,,,,,
9723,8878,4.067,,,,,,,,
9724,8879,61.753,,,,,,,3.0,6.4
9725,8879,61.753,,,,,,,2.0,5.5
9726,8879,58.957,,,,,,,3.0,6.4
9727,8879,58.957,,,,,,,2.0,5.5
9728,8880,0.6,,,,,,,,
9729,8881,45.906,,,,,,,2.0,6.1
9730,8882,35.313,,,,,,,3.0,5.6
9731,8883,37.545,,,,,,,3.0,6.0
9732,8884,30.38,,,,,,,,
9733,8885,36.337,,,,,,,3.0,4.5
9734,8886,0.6,,,,,,,,
9735,8887,30.247,,,,,,,3.0,4.7
9736,8888,0.6,,,,,,,,
9737,8889,0.6,,,,,,,,
9738,8890,0.6,,,,,,,,
9739,8891,0.6,,,,,,,,
9740,8892,48.887,,,,,,,,
9741,8893,0.6,,,,,,,,
9742,8894,3.816,,,,,,,,
9743,8895,0.6,,,,,,,,
9744,8896,,,,,,,,3.0,7.7
9745,8897,19.032,,,,,,,3.0,5.2
9746,8897,0.6,,,,,,,3.0,5.2
9747,8898,2.236,,,,,,,3.0,5.5
9748,8899,4.925,,,,,,,,
9749,8900,,1.0,0.0,1956,,Fresh,88.0,,7.4
9750,8901,0.6,,,,,,,,
9751,8902,0.6,,,,,,,,
9752,8903,0.6,,,,,,,,
9753,8904,3.691,,,,,,,,
9754,8904,0.6,,,,,,,,
9755,8904,0.6,,,,,,,,
9756,8905,1.174,,,,,,,,
9757,8906,3.723,,,,,,,,
9758,8907,2.34,,,,,,,,
9759,8908,0.68,,,,,,,,
9760,8909,44.473,,,,,,,2.0,7.1
9761,8909,44.473,,,,,,,3.0,6.4
9762,8909,21.17,,,,,,,2.0,7.1
9763,8909,21.17,,,,,,,3.0,6.4
9764,8909,0.6,,,,,,,2.0,7.1
9765,8909,0.6,,,,,,,3.0,6.4
9766,8910,10.581,,,,,,,,
9767,8911,16.865,,,,,,,,
9768,8912,0.6,,,,,,,,
9769,8913,0.76,,,,,,,,
9770,8914,0.6,,,,,,,,
9771,8915,0.6,,,,,,,,
9772,8916,0.6,,,,,,,,
9773,8917,4.663,,,,,,,,
9774,8917,3.602,,,,,,,,
9775,8918,0.6,,,,,,,,
9776,8919,0.6,,,,,,,,
9777,8920,1.152,,,,,,,,
9778,8921,0.6,,,,,,,,
9779,8922,0.6,,,,,,,,
9780,8923,2.219,,,,,,,,
9781,8924,7.999,,,,,,,,
9782,8925,0.6,,,,,,,,
9783,8926,2.28,,,,,,,,
9784,8927,10.974,,,,,,,3.0,6.6
9785,8927,0.6,,,,,,,3.0,6.6
9786,8928,7.027,,,,,,,,
9787,8929,0.651,,,,,,,,
9788,8930,0.885,,,,,,,,
9789,8931,25.818,,,,,,,1.0,7.2
9790,8932,21.001,,,,,,,,
9791,8933,12.429,,,,,,,,
9792,8934,0.6,,,,,,,,
9793,8935,1.312,,,,,,,,
9794,8936,25.656,,,,,,,3.0,6.7
9795,8937,3.506,,,,,,,,
9796,8938,1.459,,,,,,,,
9797,8939,,0.0,1.0,1953,"It has perhaps aged poorly, but this languidly paced WWII romance remains an iconic, well-acted film, featuring particularly strong performances from Burt Lancaster and Montgomery Clift.",Certified-Fresh,92.0,3.0,7.6
9798,8940,0.6,,,,,,,,
9799,8941,0.856,,,,,,,,
9800,8942,0.6,,,,,,,,
9801,8943,0.6,,,,,,,,
9802,8944,0.671,,,,,,,,
9803,8945,0.6,,,,,,,,
9804,8946,10.955,,,,,,,,
9805,8947,8.604,,,,,,,,
9806,8948,1.029,,,,,,,,
9807,8949,5.029,,,,,,,,
9808,8950,5.75,,,,,,,,
9809,8950,1.4,,,,,,,,
9810,8950,0.69,,,,,,,,
9811,8950,0.6,,,,,,,,
9812,8951,0.6,,,,,,,,
9813,8952,2.365,,,,,,,,
9814,8953,0.87,,,,,,,,
9815,8954,3.774,,,,,,,,
9816,8955,0.6,,,,,,,,
9817,8956,1.933,,,,,,,,
9818,8957,0.6,,,,,,,,
9819,8958,0.6,,,,,,,,
9820,8959,0.6,,,,,,,,
9821,8960,0.607,,,,,,,,
9822,8961,0.6,,,,,,,,
9823,8962,9.484,,,,,,,,
9824,8963,14.689,,,,,,,,
9825,8963,1.071,,,,,,,,
9826,8963,0.898,,,,,,,,
9827,8964,1.627,,,,,,,,
9828,8964,0.6,,,,,,,,
9829,8965,,1.0,0.0,2008,Frost/Nixon is weighty and eloquent; a cross between a boxing match and a ballet with Oscar worthy performances.,Certified-Fresh,93.0,1.0,7.7
9830,8966,1.403,,,,,,,,
9831,8967,0.6,,,,,,,,
9832,8968,1.462,,,,,,,,
9833,8969,3.468,,,,,,,,
9834,8970,0.6,,,,,,,,
9835,8971,0.6,,,,,,,,
9836,8972,1.311,,,,,,,,
9837,8973,0.6,,,,,,,,
9838,8974,0.6,,,,,,,,
9839,8975,0.621,,,,,,,,
9840,8976,1.9,,,,,,,,
9841,8977,0.624,,,,,,,,
9842,8978,0.619,,,,,,,,
9843,8979,0.717,,,,,,,,
9844,8980,0.6,,,,,,,,
9845,8980,0.6,,,,,,,,
9846,8981,1.021,,,,,,,,
9847,8981,0.6,,,,,,,,
9848,8982,0.6,,,,,,,,
9849,8983,0.6,,,,,,,,
9850,8984,0.6,,,,,,,,
9851,8985,4.985,,,,,,,,
9852,8986,0.6,,,,,,,,
9853,8987,0.626,,,,,,,,
9854,8988,3.795,,,,,,,,
9855,8989,0.6,,,,,,,,
9856,8990,1.223,,,,,,,,
9857,8991,,,,,,,,0.0,8.3
9858,8992,3.722,,,,,,,,
9859,8993,0.6,,,,,,,,
9860,8993,0.6,,,,,,,,
9861,8994,2.959,,,,,,,,
9862,8995,0.6,,,,,,,,
9863,8996,0.6,,,,,,,,
9864,8997,0.6,,,,,,,,
9865,8998,1.4,,,,,,,,
9866,8999,0.6,,,,,,,,
9867,9000,2.779,,,,,,,,
9868,9001,2.083,,,,,,,,
9869,9002,0.6,,,,,,,,
9870,9003,0.6,,,,,,,,
9871,9004,0.6,,,,,,,,
9872,9005,0.6,,,,,,,,
9873,9006,1.011,,,,,,,,
9874,9007,9.071,,,,,,,,
9875,9008,13.698,,,,,,,3.0,7.5
9876,9008,9.149,,,,,,,3.0,7.5
9877,9009,1.176,,,,,,,,
9878,9010,,1.0,0.0,1968,Barbara Streisand elevates this otherwise rote melodramatic musical with her ultra-memorable star turn as Fanny Brice.,Certified-Fresh,93.0,3.0,7.4
9879,9011,4.536,,,,,,,,
9880,9012,0.631,,,,,,,,
9881,9013,3.381,,,,,,,,
9882,9014,1.876,,,,,,,,
9883,9015,0.6,,,,,,,2.0,7.8
9884,9015,0.6,,,,,,,1.0,7.6
9885,9016,1.12,,,,,,,,
9886,9017,0.6,,,,,,,,
9887,9018,1.122,,,,,,,,
9888,9019,1.412,,,,,,,,
9889,9020,1.476,,,,,,,,
9890,9021,2.162,,,,,,,,
9891,9021,0.907,,,,,,,,
9892,9022,1.936,,,,,,,,
9893,9023,0.6,,,,,,,,
9894,9024,0.6,,,,,,,,
9895,9025,0.6,,,,,,,,
9896,9026,0.6,,,,,,,,
9897,9027,0.6,,,,,,,,
9898,9028,0.6,,,,,,,,
9899,9029,0.6,,,,,,,,
9900,9030,0.6,,,,,,,,
9901,9031,0.6,,,,,,,,
9902,9032,0.6,,,,,,,,
9903,9033,0.6,,,,,,,,
9904,9034,0.6,,,,,,,,
9905,9035,0.6,,,,,,,,
9906,9036,0.6,,,,,,,,
9907,9037,0.6,,,,,,,,
9908,9038,0.6,,,,,,,,
9909,9039,0.6,,,,,,,,
9910,9040,0.6,,,,,,,,
9911,9041,0.6,,,,,,,,
9912,9042,0.6,,,,,,,,
9913,9043,0.6,,,,,,,,
9914,9044,0.6,,,,,,,,
9915,9045,0.6,,,,,,,,
9916,9046,5.086,,,,,,,,
9917,9047,,,,,,,,2.0,8.0
9918,9048,0.6,,,,,,,,
9919,9049,0.6,,,,,,,,
9920,9050,1.4,,,,,,,,
9921,9051,1.968,,,,,,,,
9922,9052,0.808,,,,,,,,
9923,9053,2.24,,,,,,,,
9924,9054,0.6,,,,,,,,
9925,9055,1.27,,,,,,,,
9926,9056,0.6,,,,,,,,
9927,9057,0.6,,,,,,,,
9928,9058,0.838,,,,,,,,
9929,9059,0.6,,,,,,,,
9930,9060,0.6,,,,,,,,
9931,9061,0.6,,,,,,,,
9932,9062,0.725,,,,,,,,
9933,9063,0.6,,,,,,,,
9934,9064,0.6,,,,,,,,
9935,9065,1.4,,,,,,,,
9936,9066,0.6,,,,,,,,
9937,9067,13.968,,,,,,,,
9938,9068,0.6,,,,,,,,
9939,9069,38.455,,,,,,,,
9940,9070,2.636,,,,,,,,
9941,9071,0.6,,,,,,,,
9942,9072,2.843,,,,,,,,
9943,9073,0.96,,,,,,,,
9944,9074,7.757,,,,,,,,
9945,9075,,,,,,,,3.0,7.6
9946,9076,0.744,,,,,,,,
9947,9077,2.464,,,,,,,,
9948,9078,8.473,,,,,,,3.0,5.0
9949,9079,0.6,,,,,,,,
9950,9080,1.54,,,,,,,,
9951,9081,1.577,,,,,,,,
9952,9082,13.805,,,,,,,,
9953,9083,0.6,,,,,,,,
9954,9084,0.6,,,,,,,,
9955,9085,0.834,,,,,,,,
9956,9085,0.6,,,,,,,,
9957,9086,2.036,,,,,,,,
9958,9087,1.264,,,,,,,,
9959,9088,0.6,,,,,,,3.0,6.9
9960,9088,0.6,,,,,,,3.0,6.9
9961,9089,6.154,,,,,,,,
9962,9089,5.829,,,,,,,,
9963,9089,0.932,,,,,,,,
9964,9089,0.774,,,,,,,,
9965,9090,6.868,,,,,,,,
9966,9091,3.457,,,,,,,,
9967,9092,6.813,,,,,,,,
9968,9093,8.026,,,,,,,,
9969,9094,5.083,,,,,,,,
9970,9095,6.022,,,,,,,,
9971,9096,6.637,,,,,,,,
9972,9097,8.001,,,,,,,,
9973,9098,8.725,,,,,,,,
9974,9099,3.425,,,,,,,,
9975,9100,,0.0,1.0,1982,"Director Richard Attenborough is typically sympathetic and sure-handed, but it's Ben Kingsley's magnetic performance that acts as the linchpin for this sprawling, lengthy biopic.",Certified-Fresh,85.0,2.0,8.0
9976,9101,0.6,,,,,,,,
9977,9102,1.278,,,,,,,,
9978,9103,,1.0,0.0,2002,"Though flawed, the sprawling, messy Gangs of New York is redeemed by impressive production design and Day-Lewis's electrifying performance.",Certified-Fresh,73.0,1.0,7.5
9979,9104,,,,,,,,,
9980,9105,2.797,,,,,,,,
9981,9106,7.301,,,,,,,,
9982,9107,0.628,,,,,,,,
9983,9108,3.82,,,,,,,,
9984,9109,32.079,,,,,,,1.0,6.4
9985,9110,30.556,,,,,,,1.0,6.2
9986,9111,5.716,,,,,,,,
9987,9112,0.6,,,,,,,,
9988,9113,0.716,,,,,,,,
9989,9114,0.6,,,,,,,,
9990,9115,0.6,,,,,,,,
9991,9116,1.841,,,,,,,,
9992,9117,1.4,,,,,,,,
9993,9118,0.6,,,,,,,,
9994,9119,0.854,,,,,,,,
9995,9120,2.708,,,,,,,,
9996,9121,0.6,,,,,,,,
9997,9122,0.6,,,,,,,,
9998,9123,3.469,,,,,,,,
9999,9124,3.915,,,,,,,,
10000,9125,0.6,,,,,,,,
10001,9126,0.6,,,,,,,,
10002,9127,1.876,,,,,,,,
10003,9128,0.675,,,,,,,,
10004,9129,2.181,,,,,,,,
10005,9130,0.6,,,,,,,,
10006,9131,0.6,1.0,0.0,1944,,Fresh,87.0,3.0,7.8
10007,9132,0.6,,,,,,,,
10008,9133,6.245,,,,,,,,
10009,9134,0.6,,,,,,,,
10010,9135,1.198,,,,,,,,
10011,9136,4.632,,,,,,,,
10012,9137,0.6,,,,,,,,
10013,9138,0.6,,,,,,,,
10014,9139,36.252,,,,,,,,
10015,9140,0.964,,,,,,,,
10016,9141,,,,,,,,1.0,7.7
10017,9142,0.6,,,,,,,,
10018,9143,3.456,,,,,,,,
10019,9144,0.6,,,,,,,,
10020,9145,0.6,,,,,,,,
10021,9146,1.95,,,,,,,,
10022,9147,0.95,,,,,,,,
10023,9148,,,,,,,,,
10024,9149,1.03,,,,,,,,
10025,9150,0.6,,,,,,,,
10026,9151,4.747,,,,,,,,
10027,9152,0.749,,,,,,,,
10028,9153,0.6,,,,,,,,
10029,9154,0.6,,,,,,,,
10030,9155,1.375,,,,,,,,
10031,9156,0.6,,,,,,,,
10032,9157,0.6,,,,,,,,
10033,9158,0.6,,,,,,,,
10034,9159,0.6,,,,,,,,
10035,9160,0.6,,,,,,,,
10036,9161,0.6,,,,,,,,
10037,9162,3.693,,,,,,,3.0,5.4
10038,9162,1.714,,,,,,,3.0,5.4
10039,9162,0.6,,,,,,,3.0,5.4
10040,9163,0.6,,,,,,,,
10041,9164,0.6,,,,,,,,
10042,9165,33.739,,,,,,,,
10043,9166,0.6,,,,,,,,
10044,9167,2.665,,,,,,,,
10045,9167,1.259,,,,,,,,
10046,9167,0.6,,,,,,,,
10047,9168,0.6,,,,,,,,
10048,9169,1.352,,,,,,,,
10049,9170,5.594,,,,,,,,
10050,9171,0.6,,,,,,,,
10051,9172,,0.0,1.0,1947,It occasionally fails to live up to its subject matter -- and is perhaps an 'important' film more than a 'great' one -- but the performances from Gregory Peck and Dorothy McGuire are superb.,Certified-Fresh,76.0,,7.2
10052,9173,0.6,,,,,,,,
10053,9174,0.6,,,,,,,,
10054,9175,1.882,,,,,,,,
10055,9176,0.6,,,,,,,,
10056,9177,1.792,,,,,,,,
10057,9178,0.649,,,,,,,,
10058,9179,1.183,,,,,,,,
10059,9180,24.269,,,,,,,,
10060,9181,0.6,,,,,,,,
10061,9182,2.752,,,,,,,,
10062,9183,3.368,,,,,,,,
10063,9184,0.609,,,,,,,,
10064,9185,8.996,,,,,,,,
10065,9186,0.6,,,,,,,,
10066,9187,8.391,,,,,,,,
10067,9188,2.515,,,,,,,,
10068,9189,0.6,,,,,,,,
10069,9190,1.712,,,,,,,3.0,5.1
10070,9191,0.6,,,,,,,,
10071,9192,68.431,1.0,0.0,2017,"Funny, scary, and thought-provoking, Get Out seamlessly weaves its trenchant social critiques into a brilliantly effective and entertaining horror/comedy thrill ride.",Certified-Fresh,98.0,3.0,7.7
10072,9193,0.686,,,,,,,,
10073,9194,0.6,,,,,,,,
10074,9195,0.6,,,,,,,,
10075,9196,1.4,,,,,,,,
10076,9197,2.667,,,,,,,,
10077,9198,3.635,,,,,,,,
10078,9199,1.748,,,,,,,,
10079,9200,0.6,,,,,,,,
10080,9201,1.272,,,,,,,,
10081,9202,2.265,,,,,,,,
10082,9203,0.6,,,,,,,,
10083,9204,1.4,,,,,,,,
10084,9205,0.6,,,,,,,,
10085,9206,0.851,,,,,,,,
10086,9207,1.061,1.0,0.0,1990,"Ghost offers viewers a poignant romance while blending elements of comedy, horror, and mystery, all adding up to one of the more enduringly watchable hits of its era.",Certified-Fresh,74.0,3.0,7.1
10087,9207,0.905,1.0,0.0,1990,"Ghost offers viewers a poignant romance while blending elements of comedy, horror, and mystery, all adding up to one of the more enduringly watchable hits of its era.",Certified-Fresh,74.0,3.0,7.1
10088,9207,0.79,1.0,0.0,1990,"Ghost offers viewers a poignant romance while blending elements of comedy, horror, and mystery, all adding up to one of the more enduringly watchable hits of its era.",Certified-Fresh,74.0,3.0,7.1
10089,9207,0.6,1.0,0.0,1990,"Ghost offers viewers a poignant romance while blending elements of comedy, horror, and mystery, all adding up to one of the more enduringly watchable hits of its era.",Certified-Fresh,74.0,3.0,7.1
10090,9207,0.6,1.0,0.0,1990,"Ghost offers viewers a poignant romance while blending elements of comedy, horror, and mystery, all adding up to one of the more enduringly watchable hits of its era.",Certified-Fresh,74.0,3.0,7.1
10091,9207,0.6,1.0,0.0,1990,"Ghost offers viewers a poignant romance while blending elements of comedy, horror, and mystery, all adding up to one of the more enduringly watchable hits of its era.",Certified-Fresh,74.0,3.0,7.1
10092,9207,0.6,1.0,0.0,1990,"Ghost offers viewers a poignant romance while blending elements of comedy, horror, and mystery, all adding up to one of the more enduringly watchable hits of its era.",Certified-Fresh,74.0,3.0,7.1
10093,9208,0.676,,,,,,,,
10094,9209,3.543,,,,,,,,
10095,9210,0.887,,,,,,,,
10096,9211,0.6,,,,,,,,
10097,9212,0.6,,,,,,,,
10098,9212,0.6,,,,,,,,
10099,9213,1.75,,,,,,,,
10100,9214,0.6,,,,,,,,
10101,9215,0.656,,,,,,,,
10102,9216,2.02,,,,,,,,
10103,9217,0.6,,,,,,,,
10104,9218,3.098,,,,,,,,
10105,9219,1.29,,,,,,,,
10106,9220,0.707,,,,,,,,
10107,9221,0.6,,,,,,,,
10108,9222,0.6,,,,,,,,
10109,9223,0.745,,,,,,,,
10110,9224,0.6,,,,,,,,
10111,9225,0.901,,,,,,,,
10112,9226,1.4,,,,,,,,
10113,9227,0.736,,,,,,,,
10114,9228,0.6,,,,,,,,
10115,9229,0.6,,,,,,,,
10116,9230,0.6,,,,,,,,
10117,9231,0.6,,,,,,,,
10118,9232,0.6,,,,,,,,
10119,9233,1.066,,,,,,,,
10120,9233,0.99,,,,,,,,
10121,9234,0.85,,,,,,,,
10122,9235,0.6,,,,,,,,
10123,9236,1.131,,,,,,,,
10124,9237,0.6,,,,,,,,
10125,9238,1.953,,,,,,,,
10126,9238,1.015,,,,,,,,
10127,9239,0.6,,,,,,,,
10128,9240,0.6,,,,,,,,
10129,9241,0.6,,,,,,,,
10130,9242,0.6,,,,,,,,
10131,9243,0.6,,,,,,,,
10132,9244,0.6,,,,,,,,
10133,9245,12.832,,,,,,,,
10134,9245,3.23,,,,,,,,
10135,9245,1.022,,,,,,,,
10136,9246,0.6,,,,,,,,
10137,9247,0.6,,,,,,,,
10138,9248,0.985,,,,,,,,
10139,9249,0.6,,,,,,,,
10140,9250,0.755,,,,,,,,
10141,9251,0.6,,,,,,,,
10142,9252,0.682,,,,,,,,
10143,9253,1.884,,,,,,,,
10144,9254,0.6,,,,,,,,
10145,9255,0.622,,,,,,,,
10146,9256,0.963,,,,,,,,
10147,9257,0.6,,,,,,,,
10148,9258,1.657,,,,,,,,
10149,9259,10.356,,,,,,,,
10150,9260,33.582,,,,,,,,
10151,9261,1.937,,,,,,,,
10152,9262,1.879,,,,,,,,
10153,9263,2.177,,,,,,,,
10154,9263,1.421,,,,,,,,
10155,9263,0.6,,,,,,,,
10156,9264,0.6,,,,,,,,
10157,9264,0.6,,,,,,,,
10158,9265,0.6,,,,,,,,
10159,9266,5.232,,,,,,,,
10160,9267,0.6,,,,,,,,
10161,9268,0.626,,,,,,,,
10162,9269,55.108,,,,,,,,
10163,9270,0.6,,,,,,,,
10164,9271,0.6,,,,,,,,
10165,9272,0.674,,,,,,,,
10166,9273,2.237,,,,,,,,
10167,9274,0.931,,,,,,,,
10168,9275,0.6,,,,,,,,
10169,9276,1.963,,,,,,,,
10170,9277,2.477,,,,,,,,
10171,9278,0.626,,,,,,,,
10172,9279,0.6,,,,,,,,
10173,9280,0.621,,,,,,,,
10174,9281,0.6,,,,,,,,
10175,9282,0.6,,,,,,,,
10176,9283,0.6,,,,,,,,
10177,9284,2.489,,,,,,,,
10178,9285,0.6,,,,,,,,
10179,9286,3.121,,,,,,,,
10180,9287,1.847,,,,,,,,
10181,9288,0.6,,,,,,,,
10182,9289,0.6,,,,,,,,
10183,9290,13.801,,,,,,,,
10184,9291,1.582,,,,,,,,
10185,9292,49.195,,,,,,,3.0,5.6
10186,9292,2.479,,,,,,,3.0,5.6
10187,9292,1.214,,,,,,,3.0,5.6
10188,9293,1.194,,,,,,,,
10189,9294,2.667,,,,,,,,
10190,9295,0.788,,,,,,,,
10191,9296,1.041,,,,,,,,
10192,9296,0.8,,,,,,,,
10193,9297,20.157,,,,,,,1.0,6.4
10194,9297,6.559,,,,,,,1.0,6.4
10195,9297,1.4,,,,,,,1.0,6.4
10196,9298,1.181,,,,,,,,
10197,9299,0.62,,,,,,,,
10198,9300,5.299,,,,,,,,
10199,9301,6.5,,,,,,,,
10200,9301,1.4,,,,,,,,
10201,9301,0.6,,,,,,,,
10202,9301,0.6,,,,,,,,
10203,9301,0.6,,,,,,,,
10204,9302,0.6,,,,,,,,
10205,9303,0.6,,,,,,,,
10206,9304,0.6,,,,,,,,
10207,9305,0.609,,,,,,,,
10208,9306,0.6,,,,,,,,
10209,9307,0.6,,,,,,,,
10210,9308,0.907,,,,,,,,
10211,9309,0.84,,,,,,,,
10212,9310,0.6,,,,,,,,
10213,9311,0.6,,,,,,,,
10214,9312,6.43,,,,,,,,
10215,9313,0.6,,,,,,,,
10216,9314,0.6,,,,,,,,
10217,9315,0.6,,,,,,,,
10218,9316,0.6,,,,,,,,
10219,9317,4.769,,,,,,,,
10220,9318,16.17,,,,,,,,
10221,9319,1.585,,,,,,,,
10222,9320,0.6,,,,,,,,
10223,9321,0.6,,,,,,,,
10224,9322,0.6,,,,,,,,
10225,9323,5.255,,,,,,,1.0,6.7
10226,9323,3.064,,,,,,,1.0,6.7
10227,9324,10.356,,,,,,,,
10228,9325,0.6,,,,,,,,
10229,9326,2.181,,,,,,,,
10230,9326,0.782,,,,,,,,
10231,9327,0.6,,,,,,,,
10232,9328,0.84,,,,,,,,
10233,9329,0.6,,,,,,,,
10234,9330,0.6,,,,,,,,
10235,9331,2.21,,,,,,,,
10236,9332,2.565,,,,,,,,
10237,9332,0.6,,,,,,,,
10238,9333,1.646,,,,,,,,
10239,9334,0.84,,,,,,,,
10240,9335,2.486,,,,,,,,
10241,9336,2.361,,,,,,,,
10242,9336,1.821,,,,,,,,
10243,9336,1.379,,,,,,,,
10244,9337,2.178,,,,,,,,
10245,9338,4.173,,,,,,,,
10246,9339,0.6,,,,,,,,
10247,9340,0.6,,,,,,,,
10248,9341,0.6,,,,,,,,
10249,9342,0.6,,,,,,,,
10250,9343,2.876,,,,,,,,
10251,9344,0.6,,,,,,,,
10252,9345,0.84,,,,,,,,
10253,9346,1.203,,,,,,,,
10254,9347,0.626,,,,,,,,
10255,9348,2.325,,,,,,,,
10256,9349,0.6,,,,,,,,
10257,9350,0.727,,,,,,,,
10258,9351,1.914,,,,,,,,
10259,9352,1.073,,,,,,,,
10260,9352,0.6,,,,,,,,
10261,9353,5.069,,,,,,,,
10262,9354,1.427,,,,,,,,
10263,9355,0.6,,,,,,,,
10264,9356,1.028,,,,,,,,
10265,9357,2.762,,,,,,,,
10266,9358,0.9,,,,,,,3.0,4.7
10267,9359,19.145,,,,,,,,
10268,9360,0.62,,,,,,,,
10269,9361,1.419,,,,,,,,
10270,9362,0.6,,,,,,,,
10271,9363,3.031,,,,,,,,
10272,9363,0.6,,,,,,,,
10273,9363,0.6,,,,,,,,
10274,9364,0.737,,,,,,,,
10275,9365,0.6,,,,,,,,
10276,9366,0.669,,,,,,,,
10277,9367,0.842,,,,,,,,
10278,9368,0.605,,,,,,,,
10279,9369,0.641,,,,,,,,
10280,9370,1.763,,,,,,,,
10281,9371,0.6,,,,,,,,
10282,9372,0.89,,,,,,,,
10283,9373,0.6,,,,,,,,
10284,9374,0.926,,,,,,,,
10285,9375,0.6,,,,,,,,
10286,9376,0.621,,,,,,,,
10287,9377,0.917,,,,,,,,
10288,9378,0.6,,,,,,,,
10289,9379,1.431,,,,,,,,
10290,9380,0.6,,,,,,,,
10291,9381,0.6,,,,,,,,
10292,9382,0.714,,,,,,,,
10293,9383,,,,,,,,2.0,7.8
10294,9383,,,,,,,,3.0,6.8
10295,9384,0.679,,,,,,,,
10296,9385,0.6,,,,,,,,
10297,9386,6.856,,,,,,,,
10298,9387,7.292,,,,,,,3.0,5.2
10299,9388,0.6,,,,,,,,
10300,9388,0.6,,,,,,,,
10301,9389,2.783,,,,,,,,
10302,9390,28.117,,,,,,,,
10303,9391,0.719,,,,,,,,
10304,9392,2.636,,,,,,,,
10305,9393,0.6,,,,,,,,
10306,9394,0.936,,,,,,,,
10307,9395,5.417,,,,,,,,
10308,9396,0.6,,,,,,,,
10309,9397,2.017,,,,,,,,
10310,9398,4.537,,,,,,,,
10311,9399,0.6,,,,,,,,
10312,9400,8.23,,,,,,,,
10313,9400,0.6,,,,,,,,
10314,9401,2.343,,,,,,,,
10315,9402,0.96,,,,,,,,
10316,9403,0.77,,,,,,,,
10317,9404,0.65,,,,,,,,
10318,9405,1.648,,,,,,,,
10319,9406,2.817,,,,,,,,
10320,9407,1.953,,,,,,,,
10321,9408,1.133,,,,,,,,
10322,9409,12.495,,,,,,,3.0,4.9
10323,9410,37.83,,,,,,,,
10324,9411,0.6,,,,,,,,
10325,9412,1.994,,,,,,,,
10326,9413,0.6,,,,,,,,
10327,9414,0.6,,,,,,,,
10328,9415,4.69,,,,,,,,
10329,9416,1.793,,,,,,,,
10330,9417,5.269,,,,,,,,
10331,9417,1.4,,,,,,,,
10332,9418,0.6,,,,,,,,
10333,9419,0.6,,,,,,,,
10334,9420,0.6,,,,,,,,
10335,9421,1.644,,,,,,,,
10336,9421,0.6,,,,,,,,
10337,9422,0.77,,,,,,,,
10338,9423,10.416,,,,,,,,
10339,9424,7.758,,,,,,,,
10340,9425,6.35,,,,,,,,
10341,9426,5.097,,,,,,,,
10342,9427,0.946,,,,,,,,
10343,9428,4.009,,,,,,,,
10344,9428,0.6,,,,,,,,
10345,9429,0.84,,,,,,,,
10346,9430,1.027,,,,,,,,
10347,9431,1.727,,,,,,,,
10348,9432,8.37,,,,,,,,
10349,9433,5.507,,,,,,,,
10350,9434,0.903,,,,,,,,
10351,9435,,1.0,0.0,1956,"Giant earns its imposing name with a towering narrative supported by striking cinematography, big ideas, and powerful work from a trio of legendary Hollywood leads.",Certified-Fresh,95.0,,7.6
10352,9436,3.257,,,,,,,,
10353,9437,0.756,,,,,,,,
10354,9438,0.602,,,,,,,,
10355,9439,0.6,,,,,,,,
10356,9440,,,,,,,,3.0,7.6
10357,9441,0.6,,,,,,,,
10358,9442,0.608,,,,,,,,
10359,9443,2.639,,,,,,,,
10360,9444,,0.0,1.0,1958,"It may not be one of Vincente Minnelli's best, but the charming and flawlessly acted Gigi still offers enough visual and musical treats to satisfy.",Fresh,81.0,2.0,6.7
10361,9445,2.143,,,,,,,,
10362,9446,,,,,,,,0.0,7.6
10363,9447,1.375,,,,,,,,
10364,9448,0.6,,,,,,,,
10365,9449,0.876,,,,,,,,
10366,9450,0.6,,,,,,,,
10367,9451,0.6,,,,,,,,
10368,9452,0.647,,,,,,,,
10369,9453,28.2,,,,,,,3.0,6.8
10370,9454,21.484,,,,,,,3.0,6.4
10371,9455,9.243,,,,,,,,
10372,9456,2.504,,,,,,,,
10373,9457,3.622,,,,,,,,
10374,9458,3.706,,,,,,,,
10375,9459,2.9,,,,,,,,
10376,9460,0.6,,,,,,,,
10377,9461,2.23,,,,,,,3.0,7.4
10378,9462,0.6,,,,,,,,
10379,9463,1.797,,,,,,,,
10380,9464,0.919,,,,,,,,
10381,9465,6.96,,,,,,,,
10382,9466,0.618,,,,,,,,
10383,9467,3.048,,,,,,,,
10384,9468,0.931,,,,,,,,
10385,9469,1.514,,,,,,,,
10386,9470,2.895,,,,,,,,
10387,9471,0.6,,,,,,,,
10388,9472,8.699,,,,,,,,
10389,9473,1.012,,,,,,,,
10390,9474,0.6,,,,,,,,
10391,9475,1.051,,,,,,,,
10392,9476,10.688,,,,,,,,
10393,9477,1.79,,,,,,,,
10394,9478,0.6,,,,,,,3.0,7.2
10395,9479,0.6,,,,,,,,
10396,9480,11.411,,,,,,,,
10397,9481,1.4,,,,,,,,
10398,9482,1.044,,,,,,,,
10399,9483,0.6,,,,,,,,
10400,9484,0.6,,,,,,,,
10401,9485,2.589,,,,,,,,
10402,9486,10.701,,,,,,,,
10403,9487,1.932,,,,,,,,
10404,9488,1.426,,,,,,,,
10405,9489,0.6,,,,,,,,
10406,9490,,,,,,,,3.0,8.5
10407,9491,0.6,,,,,,,,
10408,9492,0.6,,,,,,,,
10409,9493,0.6,,,,,,,,
10410,9494,1.179,,,,,,,,
10411,9495,,,,,,,,,
10412,9496,,0.0,1.0,2000,Ridley Scott and an excellent cast successfully convey the intensity of Roman gladitorial combat as well as the political intrigue brewing beneath.,Certified-Fresh,77.0,0.0,8.5
10413,9497,0.899,,,,,,,,
10414,9498,2.01,,,,,,,2.0,6.6
10415,9498,1.843,,,,,,,2.0,6.6
10416,9499,0.6,,,,,,,,
10417,9500,2.139,,,,,,,,
10418,9501,0.6,,,,,,,,
10419,9502,2.86,,,,,,,,
10420,9503,,,,,,,,0.0,7.7
10421,9504,0.6,,,,,,,,
10422,9505,0.6,,,,,,,,
10423,9505,0.6,,,,,,,,
10424,9506,0.654,,,,,,,,
10425,9507,11.798,,,,,,,,
10426,9508,,,,,,,,0.0,7.8
10427,9509,0.6,,,,,,,,
10428,9510,0.6,,,,,,,,
10429,9511,9.807,,,,,,,,
10430,9511,1.791,,,,,,,,
10431,9511,0.6,,,,,,,,
10432,9512,4.093,,,,,,,,
10433,9513,0.606,,,,,,,,
10434,9514,0.6,,,,,,,,
10435,9515,0.6,,,,,,,,
10436,9516,3.602,,,,,,,,
10437,9517,1.4,,,,,,,,
10438,9518,1.4,,,,,,,,
10439,9519,0.6,,,,,,,,
10440,9520,0.953,,,,,,,,
10441,9521,0.6,,,,,,,,
10442,9522,0.6,,,,,,,,
10443,9523,0.6,,,,,,,,
10444,9524,7.011,,,,,,,,
10445,9525,0.6,,,,,,,,
10446,9526,1.344,,,,,,,,
10447,9527,0.6,,,,,,,,
10448,9528,0.6,,,,,,,,
10449,9529,0.97,,,,,,,,
10450,9530,1.158,,,,,,,,
10451,9531,15.399,,,,,,,,
10452,9531,2.732,,,,,,,,
10453,9531,1.32,,,,,,,,
10454,9532,1.445,,,,,,,,
10455,9533,0.668,,,,,,,,
10456,9534,0.658,,,,,,,,
10457,9535,6.959,,,,,,,,
10458,9536,0.84,,,,,,,,
10459,9537,1.4,,,,,,,,
10460,9538,0.6,,,,,,,,
10461,9539,0.602,,,,,,,,
10462,9540,1.823,,,,,,,,
10463,9541,,,,,,,,,
10464,9542,0.6,,,,,,,,
10465,9543,0.6,,,,,,,,
10466,9544,3.332,,,,,,,,
10467,9545,0.6,,,,,,,,
10468,9546,0.6,,,,,,,,
10469,9547,0.883,,,,,,,,
10470,9547,0.6,,,,,,,,
10471,9548,2.63,,,,,,,,
10472,9549,0.6,,,,,,,,
10473,9550,10.563,,,,,,,,
10474,9551,14.815,,,,,,,3.0,5.4
10475,9551,14.815,,,,,,,2.0,6.4
10476,9552,15.389,,,,,,,2.0,5.7
10477,9553,0.648,,,,,,,,
10478,9554,11.296,,,,,,,3.0,6.5
10479,9555,10.612,,,,,,,,
10480,9556,8.077,,,,,,,,
10481,9557,13.969,,,,,,,,
10482,9558,2.929,,,,,,,,
10483,9559,5.17,,,,,,,,
10484,9560,0.6,,,,,,,,
10485,9561,0.6,,,,,,,,
10486,9562,0.638,,,,,,,,
10487,9563,,0.0,1.0,1944,"Bing Crosby and Barry Fitzgerald are eminently likable, and film is pleasantly sentimental, but Going My Way suffers from a surplus of sweetness.",Fresh,81.0,,7.1
10488,9564,0.632,,,,,,,,
10489,9565,4.805,,,,,,,,
10490,9566,0.6,,,,,,,,
10491,9567,0.6,,,,,,,,
10492,9568,3.818,,,,,,,,
10493,9569,0.615,,,,,,,,
10494,9570,0.6,,,,,,,,
10495,9571,0.6,,,,,,,,
10496,9572,0.6,,,,,,,,
10497,9573,0.6,,,,,,,,
10498,9574,0.6,,,,,,,,
10499,9575,0.661,,,,,,,,
10500,9576,1.344,,,,,,,,
10501,9577,3.362,,,,,,,,
10502,9578,,,,,,,,1.0,7.7
10503,9579,1.415,,,,,,,,
10504,9580,0.6,,,,,,,,
10505,9581,0.6,,,,,,,,
10506,9582,1.373,,,,,,,,
10507,9583,5.27,,,,,,,,
10508,9584,0.693,,,,,,,,
10509,9585,0.878,,,,,,,,
10510,9586,0.6,,,,,,,,
10511,9587,6.295,,,,,,,3.0,5.3
10512,9587,6.295,,,,,,,3.0,5.9
10513,9587,0.927,,,,,,,3.0,5.3
10514,9587,0.927,,,,,,,3.0,5.9
10515,9587,0.6,,,,,,,3.0,5.3
10516,9587,0.6,,,,,,,3.0,5.9
10517,9588,,,,,,,,3.0,7.6
10518,9589,,,,,,,,3.0,8.1
10519,9590,0.6,,,,,,,,
10520,9591,0.6,,,,,,,,
10521,9592,,,,,,,,3.0,8.2
10522,9593,0.6,,,,,,,,
10523,9594,0.846,,,,,,,,
10524,9595,7.691,,,,,,,,
10525,9596,,,,,,,,,
10526,9597,2.341,,,,,,,,
10527,9598,1.384,,,,,,,,
10528,9599,33.149,,,,,,,,
10529,9600,0.845,,,,,,,,
10530,9601,6.45,,,,,,,,
10531,9602,1.149,,,,,,,,
10532,9603,,,,,,,,,
10533,9604,0.712,,,,,,,,
10534,9605,1.194,,,,,,,,
10535,9606,0.6,,,,,,,,
10536,9607,0.889,,,,,,,,
10537,9608,0.6,,,,,,,,
10538,9609,0.6,,,,,,,,
10539,9610,1.263,,,,,,,,
10540,9611,8.051,,,,,,,,
10541,9612,0.675,,,,,,,,
10542,9613,1.099,,,,,,,,
10543,9614,0.628,,,,,,,,
10544,9615,0.6,,,,,,,,
10545,9616,1.942,,,,,,,,
10546,9617,1.194,,,,,,,,
10547,9618,1.703,,,,,,,,
10548,9619,0.6,,,,,,,,
10549,9620,,1.0,0.0,1997,"It follows a predictable narrative arc, but Good Will Hunting adds enough quirks to the journey -- and is loaded with enough powerful performances -- that it remains an entertaining, emotionally rich drama.",Certified-Fresh,97.0,0.0,8.3
10550,9621,0.629,,,,,,,,
10551,9622,0.6,,,,,,,,
10552,9623,0.6,,,,,,,3.0,6.9
10553,9624,1.219,,,,,,,,
10554,9625,0.6,,,,,,,,
10555,9626,0.6,,,,,,,,
10556,9627,,1.0,0.0,1939,,Fresh,82.0,2.0,7.9
10557,9628,,,,,,,,3.0,8.7
10558,9629,0.6,,,,,,,,
10559,9630,0.6,,,,,,,,
10560,9631,198.775,,,,,,,,
10561,9631,54.063,,,,,,,,
10562,9632,0.6,,,,,,,,
10563,9633,0.6,,,,,,,,
10564,9634,0.6,,,,,,,,
10565,9635,72.726,,,,,,,2.0,6.3
10566,9636,64.989,,,,,,,,
10567,9637,1.4,,,,,,,,
10568,9638,1.133,,,,,,,,
10569,9639,0.741,,,,,,,,
10570,9640,0.6,,,,,,,,
10571,9641,0.6,,,,,,,,
10572,9642,0.6,,,,,,,,
10573,9643,1.44,,,,,,,,
10574,9644,0.6,,,,,,,,
10575,9645,0.6,,,,,,,,
10576,9646,1.171,,,,,,,,
10577,9647,1.96,,,,,,,,
10578,9648,1.357,,,,,,,,
10579,9649,2.015,,,,,,,,
10580,9650,0.6,,,,,,,,
10581,9651,3.016,,,,,,,,
10582,9652,0.6,,,,,,,,
10583,9653,0.6,,,,,,,,
10584,9654,0.994,,,,,,,,
10585,9655,0.6,,,,,,,,
10586,9656,7.126,,,,,,,,
10587,9657,0.6,,,,,,,,
10588,9658,0.653,,,,,,,,
10589,9659,1.4,,,,,,,,
10590,9660,2.093,,,,,,,,
10591,9661,1.79,,,,,,,,
10592,9662,0.6,,,,,,,,
10593,9663,0.6,,,,,,,,
10594,9664,0.6,,,,,,,,
10595,9665,,1.0,0.0,2001,"A mixture of Upstairs, Downstairs, Clue, and perceptive social commentary, Gosford Park ranks among director Altman's best.",Certified-Fresh,86.0,3.0,7.2
10596,9666,0.6,,,,,,,,
10597,9667,0.6,,,,,,,,
10598,9668,0.906,,,,,,,,
10599,9669,2.555,,,,,,,,
10600,9669,1.321,,,,,,,,
10601,9670,7.42,,,,,,,,
10602,9671,2.987,,,,,,,,
10603,9672,2.317,,,,,,,,
10604,9673,1.008,,,,,,,,
10605,9674,31.591,,,,,,,3.0,5.8
10606,9675,1.178,,,,,,,,
10607,9676,0.6,,,,,,,,
10608,9677,0.6,,,,,,,,
10609,9678,0.637,,,,,,,,
10610,9679,0.6,,,,,,,,
10611,9680,9.913,,,,,,,,
10612,9681,9.159,,,,,,,3.0,6.3
10613,9682,13.732,,,,,,,,
10614,9682,8.884,,,,,,,,
10615,9682,1.468,,,,,,,,
10616,9683,1.861,,,,,,,,
10617,9684,0.6,,,,,,,,
10618,9685,5.777,,,,,,,,
10619,9686,0.6,,,,,,,,
10620,9687,0.6,,,,,,,,
10621,9688,0.6,,,,,,,,
10622,9689,0.6,,,,,,,,
10623,9690,,,,,,,,2.0,8.1
10624,9691,0.6,,,,,,,,
10625,9692,,0.0,1.0,1931/32,"Perhaps less a true film than a series of star-studded vignettes, Grand Hotel still remains an entertaining look back at a bygone Hollywood era.",Certified-Fresh,86.0,3.0,7.4
10626,9693,2.458,,,,,,,3.0,6.7
10627,9693,1.985,,,,,,,3.0,6.7
10628,9693,0.6,,,,,,,3.0,6.7
10629,9694,0.6,,,,,,,,
10630,9695,0.6,,,,,,,,
10631,9695,0.6,,,,,,,,
10632,9696,0.6,,,,,,,,
10633,9697,0.6,,,,,,,,
10634,9698,0.639,,,,,,,,
10635,9699,3.015,,,,,,,,
10636,9700,0.999,,,,,,,,
10637,9701,0.6,,,,,,,,
10638,9701,0.6,,,,,,,,
10639,9702,2.035,,,,,,,,
10640,9703,0.6,,,,,,,,
10641,9704,1.184,,,,,,,,
10642,9705,24.32,,,,,,,0.0,6.1
10643,9706,30.872,,,,,,,,
10644,9707,18.419,,,,,,,,
10645,9708,0.6,,,,,,,,
10646,9709,1.4,,,,,,,,
10647,9710,0.6,,,,,,,,
10648,9711,1.4,,,,,,,,
10649,9712,1.177,,,,,,,,
10650,9713,4.792,,,,,,,,
10651,9714,3.293,,,,,,,,
10652,9715,1.551,,,,,,,,
10653,9716,0.6,,,,,,,,
10654,9717,0.6,,,,,,,,
10655,9718,0.6,,,,,,,,
10656,9719,0.84,,,,,,,,
10657,9720,1.642,,,,,,,,
10658,9721,3.036,,,,,,,,
10659,9722,0.6,,,,,,,,
10660,9723,0.859,,,,,,,,
10661,9724,2.144,,,,,,,,
10662,9725,1.128,,,,,,,,
10663,9726,0.6,,,,,,,,
10664,9727,1.734,,,,,,,,
10665,9728,1.273,,,,,,,,
10666,9729,13.7,,,,,,,,
10667,9729,0.849,,,,,,,,
10668,9730,1.515,,,,,,,,
10669,9731,0.6,,,,,,,,
10670,9732,,1.0,0.0,2013,"Alfonso Cuarón's Gravity is an eerie, tense sci-fi thriller that's masterfully directed and visually stunning.",Certified-Fresh,96.0,0.0,7.7
10671,9733,2.986,,,,,,,,
10672,9734,0.6,,,,,,,,
10673,9735,0.6,,,,,,,,
10674,9736,0.883,,,,,,,,
10675,9737,4.029,,,,,,,,
10676,9738,1.475,,,,,,,,
10677,9739,0.6,,,,,,,,
10678,9740,14.85,,,,,,,,
10679,9740,0.696,,,,,,,,
10680,9741,0.6,,,,,,,,
10681,9742,2.435,,,,,,,,
10682,9743,1.634,,,,,,,3.0,8.0
10683,9744,0.6,,,,,,,,
10684,9745,,0.0,1.0,2018,"Green Book takes audiences on an excessively smooth ride through bumpy subject matter, although Mahershala Ali and Viggo Mortensen's performances add necessary depth.",Certified-Fresh,77.0,1.0,8.2
10685,9746,0.6,,,,,,,,
10686,9747,1.144,,,,,,,,
10687,9748,0.6,,,,,,,,
10688,9749,19.49,,,,,,,3.0,7.0
10689,9750,1.16,,,,,,,,
10690,9751,0.694,,,,,,,,
10691,9752,2.066,,,,,,,,
10692,9753,1.4,,,,,,,,
10693,9754,1.928,,,,,,,,
10694,9755,5.693,,,,,,,,
10695,9756,30.063,,,,,,,1.0,7.3
10696,9757,29.242,,,,,,,2.0,6.4
10697,9758,1.525,,,,,,,,
10698,9759,2.32,,,,,,,,
10699,9760,2.081,,,,,,,,
10700,9761,0.6,,,,,,,,
10701,9762,0.6,,,,,,,,
10702,9763,38.823,,,,,,,3.0,6.0
10703,9764,10.161,,,,,,,,
10704,9765,18.021,,,,,,,,
10705,9766,2.606,,,,,,,,
10706,9767,0.6,,,,,,,,
10707,9767,0.6,,,,,,,,
10708,9768,3.668,,,,,,,,
10709,9769,1.456,,,,,,,,
10710,9770,0.6,,,,,,,,
10711,9771,5.608,,,,,,,3.0,2.3
10712,9772,1.41,,,,,,,,
10713,9773,2.023,,,,,,,,
10714,9774,0.6,,,,,,,,
10715,9775,0.6,,,,,,,,
10716,9776,1.885,,,,,,,,
10717,9777,0.6,,,,,,,,
10718,9778,20.317,,,,,,,,
10719,9779,3.993,,,,,,,,
10720,9780,0.713,,,,,,,,
10721,9781,3.296,,,,,,,,
10722,9782,0.975,,,,,,,,
10723,9783,0.6,,,,,,,,
10724,9784,0.6,,,,,,,,
10725,9785,0.6,,,,,,,,
10726,9786,2.263,,,,,,,,
10727,9787,2.188,,,,,,,,
10728,9788,0.643,,,,,,,,
10729,9789,0.859,,,,,,,,
10730,9790,1.566,,,,,,,,
10731,9791,0.6,,,,,,,,
10732,9792,0.6,,,,,,,,
10733,9793,2.222,,,,,,,,
10734,9794,0.6,,,,,,,,
10735,9795,6.329,,,,,,,,
10736,9796,11.172,,,,,,,,
10737,9797,5.697,,,,,,,3.0,4.0
10738,9798,4.247,,,,,,,,
10739,9799,3.295,,,,,,,,
10740,9800,0.6,,,,,,,,
10741,9801,16.268,,,,,,,,
10742,9801,4.995,,,,,,,,
10743,9802,0.6,,,,,,,,
10744,9803,0.6,,,,,,,,
10745,9804,0.6,,,,,,,,
10746,9805,,,,,,,,2.0,8.0
10747,9806,2.672,,,,,,,,
10748,9807,0.66,,,,,,,,
10749,9808,0.909,,,,,,,,
10750,9808,0.625,,,,,,,,
10751,9809,5.388,,,,,,,,
10752,9810,0.6,,,,,,,,
10753,9810,0.6,,,,,,,,
10754,9811,0.6,,,,,,,,
10755,9812,0.6,,,,,,,,
10756,9813,0.6,,,,,,,,
10757,9814,0.6,,,,,,,,
10758,9815,0.6,,,,,,,,
10759,9816,0.6,,,,,,,,
10760,9817,0.627,,,,,,,,
10761,9818,0.6,,,,,,,,
10762,9819,0.6,,,,,,,,
10763,9820,2.158,,,,,,,,
10764,9821,1.602,,,,,,,,
10765,9821,0.642,,,,,,,,
10766,9822,,,,,,,,3.0,8.0
10767,9823,,,,,,,,3.0,7.6
10768,9824,0.6,,,,,,,,
10769,9825,0.6,,,,,,,,
10770,9826,0.6,,,,,,,,
10771,9827,0.6,,,,,,,,
10772,9828,0.6,,,,,,,,
10773,9829,0.6,,,,,,,,
10774,9830,1.632,,,,,,,,
10775,9831,,1.0,0.0,1967,"More well-intentioned than insightful in its approach to interracial marriage, Guess Who's Coming to Dinner succeeds thanks to the fizzy chemistry of its star-studded ensemble.",Fresh,70.0,,7.8
10776,9832,0.625,,,,,,,,
10777,9832,0.6,,,,,,,,
10778,9833,0.654,,,,,,,,
10779,9833,0.6,,,,,,,,
10780,9834,2.961,,,,,,,,
10781,9834,0.6,,,,,,,,
10782,9835,0.6,,,,,,,,
10783,9836,0.6,,,,,,,,
10784,9836,0.6,,,,,,,,
10785,9836,0.6,,,,,,,,
10786,9837,0.84,,,,,,,,
10787,9838,0.6,,,,,,,,
10788,9839,11.19,,,,,,,,
10789,9840,3.035,,,,,,,,
10790,9841,8.724,,,,,,,,
10791,9842,3.637,,,,,,,,
10792,9843,12.348,,,,,,,,
10793,9844,13.901,,,,,,,,
10794,9845,8.7,,,,,,,,
10795,9846,24.955,,,,,,,,
10796,9847,0.6,,,,,,,,
10797,9848,,,,,,,,1.0,7.9
10798,9849,0.6,,,,,,,,
10799,9850,0.6,,,,,,,,
10800,9851,0.6,,,,,,,,
10801,9852,0.6,,,,,,,,
10802,9853,0.6,,,,,,,,
10803,9854,0.6,,,,,,,,
10804,9855,0.6,,,,,,,,
10805,9856,1.129,,,,,,,,
10806,9857,0.812,,,,,,,,
10807,9858,2.689,,,,,,,,
10808,9859,0.6,,,,,,,,
10809,9860,0.854,,,,,,,,
10810,9861,0.6,,,,,,,,
10811,9862,0.6,,,,,,,,
10812,9863,0.6,,,,,,,,
10813,9864,5.493,,,,,,,,
10814,9865,1.622,,,,,,,,
10815,9866,1.093,,,,,,,,
10816,9867,1.048,,,,,,,,
10817,9868,0.6,,,,,,,,
10818,9869,0.706,,,,,,,,
10819,9870,0.6,,,,,,,,
10820,9871,3.648,,,,,,,,
10821,9872,0.6,,,,,,,,
10822,9873,4.653,,,,,,,,
10823,9874,0.6,,,,,,,,
10824,9875,0.6,,,,,,,,
10825,9876,0.6,,,,,,,,
10826,9877,4.702,,,,,,,,
10827,9878,0.608,,,,,,,,
10828,9879,0.6,,,,,,,,
10829,9880,0.621,,,,,,,,
10830,9881,0.808,,,,,,,,
10831,9882,1.022,,,,,,,,
10832,9883,2.762,,,,,,,,
10833,9884,2.164,,,,,,,,
10834,9885,1.681,,,,,,,,
10835,9886,2.405,,,,,,,,
10836,9887,2.362,,,,,,,,
10837,9888,0.6,,,,,,,,
10838,9889,0.648,,,,,,,,
10839,9890,0.638,,,,,,,,
10840,9891,0.6,,,,,,,,
10841,9892,0.6,,,,,,,,
10842,9893,0.6,,,,,,,,
10843,9894,0.6,,,,,,,,
10844,9895,1.4,,,,,,,,
10845,9896,0.6,,,,,,,,
10846,9897,0.6,,,,,,,,
10847,9898,0.6,,,,,,,,
10848,9899,3.02,,,,,,,,
10849,9899,2.674,,,,,,,,
10850,9899,0.6,,,,,,,,
10851,9900,1.144,,,,,,,,
10852,9901,0.6,,,,,,,,
10853,9902,0.6,,,,,,,,
10854,9903,,,,,,,,,
10855,9904,0.6,,,,,,,,
10856,9905,,,,,,,,,
10857,9906,0.6,,,,,,,,
10858,9907,2.054,,,,,,,,
10859,9908,1.525,,,,,,,,
10860,9909,7.017,,,,,,,,
10861,9910,3.359,,,,,,,,
10862,9911,1.271,,,,,,,,
10863,9912,0.6,,,,,,,,
10864,9913,1.096,,,,,,,,
10865,9914,,1.0,0.0,2016,"Hacksaw Ridge uses a real-life pacifist's legacy to lay the groundwork for a gripping wartime tribute to faith, valor, and the courage of remaining true to one's convictions.",Certified-Fresh,84.0,1.0,8.1
10866,9915,0.686,,,,,,,,
10867,9916,2.568,,,,,,,,
10868,9917,0.6,,,,,,,,
10869,9918,0.6,,,,,,,,
10870,9919,4.396,,,,,,,,
10871,9920,0.6,,,,,,,,
10872,9921,0.6,,,,,,,,
10873,9922,0.6,,,,,,,,
10874,9923,7.23,,,,,,,,
10875,9924,1.025,,,,,,,,
10876,9925,0.6,,,,,,,,
10877,9926,,,,,,,,2.0,8.0
10878,9927,0.6,,,,,,,,
10879,9928,4.049,,,,,,,,
10880,9929,1.825,,,,,,,,
10881,9930,1.177,,,,,,,,
10882,9931,0.847,,,,,,,,
10883,9932,1.125,,,,,,,,
10884,9933,0.6,,,,,,,,
10885,9934,1.753,,,,,,,,
10886,9935,1.123,,,,,,,,
10887,9936,13.008,,,,,,,3.0,6.0
10888,9937,0.6,,,,,,,,
10889,9938,2.481,,,,,,,,
10890,9939,0.6,,,,,,,,
10891,9940,0.6,,,,,,,,
10892,9941,0.636,,,,,,,,
10893,9942,0.6,,,,,,,,
10894,9943,0.6,,,,,,,,
10895,9944,0.6,,,,,,,,
10896,9945,8.586,,,,,,,,
10897,9946,1.52,,,,,,,,
10898,9947,2.101,,,,,,,,
10899,9948,0.6,,,,,,,,
10900,9949,3.827,,,,,,,,
10901,9949,1.462,,,,,,,,
10902,9950,0.873,,,,,,,,
10903,9951,3.425,,,,,,,,
10904,9952,158.374,,,,,,,3.0,7.7
10905,9952,158.374,,,,,,,3.0,6.0
10906,9952,158.374,,,,,,,3.0,6.5
10907,9952,109.29,,,,,,,3.0,7.7
10908,9952,109.29,,,,,,,3.0,6.0
10909,9952,109.29,,,,,,,3.0,6.5
10910,9952,97.161,,,,,,,3.0,7.7
10911,9952,97.161,,,,,,,3.0,6.0
10912,9952,97.161,,,,,,,3.0,6.5
10913,9953,0.6,,,,,,,,
10914,9954,0.6,,,,,,,,
10915,9955,68.198,,,,,,,,
10916,9956,58.22,,,,,,,,
10917,9957,4.761,,,,,,,,
10918,9958,1.96,,,,,,,,
10919,9959,270.269,,,,,,,3.0,5.0
10920,9960,41.178,,,,,,,3.0,5.8
10921,9961,1.368,,,,,,,,
10922,9962,0.6,,,,,,,,
10923,9963,0.927,,,,,,,,
10924,9964,2.247,,,,,,,,
10925,9965,0.6,,,,,,,,
10926,9966,0.6,,,,,,,,
10927,9967,59.789,,,,,,,3.0,6.5
10928,9967,50.085,,,,,,,3.0,6.5
10929,9968,38.146,,,,,,,,
10930,9969,0.6,,,,,,,,
10931,9970,4.744,,,,,,,,
10932,9971,1.116,,,,,,,,
10933,9972,315.027,,,,,,,3.0,5.5
10934,9973,2.09,,,,,,,,
10935,9974,0.904,,,,,,,,
10936,9975,3.899,,,,,,,,
10937,9975,1.129,,,,,,,,
10938,9976,0.6,,,,,,,,
10939,9977,0.6,,,,,,,,
10940,9978,0.6,,,,,,,,
10941,9979,1.41,,,,,,,,
10942,9980,4.617,,,,,,,,
10943,9980,0.6,,,,,,,,
10944,9981,4.627,,,,,,,,
10945,9982,0.676,,,,,,,,
10946,9983,0.965,,,,,,,,
10947,9984,15.842,,,,,,,,
10948,9985,5.545,,,,,,,,
10949,9986,1.548,,,,,,,,
10950,9987,8.239,,,,,,,,
10951,9988,3.227,,,,,,,,
10952,9989,47.79,,,,,,,,
10953,9990,52.474,,,,,,,,
10954,9991,0.991,,,,,,,,
10955,9992,10.586,,,,,,,,
10956,9993,1.679,,,,,,,,
10957,9994,0.691,,,,,,,,
10958,9995,2.52,,,,,,,,
10959,9996,0.6,,,,,,,,
10960,9997,0.84,,,,,,,,
10961,9998,0.6,,,,,,,,
10962,9999,0.6,,,,,,,,
10963,10000,0.6,,,,,,,,
10964,10001,0.6,,,,,,,,
10965,10002,,,,,,,,3.0,8.3
10966,10003,0.6,0.0,1.0,1948,"A well-executed labor of love from star and director Laurence Olivier, Hamlet not only proved that Shakespeare could be successfully adapted to the big screen, it paved the way for further cinematic interpretations.",Certified-Fresh,95.0,1.0,7.6
10967,10003,0.6,0.0,1.0,1948,"A well-executed labor of love from star and director Laurence Olivier, Hamlet not only proved that Shakespeare could be successfully adapted to the big screen, it paved the way for further cinematic interpretations.",Certified-Fresh,95.0,1.0,7.6
10968,10004,2.845,,,,,,,,
10969,10005,0.6,,,,,,,,
10970,10006,0.675,,,,,,,,
10971,10007,1.133,,,,,,,,
10972,10008,,,,,,,,,
10973,10009,1.547,,,,,,,,
10974,10010,0.6,,,,,,,,
10975,10011,1.063,,,,,,,,
10976,10011,0.6,,,,,,,,
10977,10012,0.6,,,,,,,,
10978,10013,2.136,,,,,,,,
10979,10014,0.6,,,,,,,,
10980,10015,1.762,,,,,,,,
10981,10016,0.6,,,,,,,,
10982,10017,2.953,,,,,,,,
10983,10018,0.6,,,,,,,,
10984,10019,0.6,,,,,,,,
10985,10020,2.16,,,,,,,,
10986,10021,3.723,,,,,,,,
10987,10022,1.084,,,,,,,,
10988,10023,0.6,,,,,,,,
10989,10024,4.455,,,,,,,,
10990,10025,2.379,,,,,,,,
10991,10026,0.6,,,,,,,,
10992,10027,8.083,,,,,,,,
10993,10027,0.84,,,,,,,,
10994,10027,0.6,,,,,,,,
10995,10028,3.051,,,,,,,,
10996,10029,0.91,,,,,,,,
10997,10030,0.6,,,,,,,,
10998,10031,1.219,,,,,,,,
10999,10032,0.812,,,,,,,,
11000,10033,0.6,,,,,,,,
11001,10034,0.6,,,,,,,,
11002,10035,,1.0,0.0,1986,"Smart, tender, and funny in equal measure, Hannah and Her Sisters is one of Woody Allen's finest films.",Certified-Fresh,91.0,3.0,7.9
11003,10036,0.84,,,,,,,,
11004,10037,1.957,,,,,,,,
11005,10038,3.818,,,,,,,,
11006,10039,7.051,,,,,,,1.0,6.1
11007,10040,10.097,,,,,,,,
11008,10041,4.651,,,,,,,,
11009,10042,75.4,,,,,,,,
11010,10043,4.502,,,,,,,,
11011,10044,3.774,,,,,,,3.0,6.5
11012,10044,1.482,,,,,,,3.0,6.5
11013,10044,1.443,,,,,,,3.0,6.5
11014,10044,0.6,,,,,,,3.0,6.5
11015,10045,0.6,,,,,,,,
11016,10046,16.472,,,,,,,3.0,4.4
11017,10047,0.988,,,,,,,,
11018,10048,0.6,,,,,,,,
11019,10049,0.6,,,,,,,,
11020,10050,0.995,,,,,,,,
11021,10051,0.6,,,,,,,,
11022,10052,0.6,,,,,,,,
11023,10053,0.6,,,,,,,,
11024,10054,0.6,,,,,,,,
11025,10055,0.668,,,,,,,,
11026,10056,0.6,,,,,,,,
11027,10057,0.7,,,,,,,,
11028,10058,0.6,,,,,,,,
11029,10059,1.147,,,,,,,,
11030,10060,0.655,,,,,,,,
11031,10061,0.6,,,,,,,,
11032,10062,0.684,,,,,,,,
11033,10063,1.469,,,,,,,,
11034,10064,0.6,,,,,,,,
11035,10065,2.364,,,,,,,,
11036,10066,0.6,,,,,,,,
11037,10067,0.6,,,,,,,,
11038,10068,0.6,,,,,,,,
11039,10069,1.346,,,,,,,,
11040,10070,0.6,,,,,,,,
11041,10071,0.6,,,,,,,,
11042,10072,1.4,,,,,,,,
11043,10073,0.6,,,,,,,,
11044,10074,0.6,,,,,,,,
11045,10075,0.6,,,,,,,,
11046,10076,0.6,,,,,,,,
11047,10077,0.6,,,,,,,,
11048,10078,1.06,,,,,,,,
11049,10079,0.626,,,,,,,,
11050,10080,0.889,,,,,,,,
11051,10081,,,,,,,,3.0,7.7
11052,10082,0.6,,,,,,,,
11053,10083,0.6,,,,,,,,
11054,10084,5.406,,,,,,,,
11055,10085,1.347,,,,,,,,
11056,10086,13.951,,,,,,,3.0,6.0
11057,10087,0.6,,,,,,,,
11058,10088,0.6,,,,,,,,
11059,10089,0.6,,,,,,,,
11060,10090,2.207,,,,,,,,
11061,10091,35.43,,,,,,,3.0,6.6
11062,10092,30.925,,,,,,,3.0,6.2
11063,10093,0.6,,,,,,,,
11064,10094,1.934,,,,,,,,
11065,10095,2.152,,,,,,,,
11066,10096,0.879,,,,,,,,
11067,10096,0.736,,,,,,,,
11068,10097,5.012,,,,,,,,
11069,10098,0.6,,,,,,,,
11070,10099,0.6,,,,,,,,
11071,10100,2.466,,,,,,,,
11072,10101,0.84,,,,,,,,
11073,10102,7.354,,,,,,,,
11074,10103,0.645,,,,,,,,
11075,10104,2.923,,,,,,,,
11076,10105,1.325,,,,,,,,
11077,10106,0.6,,,,,,,,
11078,10107,0.6,,,,,,,,
11079,10108,1.346,,,,,,,,
11080,10108,0.656,,,,,,,,
11081,10109,8.808,,,,,,,3.0,4.6
11082,10110,0.6,,,,,,,,
11083,10111,2.433,,,,,,,,
11084,10112,1.568,,,,,,,,
11085,10113,2.181,,,,,,,,
11086,10114,1.358,,,,,,,,
11087,10115,3.355,,,,,,,,
11088,10116,0.631,,,,,,,,
11089,10117,1.176,,,,,,,,
11090,10118,1.358,,,,,,,,
11091,10119,10.472,,,,,,,,
11092,10120,0.6,,,,,,,,
11093,10121,0.6,,,,,,,,
11094,10122,0.6,,,,,,,,
11095,10123,0.6,,,,,,,,
11096,10124,2.202,,,,,,,,
11097,10125,2.513,,,,,,,,
11098,10125,0.6,,,,,,,,
11099,10126,0.6,,,,,,,,
11100,10127,6.747,,,,,,,,
11101,10128,0.6,,,,,,,,
11102,10129,0.6,,,,,,,,
11103,10130,2.916,,,,,,,,
11104,10131,,,,,,,,3.0,7.9
11105,10132,1.805,,,,,,,,
11106,10133,0.662,,,,,,,,
11107,10134,7.358,,,,,,,,
11108,10135,1.921,,,,,,,,
11109,10135,0.637,,,,,,,,
11110,10136,0.6,,,,,,,,
11111,10137,,,,,,,,3.0,7.7
11112,10138,,,,,,,,3.0,8.1
11113,10139,,,,,,,,1.0,7.7
11114,10140,,,,,,,,3.0,7.6
11115,10141,,,,,,,,,
11116,10142,,,,,,,,,
11117,10143,2.799,,,,,,,,
11118,10144,0.6,,,,,,,,
11119,10145,0.6,,,,,,,,
11120,10146,3.533,,,,,,,,
11121,10147,0.6,,,,,,,,
11122,10147,0.6,,,,,,,,
11123,10148,0.6,,,,,,,,
11124,10149,0.6,,,,,,,,
11125,10150,1.519,,,,,,,,
11126,10151,0.643,,,,,,,,
11127,10152,0.621,,,,,,,,
11128,10153,,,,,,,,2.0,7.9
11129,10154,2.486,,,,,,,,
11130,10155,0.708,,,,,,,,
11131,10156,5.094,,,,,,,,
11132,10157,0.873,,,,,,,,
11133,10157,0.6,,,,,,,,
11134,10158,1.1,,,,,,,,
11135,10159,2.326,,,,,,,,
11136,10160,14.42,,,,,,,,
11137,10161,9.959,,,,,,,,
11138,10162,9.183,,,,,,,,
11139,10163,5.392,,,,,,,,
11140,10164,3.633,,,,,,,,
11141,10165,33.905,,,,,,,,
11142,10166,2.669,,,,,,,2.0,6.3
11143,10167,0.6,,,,,,,,
11144,10168,2.124,,,,,,,,
11145,10169,0.6,,,,,,,,
11146,10170,0.621,,,,,,,,
11147,10171,0.6,,,,,,,,
11148,10172,22.407,,,,,,,3.0,5.1
11149,10172,22.407,,,,,,,3.0,6.3
11150,10172,6.556,,,,,,,3.0,5.1
11151,10172,6.556,,,,,,,3.0,6.3
11152,10172,0.6,,,,,,,3.0,5.1
11153,10172,0.6,,,,,,,3.0,6.3
11154,10173,0.6,,,,,,,,
11155,10174,5.415,,,,,,,,
11156,10174,3.079,,,,,,,,
11157,10174,2.951,,,,,,,,
11158,10174,1.729,,,,,,,,
11159,10174,1.57,,,,,,,,
11160,10174,0.6,,,,,,,,
11161,10174,0.6,,,,,,,,
11162,10174,0.6,,,,,,,,
11163,10174,0.6,,,,,,,,
11164,10175,0.6,,,,,,,,
11165,10176,1.592,,,,,,,,
11166,10177,1.262,,,,,,,,
11167,10178,0.6,,,,,,,,
11168,10179,0.6,,,,,,,,
11169,10180,2.277,,,,,,,,
11170,10181,0.717,,,,,,,,
11171,10182,1.096,,,,,,,,
11172,10182,0.852,,,,,,,,
11173,10183,0.6,,,,,,,,
11174,10184,2.206,,,,,,,,
11175,10185,0.6,,,,,,,,
11176,10186,12.266,,,,,,,,
11177,10187,0.6,,,,,,,,
11178,10188,0.6,,,,,,,,
11179,10189,0.6,,,,,,,,
11180,10190,2.39,,,,,,,,
11181,10191,2.125,,,,,,,,
11182,10191,0.6,,,,,,,,
11183,10192,1.685,,,,,,,,
11184,10193,0.6,,,,,,,,
11185,10194,4.225,,,,,,,,
11186,10195,2.123,,,,,,,,
11187,10196,0.6,,,,,,,,
11188,10197,0.6,,,,,,,,
11189,10198,0.6,,,,,,,,
11190,10199,6.441,,,,,,,,
11191,10200,18.588,,,,,,,,
11192,10201,0.971,,,,,,,,
11193,10202,0.6,,,,,,,,
11194,10202,0.6,,,,,,,,
11195,10203,0.6,,,,,,,,
11196,10204,0.6,,,,,,,,
11197,10205,0.781,,,,,,,,
11198,10206,0.6,,,,,,,,
11199,10207,2.251,,,,,,,,
11200,10208,1.793,,,,,,,3.0,6.0
11201,10208,1.176,,,,,,,3.0,6.0
11202,10209,0.714,,,,,,,,
11203,10210,1.54,,,,,,,,
11204,10211,1.44,,,,,,,,
11205,10212,0.6,,,,,,,,
11206,10213,2.232,,,,,,,,
11207,10214,0.6,,,,,,,,
11208,10215,0.6,,,,,,,,
11209,10216,1.979,,,,,,,,
11210,10216,0.863,,,,,,,,
11211,10216,0.6,,,,,,,,
11212,10217,0.6,,,,,,,,
11213,10218,0.711,,,,,,,,
11214,10219,0.6,,,,,,,,
11215,10220,0.823,,,,,,,,
11216,10221,0.6,,,,,,,,
11217,10222,1.715,,,,,,,,
11218,10222,1.248,,,,,,,,
11219,10223,1.21,,,,,,,,
11220,10224,2.11,,,,,,,,
11221,10225,1.375,,,,,,,,
11222,10226,2.033,,,,,,,,
11223,10227,0.868,,,,,,,,
11224,10228,0.6,,,,,,,,
11225,10229,0.823,,,,,,,,
11226,10230,0.6,,,,,,,,
11227,10231,0.6,,,,,,,,
11228,10232,3.332,,,,,,,,
11229,10233,1.269,,,,,,,,
11230,10234,0.6,,,,,,,,
11231,10235,12.828,,,,,,,3.0,5.9
11232,10236,2.665,,,,,,,,
11233,10237,4.679,,,,,,,,
11234,10238,1.137,,,,,,,,
11235,10239,0.6,,,,,,,,
11236,10240,2.12,,,,,,,,
11237,10241,0.963,,,,,,,,
11238,10242,1.316,,,,,,,,
11239,10243,0.6,,,,,,,,
11240,10244,3.043,,,,,,,,
11241,10245,2.917,,,,,,,,
11242,10246,3.24,,,,,,,,
11243,10247,2.979,,,,,,,,
11244,10248,29.197,,,,,,,,
11245,10249,5.438,,,,,,,,
11246,10250,1.56,,,,,,,,
11247,10251,0.97,,,,,,,,
11248,10252,,,,,,,,,
11249,10253,1.004,,,,,,,,
11250,10254,1.181,,,,,,,,
11251,10255,0.6,,,,,,,,
11252,10256,2.11,,,,,,,,
11253,10257,0.62,,,,,,,,
11254,10258,0.757,,,,,,,,
11255,10259,1.4,,,,,,,,
11256,10260,0.623,,,,,,,,
11257,10261,6.665,,,,,,,,
11258,10262,1.499,,,,,,,,
11259,10262,0.6,,,,,,,,
11260,10263,0.6,,,,,,,,
11261,10264,0.873,,,,,,,,
11262,10265,0.6,,,,,,,,
11263,10266,0.6,,,,,,,,
11264,10267,2.519,,,,,,,,
11265,10268,1.583,,,,,,,,
11266,10269,0.6,,,,,,,,
11267,10270,1.362,,,,,,,,
11268,10271,2.719,,,,,,,,
11269,10272,3.693,,,,,,,,
11270,10273,0.6,,,,,,,,
11271,10274,0.6,,,,,,,,
11272,10275,0.6,,,,,,,,
11273,10276,0.6,,,,,,,,
11274,10277,1.625,,,,,,,,
11275,10278,0.82,,,,,,,,
11276,10279,5.79,,,,,,,,
11277,10280,1.639,,,,,,,,
11278,10281,0.6,,,,,,,,
11279,10282,9.109,,,,,,,,
11280,10283,0.6,,,,,,,,
11281,10284,2.224,,,,,,,,
11282,10285,0.6,,,,,,,,
11283,10286,0.6,,,,,,,,
11284,10287,0.6,,,,,,,,
11285,10288,8.358,,,,,,,,
11286,10289,2.692,,,,,,,,
11287,10290,1.521,,,,,,,,
11288,10291,3.05,,,,,,,,
11289,10292,1.296,,,,,,,0.0,6.4
11290,10293,1.806,,,,,,,,
11291,10294,1.883,,,,,,,,
11292,10295,0.814,,,,,,,,
11293,10296,5.086,,,,,,,,
11294,10297,1.121,,,,,,,,
11295,10298,0.6,,,,,,,,
11296,10299,0.6,,,,,,,,
11297,10300,1.405,,,,,,,,
11298,10301,4.095,,,,,,,,
11299,10302,0.918,,,,,,,,
11300,10303,1.674,,,,,,,,
11301,10304,5.419,,,,,,,,
11302,10305,2.434,,,,,,,1.0,6.6
11303,10305,2.081,,,,,,,1.0,6.6
11304,10306,1.096,,,,,,,,
11305,10307,3.597,,,,,,,,
11306,10307,0.914,,,,,,,,
11307,10308,0.6,,,,,,,,
11308,10308,0.6,,,,,,,,
11309,10309,0.84,,,,,,,,
11310,10310,0.882,,,,,,,,
11311,10311,7.2,,,,,,,,
11312,10312,0.6,,,,,,,,
11313,10313,0.6,,,,,,,,
11314,10313,0.6,,,,,,,,
11315,10314,1.176,,,,,,,,
11316,10315,5.382,,,,,,,,
11317,10315,0.6,,,,,,,,
11318,10316,0.6,,,,,,,,
11319,10317,0.741,,,,,,,,
11320,10318,0.6,,,,,,,,
11321,10319,0.6,,,,,,,,
11322,10320,0.6,,,,,,,,
11323,10321,3.274,,,,,,,,
11324,10322,0.73,,,,,,,,
11325,10323,2.202,,,,,,,,
11326,10324,1.747,,,,,,,,
11327,10325,0.732,,,,,,,,
11328,10326,0.6,,,,,,,,
11329,10327,0.6,,,,,,,,
11330,10328,0.629,,,,,,,,
11331,10329,8.755,,,,,,,1.0,5.9
11332,10329,0.6,,,,,,,1.0,5.9
11333,10330,2.627,,,,,,,,
11334,10330,2.55,,,,,,,,
11335,10331,0.6,,,,,,,2.0,8.3
11336,10332,0.6,,,,,,,,
11337,10333,0.6,,,,,,,,
11338,10334,0.6,,,,,,,,
11339,10335,0.876,,,,,,,,
11340,10336,2.985,,,,,,,,
11341,10337,1.24,,,,,,,,
11342,10338,,2.0,0.0,1943,,Fresh,85.0,3.0,7.4
11343,10338,,2.0,0.0,1978,"A throwback to the high-gloss screwball comedies of the 1940s, Heaven Can Wait beguiles with seamless production values and great comic relief from Charles Grodin and Dianne Cannon.",Certified-Fresh,88.0,3.0,6.9
11344,10339,0.6,,,,,,,,
11345,10340,1.269,,,,,,,,
11346,10340,0.937,,,,,,,,
11347,10340,0.627,,,,,,,,
11348,10340,0.6,,,,,,,,
11349,10341,1.475,,,,,,,,
11350,10342,1.133,,,,,,,,
11351,10343,0.664,,,,,,,,
11352,10344,0.6,,,,,,,,
11353,10345,0.6,,,,,,,1.0,6.6
11354,10346,1.023,,,,,,,,
11355,10347,0.676,,,,,,,,
11356,10348,0.6,,,,,,,,
11357,10349,0.654,,,,,,,,
11358,10350,0.6,,,,,,,,
11359,10351,1.442,,,,,,,,
11360,10352,,,,,,,,3.0,7.7
11361,10353,0.799,,,,,,,,
11362,10354,3.543,,,,,,,,
11363,10354,0.6,,,,,,,,
11364,10355,4.021,,,,,,,,
11365,10356,2.932,,,,,,,,
11366,10357,0.6,,,,,,,,
11367,10358,0.6,,,,,,,,
11368,10359,0.6,,,,,,,,
11369,10359,0.6,,,,,,,,
11370,10360,31.258,,,,,,,,
11371,10361,5.351,,,,,,,,
11372,10362,3.63,,,,,,,,
11373,10363,1.4,,,,,,,,
11374,10363,0.6,,,,,,,,
11375,10364,1.4,,,,,,,,
11376,10365,7.842,,,,,,,3.0,5.9
11377,10365,0.772,,,,,,,3.0,5.9
11378,10365,0.6,,,,,,,3.0,5.9
11379,10366,2.956,,,,,,,,
11380,10367,14.402,,,,,,,,
11381,10368,0.6,,,,,,,,
11382,10369,0.6,,,,,,,,
11383,10370,13.964,,,,,,,,
11384,10371,2.763,,,,,,,,
11385,10372,4.025,,,,,,,,
11386,10372,1.77,,,,,,,,
11387,10372,0.6,,,,,,,,
11388,10373,0.6,,,,,,,,
11389,10374,1.403,,,,,,,,
11390,10375,0.6,,,,,,,,
11391,10376,2.298,,,,,,,,
11392,10377,0.6,,,,,,,,
11393,10378,1.627,,,,,,,,
11394,10378,1.117,,,,,,,,
11395,10379,12.553,,,,,,,,
11396,10380,15.321,,,,,,,,
11397,10381,7.273,,,,,,,,
11398,10382,1.254,,,,,,,,
11399,10383,0.6,,,,,,,,
11400,10384,8.037,,,,,,,,
11401,10384,0.663,,,,,,,,
11402,10385,0.6,,,,,,,,
11403,10386,0.968,,,,,,,,
11404,10387,0.6,,,,,,,,
11405,10388,8.195,,,,,,,,
11406,10389,5.313,,,,,,,,
11407,10390,0.6,,,,,,,,
11408,10391,1.963,,,,,,,,
11409,10392,2.037,,,,,,,,
11410,10393,1.821,,,,,,,,
11411,10394,0.6,,,,,,,,
11412,10395,0.6,,,,,,,,
11413,10396,0.898,,,,,,,,
11414,10397,0.6,,,,,,,,
11415,10398,1.298,,,,,,,,
11416,10399,0.6,,,,,,,,
11417,10400,0.6,,,,,,,,
11418,10401,0.6,,,,,,,,
11419,10402,0.6,,,,,,,,
11420,10403,,1.0,0.0,2016,"Hell or High Water offers a solidly crafted, well-acted Western heist thriller that eschews mindless gunplay in favor of confident pacing and full-bodied characters.",Certified-Fresh,97.0,1.0,7.6
11421,10404,0.6,,,,,,,,
11422,10405,0.84,,,,,,,,
11423,10406,0.6,,,,,,,,
11424,10407,1.492,,,,,,,,
11425,10408,0.742,,,,,,,,
11426,10409,0.916,,,,,,,,
11427,10410,0.6,,,,,,,,
11428,10410,0.6,,,,,,,,
11429,10411,1.791,,,,,,,,
11430,10412,2.058,,,,,,,,
11431,10413,0.6,,,,,,,,
11432,10414,0.6,,,,,,,,
11433,10415,8.25,,,,,,,3.0,5.8
11434,10416,4.952,,,,,,,,
11435,10417,4.408,,,,,,,,
11436,10417,1.302,,,,,,,,
11437,10418,0.6,,,,,,,,
11438,10419,2.055,,,,,,,,
11439,10420,1.166,,,,,,,,
11440,10421,1.93,,,,,,,,
11441,10422,2.871,,,,,,,,
11442,10423,5.603,,,,,,,,
11443,10423,0.661,,,,,,,,
11444,10424,37.92,,,,,,,1.0,6.4
11445,10425,1.661,,,,,,,,
11446,10426,0.808,,,,,,,,
11447,10427,12.355,,,,,,,,
11448,10428,11.713,,,,,,,,
11449,10429,3.784,,,,,,,,
11450,10430,1.295,,,,,,,,
11451,10431,0.6,,,,,,,,
11452,10432,6.951,,,,,,,,
11453,10433,0.6,,,,,,,,
11454,10434,3.291,,,,,,,,
11455,10435,0.6,,,,,,,,
11456,10436,2.013,,,,,,,,
11457,10436,0.6,,,,,,,,
11458,10437,3.192,,,,,,,,
11459,10437,2.12,,,,,,,,
11460,10438,0.6,,,,,,,,
11461,10439,5.037,,,,,,,3.0,5.0
11462,10440,4.466,,,,,,,,
11463,10440,0.6,,,,,,,,
11464,10441,0.6,,,,,,,,
11465,10442,12.718,,,,,,,,
11466,10443,0.6,,,,,,,,
11467,10444,0.84,,,,,,,,
11468,10445,2.03,,,,,,,,
11469,10446,1.175,,,,,,,,
11470,10447,1.584,,,,,,,,
11471,10448,1.734,,,,,,,,
11472,10449,1.711,,,,,,,,
11473,10450,0.6,,,,,,,,
11474,10450,0.6,,,,,,,,
11475,10451,1.414,,,,,,,,
11476,10452,1.4,,,,,,,,
11477,10453,0.6,,,,,,,,
11478,10454,8.717,,,,,,,,
11479,10455,1.052,,,,,,,,
11480,10456,0.6,,,,,,,,
11481,10457,,1.0,0.0,1969,"Though Streisand charms, she's miscast as the titular middle-aged widow in Gene Kelly's sluggish and over-produced final directorial effort.",Rotten,43.0,3.0,7.1
11482,10458,0.6,,,,,,,,
11483,10459,0.6,,,,,,,,
11484,10460,7.03,,,,,,,,
11485,10460,0.6,,,,,,,,
11486,10461,89.225,,,,,,,3.0,6.9
11487,10461,63.431,,,,,,,3.0,6.9
11488,10462,30.562,,,,,,,3.0,5.5
11489,10463,22.544,,,,,,,1.0,5.1
11490,10464,31.757,,,,,,,,
11491,10465,4.767,,,,,,,,
11492,10466,26.19,,,,,,,,
11493,10467,38.501,,,,,,,,
11494,10468,28.195,,,,,,,,
11495,10469,24.182,,,,,,,,
11496,10470,4.78,,,,,,,,
11497,10471,5.41,,,,,,,,
11498,10472,21.545,,,,,,,,
11499,10473,2.425,,,,,,,,
11500,10474,0.893,,,,,,,,
11501,10475,0.6,,,,,,,,
11502,10476,0.65,,,,,,,,
11503,10477,0.6,,,,,,,,
11504,10478,1.183,,,,,,,,
11505,10479,0.6,,,,,,,,
11506,10480,0.627,,,,,,,,
11507,10480,0.6,,,,,,,,
11508,10480,0.6,,,,,,,,
11509,10481,0.6,,,,,,,,
11510,10482,0.6,,,,,,,,
11511,10483,0.775,,,,,,,,
11512,10484,1.4,,,,,,,,
11513,10485,0.6,,,,,,,,
11514,10486,0.6,,,,,,,,
11515,10487,8.452,,,,,,,,
11516,10487,3.366,,,,,,,,
11517,10487,0.686,,,,,,,,
11518,10487,0.6,,,,,,,,
11519,10488,0.6,,,,,,,,
11520,10489,0.6,,,,,,,,
11521,10490,0.6,,,,,,,,
11522,10491,0.949,,,,,,,,
11523,10492,0.6,,,,,,,,
11524,10493,0.6,,,,,,,,
11525,10494,10.926,,,,,,,,
11526,10495,4.025,,,,,,,,
11527,10496,1.062,,,,,,,,
11528,10497,,1.0,0.0,2013,"Sweet, soulful, and smart, Spike Jonze's Her uses its just-barely-sci-fi scenario to impart wryly funny wisdom about the state of modern human relationships.",Certified-Fresh,95.0,2.0,8.0
11529,10498,0.6,,,,,,,,
11530,10499,0.6,,,,,,,,
11531,10500,1.154,,,,,,,,
11532,10501,1.223,,,,,,,,
11533,10502,0.6,,,,,,,,
11534,10503,2.517,,,,,,,,
11535,10504,0.6,,,,,,,,
11536,10505,1.183,,,,,,,,
11537,10506,0.6,,,,,,,,
11538,10507,0.887,,,,,,,,
11539,10508,,,,,,,,,
11540,10509,0.6,,,,,,,,
11541,10510,1.797,,,,,,,,
11542,10511,1.795,,,,,,,,
11543,10512,4.99,,,,,,,,
11544,10513,0.6,,,,,,,,
11545,10514,9.355,,,,,,,,
11546,10515,8.04,,,,,,,,
11547,10516,0.6,,,,,,,,
11548,10517,0.6,,,,,,,,
11549,10518,1.997,,,,,,,,
11550,10519,,1.0,0.0,1941,,Fresh,100.0,,7.6
11551,10520,0.6,,,,,,,,
11552,10520,0.6,,,,,,,,
11553,10521,0.706,,,,,,,,
11554,10522,5.454,,,,,,,,
11555,10523,5.379,,,,,,,,
11556,10524,0.6,,,,,,,,
11557,10525,0.95,,,,,,,,
11558,10526,0.6,,,,,,,,
11559,10527,0.636,,,,,,,,
11560,10528,84.709,,,,,,,3.0,7.3
11561,10529,0.6,,,,,,,,
11562,10530,1.11,,,,,,,,
11563,10531,1.601,,,,,,,,
11564,10532,0.6,,,,,,,,
11565,10533,0.767,,,,,,,,
11566,10534,0.6,,,,,,,,
11567,10535,1.4,,,,,,,,
11568,10536,2.977,,,,,,,,
11569,10537,0.6,,,,,,,,
11570,10538,1.243,,,,,,,1.0,6.5
11571,10539,0.6,,,,,,,,
11572,10540,0.827,,,,,,,,
11573,10541,0.6,,,,,,,,
11574,10542,1.048,,,,,,,,
11575,10543,1.988,,,,,,,,
11576,10544,4.382,,,,,,,,
11577,10544,1.634,,,,,,,,
11578,10544,1.285,,,,,,,,
11579,10545,1.4,,,,,,,,
11580,10546,0.6,,,,,,,,
11581,10547,1.205,,,,,,,,
11582,10548,0.6,,,,,,,,
11583,10549,0.6,,,,,,,,
11584,10550,0.6,,,,,,,,
11585,10551,0.6,,,,,,,,
11586,10552,0.941,,,,,,,,
11587,10553,1.941,,,,,,,,
11588,10554,0.6,,,,,,,,
11589,10555,1.246,,,,,,,,
11590,10556,0.6,,,,,,,,
11591,10557,0.65,,,,,,,,
11592,10558,0.752,,,,,,,,
11593,10559,0.6,,,,,,,,
11594,10560,1.001,,,,,,,,
11595,10561,0.6,,,,,,,,
11596,10562,1.154,,,,,,,,
11597,10563,0.6,,,,,,,,
11598,10564,0.6,,,,,,,,
11599,10565,117.32,,,,,,,3.0,6.4
11600,10565,4.989,,,,,,,3.0,6.4
11601,10566,6.357,,,,,,,,
11602,10567,1.04,,,,,,,,
11603,10568,0.6,,,,,,,,
11604,10569,,,,,,,,3.0,7.8
11605,10570,0.6,,,,,,,,
11606,10571,0.656,,,,,,,,
11607,10572,0.6,,,,,,,,
11608,10573,1.765,,,,,,,,
11609,10574,1.916,,,,,,,,
11610,10574,0.954,,,,,,,,
11611,10575,0.6,,,,,,,,
11612,10575,0.6,,,,,,,,
11613,10576,3.153,,,,,,,,
11614,10577,3.286,,,,,,,,
11615,10578,0.652,,,,,,,,
11616,10579,0.827,,,,,,,,
11617,10580,0.876,,,,,,,,
11618,10581,19.095,,,,,,,3.0,5.9
11619,10581,8.753,,,,,,,3.0,5.9
11620,10581,4.172,,,,,,,3.0,5.9
11621,10581,0.6,,,,,,,3.0,5.9
11622,10582,0.6,,,,,,,,
11623,10583,2.872,,,,,,,,
11624,10584,1.333,,,,,,,,
11625,10585,1.706,,,,,,,,
11626,10586,7.971,,,,,,,,
11627,10587,0.917,,,,,,,,
11628,10588,3.515,,,,,,,,
11629,10589,2.39,,,,,,,,
11630,10590,4.351,,,,,,,,
11631,10591,0.6,,,,,,,,
11632,10592,0.6,,,,,,,,
11633,10593,0.6,,,,,,,,
11634,10594,0.6,,,,,,,,
11635,10595,0.6,,,,,,,,
11636,10596,0.6,,,,,,,,
11637,10597,1.972,,,,,,,,
11638,10598,0.6,,,,,,,,
11639,10599,19.573,,,,,,,,
11640,10600,3.422,,,,,,,,
11641,10601,,1.0,0.0,1952,"A classic of the Western genre that broke with many of the traditions at the time, High Noon endures -- in no small part thanks to Gary Cooper's defiant, Oscar-winning performance.",Certified-Fresh,97.0,2.0,8.0
11642,10602,0.6,,,,,,,,
11643,10603,2.928,,,,,,,,
11644,10604,2.502,,,,,,,,
11645,10605,0.6,,,,,,,,
11646,10606,0.6,,,,,,,,
11647,10607,1.214,,,,,,,,
11648,10608,14.043,,,,,,,,
11649,10609,10.236,,,,,,,,
11650,10610,0.6,,,,,,,,
11651,10611,14.547,,,,,,,3.0,6.7
11652,10612,3.393,,,,,,,,
11653,10613,2.051,,,,,,,,
11654,10614,0.6,,,,,,,,
11655,10615,0.6,,,,,,,,
11656,10616,0.84,,,,,,,,
11657,10617,0.6,,,,,,,,
11658,10618,0.852,,,,,,,,
11659,10619,7.654,,,,,,,,
11660,10619,0.833,,,,,,,,
11661,10620,9.318,,,,,,,,
11662,10621,0.825,,,,,,,,
11663,10622,0.637,,,,,,,,
11664,10623,0.6,,,,,,,,
11665,10623,0.6,,,,,,,,
11666,10624,1.094,,,,,,,,
11667,10625,0.6,,,,,,,,
11668,10626,1.098,,,,,,,,
11669,10627,0.6,,,,,,,,
11670,10628,0.625,,,,,,,,
11671,10629,5.747,,,,,,,,
11672,10630,2.513,,,,,,,,
11673,10631,1.606,,,,,,,,
11674,10632,0.6,,,,,,,,
11675,10632,0.6,,,,,,,,
11676,10633,0.6,,,,,,,,
11677,10634,0.6,,,,,,,,
11678,10635,2.584,,,,,,,,
11679,10636,0.757,,,,,,,,
11680,10637,7.368,,,,,,,,
11681,10637,0.6,,,,,,,,
11682,10638,0.6,,,,,,,,
11683,10639,2.642,,,,,,,,
11684,10640,0.6,,,,,,,,
11685,10641,4.779,,,,,,,,
11686,10641,0.661,,,,,,,,
11687,10642,0.6,,,,,,,,
11688,10642,0.6,,,,,,,,
11689,10643,0.6,,,,,,,3.0,8.0
11690,10643,0.6,,,,,,,3.0,8.0
11691,10644,,,,,,,,,
11692,10645,3.076,,,,,,,,
11693,10646,0.844,,,,,,,,
11694,10647,,,,,,,,3.0,7.8
11695,10648,0.6,,,,,,,,
11696,10649,35.311,,,,,,,3.0,6.5
11697,10650,1.117,,,,,,,,
11698,10651,0.6,,,,,,,,
11699,10652,1.133,,,,,,,,
11700,10653,0.6,,,,,,,,
11701,10654,0.6,,,,,,,,
11702,10655,0.6,,,,,,,,
11703,10656,0.6,,,,,,,,
11704,10657,5.295,,,,,,,,
11705,10658,1.082,,,,,,,,
11706,10659,0.841,,,,,,,,
11707,10660,7.097,,,,,,,,
11708,10661,0.6,,,,,,,,
11709,10661,0.6,,,,,,,,
11710,10662,4.336,,,,,,,3.0,6.1
11711,10663,0.909,,,,,,,,
11712,10664,0.6,,,,,,,3.0,5.4
11713,10665,2.4,,,,,,,,
11714,10666,3.746,,,,,,,,
11715,10667,0.6,,,,,,,,
11716,10668,0.684,,,,,,,,
11717,10669,0.6,,,,,,,,
11718,10670,0.6,,,,,,,,
11719,10671,1.925,,,,,,,,
11720,10672,0.6,,,,,,,,
11721,10673,0.848,,,,,,,,
11722,10674,0.6,,,,,,,,
11723,10675,0.6,,,,,,,,
11724,10676,0.6,,,,,,,,
11725,10677,0.6,,,,,,,,
11726,10678,4.387,,,,,,,,
11727,10679,1.166,,,,,,,,
11728,10680,4.239,,,,,,,,
11729,10681,1.651,,,,,,,,
11730,10682,1.359,,,,,,,0.0,6.1
11731,10683,3.602,,,,,,,,
11732,10684,0.6,,,,,,,,
11733,10685,0.6,,,,,,,,
11734,10686,9.359,,,,,,,3.0,6.9
11735,10687,0.6,,,,,,,,
11736,10688,7.112,,,,,,,3.0,7.4
11737,10689,2.297,,,,,,,,
11738,10690,6.701,,,,,,,,
11739,10690,0.6,,,,,,,,
11740,10690,0.6,,,,,,,,
11741,10691,0.6,,,,,,,,
11742,10692,1.303,,,,,,,,
11743,10693,1.4,,,,,,,2.0,7.0
11744,10694,0.6,,,,,,,,
11745,10695,0.6,,,,,,,,
11746,10696,2.306,,,,,,,,
11747,10697,15.05,,,,,,,,
11748,10698,1.277,,,,,,,,
11749,10699,1.492,,,,,,,,
11750,10700,1.808,,,,,,,,
11751,10701,0.6,,,,,,,,
11752,10702,0.6,,,,,,,,
11753,10703,0.6,,,,,,,,
11754,10704,3.038,,,,,,,,
11755,10704,2.721,,,,,,,,
11756,10704,1.4,,,,,,,,
11757,10704,0.6,,,,,,,,
11758,10705,0.632,,,,,,,,
11759,10706,11.509,,,,,,,,
11760,10707,1.515,,,,,,,,
11761,10708,1.981,,,,,,,,
11762,10709,0.6,,,,,,,,
11763,10710,3.412,,,,,,,,
11764,10711,1.4,,,,,,,,
11765,10712,0.6,,,,,,,,
11766,10713,8.742,,,,,,,,
11767,10714,2.233,,,,,,,,
11768,10715,1.019,,,,,,,,
11769,10716,0.84,,,,,,,,
11770,10717,0.854,,,,,,,,
11771,10718,1.218,,,,,,,,
11772,10719,1.464,,,,,,,,
11773,10720,0.6,,,,,,,,
11774,10721,1.648,,,,,,,,
11775,10722,3.804,,,,,,,,
11776,10723,2.766,,,,,,,,
11777,10724,0.6,,,,,,,,
11778,10725,2.344,,,,,,,,
11779,10726,1.293,,,,,,,,
11780,10727,0.6,,,,,,,,
11781,10728,0.6,,,,,,,,
11782,10729,0.6,,,,,,,,
11783,10730,0.6,,,,,,,,
11784,10731,3.809,,,,,,,,
11785,10731,0.641,,,,,,,,
11786,10732,0.639,,,,,,,,
11787,10733,0.941,,,,,,,,
11788,10734,0.6,,,,,,,,
11789,10735,2.847,,,,,,,3.0,6.5
11790,10735,2.255,,,,,,,3.0,6.5
11791,10735,1.499,,,,,,,3.0,6.5
11792,10735,0.861,,,,,,,3.0,6.5
11793,10735,0.6,,,,,,,3.0,6.5
11794,10735,0.6,,,,,,,3.0,6.5
11795,10736,,,,,,,,3.0,7.7
11796,10737,0.6,,,,,,,,
11797,10738,10.454,,,,,,,,
11798,10739,0.6,,,,,,,,
11799,10740,5.373,,,,,,,,
11800,10741,0.6,,,,,,,,
11801,10742,2.561,,,,,,,,
11802,10743,1.779,,,,,,,,
11803,10744,3.968,,,,,,,,
11804,10744,1.829,,,,,,,,
11805,10744,1.49,,,,,,,,
11806,10744,1.094,,,,,,,,
11807,10744,0.905,,,,,,,,
11808,10744,0.635,,,,,,,,
11809,10744,0.6,,,,,,,,
11810,10744,0.6,,,,,,,,
11811,10744,0.6,,,,,,,,
11812,10744,0.6,,,,,,,,
11813,10744,0.6,,,,,,,,
11814,10745,1.485,,,,,,,,
11815,10746,1.702,,,,,,,,
11816,10747,0.6,,,,,,,,
11817,10748,1.469,,,,,,,,
11818,10749,1.215,,,,,,,,
11819,10750,2.663,,,,,,,,
11820,10751,11.214,,,,,,,,
11821,10751,4.354,,,,,,,,
11822,10751,0.6,,,,,,,,
11823,10751,0.6,,,,,,,,
11824,10751,0.6,,,,,,,,
11825,10752,0.6,,,,,,,,
11826,10753,2.058,,,,,,,,
11827,10754,0.6,,,,,,,,
11828,10755,0.6,,,,,,,,
11829,10756,0.6,,,,,,,,
11830,10757,1.535,,,,,,,,
11831,10757,0.785,,,,,,,,
11832,10758,3.492,,,,,,,,
11833,10758,0.6,,,,,,,,
11834,10759,1.24,,,,,,,,
11835,10760,0.6,,,,,,,,
11836,10760,0.6,,,,,,,,
11837,10761,0.6,,,,,,,,
11838,10762,0.6,,,,,,,,
11839,10763,0.91,,,,,,,,
11840,10764,0.6,,,,,,,,
11841,10765,0.6,,,,,,,,
11842,10766,1.626,,,,,,,,
11843,10767,1.116,,,,,,,,
11844,10768,3.441,,,,,,,,
11845,10769,0.987,,,,,,,,
11846,10770,19.58,,,,,,,,
11847,10770,2.681,,,,,,,,
11848,10770,1.15,,,,,,,,
11849,10770,0.6,,,,,,,,
11850,10771,1.023,,,,,,,,
11851,10772,0.6,,,,,,,,
11852,10773,0.6,,,,,,,,
11853,10774,0.6,,,,,,,,
11854,10775,0.6,,,,,,,,
11855,10776,1.94,,,,,,,,
11856,10777,0.6,,,,,,,,
11857,10778,0.6,,,,,,,,
11858,10779,1.925,,,,,,,,
11859,10780,2.11,,,,,,,,
11860,10781,0.6,,,,,,,,
11861,10782,0.6,,,,,,,,
11862,10783,1.423,,,,,,,,
11863,10784,1.136,,,,,,,,
11864,10785,0.84,,,,,,,,
11865,10786,0.966,,,,,,,,
11866,10787,0.894,,,,,,,,
11867,10788,0.6,,,,,,,,
11868,10789,0.6,,,,,,,,
11869,10790,0.6,,,,,,,,
11870,10791,0.6,,,,,,,,
11871,10792,0.6,,,,,,,,
11872,10793,0.722,,,,,,,,
11873,10794,0.6,,,,,,,,
11874,10795,0.6,,,,,,,,
11875,10796,0.6,,,,,,,,
11876,10797,0.6,,,,,,,,
11877,10798,0.6,,,,,,,,
11878,10799,0.6,,,,,,,,
11879,10800,0.6,,,,,,,,
11880,10801,0.6,,,,,,,,
11881,10802,0.6,,,,,,,,
11882,10803,0.6,,,,,,,,
11883,10804,0.6,,,,,,,,
11884,10805,0.6,,,,,,,,
11885,10806,0.6,,,,,,,,
11886,10807,0.6,,,,,,,,
11887,10808,0.6,,,,,,,,
11888,10809,0.6,,,,,,,,
11889,10810,0.6,,,,,,,,
11890,10811,0.6,,,,,,,,
11891,10812,0.6,,,,,,,,
11892,10813,0.6,,,,,,,,
11893,10814,0.6,,,,,,,,
11894,10815,0.6,,,,,,,,
11895,10816,0.6,,,,,,,,
11896,10817,0.6,,,,,,,,
11897,10818,0.6,,,,,,,,
11898,10819,0.6,,,,,,,,
11899,10820,0.6,,,,,,,,
11900,10821,0.6,,,,,,,,
11901,10822,0.6,,,,,,,,
11902,10823,0.6,,,,,,,,
11903,10824,0.6,,,,,,,,
11904,10825,0.6,,,,,,,,
11905,10826,0.6,,,,,,,,
11906,10827,0.6,,,,,,,,
11907,10828,1.102,,,,,,,,
11908,10829,0.6,,,,,,,,
11909,10830,0.6,,,,,,,,
11910,10831,0.6,,,,,,,,
11911,10832,0.6,,,,,,,,
11912,10833,0.6,,,,,,,,
11913,10834,0.6,,,,,,,,
11914,10835,0.6,,,,,,,,
11915,10836,0.6,,,,,,,,
11916,10837,0.6,,,,,,,,
11917,10838,0.6,,,,,,,,
11918,10839,0.6,,,,,,,,
11919,10840,0.6,,,,,,,,
11920,10841,0.6,,,,,,,,
11921,10842,0.6,,,,,,,,
11922,10843,1.635,,,,,,,,
11923,10844,0.6,,,,,,,,
11924,10845,0.6,,,,,,,,
11925,10846,0.6,,,,,,,,
11926,10847,0.6,,,,,,,,
11927,10848,0.6,,,,,,,,
11928,10849,0.6,,,,,,,,
11929,10850,0.6,,,,,,,,
11930,10851,0.6,,,,,,,,
11931,10852,0.934,,,,,,,,
11932,10853,0.6,,,,,,,,
11933,10854,0.6,,,,,,,,
11934,10855,1.375,,,,,,,,
11935,10856,2.462,,,,,,,,
11936,10857,0.6,,,,,,,,
11937,10858,2.744,,,,,,,,
11938,10859,1.503,,,,,,,,
11939,10860,1.522,,,,,,,,
11940,10861,0.6,,,,,,,,
11941,10862,0.6,,,,,,,,
11942,10863,0.897,,,,,,,,
11943,10864,1.057,,,,,,,,
11944,10865,0.6,,,,,,,,
11945,10866,0.6,,,,,,,,
11946,10867,0.6,,,,,,,,
11947,10868,0.6,,,,,,,,
11948,10869,0.6,,,,,,,,
11949,10870,0.6,,,,,,,,
11950,10871,0.712,,,,,,,,
11951,10872,6.023,,,,,,,,
11952,10873,0.6,,,,,,,,
11953,10874,0.6,,,,,,,,
11954,10875,0.6,,,,,,,,
11955,10876,0.687,,,,,,,,
11956,10877,2.003,,,,,,,,
11957,10878,0.656,,,,,,,,
11958,10879,1.188,,,,,,,,
11959,10880,1.734,,,,,,,,
11960,10880,0.6,,,,,,,,
11961,10881,2.605,,,,,,,,
11962,10881,0.6,,,,,,,,
11963,10881,0.6,,,,,,,,
11964,10882,1.663,,,,,,,,
11965,10883,1.216,,,,,,,,
11966,10884,0.6,,,,,,,,
11967,10885,0.6,,,,,,,,
11968,10886,0.6,,,,,,,,
11969,10887,0.6,,,,,,,,
11970,10888,1.55,,,,,,,,
11971,10889,3.785,,,,,,,,
11972,10890,0.626,,,,,,,,
11973,10891,12.422,,,,,,,,
11974,10891,1.4,,,,,,,,
11975,10892,0.6,,,,,,,,
11976,10893,0.6,,,,,,,,
11977,10894,0.6,,,,,,,,
11978,10895,1.698,,,,,,,,
11979,10896,0.6,,,,,,,,
11980,10897,3.739,,,,,,,,
11981,10898,1.058,,,,,,,,
11982,10899,1.017,,,,,,,,
11983,10900,2.223,,,,,,,,
11984,10900,1.262,,,,,,,,
11985,10900,0.6,,,,,,,,
11986,10901,0.981,,,,,,,,
11987,10902,1.46,,,,,,,,
11988,10903,0.6,,,,,,,,
11989,10904,0.6,,,,,,,,
11990,10905,0.6,,,,,,,,
11991,10906,0.625,,,,,,,,
11992,10907,0.6,,,,,,,,
11993,10908,0.6,,,,,,,,
11994,10909,0.6,,,,,,,,
11995,10910,2.669,,,,,,,,
11996,10911,0.618,,,,,,,,
11997,10912,1.701,,,,,,,,
11998,10913,0.6,,,,,,,,
11999,10914,0.601,,,,,,,,
12000,10915,5.135,,,,,,,,
12001,10916,1.55,,,,,,,,
12002,10917,2.032,,,,,,,,
12003,10918,2.55,,,,,,,,
12004,10918,0.87,,,,,,,,
12005,10919,0.6,,,,,,,,
12006,10920,0.71,,,,,,,,
12007,10921,1.957,,,,,,,,
12008,10922,3.241,,,,,,,,
12009,10923,0.6,,,,,,,,
12010,10924,2.347,,,,,,,,
12011,10925,0.6,,,,,,,,
12012,10926,0.6,,,,,,,,
12013,10927,0.6,,,,,,,,
12014,10928,0.6,,,,,,,,
12015,10929,0.6,,,,,,,,
12016,10930,0.958,,,,,,,,
12017,10931,0.915,,,,,,,,
12018,10932,1.683,,,,,,,,
12019,10933,2.768,,,,,,,,
12020,10934,3.526,,,,,,,,
12021,10935,1.722,,,,,,,,
12022,10936,2.225,,,,,,,,
12023,10937,0.6,,,,,,,,
12024,10937,0.6,,,,,,,,
12025,10938,0.6,,,,,,,,
12026,10939,2.649,,,,,,,,
12027,10940,0.6,,,,,,,,
12028,10941,0.6,,,,,,,3.0,6.0
12029,10942,3.449,,,,,,,,
12030,10943,4.966,,,,,,,,
12031,10944,16.183,,,,,,,,
12032,10945,0.6,,,,,,,,
12033,10946,5.549,,,,,,,,
12034,10946,1.613,,,,,,,,
12035,10946,0.652,,,,,,,,
12036,10947,0.615,,,,,,,,
12037,10948,4.96,,,,,,,,
12038,10949,0.6,,,,,,,,
12039,10950,101.167,,,,,,,3.0,6.5
12040,10950,0.6,,,,,,,3.0,6.5
12041,10951,1.4,,,,,,,,
12042,10952,9.055,,,,,,,,
12043,10953,2.166,,,,,,,,
12044,10954,50.839,,,,,,,1.0,5.9
12045,10955,49.793,,,,,,,3.0,5.5
12046,10956,32.318,,,,,,,,
12047,10957,0.697,,,,,,,,
12048,10958,13.09,,,,,,,,
12049,10958,1.388,,,,,,,,
12050,10958,0.6,,,,,,,,
12051,10959,1.319,,,,,,,,
12052,10960,7.351,,,,,,,,
12053,10961,,,,,,,,1.0,7.8
12054,10962,0.615,,,,,,,,
12055,10963,0.737,,,,,,,,
12056,10964,1.271,,,,,,,,
12057,10965,1.302,,,,,,,,
12058,10966,0.7,,,,,,,,
12059,10967,0.983,,,,,,,,
12060,10968,0.6,,,,,,,,
12061,10969,2.197,,,,,,,,
12062,10970,0.6,,,,,,,,
12063,10971,,,,,,,,,
12064,10972,2.088,,,,,,,3.0,5.6
12065,10972,0.6,,,,,,,3.0,5.6
12066,10972,0.6,,,,,,,3.0,5.6
12067,10973,0.6,,,,,,,,
12068,10974,0.613,,,,,,,,
12069,10975,0.6,,,,,,,,
12070,10976,6.873,,,,,,,,
12071,10977,2.215,,,,,,,,
12072,10978,0.6,,,,,,,,
12073,10979,4.693,,,,,,,,
12074,10980,1.415,,,,,,,,
12075,10981,1.461,,,,,,,,
12076,10982,2.303,,,,,,,,
12077,10983,,,,,,,,2.0,8.1
12078,10984,0.6,,,,,,,,
12079,10985,1.595,,,,,,,,
12080,10986,0.765,,,,,,,,
12081,10987,0.6,,,,,,,,
12082,10988,0.6,,,,,,,,
12083,10989,10.08,,,,,,,,
12084,10990,9.027,,,,,,,3.0,6.5
12085,10991,0.6,,,,,,,,
12086,10992,0.6,,,,,,,,
12087,10993,1.02,,,,,,,,
12088,10994,5.332,,,,,,,1.0,7.5
12089,10995,1.61,,,,,,,,
12090,10996,26.73,,,,,,,3.0,7.3
12091,10996,11.114,,,,,,,3.0,7.3
12092,10996,5.91,,,,,,,3.0,7.3
12093,10997,0.6,,,,,,,,
12094,10998,0.6,,,,,,,,
12095,10999,0.6,,,,,,,,
12096,11000,0.6,,,,,,,,
12097,11001,0.6,,,,,,,,
12098,11002,8.308,,,,,,,3.0,5.4
12099,11003,5.548,,,,,,,,
12100,11004,1.032,,,,,,,,
12101,11005,0.6,,,,,,,,
12102,11006,8.805,,,,,,,,
12103,11007,2.202,,,,,,,,
12104,11008,0.6,,,,,,,,
12105,11009,3.231,,,,,,,,
12106,11010,0.6,,,,,,,,
12107,11011,2.235,,,,,,,,
12108,11012,0.6,,,,,,,,
12109,11013,2.177,,,,,,,,
12110,11014,9.963,,,,,,,3.0,5.5
12111,11015,2.653,,,,,,,,
12112,11016,0.6,,,,,,,,
12113,11017,30.568,,,,,,,3.0,6.0
12114,11018,1.851,,,,,,,,
12115,11019,0.841,,,,,,,,
12116,11020,1.467,,,,,,,,
12117,11021,0.6,,,,,,,,
12118,11022,4.791,,,,,,,,
12119,11023,0.6,,,,,,,,
12120,11024,4.494,,,,,,,2.0,6.2
12121,11025,6.79,,,,,,,,
12122,11025,3.504,,,,,,,,
12123,11026,2.361,,,,,,,,
12124,11027,1.689,,,,,,,,
12125,11028,0.6,,,,,,,,
12126,11029,2.232,,,,,,,,
12127,11030,1.712,,,,,,,,
12128,11031,1.898,,,,,,,,
12129,11032,3.812,,,,,,,,
12130,11033,3.613,,,,,,,,
12131,11034,1.749,,,,,,,,
12132,11035,0.6,,,,,,,,
12133,11036,3.882,,,,,,,,
12134,11037,0.6,,,,,,,,
12135,11038,1.086,,,,,,,,
12136,11039,0.6,,,,,,,,
12137,11040,2.189,,,,,,,,
12138,11041,1.751,,,,,,,,
12139,11042,0.657,,,,,,,,
12140,11043,0.956,,,,,,,,
12141,11044,5.673,,,,,,,,
12142,11045,0.6,,,,,,,,
12143,11046,0.622,,,,,,,,
12144,11047,0.6,,,,,,,,
12145,11048,0.632,,,,,,,,
12146,11049,4.966,,,,,,,,
12147,11050,0.607,,,,,,,,
12148,11051,0.9,,,,,,,,
12149,11052,1.618,,,,,,,,
12150,11052,1.175,,,,,,,,
12151,11053,0.6,,,,,,,,
12152,11054,0.6,,,,,,,,
12153,11055,1.444,,,,,,,,
12154,11055,0.6,,,,,,,,
12155,11056,0.6,,,,,,,,
12156,11057,5.681,,,,,,,,
12157,11057,1.891,,,,,,,,
12158,11058,1.257,,,,,,,,
12159,11059,9.81,,,,,,,,
12160,11060,63.255,,,,,,,3.0,7.0
12161,11060,63.255,,,,,,,2.0,5.5
12162,11060,10.612,,,,,,,3.0,7.0
12163,11060,10.612,,,,,,,2.0,5.5
12164,11061,2.467,,,,,,,,
12165,11062,0.6,,,,,,,,
12166,11063,1.487,,,,,,,,
12167,11064,0.6,,,,,,,,
12168,11065,1.555,,,,,,,,
12169,11065,0.966,,,,,,,,
12170,11065,0.816,,,,,,,,
12171,11065,0.632,,,,,,,,
12172,11065,0.6,,,,,,,,
12173,11066,9.663,,,,,,,2.0,2.1
12174,11067,12.537,,,,,,,3.0,3.7
12175,11068,3.181,,,,,,,,
12176,11069,0.6,,,,,,,,
12177,11070,1.4,,,,,,,,
12178,11071,0.6,,,,,,,,
12179,11072,1.4,,,,,,,,
12180,11073,7.378,,,,,,,,
12181,11074,0.626,,,,,,,,
12182,11075,53.773,,,,,,,,
12183,11076,1.515,,,,,,,,
12184,11077,1.4,,,,,,,,
12185,11078,2.851,,,,,,,,
12186,11079,16.294,,,,,,,3.0,6.7
12187,11079,13.578,,,,,,,3.0,6.7
12188,11080,0.6,,,,,,,,
12189,11081,8.542,,,,,,,,
12190,11082,2.663,,,,,,,,
12191,11083,0.658,,,,,,,,
12192,11084,1.229,,,,,,,,
12193,11085,10.175,,,,,,,3.0,6.7
12194,11086,0.6,,,,,,,,
12195,11087,0.6,,,,,,,,
12196,11088,1.554,,,,,,,,
12197,11089,4.136,,,,,,,,
12198,11090,0.715,,,,,,,,
12199,11091,0.679,,,,,,,,
12200,11092,0.6,,,,,,,,
12201,11093,1.197,,,,,,,,
12202,11094,,0.0,1.0,1941,"Though it perhaps strays into overly maudlin territory, this working-class drama is saved by a solid cast and director John Ford's unmistakeable style.",Certified-Fresh,89.0,3.0,7.7
12203,11095,0.887,,,,,,,,
12204,11096,0.6,,,,,,,,
12205,11097,0.884,,,,,,,,
12206,11098,0.876,,,,,,,,
12207,11099,0.6,,,,,,,,
12208,11100,2.442,,,,,,,,
12209,11101,3.238,,,,,,,,
12210,11102,0.6,,,,,,,,
12211,11103,0.699,,,,,,,,
12212,11104,0.6,,,,,,,,
12213,11105,0.686,,,,,,,,
12214,11106,1.188,,,,,,,,
12215,11107,2.532,,,,,,,,
12216,11107,1.941,,,,,,,,
12217,11108,2.252,,,,,,,,
12218,11109,,,,,,,,3.0,8.1
12219,11110,,,,,,,,1.0,7.8
12220,11111,0.605,,,,,,,,
12221,11112,0.6,,,,,,,,
12222,11113,0.6,,,,,,,,
12223,11114,0.6,,,,,,,,
12224,11115,0.6,,,,,,,,
12225,11116,2.824,,,,,,,,
12226,11117,2.96,,,,,,,,
12227,11118,2.778,,,,,,,,
12228,11119,,1.0,0.0,1992,"A superbly-mounted adaptation of E.M. Forster's tale of British class tension, with exceptional performances all round, Howard's End ranks among the best of Merchant-Ivory's work.",Certified-Fresh,94.0,3.0,7.4
12229,11120,1.4,,,,,,,,
12230,11121,14.76,,,,,,,,
12231,11122,14.11,,,,,,,0.0,6.6
12232,11122,0.6,,,,,,,0.0,6.6
12233,11122,0.6,,,,,,,0.0,6.6
12234,11123,0.6,,,,,,,,
12235,11124,1.531,,,,,,,,
12236,11125,10.734,,,,,,,,
12237,11126,7.997,,,,,,,,
12238,11127,8.145,,,,,,,,
12239,11128,7.308,,,,,,,,
12240,11129,6.706,,,,,,,,
12241,11130,13.636,,,,,,,,
12242,11131,3.655,,,,,,,,
12243,11132,0.6,,,,,,,,
12244,11133,0.6,,,,,,,,
12245,11134,0.6,,,,,,,,
12246,11135,0.6,,,,,,,,
12247,11136,21.953,,,,,,,,
12248,11137,0.6,,,,,,,,
12249,11138,0.6,,,,,,,,
12250,11139,2.908,,,,,,,,
12251,11140,,1.0,0.0,2011,"Hugo is an extravagant, elegant fantasy with an innocence lacking in many modern kids' movies, and one that emanates an unabashed love for the magic of cinema.",Certified-Fresh,93.0,3.0,7.5
12252,11141,0.6,,,,,,,,
12253,11142,2.655,,,,,,,,
12254,11143,7.038,,,,,,,,
12255,11144,1.17,,,,,,,,
12256,11145,0.6,,,,,,,,
12257,11146,0.6,,,,,,,,
12258,11147,0.6,,,,,,,,
12259,11148,0.736,,,,,,,,
12260,11149,1.959,,,,,,,,
12261,11150,0.864,,,,,,,,
12262,11151,4.015,,,,,,,,
12263,11152,0.6,,,,,,,3.0,6.4
12264,11153,2.083,,,,,,,,
12265,11154,1.74,,,,,,,,
12266,11155,1.275,,,,,,,,
12267,11155,0.6,,,,,,,,
12268,11155,0.6,,,,,,,,
12269,11156,2.718,,,,,,,,
12270,11157,0.6,,,,,,,,
12271,11158,7.159,,,,,,,,
12272,11159,3.002,,,,,,,,
12273,11160,5.345,,,,,,,,
12274,11161,0.6,,,,,,,,
12275,11162,3.117,,,,,,,,
12276,11163,0.901,,,,,,,,
12277,11164,3.63,,,,,,,,
12278,11165,0.6,,,,,,,,
12279,11166,10.269,,,,,,,0.0,7.5
12280,11166,0.6,,,,,,,0.0,7.5
12281,11166,0.6,,,,,,,0.0,7.5
12282,11166,0.6,,,,,,,0.0,7.5
12283,11166,0.6,,,,,,,0.0,7.5
12284,11166,0.6,,,,,,,0.0,7.5
12285,11166,0.6,,,,,,,0.0,7.5
12286,11167,1.169,,,,,,,,
12287,11168,4.552,,,,,,,,
12288,11169,0.6,,,,,,,,
12289,11169,0.6,,,,,,,,
12290,11170,1.697,,,,,,,,
12291,11171,0.6,,,,,,,,
12292,11172,0.6,,,,,,,,
12293,11173,4.622,,,,,,,,
12294,11174,0.633,,,,,,,,
12295,11175,0.6,,,,,,,,
12296,11176,0.6,,,,,,,,
12297,11177,,,,,,,,3.0,7.8
12298,11178,6.194,,,,,,,,
12299,11179,0.969,,,,,,,,
12300,11180,8.269,,,,,,,,
12301,11181,1.559,,,,,,,,
12302,11182,1.747,,,,,,,,
12303,11183,1.293,,,,,,,,
12304,11184,7.063,,,,,,,,
12305,11185,0.6,,,,,,,,
12306,11186,1.432,,,,,,,,
12307,11186,0.6,,,,,,,,
12308,11187,574.832,,,,,,,,
12309,11188,0.881,,,,,,,,
12310,11189,0.863,,,,,,,,
12311,11190,0.6,,,,,,,,
12312,11191,1.473,,,,,,,,
12313,11192,3.351,,,,,,,,
12314,11192,1.013,,,,,,,,
12315,11193,0.808,,,,,,,,
12316,11193,0.785,,,,,,,,
12317,11194,0.6,,,,,,,,
12318,11195,0.6,,,,,,,,
12319,11195,0.6,,,,,,,,
12320,11196,3.783,,,,,,,,
12321,11197,0.6,,,,,,,,
12322,11198,0.6,,,,,,,,
12323,11199,1.267,,,,,,,,
12324,11200,1.903,,,,,,,,
12325,11201,,,,,,,,,
12326,11202,2.945,,,,,,,,
12327,11202,0.6,,,,,,,,
12328,11203,0.6,,,,,,,,
12329,11204,0.657,,,,,,,,
12330,11205,28.54,,,,,,,3.0,6.6
12331,11205,8.095,,,,,,,3.0,6.6
12332,11205,0.6,,,,,,,3.0,6.6
12333,11205,0.6,,,,,,,3.0,6.6
12334,11206,0.608,,,,,,,,
12335,11207,8.286,,,,,,,,
12336,11208,14.664,,,,,,,,
12337,11209,1.4,,,,,,,,
12338,11210,1.4,,,,,,,,
12339,11211,4.232,,,,,,,,
12340,11211,1.102,,,,,,,,
12341,11211,0.6,,,,,,,,
12342,11212,0.899,,,,,,,,
12343,11213,0.6,,,,,,,,
12344,11214,1.235,,,,,,,,
12345,11215,1.074,,,,,,,,
12346,11216,5.891,,,,,,,,
12347,11217,0.626,,,,,,,,
12348,11218,3.65,,,,,,,,
12349,11219,0.969,,,,,,,,
12350,11220,3.013,,,,,,,,
12351,11221,2.075,,,,,,,,
12352,11221,1.4,,,,,,,,
12353,11221,0.6,,,,,,,,
12354,11222,43.596,,,,,,,,
12355,11223,0.6,,,,,,,,
12356,11224,3.154,,,,,,,,
12357,11225,4.409,,,,,,,3.0,4.0
12358,11226,0.974,,,,,,,3.0,6.7
12359,11226,0.682,,,,,,,3.0,6.7
12360,11226,0.6,,,,,,,3.0,6.7
12361,11227,0.816,,,,,,,,
12362,11228,2.563,,,,,,,,
12363,11229,0.6,,,,,,,,
12364,11230,0.6,,,,,,,,
12365,11231,0.633,,,,,,,,
12366,11232,1.036,,,,,,,,
12367,11233,,,,,,,,,
12368,11234,0.728,,,,,,,,
12369,11235,,,,,,,,,
12370,11236,0.6,,,,,,,,
12371,11237,0.6,,,,,,,,
12372,11238,0.6,,,,,,,,
12373,11239,0.6,,,,,,,,
12374,11240,0.6,,,,,,,,
12375,11241,1.224,,,,,,,,
12376,11241,0.6,,,,,,,,
12377,11242,0.6,,,,,,,,
12378,11243,1.348,,,,,,,,
12379,11244,0.6,,,,,,,,
12380,11245,2.488,,,,,,,,
12381,11246,0.6,,,,,,,,
12382,11247,0.6,,,,,,,,
12383,11248,1.821,,,,,,,,
12384,11249,0.6,,,,,,,,
12385,11250,2.55,,,,,,,,
12386,11251,0.6,,,,,,,,
12387,11252,0.6,,,,,,,,
12388,11253,0.6,,,,,,,,
12389,11254,9.813,,,,,,,,
12390,11255,3.529,,,,,,,,
12391,11256,,,,,,,,3.0,7.6
12392,11257,3.191,,,,,,,,
12393,11258,3.772,,,,,,,,
12394,11259,0.6,,,,,,,,
12395,11260,0.6,,,,,,,,
12396,11261,0.849,,,,,,,,
12397,11262,1.207,,,,,,,,
12398,11263,3.301,,,,,,,,
12399,11264,21.06,,,,,,,,
12400,11265,0.651,,,,,,,,
12401,11266,0.6,,,,,,,,
12402,11266,0.6,,,,,,,,
12403,11267,10.816,,,,,,,3.0,4.6
12404,11268,0.839,,,,,,,,
12405,11269,3.809,,,,,,,,
12406,11270,2.256,,,,,,,,
12407,11271,0.6,,,,,,,,
12408,11272,5.846,,,,,,,1.0,6.3
12409,11273,0.6,,,,,,,,
12410,11274,2.777,,,,,,,,
12411,11275,0.762,,,,,,,,
12412,11276,2.104,,,,,,,,
12413,11277,0.6,,,,,,,,
12414,11278,0.6,,,,,,,,
12415,11279,1.109,,,,,,,,
12416,11280,1.191,,,,,,,,
12417,11281,0.6,,,,,,,,
12418,11282,1.163,,,,,,,,
12419,11283,0.6,,,,,,,,
12420,11284,1.98,,,,,,,,
12421,11285,0.956,,,,,,,,
12422,11286,2.437,,,,,,,,
12423,11287,2.641,,,,,,,,
12424,11288,4.033,,,,,,,,
12425,11289,2.471,,,,,,,,
12426,11290,0.6,,,,,,,,
12427,11291,4.003,,,,,,,,
12428,11292,0.6,,,,,,,,
12429,11293,1.138,,,,,,,,
12430,11294,0.6,,,,,,,,
12431,11295,0.6,,,,,,,,
12432,11296,1.602,,,,,,,,
12433,11297,0.937,,,,,,,,
12434,11298,2.207,,,,,,,,
12435,11299,34.017,,,,,,,3.0,5.8
12436,11300,0.727,,,,,,,,
12437,11301,10.847,,,,,,,3.0,3.6
12438,11302,0.6,,,,,,,,
12439,11303,2.198,,,,,,,,
12440,11304,3.282,,,,,,,,
12441,11305,1.481,,,,,,,,
12442,11306,1.093,,,,,,,,
12443,11307,0.6,,,,,,,,
12444,11308,1.523,,,,,,,,
12445,11309,1.451,,,,,,,,
12446,11310,0.974,,,,,,,,
12447,11311,0.851,,,,,,,,
12448,11312,0.6,,,,,,,,
12449,11313,0.6,,,,,,,,
12450,11314,0.613,,,,,,,,
12451,11315,6.587,,,,,,,,
12452,11316,0.6,,,,,,,,
12453,11317,0.6,,,,,,,,
12454,11318,0.6,,,,,,,,
12455,11319,1.411,,,,,,,,
12456,11320,0.61,,,,,,,,
12457,11321,0.6,,,,,,,,
12458,11322,0.6,,,,,,,,
12459,11323,0.932,,,,,,,,
12460,11324,0.892,,,,,,,,
12461,11325,0.733,,,,,,,,
12462,11326,1.363,,,,,,,,
12463,11327,5.761,,,,,,,,
12464,11328,0.6,,,,,,,,
12465,11329,0.6,,,,,,,,
12466,11330,4.164,,,,,,,,
12467,11330,2.975,,,,,,,,
12468,11331,26.395,,,,,,,1.0,7.8
12469,11332,5.274,,,,,,,,
12470,11333,1.004,,,,,,,,
12471,11334,0.6,,,,,,,,
12472,11335,59.919,,,,,,,,
12473,11335,0.6,,,,,,,,
12474,11335,0.6,,,,,,,,
12475,11336,5.557,,,,,,,1.0,6.0
12476,11337,0.6,,,,,,,,
12477,11338,0.6,,,,,,,,
12478,11339,2.317,,,,,,,,
12479,11340,0.6,,,,,,,,
12480,11341,3.61,,,,,,,,
12481,11342,57.811,,,,,,,0.0,5.6
12482,11342,27.131,,,,,,,0.0,5.6
12483,11343,49.755,,,,,,,,
12484,11344,53.578,,,,,,,,
12485,11345,9.049,,,,,,,,
12486,11346,23.219,,,,,,,3.0,4.7
12487,11347,0.6,,,,,,,,
12488,11348,2.898,,,,,,,,
12489,11349,0.6,,,,,,,,
12490,11350,0.6,,,,,,,,
12491,11351,0.927,,,,,,,,
12492,11352,5.513,,,,,,,,
12493,11353,0.6,,,,,,,,
12494,11354,0.892,,,,,,,,
12495,11355,3.664,,,,,,,,
12496,11356,0.6,,,,,,,,
12497,11357,0.6,,,,,,,,
12498,11357,0.6,,,,,,,,
12499,11358,0.7,,,,,,,,
12500,11359,0.6,,,,,,,,
12501,11360,1.329,,,,,,,,
12502,11361,1.672,,,,,,,,
12503,11362,5.125,,,,,,,,
12504,11363,1.253,,,,,,,,
12505,11364,0.6,,,,,,,,
12506,11365,0.6,,,,,,,,
12507,11366,0.668,,,,,,,,
12508,11367,4.563,,,,,,,,
12509,11368,0.626,,,,,,,,
12510,11369,0.615,,,,,,,,
12511,11370,0.6,,,,,,,,
12512,11371,0.6,,,,,,,,
12513,11372,1.4,,,,,,,,
12514,11373,0.6,,,,,,,,
12515,11374,0.6,,,,,,,,
12516,11375,0.6,,,,,,,,
12517,11376,18.538,,,,,,,,
12518,11377,0.6,,,,,,,,
12519,11378,0.6,,,,,,,,
12520,11379,0.6,,,,,,,,
12521,11380,0.6,,,,,,,,
12522,11381,3.575,,,,,,,,
12523,11382,1.042,,,,,,,,
12524,11383,10.521,,,,,,,,
12525,11384,0.6,,,,,,,,
12526,11385,0.6,,,,,,,,
12527,11386,3.366,,,,,,,,
12528,11387,1.443,,,,,,,,
12529,11388,0.6,,,,,,,,
12530,11389,11.229,,,,,,,,
12531,11390,5.294,,,,,,,,
12532,11391,0.6,,,,,,,,
12533,11392,0.6,,,,,,,,
12534,11393,0.6,,,,,,,,
12535,11394,2.562,,,,,,,,
12536,11395,0.614,,,,,,,,
12537,11396,0.6,,,,,,,,
12538,11397,0.731,,,,,,,,
12539,11398,0.6,,,,,,,,
12540,11399,,,,,,,,3.0,7.8
12541,11400,0.84,,,,,,,,
12542,11401,23.863,,,,,,,1.0,5.1
12543,11402,6.993,,,,,,,,
12544,11403,0.6,,,,,,,,
12545,11404,2.856,,,,,,,,
12546,11405,0.6,,,,,,,,
12547,11406,1.781,,,,,,,,
12548,11407,0.897,,,,,,,,
12549,11408,3.806,,,,,,,,
12550,11409,0.6,,,,,,,,
12551,11410,1.999,,,,,,,,
12552,11411,0.6,,,,,,,,
12553,11412,0.6,,,,,,,,
12554,11413,2.26,,,,,,,,
12555,11413,0.6,,,,,,,,
12556,11414,0.6,,,,,,,,
12557,11415,0.6,,,,,,,,
12558,11416,0.615,,,,,,,,
12559,11417,0.6,,,,,,,,
12560,11418,0.6,,,,,,,,
12561,11419,0.693,,,,,,,,
12562,11420,4.583,,,,,,,,
12563,11421,0.6,,,,,,,,
12564,11422,0.6,,,,,,,,
12565,11423,0.6,,,,,,,,
12566,11424,1.163,,,,,,,,
12567,11425,1.4,,,,,,,,
12568,11426,7.422,,,,,,,,
12569,11427,0.6,,,,,,,,
12570,11428,0.6,,,,,,,,
12571,11429,0.6,,,,,,,,
12572,11430,2.241,,,,,,,,
12573,11431,2.666,,,,,,,,
12574,11432,3.861,,,,,,,,
12575,11433,0.6,,,,,,,,
12576,11434,2.385,,,,,,,,
12577,11435,11.959,,,,,,,,
12578,11436,8.757,,,,,,,,
12579,11437,0.709,,,,,,,,
12580,11438,1.297,,,,,,,,
12581,11439,0.6,,,,,,,,
12582,11440,16.381,,,,,,,,
12583,11441,2.163,,,,,,,,
12584,11442,0.712,,,,,,,,
12585,11443,0.6,,,,,,,,
12586,11444,1.085,,,,,,,,
12587,11445,,,,,,,,,
12588,11446,3.849,,,,,,,,
12589,11447,12.503,,,,,,,2.0,6.2
12590,11448,0.6,,,,,,,,
12591,11449,0.6,,,,,,,,
12592,11450,0.6,,,,,,,,
12593,11451,0.6,,,,,,,,
12594,11452,0.6,,,,,,,,
12595,11453,0.842,,,,,,,,
12596,11454,0.863,,,,,,,,
12597,11455,0.6,,,,,,,,
12598,11456,0.6,,,,,,,,
12599,11457,0.6,,,,,,,,
12600,11458,0.6,,,,,,,,
12601,11459,0.913,,,,,,,,
12602,11460,0.6,,,,,,,,
12603,11461,0.6,,,,,,,,
12604,11462,0.6,,,,,,,,
12605,11463,1.53,,,,,,,,
12606,11464,0.6,,,,,,,,
12607,11465,0.6,,,,,,,,
12608,11466,0.6,,,,,,,,
12609,11467,0.782,,,,,,,,
12610,11468,,,,,,,,1.0,8.3
12611,11469,0.6,,,,,,,,
12612,11470,0.6,,,,,,,,
12613,11471,,,,,,,,,
12614,11472,,,,,,,,,
12615,11473,0.6,,,,,,,,
12616,11474,0.84,,,,,,,,
12617,11475,1.4,,,,,,,,
12618,11476,0.669,,,,,,,,
12619,11477,0.6,,,,,,,,
12620,11478,,,,,,,,,
12621,11479,6.328,,,,,,,,
12622,11480,0.6,,,,,,,,
12623,11481,0.6,,,,,,,,
12624,11482,1.156,,,,,,,,
12625,11483,0.6,,,,,,,,
12626,11484,1.421,,,,,,,,
12627,11485,1.473,,,,,,,,
12628,11486,0.6,,,,,,,,
12629,11487,6.326,,,,,,,,
12630,11488,3.615,,,,,,,,
12631,11489,7.657,,,,,,,,
12632,11490,0.6,,,,,,,,
12633,11491,0.6,,,,,,,,
12634,11492,0.6,,,,,,,,
12635,11493,6.89,,,,,,,,
12636,11494,0.6,,,,,,,,
12637,11495,0.6,,,,,,,,
12638,11496,0.6,,,,,,,,
12639,11497,0.6,,,,,,,,
12640,11498,2.646,,,,,,,,
12641,11499,0.6,,,,,,,,
12642,11500,,1.0,0.0,1934,,Fresh,92.0,3.0,7.5
12643,11500,,1.0,0.0,1934,,Fresh,92.0,3.0,7.5
12644,11501,0.6,,,,,,,,
12645,11502,3.688,,,,,,,,
12646,11502,0.6,,,,,,,,
12647,11503,0.924,,,,,,,,
12648,11503,0.6,,,,,,,,
12649,11504,0.6,,,,,,,,
12650,11505,1.4,,,,,,,,
12651,11506,1.372,,,,,,,,
12652,11507,0.89,,,,,,,,
12653,11508,1.176,,,,,,,,
12654,11509,3.006,,,,,,,,
12655,11510,0.6,,,,,,,2.0,6.0
12656,11511,0.651,,,,,,,,
12657,11512,0.6,,,,,,,,
12658,11513,0.6,,,,,,,,
12659,11514,0.881,,,,,,,,
12660,11515,2.201,,,,,,,,
12661,11516,10.691,,,,,,,,
12662,11517,1.044,,,,,,,,
12663,11518,0.6,,,,,,,,
12664,11519,6.198,,,,,,,3.0,5.6
12665,11520,3.385,,,,,,,,
12666,11520,2.085,,,,,,,,
12667,11521,1.383,,,,,,,,
12668,11522,0.6,,,,,,,,
12669,11523,,,,,,,,,
12670,11524,1.838,,,,,,,,
12671,11525,0.6,,,,,,,,
12672,11526,,,,,,,,1.0,7.9
12673,11527,0.6,,,,,,,,
12674,11528,9.015,,,,,,,,
12675,11529,0.6,,,,,,,,
12676,11530,8.577,,,,,,,,
12677,11531,2.723,,,,,,,,
12678,11531,0.625,,,,,,,,
12679,11532,19.286,,,,,,,3.0,6.2
12680,11533,2.156,,,,,,,,
12681,11534,0.6,,,,,,,,
12682,11535,13.304,,,,,,,,
12683,11536,1.209,,,,,,,,
12684,11537,0.6,,,,,,,,
12685,11538,1.537,,,,,,,,
12686,11539,1.844,,,,,,,,
12687,11540,0.6,,,,,,,,
12688,11541,0.6,,,,,,,,
12689,11542,6.993,,,,,,,3.0,6.2
12690,11543,,1.0,0.0,1928/29,,Rotten,56.0,,5.6
12691,11544,0.6,,,,,,,,
12692,11545,0.6,,,,,,,,
12693,11546,0.6,,,,,,,,
12694,11547,0.6,,,,,,,,
12695,11548,5.252,,,,,,,,
12696,11549,4.735,,,,,,,,
12697,11550,1.357,,,,,,,,
12698,11551,0.6,,,,,,,,
12699,11552,1.4,,,,,,,,
12700,11553,0.964,,,,,,,,
12701,11554,0.6,,,,,,,,
12702,11555,0.6,,,,,,,,
12703,11556,0.6,,,,,,,,
12704,11557,0.6,,,,,,,,
12705,11558,0.6,,,,,,,,
12706,11559,0.6,,,,,,,,
12707,11560,0.6,,,,,,,,
12708,11561,1.893,,,,,,,,
12709,11562,0.6,,,,,,,,
12710,11563,0.84,,,,,,,,
12711,11563,0.6,,,,,,,,
12712,11564,0.6,,,,,,,,
12713,11565,0.6,,,,,,,,
12714,11566,1.482,,,,,,,,
12715,11567,0.6,,,,,,,,
12716,11568,0.6,,,,,,,,
12717,11569,0.6,,,,,,,,
12718,11570,0.6,,,,,,,,
12719,11571,0.6,,,,,,,,
12720,11572,0.991,,,,,,,,
12721,11573,0.961,,,,,,,,
12722,11574,6.339,,,,,,,,
12723,11575,2.565,,,,,,,,
12724,11576,0.6,,,,,,,,
12725,11577,0.6,,,,,,,,
12726,11578,0.6,,,,,,,,
12727,11579,,1.0,0.0,1943,,Fresh,89.0,,7.2
12728,11580,0.6,,,,,,,,
12729,11581,0.988,,,,,,,,
12730,11582,3.205,,,,,,,,
12731,11583,0.815,,,,,,,,
12732,11584,0.631,,,,,,,,
12733,11585,4.134,,,,,,,,
12734,11586,2.072,,,,,,,,
12735,11587,0.6,,,,,,,2.0,7.9
12736,11588,0.607,,,,,,,,
12737,11589,0.978,,,,,,,,
12738,11590,0.6,,,,,,,,
12739,11591,0.6,,,,,,,,
12740,11592,0.6,,,,,,,,
12741,11593,0.6,,,,,,,,
12742,11594,0.6,,,,,,,,
12743,11595,0.6,,,,,,,,
12744,11596,,1.0,0.0,2001,"Expertly crafted and performed, In the Bedroom is a quietly wrenching portrayal of grief.",Certified-Fresh,93.0,3.0,7.4
12745,11597,2.011,,,,,,,,
12746,11598,1.273,,,,,,,,
12747,11599,1.756,,,,,,,,
12748,11600,2.095,,,,,,,,
12749,11600,1.513,,,,,,,,
12750,11600,0.6,,,,,,,,
12751,11600,0.6,,,,,,,,
12752,11600,0.6,,,,,,,,
12753,11600,0.6,,,,,,,,
12754,11600,0.6,,,,,,,,
12755,11601,0.6,,,,,,,,
12756,11602,8.389,,,,,,,,
12757,11603,0.6,,,,,,,,
12758,11604,2.79,,,,,,,,
12759,11605,4.718,,,,,,,,
12760,11606,,0.0,1.0,1967,"Tense, funny, and thought-provoking all at once, and lifted by strong performances from Sydney Poitier and Rod Steiger, director Norman Jewison's look at murder and racism in small-town America continues to resonate today.",Certified-Fresh,95.0,1.0,7.9
12761,11607,0.6,,,,,,,,
12762,11608,0.6,,,,,,,,
12763,11609,1.041,,,,,,,,
12764,11610,0.6,,,,,,,,
12765,11611,1.91,,,,,,,,
12766,11612,0.6,,,,,,,,
12767,11613,0.6,,,,,,,,
12768,11614,15.596,,,,,,,1.0,7.1
12769,11615,0.745,,,,,,,,
12770,11616,,1.0,0.0,1993,"Impassioned and meticulously observed, In the Name of the Father mines rousing drama from a factual miscarriage of justice, aided by scorching performances and director Jim Sheridan's humanist focus.",Certified-Fresh,94.0,2.0,8.1
12771,11617,0.936,,,,,,,,
12772,11618,1.4,,,,,,,,
12773,11619,0.6,,,,,,,,
12774,11620,0.6,,,,,,,,
12775,11621,4.53,,,,,,,,
12776,11622,0.6,,,,,,,,
12777,11623,0.6,,,,,,,,
12778,11624,8.487,,,,,,,,
12779,11625,20.521,,,,,,,1.0,5.5
12780,11626,3.11,,,,,,,,
12781,11627,0.6,,,,,,,,
12782,11628,0.6,,,,,,,,
12783,11629,0.6,,,,,,,,
12784,11630,2.177,,,,,,,,
12785,11631,0.6,,,,,,,,
12786,11632,0.6,,,,,,,,
12787,11633,0.98,,,,,,,,
12788,11634,0.6,,,,,,,,
12789,11635,9.143,,,,,,,,
12790,11636,0.6,,,,,,,,
12791,11637,0.6,,,,,,,,
12792,11638,313.282,,,,,,,,
12793,11638,3.259,,,,,,,,
12794,11639,22.736,,,,,,,,
12795,11640,4.038,,,,,,,,
12796,11640,0.626,,,,,,,,
12797,11640,0.6,,,,,,,,
12798,11641,0.6,,,,,,,,
12799,11642,0.6,,,,,,,,
12800,11643,0.6,,,,,,,,
12801,11644,,,,,,,,3.0,8.3
12802,11645,1.569,,,,,,,,
12803,11646,,1.0,0.0,2010,"Smart, innovative, and thrilling, Inception is that rare summer blockbuster that succeeds viscerally as well as intellectually.",Certified-Fresh,87.0,3.0,8.8
12804,11647,0.984,,,,,,,,
12805,11648,1.101,,,,,,,,
12806,11649,1.121,,,,,,,,
12807,11650,0.648,,,,,,,,
12808,11650,0.613,,,,,,,,
12809,11651,0.6,,,,,,,,
12810,11652,5.304,,,,,,,,
12811,11653,0.6,,,,,,,,
12812,11654,5.784,,,,,,,,
12813,11655,1.075,,,,,,,,
12814,11656,0.6,,,,,,,,
12815,11657,3.568,,,,,,,,
12816,11658,0.6,,,,,,,,
12817,11659,0.822,,,,,,,,
12818,11660,0.6,,,,,,,,
12819,11661,1.704,,,,,,,,
12820,11662,,,,,,,,3.0,7.5
12821,11663,1.176,,,,,,,,
12822,11664,0.6,,,,,,,,
12823,11665,4.289,,,,,,,,
12824,11665,2.302,,,,,,,,
12825,11665,1.329,,,,,,,,
12826,11665,0.6,,,,,,,,
12827,11666,5.397,,,,,,,,
12828,11667,0.904,,,,,,,,
12829,11668,3.134,,,,,,,1.0,4.4
12830,11669,1.01,,,,,,,,
12831,11670,,,,,,,,0.0,8.2
12832,11671,9.606,,,,,,,,
12833,11672,0.843,,,,,,,,
12834,11673,0.6,,,,,,,,
12835,11674,0.6,,,,,,,,
12836,11675,3.493,,,,,,,,
12837,11676,0.6,,,,,,,,
12838,11677,0.6,,,,,,,,
12839,11678,0.703,,,,,,,,
12840,11679,0.6,,,,,,,,
12841,11680,0.6,,,,,,,,
12842,11681,0.849,,,,,,,,
12843,11682,0.6,,,,,,,,
12844,11683,1.4,,,,,,,,
12845,11684,0.827,,,,,,,,
12846,11685,0.6,,,,,,,,
12847,11686,2.284,,,,,,,,
12848,11686,0.722,,,,,,,,
12849,11686,0.6,,,,,,,,
12850,11687,1.55,,,,,,,,
12851,11688,7.677,,,,,,,,
12852,11688,5.262,,,,,,,,
12853,11688,3.223,,,,,,,,
12854,11688,0.681,,,,,,,,
12855,11689,1.841,,,,,,,,
12856,11690,1.82,,,,,,,,
12857,11691,0.741,,,,,,,,
12858,11692,0.6,,,,,,,,
12859,11693,1.4,,,,,,,,
12860,11694,13.079,,,,,,,0.0,7.0
12861,11694,13.079,,,,,,,2.0,5.2
12862,11694,13.079,,,,,,,2.0,6.2
12863,11694,1.4,,,,,,,0.0,7.0
12864,11694,1.4,,,,,,,2.0,5.2
12865,11694,1.4,,,,,,,2.0,6.2
12866,11694,0.874,,,,,,,0.0,7.0
12867,11694,0.874,,,,,,,2.0,5.2
12868,11694,0.874,,,,,,,2.0,6.2
12869,11694,0.6,,,,,,,0.0,7.0
12870,11694,0.6,,,,,,,2.0,5.2
12871,11694,0.6,,,,,,,2.0,6.2
12872,11694,0.6,,,,,,,0.0,7.0
12873,11694,0.6,,,,,,,2.0,5.2
12874,11694,0.6,,,,,,,2.0,6.2
12875,11695,0.6,,,,,,,,
12876,11696,3.887,,,,,,,,
12877,11697,3.144,,,,,,,,
12878,11697,0.6,,,,,,,,
12879,11698,7.045,,,,,,,3.0,5.8
12880,11699,4.316,,,,,,,,
12881,11700,0.6,,,,,,,,
12882,11701,9.665,,,,,,,,
12883,11702,0.6,,,,,,,,
12884,11703,1.225,,,,,,,,
12885,11704,0.6,,,,,,,,
12886,11705,2.391,,,,,,,,
12887,11706,0.6,,,,,,,,
12888,11707,0.6,,,,,,,,
12889,11708,0.6,,,,,,,,
12890,11709,0.6,,,,,,,,
12891,11710,2.448,,,,,,,,
12892,11711,0.6,,,,,,,,
12893,11712,0.6,,,,,,,,
12894,11713,0.6,,,,,,,,
12895,11714,,1.0,0.0,2009,"A classic Tarantino genre-blending thrill ride, Inglourious Basterds is violent, unrestrained, and thoroughly entertaining.",Certified-Fresh,89.0,3.0,8.3
12896,11715,0.6,,,,,,,,
12897,11716,0.6,,,,,,,,
12898,11717,0.6,,,,,,,,
12899,11718,2.881,,,,,,,,
12900,11719,0.6,,,,,,,,
12901,11720,,,,,,,,3.0,8.1
12902,11721,2.264,,,,,,,,
12903,11721,1.511,,,,,,,,
12904,11721,0.6,,,,,,,,
12905,11721,0.6,,,,,,,,
12906,11722,8.661,,,,,,,,
12907,11723,0.6,,,,,,,,
12908,11724,1.552,,,,,,,,
12909,11725,1.348,,,,,,,,
12910,11726,0.6,,,,,,,,
12911,11727,0.6,,,,,,,,
12912,11728,25.637,,,,,,,,
12913,11728,1.472,,,,,,,,
12914,11728,0.6,,,,,,,,
12915,11729,0.6,,,,,,,,
12916,11730,0.6,,,,,,,,
12917,11731,3.625,,,,,,,,
12918,11732,11.612,,,,,,,3.0,6.8
12919,11733,24.448,,,,,,,,
12920,11734,1.451,,,,,,,,
12921,11735,0.6,,,,,,,,
12922,11736,2.129,,,,,,,,
12923,11737,6.772,,,,,,,,
12924,11738,0.669,,,,,,,,
12925,11739,0.6,,,,,,,,
12926,11740,1.556,,,,,,,,
12927,11741,0.6,,,,,,,,
12928,11742,3.381,,,,,,,,
12929,11743,0.6,,,,,,,,
12930,11744,0.6,,,,,,,,
12931,11745,5.226,,,,,,,3.0,6.8
12932,11745,5.226,,,,,,,3.0,4.5
12933,11746,8.353,,,,,,,,
12934,11747,1.015,,,,,,,,
12935,11748,1.952,,,,,,,,
12936,11749,1.4,,,,,,,,
12937,11750,0.6,,,,,,,,
12938,11751,0.6,,,,,,,,
12939,11752,4.007,,,,,,,,
12940,11753,0.6,,,,,,,,
12941,11754,1.589,,,,,,,,
12942,11755,0.6,,,,,,,,
12943,11756,0.6,,,,,,,,
12944,11757,2.12,,,,,,,,
12945,11757,1.431,,,,,,,,
12946,11757,0.6,,,,,,,,
12947,11758,0.6,,,,,,,,
12948,11759,0.641,,,,,,,,
12949,11760,0.6,,,,,,,,
12950,11761,8.486,,,,,,,,
12951,11762,0.699,,,,,,,,
12952,11762,0.6,,,,,,,,
12953,11763,0.6,,,,,,,,
12954,11764,0.6,,,,,,,,
12955,11764,0.6,,,,,,,,
12956,11765,0.6,,,,,,,,
12957,11766,1.559,,,,,,,,
12958,11767,0.6,,,,,,,,
12959,11768,3.359,,,,,,,,
12960,11769,5.903,,,,,,,,
12961,11770,0.6,,,,,,,,
12962,11771,49.877,,,,,,,,
12963,11772,0.6,,,,,,,,
12964,11773,0.602,,,,,,,,
12965,11774,10.874,,,,,,,3.0,6.7
12966,11774,10.56,,,,,,,3.0,6.7
12967,11774,4.397,,,,,,,3.0,6.7
12968,11774,3.541,,,,,,,3.0,6.7
12969,11774,0.6,,,,,,,3.0,6.7
12970,11774,0.6,,,,,,,3.0,6.7
12971,11775,0.6,,,,,,,,
12972,11776,0.6,,,,,,,,
12973,11777,0.6,,,,,,,,
12974,11778,,,,,,,,3.0,7.6
12975,11779,,,,,,,,3.0,8.1
12976,11780,0.6,,,,,,,,
12977,11781,0.6,,,,,,,,
12978,11782,0.6,,,,,,,,
12979,11783,2.064,,,,,,,,
12980,11784,0.6,,,,,,,,
12981,11785,0.6,,,,,,,,
12982,11786,1.476,,,,,,,,
12983,11787,0.969,,,,,,,,
12984,11788,0.6,,,,,,,,
12985,11789,0.6,,,,,,,,
12986,11790,73.643,,,,,,,3.0,6.8
12987,11791,68.172,,,,,,,2.0,6.5
12988,11792,48.653,,,,,,,3.0,6.1
12989,11793,56.103,,,,,,,,
12990,11794,0.694,,,,,,,,
12991,11795,1.4,,,,,,,,
12992,11796,0.6,,,,,,,1.0,7.2
12993,11797,1.4,,,,,,,,
12994,11798,1.4,,,,,,,,
12995,11799,0.6,,,,,,,,
12996,11800,2.091,,,,,,,,
12997,11800,0.658,,,,,,,,
12998,11801,1.261,,,,,,,,
12999,11802,0.811,,,,,,,,
13000,11803,0.6,,,,,,,,
13001,11804,0.6,,,,,,,,
13002,11805,3.744,,,,,,,,
13003,11806,1.127,,,,,,,,
13004,11807,1.214,,,,,,,,
13005,11808,0.6,,,,,,,,
13006,11808,0.6,,,,,,,,
13007,11808,0.6,,,,,,,,
13008,11809,1.936,,,,,,,,
13009,11810,0.6,,,,,,,,
13010,11811,1.236,,,,,,,,
13011,11812,3.993,,,,,,,,
13012,11813,0.6,,,,,,,,
13013,11814,0.6,,,,,,,,
13014,11815,0.6,,,,,,,,
13015,11816,1.515,,,,,,,,
13016,11817,0.6,,,,,,,,
13017,11818,0.6,,,,,,,,
13018,11819,36.44,,,,,,,,
13019,11820,0.6,,,,,,,,
13020,11821,,,,,,,,,
13021,11822,,,,,,,,3.0,8.7
13022,11823,1.038,,,,,,,,
13023,11824,0.6,,,,,,,,
13024,11825,42.674,,,,,,,1.0,7.5
13025,11826,0.6,,,,,,,,
13026,11827,0.6,,,,,,,,
13027,11828,2.027,,,,,,,,
13028,11829,2.01,,,,,,,,
13029,11830,2.214,,,,,,,,
13030,11831,0.918,,,,,,,,
13031,11831,0.842,,,,,,,,
13032,11831,0.672,,,,,,,,
13033,11832,2.101,,,,,,,,
13034,11833,0.6,,,,,,,,
13035,11834,1.577,,,,,,,3.0,5.8
13036,11835,10.122,,,,,,,,
13037,11836,0.6,,,,,,,,
13038,11837,3.652,,,,,,,,
13039,11838,0.6,,,,,,,,
13040,11839,1.528,,,,,,,,
13041,11840,0.6,,,,,,,,
13042,11841,0.6,,,,,,,,
13043,11842,,,,,,,,1.0,8.1
13044,11843,0.625,,,,,,,3.0,5.9
13045,11843,0.625,,,,,,,3.0,5.9
13046,11844,0.6,,,,,,,,
13047,11845,7.224,,,,,,,,
13048,11845,4.63,,,,,,,,
13049,11845,1.972,,,,,,,,
13050,11845,1.722,,,,,,,,
13051,11845,1.4,,,,,,,,
13052,11846,15.588,,,,,,,3.0,5.7
13053,11846,13.531,,,,,,,3.0,5.7
13054,11846,1.509,,,,,,,3.0,5.7
13055,11846,1.206,,,,,,,3.0,5.7
13056,11846,1.048,,,,,,,3.0,5.7
13057,11847,1.32,,,,,,,,
13058,11848,0.6,,,,,,,,
13059,11849,0.6,,,,,,,,
13060,11850,3.759,,,,,,,,
13061,11851,0.6,,,,,,,,
13062,11852,9.483,,,,,,,,
13063,11852,6.924,,,,,,,,
13064,11853,2.098,,,,,,,,
13065,11854,0.6,,,,,,,,
13066,11855,1.795,,,,,,,,
13067,11856,1.602,,,,,,,,
13068,11857,0.6,,,,,,,,
13069,11858,0.6,,,,,,,,
13070,11859,5.565,,,,,,,,
13071,11860,2.091,,,,,,,,
13072,11861,16.022,,,,,,,3.0,7.7
13073,11861,9.236,,,,,,,3.0,7.7
13074,11862,5.321,,,,,,,,
13075,11863,3.034,,,,,,,,
13076,11864,2.512,,,,,,,,
13077,11865,1.049,,,,,,,,
13078,11866,0.6,,,,,,,,
13079,11867,0.6,,,,,,,,
13080,11868,2.659,,,,,,,,
13081,11869,0.6,,,,,,,,
13082,11870,1.299,,,,,,,,
13083,11871,0.691,,,,,,,,
13084,11872,0.6,,,,,,,,
13085,11873,0.727,,,,,,,,
13086,11874,0.6,,,,,,,,
13087,11875,2.57,,,,,,,,
13088,11876,0.6,,,,,,,,
13089,11877,2.421,,,,,,,,
13090,11878,0.6,,,,,,,,
13091,11879,4.632,,,,,,,,
13092,11880,0.6,,,,,,,,
13093,11881,11.868,,,,,,,,
13094,11881,0.93,,,,,,,,
13095,11882,0.775,,,,,,,,
13096,11883,0.6,,,,,,,,
13097,11884,0.6,,,,,,,,
13098,11885,0.704,,,,,,,,
13099,11886,2.976,,,,,,,,
13100,11887,1.758,,,,,,,,
13101,11888,1.623,,,,,,,,
13102,11889,1.922,,,,,,,,
13103,11890,1.577,,,,,,,,
13104,11891,0.6,,,,,,,,
13105,11892,0.767,,,,,,,,
13106,11893,0.626,,,,,,,3.0,5.9
13107,11894,,,,,,,,2.0,7.9
13108,11895,1.052,,,,,,,,
13109,11896,1.4,,,,,,,,
13110,11897,2.136,,,,,,,,
13111,11898,1.165,,,,,,,,
13112,11899,1.016,,,,,,,,
13113,11900,3.339,,,,,,,,
13114,11901,0.6,,,,,,,,
13115,11902,0.6,,,,,,,,
13116,11903,0.6,,,,,,,,
13117,11904,2.561,,,,,,,,
13118,11905,0.6,,,,,,,,
13119,11906,0.844,,,,,,,,
13120,11907,7.72,,,,,,,,
13121,11908,0.6,,,,,,,,
13122,11909,0.609,,,,,,,,
13123,11910,1.417,,,,,,,,
13124,11911,0.6,,,,,,,,
13125,11912,0.666,,,,,,,,
13126,11913,1.677,,,,,,,,
13127,11914,0.892,,,,,,,,
13128,11915,3.558,,,,,,,,
13129,11916,5.668,,,,,,,,
13130,11917,4.748,,,,,,,,
13131,11918,0.658,,,,,,,,
13132,11919,0.6,,,,,,,,
13133,11920,2.867,,,,,,,,
13134,11921,0.6,,,,,,,,
13135,11922,1.4,,,,,,,,
13136,11923,0.63,,,,,,,,
13137,11924,3.794,,,,,,,,
13138,11925,2.019,,,,,,,,
13139,11926,1.201,,,,,,,,
13140,11927,1.605,,,,,,,,
13141,11928,0.865,,,,,,,,
13142,11929,,,,,,,,3.0,7.8
13143,11930,1.115,,,,,,,,
13144,11931,16.669,,,,,,,3.0,6.5
13145,11932,1.448,,,,,,,,
13146,11933,0.6,,,,,,,,
13147,11934,1.52,,,,,,,,
13148,11935,1.418,,,,,,,,
13149,11936,0.6,,,,,,,,
13150,11936,0.6,,,,,,,,
13151,11937,6.694,,,,,,,1.0,5.6
13152,11937,1.886,,,,,,,1.0,5.6
13153,11937,1.148,,,,,,,1.0,5.6
13154,11937,0.6,,,,,,,1.0,5.6
13155,11938,0.6,,,,,,,,
13156,11939,0.745,,,,,,,,
13157,11940,106.786,,,,,,,3.0,7.2
13158,11940,106.786,,,,,,,3.0,7.3
13159,11940,0.6,,,,,,,3.0,7.2
13160,11940,0.6,,,,,,,3.0,7.3
13161,11941,0.6,,,,,,,,
13162,11942,0.6,,,,,,,,
13163,11943,2.126,,,,,,,,
13164,11944,0.6,,,,,,,,
13165,11945,4.441,,,,,,,,
13166,11945,0.6,,,,,,,,
13167,11946,5.667,,,,,,,,
13168,11947,6.642,,,,,,,2.0,6.5
13169,11948,0.6,,,,,,,,
13170,11949,1.772,,,,,,,,
13171,11950,0.6,,,,,,,,
13172,11951,6.453,,,,,,,,
13173,11952,0.617,,,,,,,,
13174,11953,230.451,,,,,,,,
13175,11954,4.235,,,,,,,,
13176,11955,16.124,,,,,,,3.0,6.2
13177,11956,2.54,,,,,,,3.0,4.9
13178,11957,0.6,,,,,,,,
13179,11958,1.37,,,,,,,,
13180,11959,0.6,,,,,,,,
13181,11960,0.637,,,,,,,,
13182,11961,50.294,,,,,,,3.0,6.8
13183,11962,0.802,,,,,,,,
13184,11963,0.6,,,,,,,,
13185,11964,0.6,,,,,,,,
13186,11965,,0.0,1.0,1934,"Capturing its stars and director at their finest, It Happened One Night remains unsurpassed by the countless romantic comedies it has inspired.",Certified-Fresh,98.0,3.0,8.1
13187,11966,2.01,,,,,,,,
13188,11967,0.6,,,,,,,,
13189,11968,2.436,,,,,,,,
13190,11969,1.735,,,,,,,,
13191,11970,1.219,,,,,,,,
13192,11971,2.882,,,,,,,,
13193,11972,5.024,,,,,,,,
13194,11973,3.744,,,,,,,3.0,5.2
13195,11974,0.6,,,,,,,,
13196,11975,0.6,,,,,,,,
13197,11976,0.6,,,,,,,,
13198,11977,0.6,,,,,,,,
13199,11978,1.884,,,,,,,,
13200,11979,8.893,,,,,,,,
13201,11980,0.6,,,,,,,,
13202,11981,0.6,,,,,,,,
13203,11982,0.6,,,,,,,,
13204,11983,0.6,,,,,,,,
13205,11984,5.063,,,,,,,,
13206,11985,1.525,,,,,,,,
13207,11986,0.6,,,,,,,,
13208,11987,0.6,,,,,,,,
13209,11988,0.6,,,,,,,,
13210,11989,5.188,,,,,,,,
13211,11990,9.664,,,,,,,1.0,6.0
13212,11991,6.673,,,,,,,,
13213,11991,5.401,,,,,,,,
13214,11992,4.503,,,,,,,,
13215,11993,1.96,,,,,,,,
13216,11994,0.6,,,,,,,,
13217,11995,2.234,,,,,,,,
13218,11996,0.68,,,,,,,,
13219,11997,2.056,,,,,,,,
13220,11998,0.6,,,,,,,,
13221,11999,1.256,,,,,,,,
13222,12000,0.6,,,,,,,,
13223,12001,0.6,,,,,,,,
13224,12002,1.118,,,,,,,,
13225,12003,1.455,,,,,,,,
13226,12004,0.6,,,,,,,,
13227,12005,0.6,,,,,,,,
13228,12006,0.6,,,,,,,,
13229,12007,0.6,,,,,,,,
13230,12008,0.6,,,,,,,,
13231,12009,0.6,,,,,,,,
13232,12010,0.6,,,,,,,,
13233,12011,0.6,,,,,,,,
13234,12012,,1.0,0.0,1946,"The holiday classic to define all holiday classics, It's a Wonderful Life is one of a handful of films worth an annual viewing.",Certified-Fresh,94.0,,8.6
13235,12013,2.536,,,,,,,,
13236,12014,3.74,,,,,,,,
13237,12015,0.6,,,,,,,,
13238,12016,0.6,,,,,,,,
13239,12017,0.6,,,,,,,,
13240,12017,0.6,,,,,,,,
13241,12018,0.6,,,,,,,,
13242,12019,7.903,,,,,,,,
13243,12020,0.6,,,,,,,,
13244,12021,0.734,,,,,,,,
13245,12022,,1.0,0.0,1952,,Fresh,81.0,2.0,6.8
13246,12023,4.782,,,,,,,,
13247,12024,,,,,,,,1.0,8.0
13248,12025,0.6,,,,,,,,
13249,12026,0.6,,,,,,,,
13250,12026,0.6,,,,,,,,
13251,12026,0.6,,,,,,,,
13252,12027,0.6,,,,,,,,
13253,12028,4.774,,,,,,,,
13254,12029,0.6,,,,,,,,
13255,12030,0.651,,,,,,,,
13256,12031,2.904,,,,,,,,
13257,12032,,1.0,0.0,1991,"As history, Oliver Stone's JFK is dubious, but as filmmaking it's electric, cramming a ton of information and excitement into its three-hour runtime and making great use of its outstanding cast.",Certified-Fresh,84.0,3.0,8.0
13258,12033,1.582,,,,,,,,
13259,12034,,,,,,,,,
13260,12035,0.6,,,,,,,,
13261,12036,0.6,,,,,,,,
13262,12037,0.604,,,,,,,,
13263,12038,0.6,,,,,,,,
13264,12039,5.764,,,,,,,,
13265,12040,1.008,,,,,,,,
13266,12041,1.25,,,,,,,,
13267,12042,1.337,,,,,,,,
13268,12042,0.941,,,,,,,,
13269,12043,14.253,,,,,,,,
13270,12044,1.4,,,,,,,,
13271,12045,8.697,,,,,,,,
13272,12045,2.836,,,,,,,,
13273,12046,4.494,,,,,,,,
13274,12047,5.284,,,,,,,,
13275,12048,0.6,,,,,,,,
13276,12049,1.988,,,,,,,,
13277,12050,0.6,,,,,,,,
13278,12051,1.053,,,,,,,,
13279,12052,5.559,,,,,,,3.0,3.3
13280,12052,1.156,,,,,,,3.0,3.3
13281,12053,7.665,,,,,,,,
13282,12054,2.378,,,,,,,,
13283,12055,1.709,,,,,,,,
13284,12055,0.6,,,,,,,,
13285,12056,0.6,,,,,,,,
13286,12057,0.6,,,,,,,,
13287,12058,1.21,,,,,,,,
13288,12059,6.844,,,,,,,,
13289,12060,0.6,,,,,,,,
13290,12061,3.775,,,,,,,,
13291,12062,9.496,,,,,,,,
13292,12063,0.6,,,,,,,,
13293,12064,0.6,,,,,,,,
13294,12065,1.337,,,,,,,,
13295,12066,3.924,,,,,,,,
13296,12067,13.003,,,,,,,,
13297,12067,5.935,,,,,,,,
13298,12068,1.787,,,,,,,,
13299,12069,0.6,,,,,,,,
13300,12070,0.6,,,,,,,,
13301,12071,0.6,,,,,,,,
13302,12072,1.251,,,,,,,,
13303,12073,3.484,,,,,,,,
13304,12074,0.6,,,,,,,,
13305,12075,,,,,,,,2.0,8.3
13306,12076,1.4,,,,,,,,
13307,12077,1.4,,,,,,,,
13308,12078,0.6,,,,,,,,
13309,12079,0.937,,,,,,,,
13310,12080,3.901,,,,,,,,
13311,12081,0.6,,,,,,,,
13312,12082,0.6,,,,,,,,
13313,12083,1.451,,,,,,,,
13314,12084,1.906,,,,,,,,
13315,12085,5.837,,,,,,,,
13316,12086,0.6,,,,,,,,
13317,12087,0.6,,,,,,,,
13318,12088,0.84,,,,,,,,
13319,12089,0.6,,,,,,,,
13320,12090,0.6,,,,,,,,
13321,12091,0.6,,,,,,,,
13322,12092,0.6,,,,,,,,
13323,12093,0.635,,,,,,,,
13324,12094,0.6,,,,,,,,
13325,12095,1.279,,,,,,,,
13326,12096,2.102,,,,,,,,
13327,12097,0.6,,,,,,,,
13328,12098,0.706,,,,,,,,
13329,12099,1.131,,,,,,,,
13330,12100,0.823,,,,,,,,
13331,12101,1.247,,,,,,,,
13332,12102,0.971,,,,,,,,
13333,12102,0.6,,,,,,,,
13334,12103,0.6,,,,,,,,
13335,12104,0.6,,,,,,,,
13336,12105,0.784,,,,,,,,
13337,12106,0.682,,,,,,,,
13338,12107,37.912,,,,,,,,
13339,12108,0.959,,,,,,,,
13340,12109,1.342,,,,,,,,
13341,12110,36.342,,,,,,,3.0,4.4
13342,12111,51.381,1.0,0.0,1975,"Compelling, well-crafted storytelling and a judicious sense of terror ensure Steven Spielberg's Jaws has remained a benchmark in the art of delivering modern blockbuster thrills.",Certified-Fresh,98.0,3.0,8.0
13343,12111,0.707,1.0,0.0,1975,"Compelling, well-crafted storytelling and a judicious sense of terror ensure Steven Spielberg's Jaws has remained a benchmark in the art of delivering modern blockbuster thrills.",Certified-Fresh,98.0,3.0,8.0
13344,12112,26.18,,,,,,,2.0,5.8
13345,12113,24.146,,,,,,,3.0,3.7
13346,12114,3.958,,,,,,,,
13347,12115,0.6,,,,,,,,
13348,12116,25.29,,,,,,,3.0,3.0
13349,12117,0.6,,,,,,,,
13350,12118,0.6,,,,,,,,
13351,12119,0.6,,,,,,,,
13352,12120,0.606,,,,,,,,
13353,12121,0.6,,,,,,,,
13354,12122,0.6,,,,,,,,
13355,12123,195.983,,,,,,,3.0,6.2
13356,12124,169.063,,,,,,,,
13357,12125,246.189,,,,,,,,
13358,12126,821.605,,,,,,,,
13359,12127,0.6,,,,,,,,
13360,12128,4.421,,,,,,,,
13361,12129,0.6,,,,,,,,
13362,12130,1.862,,,,,,,,
13363,12131,2.082,,,,,,,,
13364,12132,2.973,,,,,,,,
13365,12133,3.683,,,,,,,,
13366,12134,3.209,,,,,,,,
13367,12135,2.429,,,,,,,,
13368,12136,6.093,,,,,,,,
13369,12137,0.6,,,,,,,,
13370,12138,0.6,,,,,,,,
13371,12139,0.6,,,,,,,,
13372,12140,0.6,,,,,,,,
13373,12141,0.6,,,,,,,,
13374,12142,0.6,,,,,,,,
13375,12143,1.727,,,,,,,,
13376,12144,11.84,,,,,,,,
13377,12145,0.6,,,,,,,,
13378,12146,0.6,,,,,,,,
13379,12147,1.689,,,,,,,,
13380,12148,0.6,,,,,,,,
13381,12149,60.685,,,,,,,,
13382,12150,1.861,,,,,,,,
13383,12151,0.6,,,,,,,,
13384,12152,0.6,,,,,,,,
13385,12153,0.738,,,,,,,,
13386,12154,0.694,,,,,,,,
13387,12155,0.6,,,,,,,,
13388,12156,0.956,,,,,,,,
13389,12157,0.6,,,,,,,,
13390,12158,0.6,,,,,,,,
13391,12159,0.6,,,,,,,,
13392,12160,5.293,,,,,,,,
13393,12161,5.819,,,,,,,,
13394,12162,12.123,,,,,,,,
13395,12163,38.493,,,,,,,,
13396,12164,2.169,,,,,,,,
13397,12165,1.078,,,,,,,,
13398,12166,1.728,,,,,,,,
13399,12167,0.6,,,,,,,,
13400,12168,0.717,,,,,,,,
13401,12169,0.6,,,,,,,,
13402,12170,1.17,,,,,,,,
13403,12171,6.173,,,,,,,1.0,4.9
13404,12172,1.772,,,,,,,,
13405,12173,0.931,,,,,,,,
13406,12174,0.6,,,,,,,,
13407,12175,0.6,,,,,,,,
13408,12176,,,,,,,,,
13409,12177,0.6,,,,,,,2.0,7.4
13410,12178,1.205,,,,,,,,
13411,12179,1.561,,,,,,,,
13412,12180,5.61,,,,,,,,
13413,12181,39.398,,,,,,,3.0,5.7
13414,12181,2.254,,,,,,,3.0,5.7
13415,12182,7.089,,,,,,,,
13416,12183,0.6,,,,,,,,
13417,12184,1.264,,,,,,,,
13418,12185,0.6,,,,,,,,
13419,12186,0.6,,,,,,,,
13420,12187,0.709,,,,,,,,
13421,12188,0.6,,,,,,,,
13422,12189,0.6,,,,,,,,
13423,12190,0.6,,,,,,,,
13424,12191,1.027,,,,,,,,
13425,12192,0.6,,,,,,,,
13426,12193,0.6,,,,,,,,
13427,12194,11.95,,,,,,,,
13428,12195,0.6,,,,,,,,
13429,12196,0.6,,,,,,,,
13430,12197,0.6,,,,,,,,
13431,12198,0.6,,,,,,,,
13432,12199,,,,,,,,,
13433,12200,0.6,,,,,,,,
13434,12201,0.6,,,,,,,,
13435,12202,0.6,,,,,,,,
13436,12203,0.629,,,,,,,,
13437,12204,10.095,,,,,,,1.0,6.3
13438,12205,0.879,,,,,,,,
13439,12206,,1.0,0.0,1948,,Fresh,89.0,,7.8
13440,12207,4.741,,,,,,,,
13441,12208,0.6,,,,,,,,
13442,12209,1.542,,,,,,,,
13443,12210,0.6,,,,,,,,
13444,12211,0.6,,,,,,,,
13445,12212,,,,,,,,3.0,7.9
13446,12213,,1.0,0.0,2019,Joker gives its infamous central character a chillingly plausible origin story that serves as a brilliant showcase for its star -- and a dark evolution for comics-inspired cinema.,Fresh,68.0,3.0,8.4
13447,12214,1.37,,,,,,,,
13448,12215,12.385,,,,,,,,
13449,12216,0.6,,,,,,,,
13450,12217,0.6,,,,,,,,
13451,12218,0.6,,,,,,,,
13452,12219,2.498,,,,,,,,
13453,12220,0.6,,,,,,,,
13454,12221,2.883,,,,,,,,
13455,12222,0.6,,,,,,,,
13456,12223,2.239,,,,,,,1.0,5.9
13457,12224,0.6,,,,,,,,
13458,12225,0.6,,,,,,,,
13459,12226,0.6,,,,,,,,
13460,12227,7.661,,,,,,,,
13461,12227,2.615,,,,,,,,
13462,12227,0.663,,,,,,,,
13463,12228,0.639,,,,,,,,
13464,12229,0.6,,,,,,,,
13465,12230,0.6,,,,,,,,
13466,12231,0.6,,,,,,,,
13467,12232,0.67,,,,,,,,
13468,12233,5.994,,,,,,,,
13469,12234,,,,,,,,,
13470,12235,6.924,,,,,,,3.0,5.2
13471,12236,4.12,,,,,,,,
13472,12237,7.088,,,,,,,,
13473,12238,10.267,,,,,,,,
13474,12239,4.882,,,,,,,,
13475,12240,22.301,,,,,,,3.0,6.7
13476,12241,15.602,,,,,,,,
13477,12242,7.641,,,,,,,3.0,5.8
13478,12243,0.698,,,,,,,,
13479,12244,5.92,,,,,,,1.0,6.4
13480,12245,0.6,,,,,,,,
13481,12246,1.4,,,,,,,,
13482,12247,0.6,,,,,,,,
13483,12248,2.527,,,,,,,,
13484,12249,1.855,,,,,,,,
13485,12250,0.967,,,,,,,,
13486,12251,0.777,,,,,,,,
13487,12252,0.6,,,,,,,,
13488,12253,,,,,,,,,
13489,12254,0.6,,,,,,,,
13490,12255,0.6,,,,,,,,
13491,12256,1.645,,,,,,,3.0,6.8
13492,12256,0.6,,,,,,,3.0,6.8
13493,12257,0.6,,,,,,,,
13494,12258,0.6,,,,,,,,
13495,12259,9.704,,,,,,,3.0,5.3
13496,12260,0.871,,,,,,,,
13497,12261,0.958,,,,,,,,
13498,12262,0.74,,,,,,,,
13499,12263,2.744,,,,,,,,
13500,12264,1.4,,,,,,,,
13501,12265,0.6,,,,,,,,
13502,12266,,,,,,,,,
13503,12267,4.812,,,,,,,3.0,7.1
13504,12267,0.6,,,,,,,3.0,7.1
13505,12268,0.6,,,,,,,,
13506,12269,18.868,,,,,,,,
13507,12270,13.108,,,,,,,,
13508,12271,3.194,,,,,,,,
13509,12272,0.6,,,,,,,,
13510,12273,0.6,,,,,,,,
13511,12274,1.222,,,,,,,,
13512,12275,0.997,,,,,,,,
13513,12276,,1.0,0.0,1953,"A sterling cast gives Shakespeare's tale of betrayal and reprisals body and fine form, with Marlon Brando displaying a galvanizing command over the Bard's language.",Fresh,95.0,1.0,7.3
13514,12277,1.4,,,,,,,,
13515,12278,0.6,,,,,,,,
13516,12279,0.6,,,,,,,,
13517,12280,4.695,,,,,,,,
13518,12281,2.285,,,,,,,,
13519,12282,0.928,,,,,,,,
13520,12283,,,,,,,,,
13521,12284,0.6,,,,,,,,
13522,12285,0.6,,,,,,,,
13523,12286,1.509,,,,,,,,
13524,12287,0.638,,,,,,,,
13525,12288,0.6,,,,,,,,
13526,12289,3.47,,,,,,,,
13527,12289,1.4,,,,,,,,
13528,12290,0.6,,,,,,,,
13529,12291,0.6,,,,,,,,
13530,12292,0.6,,,,,,,,
13531,12293,1.977,,,,,,,,
13532,12293,1.277,,,,,,,,
13533,12294,0.781,,,,,,,,
13534,12295,0.63,,,,,,,,
13535,12296,2.495,,,,,,,,
13536,12297,0.934,,,,,,,,
13537,12298,1.512,,,,,,,,
13538,12299,,1.0,0.0,2007,"One of the brightest, funniest comedies of the year, Juno's smart script and direction are matched by assured performances in a coming of age story with a 21st century twist.",Certified-Fresh,94.0,3.0,7.4
13539,12300,1.975,,,,,,,,
13540,12300,0.84,,,,,,,,
13541,12301,0.6,,,,,,,,
13542,12302,8.856,,,,,,,,
13543,12303,8.756,,,,,,,,
13544,12304,,,,,,,,3.0,8.2
13545,12305,3.511,,,,,,,,
13546,12306,4.856,,,,,,,,
13547,12307,5.531,,,,,,,,
13548,12308,0.791,,,,,,,,
13549,12309,0.6,,,,,,,,
13550,12310,6.284,,,,,,,,
13551,12311,3.226,,,,,,,,
13552,12312,0.6,,,,,,,,
13553,12313,,,,,,,,2.0,7.6
13554,12314,0.883,,,,,,,,
13555,12315,0.6,,,,,,,,
13556,12316,0.6,,,,,,,,
13557,12317,1.255,,,,,,,,
13558,12318,0.628,,,,,,,,
13559,12319,1.897,,,,,,,,
13560,12320,0.6,,,,,,,,
13561,12321,,,,,,,,,
13562,12322,10.456,,,,,,,3.0,6.5
13563,12323,5.123,,,,,,,,
13564,12324,,,,,,,,1.0,8.2
13565,12325,0.6,,,,,,,,
13566,12326,0.6,,,,,,,,
13567,12327,1.157,,,,,,,,
13568,12328,4.381,,,,,,,,
13569,12329,0.6,,,,,,,,
13570,12330,0.6,,,,,,,,
13571,12331,0.6,,,,,,,,
13572,12332,8.411,,,,,,,,
13573,12333,1.37,,,,,,,,
13574,12334,1.595,,,,,,,,
13575,12335,1.207,,,,,,,,
13576,12336,10.022,,,,,,,,
13577,12337,0.6,,,,,,,,
13578,12338,1.4,,,,,,,,
13579,12339,0.6,,,,,,,,
13580,12340,0.6,,,,,,,,
13581,12341,1.931,,,,,,,,
13582,12342,1.143,,,,,,,,
13583,12343,2.221,,,,,,,,
13584,12344,0.818,,,,,,,,
13585,12345,4.963,,,,,,,,
13586,12346,0.6,,,,,,,,
13587,12347,7.361,,,,,,,3.0,5.7
13588,12348,0.6,,,,,,,,
13589,12349,0.6,,,,,,,,
13590,12350,0.851,,,,,,,,
13591,12351,0.6,,,,,,,,
13592,12352,0.6,,,,,,,,
13593,12353,0.6,,,,,,,,
13594,12354,0.6,,,,,,,,
13595,12355,0.6,,,,,,,,
13596,12356,0.6,,,,,,,,
13597,12357,0.6,,,,,,,,
13598,12358,0.6,,,,,,,,
13599,12359,0.6,,,,,,,,
13600,12360,0.6,,,,,,,,
13601,12361,1.164,,,,,,,,
13602,12362,0.6,,,,,,,,
13603,12363,2.756,,,,,,,,
13604,12364,0.861,,,,,,,,
13605,12365,0.6,,,,,,,,
13606,12366,,,,,,,,0.0,7.9
13607,12367,0.6,,,,,,,,
13608,12368,0.6,,,,,,,,
13609,12369,,,,,,,,,
13610,12370,,,,,,,,3.0,8.1
13611,12371,,,,,,,,,
13612,12372,0.666,,,,,,,,
13613,12373,0.946,,,,,,,,
13614,12374,4.738,,,,,,,,
13615,12375,0.6,,,,,,,,
13616,12376,1.4,,,,,,,,
13617,12377,0.6,,,,,,,,
13618,12378,0.84,,,,,,,,
13619,12379,0.6,,,,,,,,
13620,12380,0.6,,,,,,,,
13621,12381,0.6,,,,,,,,
13622,12382,1.138,,,,,,,,
13623,12383,0.6,,,,,,,,
13624,12384,3.981,,,,,,,,
13625,12385,0.6,,,,,,,,
13626,12386,16.651,,,,,,,,
13627,12387,,,,,,,,,
13628,12388,,,,,,,,,
13629,12389,0.607,,,,,,,,
13630,12390,0.95,,,,,,,,
13631,12391,0.601,,,,,,,,
13632,12392,0.6,,,,,,,,
13633,12393,0.6,,,,,,,,
13634,12394,0.84,,,,,,,,
13635,12395,0.6,,,,,,,,
13636,12396,0.6,,,,,,,,
13637,12397,0.6,,,,,,,,
13638,12398,0.6,,,,,,,,
13639,12399,0.876,,,,,,,,
13640,12400,0.6,,,,,,,,
13641,12401,0.81,,,,,,,,
13642,12402,2.999,,,,,,,,
13643,12403,3.921,,,,,,,,
13644,12404,1.529,,,,,,,,
13645,12405,1.106,,,,,,,,
13646,12406,1.4,,,,,,,,
13647,12407,0.6,,,,,,,,
13648,12408,0.6,,,,,,,,
13649,12409,1.263,,,,,,,,
13650,12410,1.697,,,,,,,,
13651,12411,1.158,,,,,,,,
13652,12412,0.6,,,,,,,,
13653,12413,0.6,,,,,,,,
13654,12414,1.4,,,,,,,,
13655,12415,0.6,,,,,,,,
13656,12416,0.857,,,,,,,,
13657,12417,0.6,,,,,,,,
13658,12418,2.018,,,,,,,,
13659,12419,1.674,,,,,,,,
13660,12420,3.232,,,,,,,,
13661,12420,2.078,,,,,,,,
13662,12421,0.6,,,,,,,,
13663,12422,0.6,,,,,,,,
13664,12423,0.654,,,,,,,,
13665,12424,0.6,,,,,,,,
13666,12425,2.831,,,,,,,,
13667,12426,0.6,,,,,,,,
13668,12427,0.6,,,,,,,,
13669,12428,1.457,,,,,,,,
13670,12429,0.6,,,,,,,,
13671,12430,0.6,,,,,,,,
13672,12431,0.6,,,,,,,,
13673,12432,0.6,,,,,,,,
13674,12433,0.6,,,,,,,,
13675,12434,1.168,,,,,,,,
13676,12435,0.71,,,,,,,,
13677,12436,0.6,,,,,,,,
13678,12437,4.236,,,,,,,,
13679,12438,3.752,,,,,,,,
13680,12438,0.6,,,,,,,,
13681,12438,0.6,,,,,,,,
13682,12439,1.151,,,,,,,,
13683,12440,1.702,,,,,,,,
13684,12441,,,,,,,,,
13685,12442,0.6,,,,,,,,
13686,12443,0.84,,,,,,,,
13687,12444,0.6,,,,,,,,
13688,12445,1.023,,,,,,,,
13689,12446,2.799,,,,,,,,
13690,12446,1.376,,,,,,,,
13691,12446,1.312,,,,,,,,
13692,12446,0.6,,,,,,,,
13693,12446,0.6,,,,,,,,
13694,12447,0.84,,,,,,,,
13695,12448,0.62,,,,,,,,
13696,12449,0.6,,,,,,,,
13697,12450,1.678,,,,,,,,
13698,12451,0.775,,,,,,,,
13699,12452,0.6,,,,,,,,
13700,12453,0.6,,,,,,,,
13701,12454,1.387,,,,,,,,
13702,12455,1.042,,,,,,,,
13703,12456,0.6,,,,,,,,
13704,12457,0.6,,,,,,,,
13705,12458,0.6,,,,,,,,
13706,12459,0.787,,,,,,,,
13707,12460,0.6,,,,,,,,
13708,12461,2.037,,,,,,,,
13709,12462,0.689,,,,,,,,
13710,12463,0.88,,,,,,,,
13711,12464,1.4,,,,,,,,
13712,12465,0.6,,,,,,,,
13713,12466,0.6,,,,,,,,
13714,12467,1.897,,,,,,,,
13715,12468,0.851,,,,,,,,
13716,12469,10.8,,,,,,,,
13717,12470,0.654,,,,,,,,
13718,12471,0.6,,,,,,,,
13719,12472,0.6,,,,,,,,
13720,12473,,,,,,,,3.0,8.0
13721,12474,,,,,,,,3.0,7.8
13722,12475,0.838,,,,,,,,
13723,12476,0.6,,,,,,,,
13724,12477,0.832,,,,,,,,
13725,12478,0.614,,,,,,,,
13726,12479,1.485,,,,,,,,
13727,12480,1.343,,,,,,,,
13728,12481,1.496,,,,,,,,
13729,12482,0.6,,,,,,,,
13730,12483,0.6,,,,,,,,
13731,12484,0.6,,,,,,,,
13732,12485,0.649,,,,,,,,
13733,12486,0.756,,,,,,,,
13734,12487,0.6,,,,,,,,
13735,12488,1.01,,,,,,,,
13736,12489,15.878,,,,,,,,
13737,12490,0.6,,,,,,,,
13738,12491,0.661,,,,,,,,
13739,12492,5.054,,,,,,,,
13740,12493,0.703,,,,,,,,
13741,12494,0.6,,,,,,,,
13742,12495,1.901,,,,,,,,
13743,12496,0.648,,,,,,,,
13744,12497,0.6,,,,,,,,
13745,12498,0.6,,,,,,,3.0,7.4
13746,12499,0.892,,,,,,,,
13747,12500,0.6,,,,,,,,
13748,12501,0.6,,,,,,,,
13749,12502,0.614,,,,,,,,
13750,12503,,,,,,,,,
13751,12504,0.934,,,,,,,,
13752,12505,0.886,,,,,,,,
13753,12506,1.131,,,,,,,,
13754,12507,1.0,,,,,,,,
13755,12508,2.942,,,,,,,,
13756,12509,0.6,,,,,,,,
13757,12510,0.6,,,,,,,,
13758,12511,0.6,,,,,,,,
13759,12512,0.894,,,,,,,,
13760,12513,0.963,,,,,,,,
13761,12514,0.6,,,,,,,,
13762,12515,0.6,,,,,,,,
13763,12516,0.6,,,,,,,,
13764,12517,0.761,,,,,,,,
13765,12518,0.6,,,,,,,,
13766,12519,0.6,,,,,,,,
13767,12520,0.6,,,,,,,,
13768,12521,0.6,,,,,,,,
13769,12522,0.6,,,,,,,,
13770,12523,,,,,,,,3.0,7.7
13771,12524,1.021,,,,,,,,
13772,12525,0.6,,,,,,,,
13773,12526,1.09,,,,,,,,
13774,12527,0.924,,,,,,,,
13775,12528,1.668,,,,,,,,
13776,12529,0.626,,,,,,,,
13777,12530,0.6,,,,,,,,
13778,12531,0.6,,,,,,,,
13779,12532,0.6,,,,,,,,
13780,12533,0.951,,,,,,,,
13781,12534,1.4,,,,,,,,
13782,12535,0.6,,,,,,,,
13783,12536,0.6,,,,,,,,
13784,12537,0.84,,,,,,,,
13785,12538,0.6,,,,,,,,
13786,12539,0.6,,,,,,,,
13787,12540,0.6,,,,,,,,
13788,12541,0.752,,,,,,,,
13789,12542,1.447,,,,,,,,
13790,12543,0.6,,,,,,,,
13791,12544,1.479,,,,,,,,
13792,12545,2.673,,,,,,,,
13793,12546,,,,,,,,1.0,7.6
13794,12547,0.6,,,,,,,,
13795,12548,1.865,,,,,,,,
13796,12549,0.6,,,,,,,,
13797,12550,0.62,,,,,,,,
13798,12551,0.6,,,,,,,,
13799,12552,2.316,,,,,,,,
13800,12553,9.412,,,,,,,,
13801,12554,1.042,,,,,,,,
13802,12555,0.6,,,,,,,,
13803,12556,0.6,,,,,,,,
13804,12557,0.6,,,,,,,,
13805,12558,2.569,,,,,,,,
13806,12559,0.6,,,,,,,,
13807,12560,0.6,,,,,,,,
13808,12561,0.6,,,,,,,,
13809,12562,0.937,,,,,,,,
13810,12563,0.6,,,,,,,,
13811,12564,1.346,,,,,,,,
13812,12565,,,,,,,,3.0,8.2
13813,12566,,,,,,,,3.0,8.0
13814,12567,0.662,,,,,,,,
13815,12568,28.946,,,,,,,1.0,5.7
13816,12569,0.6,,,,,,,,
13817,12570,2.773,,,,,,,,
13818,12571,0.645,,,,,,,,
13819,12572,0.6,,,,,,,,
13820,12573,0.898,,,,,,,,
13821,12574,1.315,,,,,,,,
13822,12575,4.819,,,,,,,,
13823,12576,1.832,,,,,,,,
13824,12577,0.6,,,,,,,,
13825,12578,12.3,,,,,,,3.0,6.4
13826,12579,1.28,,,,,,,,
13827,12580,1.239,,,,,,,,
13828,12581,0.663,,,,,,,,
13829,12582,0.977,,,,,,,,
13830,12583,1.018,,,,,,,,
13831,12584,0.6,,,,,,,,
13832,12585,0.6,,,,,,,,
13833,12586,7.822,,,,,,,,
13834,12587,3.331,,,,,,,,
13835,12588,0.741,,,,,,,,
13836,12589,0.6,,,,,,,,
13837,12590,3.319,,,,,,,,
13838,12591,0.6,,,,,,,,
13839,12592,1.435,,,,,,,,
13840,12593,9.013,,,,,,,,
13841,12594,1.562,,,,,,,,
13842,12595,0.6,,,,,,,,
13843,12596,2.776,,,,,,,0.0,5.0
13844,12597,0.604,,,,,,,,
13845,12598,1.945,,,,,,,,
13846,12599,3.36,,,,,,,,
13847,12600,1.553,,,,,,,,
13848,12601,1.133,,,,,,,,
13849,12602,1.975,,,,,,,,
13850,12602,1.152,,,,,,,,
13851,12603,0.655,,,,,,,,
13852,12604,1.34,,,,,,,,
13853,12605,0.6,,,,,,,,
13854,12606,0.6,,,,,,,,
13855,12607,0.675,,,,,,,,
13856,12608,7.376,,,,,,,,
13857,12609,6.126,,,,,,,,
13858,12610,4.317,,,,,,,,
13859,12611,0.6,,,,,,,,
13860,12612,0.6,,,,,,,,
13861,12613,3.183,,,,,,,,
13862,12614,8.194,,,,,,,,
13863,12615,6.467,,,,,,,,
13864,12616,1.608,,,,,,,,
13865,12617,0.6,,,,,,,,
13866,12618,11.673,,,,,,,2.0,6.7
13867,12619,0.6,,,,,,,,
13868,12620,3.739,,,,,,,,
13869,12621,1.254,,,,,,,,
13870,12622,30.761,,,,,,,0.0,6.2
13871,12623,4.026,,,,,,,,
13872,12624,0.6,,,,,,,,
13873,12625,0.626,,,,,,,,
13874,12626,0.6,,,,,,,,
13875,12627,5.08,,,,,,,,
13876,12628,0.6,,,,,,,,
13877,12629,0.915,,,,,,,,
13878,12630,6.54,,,,,,,,
13879,12631,0.884,,,,,,,,
13880,12632,1.712,,,,,,,,
13881,12633,4.853,,,,,,,,
13882,12634,4.486,,,,,,,,
13883,12635,4.192,,,,,,,,
13884,12635,0.6,,,,,,,,
13885,12636,1.641,,,,,,,,
13886,12637,1.02,,,,,,,,
13887,12638,3.195,,,,,,,,
13888,12639,0.695,,,,,,,,
13889,12640,1.062,,,,,,,,
13890,12641,2.314,,,,,,,,
13891,12642,1.744,,,,,,,,
13892,12643,0.6,,,,,,,,
13893,12644,0.6,,,,,,,,
13894,12645,0.6,,,,,,,,
13895,12646,7.769,,,,,,,,
13896,12647,0.913,,,,,,,,
13897,12648,2.134,,,,,,,,
13898,12649,3.73,,,,,,,,
13899,12650,3.528,,,,,,,,
13900,12651,3.306,,,,,,,,
13901,12652,5.511,,,,,,,,
13902,12653,0.6,,,,,,,,
13903,12654,4.238,,,,,,,,
13904,12655,2.45,,,,,,,,
13905,12656,0.636,,,,,,,,
13906,12657,2.173,,,,,,,,
13907,12658,0.6,,,,,,,,
13908,12659,3.322,,,,,,,,
13909,12660,0.6,,,,,,,,
13910,12661,3.795,,,,,,,,
13911,12662,0.6,,,,,,,,
13912,12663,0.96,,,,,,,,
13913,12664,1.412,,,,,,,,
13914,12665,1.4,,,,,,,,
13915,12666,1.4,,,,,,,,
13916,12667,0.6,,,,,,,,
13917,12668,2.478,,,,,,,,
13918,12668,1.356,,,,,,,,
13919,12669,0.99,,,,,,,,
13920,12670,1.565,,,,,,,,
13921,12671,0.6,,,,,,,,
13922,12672,2.687,,,,,,,,
13923,12673,0.986,,,,,,,,
13924,12674,2.299,,,,,,,,
13925,12675,0.622,,,,,,,,
13926,12676,3.041,,,,,,,,
13927,12677,3.149,,,,,,,,
13928,12678,15.111,,,,,,,,
13929,12679,0.6,,,,,,,,
13930,12680,0.6,,,,,,,,
13931,12681,0.602,,,,,,,,
13932,12682,0.6,,,,,,,,
13933,12683,2.093,,,,,,,,
13934,12684,0.6,,,,,,,,
13935,12684,0.6,,,,,,,,
13936,12685,0.6,,,,,,,,
13937,12686,2.051,,,,,,,,
13938,12687,1.4,,,,,,,,
13939,12688,5.596,,,,,,,,
13940,12689,2.134,,,,,,,,
13941,12690,2.13,,,,,,,,
13942,12691,2.165,,,,,,,,
13943,12692,2.226,,,,,,,,
13944,12693,0.6,,,,,,,,
13945,12694,,,,,,,,3.0,8.4
13946,12695,0.606,,,,,,,,
13947,12696,3.374,,,,,,,,
13948,12697,1.404,,,,,,,,
13949,12698,,,,,,,,1.0,8.0
13950,12699,0.6,,,,,,,,
13951,12700,3.206,,,,,,,,
13952,12701,3.491,,,,,,,,
13953,12702,1.618,,,,,,,,
13954,12703,,,,,,,,0.0,7.9
13955,12703,,,,,,,,0.0,7.2
13956,12704,6.461,,,,,,,,
13957,12705,0.6,,,,,,,,
13958,12706,0.6,,,,,,,,
13959,12707,,1.0,0.0,1950,,Fresh,92.0,,6.8
13960,12708,0.6,,,,,,,,
13961,12709,0.62,,,,,,,,
13962,12710,1.337,,,,,,,,
13963,12711,6.262,,,,,,,,
13964,12712,0.6,,,,,,,,
13965,12713,0.6,,,,,,,,
13966,12714,2.146,,,,,,,,
13967,12715,4.493,,,,,,,,
13968,12716,4.957,,,,,,,,
13969,12717,1.233,,,,,,,,
13970,12718,2.576,,,,,,,,
13971,12719,7.361,,,,,,,3.0,5.7
13972,12720,0.985,,,,,,,,
13973,12720,0.6,,,,,,,,
13974,12721,,1.0,0.0,1942,,Fresh,100.0,,7.5
13975,12722,0.6,,,,,,,,
13976,12723,,,,,,,,3.0,7.7
13977,12724,2.416,,,,,,,,
13978,12725,0.6,,,,,,,,
13979,12726,0.681,,,,,,,,
13980,12727,0.686,,,,,,,,
13981,12728,,,,,,,,,
13982,12729,0.621,,,,,,,,
13983,12730,0.84,,,,,,,,
13984,12731,1.627,,,,,,,,
13985,12732,0.6,,,,,,,,
13986,12733,1.4,,,,,,,,
13987,12734,0.6,,,,,,,,
13988,12735,0.6,,,,,,,,
13989,12736,1.059,,,,,,,,
13990,12737,0.6,,,,,,,,
13991,12738,0.6,,,,,,,,
13992,12739,0.808,,,,,,,,
13993,12740,0.627,,,,,,,,
13994,12741,0.6,,,,,,,,
13995,12742,1.46,,,,,,,,
13996,12743,7.891,,,,,,,3.0,5.5
13997,12744,0.6,,,,,,,,
13998,12745,,1.0,0.0,1985,Kiss of the Spider Woman weaves an alluring exploration of sexual and societal norms that's further elevated by strong work from William Hurt and Raul Julia.,Fresh,87.0,2.0,7.4
13999,12746,1.143,,,,,,,,
14000,12747,1.84,,,,,,,,
14001,12748,0.6,,,,,,,,
14002,12749,0.6,,,,,,,,
14003,12750,0.6,,,,,,,,
14004,12751,0.6,,,,,,,,
14005,12752,1.261,,,,,,,,
14006,12753,2.029,,,,,,,,
14007,12754,1.179,,,,,,,,
14008,12755,0.6,,,,,,,,
14009,12756,,1.0,0.0,1940,,Fresh,80.0,,6.9
14010,12757,0.6,,,,,,,,
14011,12758,0.6,,,,,,,,
14012,12759,0.6,,,,,,,,
14013,12760,0.6,,,,,,,,
14014,12761,,,,,,,,1.0,8.2
14015,12762,0.674,,,,,,,,
14016,12763,1.115,,,,,,,,
14017,12764,6.376,,,,,,,,
14018,12765,0.6,,,,,,,,
14019,12766,0.85,,,,,,,,
14020,12767,0.6,,,,,,,,
14021,12767,0.6,,,,,,,,
14022,12768,4.642,,,,,,,,
14023,12769,28.964,,,,,,,,
14024,12770,5.385,,,,,,,,
14025,12771,1.084,,,,,,,,
14026,12772,1.299,,,,,,,,
14027,12773,3.55,,,,,,,,
14028,12774,0.6,,,,,,,,
14029,12775,6.71,,,,,,,3.0,5.6
14030,12776,4.133,,,,,,,,
14031,12777,0.6,,,,,,,,
14032,12778,,,,,,,,3.0,7.9
14033,12779,0.6,,,,,,,,
14034,12780,0.6,,,,,,,,
14035,12781,0.904,,,,,,,,
14036,12782,52.877,,,,,,,,
14037,12782,3.077,,,,,,,,
14038,12782,0.84,,,,,,,,
14039,12782,0.6,,,,,,,,
14040,12783,2.727,,,,,,,,
14041,12784,0.934,,,,,,,,
14042,12785,0.6,,,,,,,,
14043,12786,0.925,,,,,,,,
14044,12787,0.6,,,,,,,,
14045,12788,,,,,,,,,
14046,12789,2.555,,,,,,,,
14047,12790,1.327,,,,,,,,
14048,12791,3.03,,,,,,,,
14049,12792,0.6,,,,,,,,
14050,12793,0.6,,,,,,,,
14051,12794,3.041,,,,,,,,
14052,12795,4.46,,,,,,,,
14053,12796,,,,,,,,1.0,8.1
14054,12797,0.6,,,,,,,,
14055,12798,0.6,,,,,,,,
14056,12799,0.6,,,,,,,,
14057,12800,0.6,,,,,,,,
14058,12801,0.919,,,,,,,,
14059,12802,0.6,,,,,,,,
14060,12803,2.083,,,,,,,,
14061,12804,,,,,,,,,
14062,12805,1.282,,,,,,,,
14063,12806,5.431,,,,,,,,
14064,12807,0.6,,,,,,,,
14065,12808,2.01,,,,,,,,
14066,12809,0.6,,,,,,,,
14067,12810,5.454,,,,,,,,
14068,12811,6.54,,,,,,,,
14069,12812,0.6,,,,,,,,
14070,12813,3.163,,,,,,,,
14071,12814,2.008,,,,,,,,
14072,12815,0.6,,,,,,,,
14073,12816,0.6,,,,,,,,
14074,12817,0.84,,,,,,,,
14075,12818,0.6,,,,,,,,
14076,12819,0.6,,,,,,,,
14077,12820,0.6,,,,,,,,
14078,12821,0.6,,,,,,,,
14079,12822,0.6,,,,,,,,
14080,12823,0.6,,,,,,,,
14081,12824,5.253,,,,,,,,
14082,12825,1.625,,,,,,,,
14083,12826,0.6,,,,,,,,
14084,12827,0.6,,,,,,,,
14085,12828,7.344,,,,,,,,
14086,12829,0.6,,,,,,,,
14087,12830,0.6,,,,,,,,
14088,12831,1.933,,,,,,,,
14089,12832,5.634,,,,,,,,
14090,12833,,0.0,1.0,1979,"The divorce subject isn't as shocking, but the film is still a thoughtful, well-acted drama that resists the urge to take sides or give easy answers.",Certified-Fresh,88.0,1.0,7.8
14091,12834,26.847,,,,,,,3.0,6.2
14092,12834,0.968,,,,,,,3.0,6.2
14093,12835,4.027,,,,,,,,
14094,12836,4.526,,,,,,,,
14095,12837,0.6,,,,,,,,
14096,12838,5.042,,,,,,,,
14097,12839,6.985,,,,,,,,
14098,12840,6.005,,,,,,,,
14099,12841,4.391,,,,,,,,
14100,12842,0.6,,,,,,,,
14101,12843,0.902,,,,,,,,
14102,12844,1.4,,,,,,,,
14103,12845,0.6,,,,,,,,
14104,12846,0.6,,,,,,,,
14105,12847,0.721,,,,,,,,
14106,12848,0.86,,,,,,,,
14107,12849,1.306,,,,,,,,
14108,12850,10.139,,,,,,,,
14109,12851,0.739,,,,,,,,
14110,12852,5.637,,,,,,,,
14111,12853,0.6,,,,,,,,
14112,12854,3.756,,,,,,,,
14113,12855,0.6,,,,,,,,
14114,12856,0.6,,,,,,,,
14115,12857,0.84,,,,,,,,
14116,12858,0.6,,,,,,,,
14117,12859,,,,,,,,1.0,7.7
14118,12860,1.435,,,,,,,,
14119,12861,0.701,,,,,,,,
14120,12862,0.6,,,,,,,,
14121,12863,0.6,,,,,,,,
14122,12864,0.635,,,,,,,,
14123,12865,0.6,,,,,,,,
14124,12866,0.6,,,,,,,,
14125,12867,0.853,,,,,,,,
14126,12868,0.89,,,,,,,,
14127,12869,0.6,,,,,,,,
14128,12870,,,,,,,,,
14129,12871,0.6,,,,,,,,
14130,12872,0.6,,,,,,,,
14131,12873,0.6,,,,,,,,
14132,12874,2.93,,,,,,,,
14133,12875,0.768,,,,,,,,
14134,12876,,,,,,,,,
14135,12877,4.266,,,,,,,,
14136,12878,1.684,,,,,,,,
14137,12879,2.265,,,,,,,,
14138,12880,0.6,,,,,,,,
14139,12881,0.6,,,,,,,,
14140,12882,0.6,,,,,,,,
14141,12883,0.6,,,,,,,,
14142,12884,0.6,,,,,,,,
14143,12885,0.6,,,,,,,,
14144,12886,0.665,,,,,,,,
14145,12887,1.34,,,,,,,,
14146,12888,,,,,,,,,
14147,12889,0.6,,,,,,,,
14148,12890,6.468,,,,,,,,
14149,12891,0.6,,,,,,,,
14150,12892,1.29,,,,,,,,
14151,12893,0.849,,,,,,,,
14152,12894,0.6,,,,,,,,
14153,12895,0.6,,,,,,,,
14154,12896,6.386,,,,,,,,
14155,12897,1.485,,,,,,,,
14156,12898,1.46,,,,,,,,
14157,12899,0.6,,,,,,,,
14158,12900,0.635,,,,,,,,
14159,12901,0.6,,,,,,,,
14160,12902,0.6,,,,,,,,
14161,12903,1.4,,,,,,,,
14162,12904,0.6,,,,,,,,
14163,12905,1.385,,,,,,,,
14164,12906,0.6,,,,,,,,
14165,12907,0.602,,,,,,,,
14166,12908,0.6,,,,,,,,
14167,12909,0.6,,,,,,,,
14168,12910,0.6,,,,,,,,
14169,12911,11.666,,,,,,,,
14170,12912,0.6,,,,,,,,
14171,12913,,,,,,,,,
14172,12914,0.6,,,,,,,,
14173,12915,0.6,,,,,,,,
14174,12916,0.6,,,,,,,,
14175,12917,,,,,,,,,
14176,12918,0.831,,,,,,,,
14177,12919,0.6,,,,,,,,
14178,12920,0.6,,,,,,,,
14179,12921,,1.0,0.0,1997,"Taut pacing, brilliantly dense writing and Oscar-worthy acting combine to produce a smart, popcorn-friendly thrill ride.",Certified-Fresh,99.0,1.0,8.2
14180,12922,6.146,,,,,,,,
14181,12923,0.6,,,,,,,,
14182,12924,1.112,,,,,,,,
14183,12925,0.6,,,,,,,,
14184,12926,0.6,,,,,,,,
14185,12927,0.6,,,,,,,,
14186,12928,4.417,,,,,,,,
14187,12929,0.6,,,,,,,,
14188,12930,0.6,,,,,,,,
14189,12931,0.6,,,,,,,,
14190,12932,0.6,,,,,,,,
14191,12933,0.6,,,,,,,,
14192,12934,0.6,,,,,,,,
14193,12935,1.4,,,,,,,,
14194,12936,0.6,,,,,,,,
14195,12937,0.6,,,,,,,,
14196,12938,3.416,,,,,,,,
14197,12939,0.6,,,,,,,,
14198,12940,0.6,,,,,,,,
14199,12941,47.302,,,,,,,,
14200,12942,0.6,,,,,,,,
14201,12943,0.6,,,,,,,,
14202,12944,3.105,,,,,,,,
14203,12945,0.6,,,,,,,,
14204,12946,0.6,,,,,,,,
14205,12947,,,,,,,,,
14206,12948,0.6,,,,,,,,
14207,12949,,1.0,0.0,2016,"La La Land breathes new life into a bygone genre with thrillingly assured direction, powerful performances, and an irresistible excess of heart.",Certified-Fresh,91.0,3.0,8.0
14208,12950,96.391,,,,,,,,
14209,12950,5.885,,,,,,,,
14210,12951,0.6,,,,,,,,
14211,12952,0.6,,,,,,,,
14212,12953,0.886,,,,,,,,
14213,12954,4.691,,,,,,,,
14214,12955,0.6,,,,,,,,
14215,12956,1.4,,,,,,,,
14216,12957,0.978,,,,,,,,
14217,12958,0.6,,,,,,,,
14218,12959,2.052,,,,,,,,
14219,12960,0.805,,,,,,,,
14220,12961,0.6,,,,,,,,
14221,12962,1.091,,,,,,,,
14222,12963,0.6,,,,,,,,
14223,12964,0.6,,,,,,,,
14224,12965,4.466,,,,,,,,
14225,12966,0.6,,,,,,,,
14226,12967,0.613,,,,,,,,
14227,12968,,,,,,,,,
14228,12969,0.6,,,,,,,,
14229,12970,0.6,,,,,,,,
14230,12971,,,,,,,,,
14231,12972,0.6,,,,,,,,
14232,12973,0.6,,,,,,,,
14233,12974,0.6,,,,,,,,
14234,12975,,,,,,,,1.0,8.1
14235,12976,1.168,,,,,,,,
14236,12977,0.6,,,,,,,,
14237,12978,0.748,,,,,,,,
14238,12979,0.6,,,,,,,,
14239,12980,0.6,,,,,,,,
14240,12981,0.6,,,,,,,,
14241,12982,0.6,,,,,,,,
14242,12983,0.723,,,,,,,,
14243,12984,0.874,,,,,,,,
14244,12985,1.427,,,,,,,,
14245,12986,0.6,,,,,,,,
14246,12987,0.602,,,,,,,,
14247,12988,0.6,,,,,,,,
14248,12989,1.4,,,,,,,,
14249,12990,0.84,,,,,,,,
14250,12991,0.6,,,,,,,,
14251,12992,,,,,,,,,
14252,12993,,,,,,,,,
14253,12994,0.774,,,,,,,,
14254,12995,0.6,,,,,,,,
14255,12996,,,,,,,,3.0,7.7
14256,12997,,,,,,,,,
14257,12998,1.882,,,,,,,,
14258,12999,0.771,,,,,,,,
14259,13000,0.655,,,,,,,,
14260,13001,,,,,,,,,
14261,13002,1.62,,,,,,,,
14262,13003,3.671,,,,,,,,
14263,13004,0.774,,,,,,,,
14264,13005,0.6,,,,,,,,
14265,13006,0.711,,,,,,,,
14266,13007,0.6,,,,,,,,
14267,13008,,,,,,,,,
14268,13009,,,,,,,,,
14269,13010,1.21,,,,,,,,
14270,13011,4.783,,,,,,,,
14271,13012,0.6,,,,,,,,
14272,13013,0.6,,,,,,,,
14273,13014,1.967,,,,,,,,
14274,13015,0.718,,,,,,,,
14275,13016,,,,,,,,,
14276,13017,0.6,,,,,,,,
14277,13018,,,,,,,,,
14278,13019,,,,,,,,,
14279,13020,1.337,,,,,,,,
14280,13021,0.6,,,,,,,,
14281,13022,,,,,,,,,
14282,13023,0.6,,,,,,,,
14283,13024,0.6,,,,,,,,
14284,13025,1.436,,,,,,,,
14285,13026,0.6,,,,,,,,
14286,13027,0.6,,,,,,,,
14287,13028,,,,,,,,,
14288,13029,0.6,,,,,,,,
14289,13030,,,,,,,,,
14290,13031,0.719,,,,,,,,
14291,13032,0.6,,,,,,,,
14292,13032,0.6,,,,,,,,
14293,13033,0.6,,,,,,,,
14294,13034,1.4,,,,,,,,
14295,13035,4.635,,,,,,,,
14296,13036,0.6,,,,,,,,
14297,13037,3.775,,,,,,,,
14298,13038,0.6,,,,,,,,
14299,13039,3.932,,,,,,,,
14300,13040,0.709,,,,,,,,
14301,13041,,,,,,,,,
14302,13042,0.686,,,,,,,,
14303,13043,3.143,,,,,,,,
14304,13044,,1.0,0.0,2017,Lady Bird delivers fresh insights about the turmoil of adolescence -- and reveals writer-director Greta Gerwig as a fully formed filmmaking talent.,Certified-Fresh,99.0,3.0,7.4
14305,13045,1.284,,,,,,,,
14306,13046,1.976,,,,,,,,
14307,13047,5.079,,,,,,,,
14308,13048,2.412,,,,,,,,
14309,13049,4.432,,,,,,,,
14310,13050,0.6,,,,,,,,
14311,13051,0.6,,,,,,,,
14312,13052,0.6,,,,,,,,
14313,13053,1.523,,,,,,,,
14314,13054,0.6,,,,,,,,
14315,13055,0.801,,,,,,,,
14316,13056,2.95,,,,,,,,
14317,13057,0.6,,,,,,,,
14318,13058,1.678,,,,,,,,
14319,13059,3.222,,,,,,,,
14320,13060,2.199,,,,,,,,
14321,13061,0.6,,,,,,,,
14322,13062,0.6,,,,,,,,
14323,13063,9.51,,,,,,,1.0,6.5
14324,13064,5.147,,,,,,,,
14325,13065,3.427,,,,,,,,
14326,13066,2.049,,,,,,,,
14327,13067,1.186,,,,,,,,
14328,13068,0.6,,,,,,,,
14329,13069,0.62,,,,,,,,
14330,13070,2.892,,,,,,,,
14331,13071,,,,,,,,,
14332,13072,,,,,,,,,
14333,13073,13.805,,,,,,,,
14334,13074,1.191,,,,,,,,
14335,13075,1.276,,,,,,,,
14336,13075,1.099,,,,,,,,
14337,13076,2.205,,,,,,,,
14338,13077,2.438,,,,,,,,
14339,13078,1.877,,,,,,,,
14340,13079,6.834,,,,,,,,
14341,13080,4.333,,,,,,,,
14342,13081,0.6,,,,,,,,
14343,13082,3.333,,,,,,,,
14344,13082,0.6,,,,,,,,
14345,13083,0.6,,,,,,,,
14346,13084,3.71,,,,,,,,
14347,13085,2.807,,,,,,,,
14348,13086,2.621,,,,,,,,
14349,13087,0.6,,,,,,,,
14350,13088,0.6,,,,,,,,
14351,13089,1.792,,,,,,,,
14352,13090,14.514,,,,,,,1.0,6.3
14353,13091,0.6,,,,,,,,
14354,13092,2.242,,,,,,,,
14355,13093,20.488,,,,,,,3.0,5.8
14356,13094,13.868,,,,,,,,
14357,13095,17.338,,,,,,,,
14358,13096,19.536,,,,,,,,
14359,13097,19.335,,,,,,,,
14360,13098,13.613,,,,,,,,
14361,13099,2.055,,,,,,,,
14362,13100,3.314,,,,,,,,
14363,13101,1.4,,,,,,,,
14364,13102,3.307,,,,,,,,
14365,13103,0.6,,,,,,,,
14366,13104,0.6,,,,,,,,
14367,13105,0.6,,,,,,,,
14368,13106,17.603,,,,,,,1.0,6.3
14369,13107,0.634,,,,,,,,
14370,13108,0.6,,,,,,,,
14371,13109,0.6,,,,,,,,
14372,13110,0.6,,,,,,,,
14373,13111,0.6,,,,,,,,
14374,13112,1.557,,,,,,,,
14375,13113,0.6,,,,,,,,
14376,13114,3.19,,,,,,,,
14377,13115,5.121,,,,,,,,
14378,13116,20.544,,,,,,,,
14379,13117,0.6,,,,,,,,
14380,13118,0.6,,,,,,,,
14381,13119,0.6,,,,,,,,
14382,13120,0.6,,,,,,,,
14383,13121,0.6,,,,,,,,
14384,13122,0.6,,,,,,,,
14385,13123,0.6,,,,,,,,
14386,13124,2.172,,,,,,,,
14387,13125,1.099,,,,,,,,
14388,13126,0.6,,,,,,,,
14389,13127,1.4,,,,,,,,
14390,13128,0.6,,,,,,,,
14391,13129,3.398,,,,,,,,
14392,13130,0.6,,,,,,,,
14393,13131,0.6,,,,,,,,
14394,13132,0.6,,,,,,,,
14395,13133,1.816,,,,,,,,
14396,13134,0.6,,,,,,,,
14397,13135,4.534,,,,,,,,
14398,13136,0.6,,,,,,,,
14399,13137,4.363,,,,,,,,
14400,13138,0.6,,,,,,,,
14401,13139,4.042,,,,,,,,
14402,13140,2.81,,,,,,,,
14403,13140,0.6,,,,,,,,
14404,13141,0.6,,,,,,,,
14405,13142,0.626,,,,,,,,
14406,13143,0.6,,,,,,,,
14407,13144,6.297,,,,,,,,
14408,13145,0.985,,,,,,,,
14409,13146,0.6,,,,,,,,
14410,13147,0.6,,,,,,,3.0,6.5
14411,13148,0.683,,,,,,,,
14412,13148,0.6,,,,,,,,
14413,13149,0.6,,,,,,,,
14414,13150,0.64,,,,,,,,
14415,13151,2.507,,,,,,,,
14416,13152,0.877,,,,,,,,
14417,13153,1.436,,,,,,,,
14418,13154,3.45,,,,,,,,
14419,13155,0.6,,,,,,,,
14420,13156,0.6,,,,,,,,
14421,13157,0.6,,,,,,,,
14422,13158,2.53,,,,,,,,
14423,13159,0.6,,,,,,,,
14424,13160,0.6,,,,,,,,
14425,13161,2.996,,,,,,,,
14426,13162,0.6,,,,,,,,
14427,13163,81.785,,,,,,,3.0,7.0
14428,13164,0.6,,,,,,,,
14429,13165,1.072,,,,,,,,
14430,13166,3.292,,,,,,,,
14431,13167,0.6,,,,,,,,
14432,13168,0.716,,,,,,,,
14433,13169,3.075,,,,,,,,
14434,13169,0.773,,,,,,,,
14435,13169,0.6,,,,,,,,
14436,13170,1.101,,,,,,,,
14437,13171,11.009,,,,,,,3.0,5.8
14438,13172,1.25,,,,,,,,
14439,13173,0.6,,,,,,,3.0,7.6
14440,13174,0.616,,,,,,,,
14441,13175,0.6,,,,,,,,
14442,13176,1.073,,,,,,,,
14443,13177,1.895,,,,,,,0.0,4.7
14444,13178,4.318,,,,,,,,
14445,13179,,,,,,,,,
14446,13180,0.6,,,,,,,,
14447,13181,1.426,,,,,,,,
14448,13182,1.997,,,,,,,,
14449,13183,0.6,,,,,,,,
14450,13184,0.6,,,,,,,3.0,6.5
14451,13185,1.386,,,,,,,,
14452,13186,0.894,,,,,,,,
14453,13187,5.248,,,,,,,,
14454,13188,8.595,,,,,,,,
14455,13189,0.6,,,,,,,,
14456,13190,0.6,,,,,,,,
14457,13191,0.983,,,,,,,,
14458,13192,1.638,,,,,,,,
14459,13193,0.6,,,,,,,,
14460,13194,0.6,,,,,,,,
14461,13195,1.664,,,,,,,,
14462,13196,0.6,,,,,,,,
14463,13197,,,,,,,,3.0,7.9
14464,13198,2.363,,,,,,,,
14465,13199,0.6,,,,,,,,
14466,13200,0.6,,,,,,,,
14467,13201,2.604,,,,,,,,
14468,13202,0.6,,,,,,,,
14469,13203,10.75,,,,,,,3.0,4.6
14470,13204,0.6,,,,,,,,
14471,13205,9.386,,,,,,,,
14472,13206,,0.0,1.0,1962,"The epic of all epics, Lawrence of Arabia cements director David Lean's status in the filmmaking pantheon with nearly four hours of grand scope, brilliant performances, and beautiful cinematography.",Certified-Fresh,98.0,0.0,8.3
14473,13207,4.885,,,,,,,,
14474,13208,0.6,,,,,,,,
14475,13209,0.6,,,,,,,,
14476,13210,0.6,,,,,,,,
14477,13211,1.495,,,,,,,,
14478,13212,0.6,,,,,,,,
14479,13213,0.6,,,,,,,,
14480,13214,0.6,,,,,,,,
14481,13215,0.6,,,,,,,,
14482,13216,0.6,,,,,,,,
14483,13217,1.067,,,,,,,,
14484,13218,,,,,,,,,
14485,13219,0.6,,,,,,,,
14486,13220,0.6,,,,,,,,
14487,13221,0.6,,,,,,,,
14488,13222,1.391,,,,,,,,
14489,13223,2.17,,,,,,,,
14490,13224,0.6,,,,,,,,
14491,13225,,,,,,,,,
14492,13226,,,,,,,,,
14493,13227,0.6,,,,,,,,
14494,13228,,,,,,,,,
14495,13229,0.6,,,,,,,,
14496,13230,,,,,,,,,
14497,13231,,,,,,,,,
14498,13232,,,,,,,,,
14499,13233,,,,,,,,,
14500,13234,,,,,,,,,
14501,13235,0.6,,,,,,,,
14502,13236,1.05,,,,,,,,
14503,13237,0.655,,,,,,,,
14504,13238,0.6,,,,,,,,
14505,13239,0.842,,,,,,,,
14506,13240,0.6,,,,,,,,
14507,13241,0.6,,,,,,,,
14508,13242,0.6,,,,,,,,
14509,13243,0.6,,,,,,,,
14510,13244,0.6,,,,,,,,
14511,13245,36.593,,,,,,,,
14512,13246,33.339,,,,,,,,
14513,13247,3.945,,,,,,,,
14514,13248,0.6,,,,,,,,
14515,13249,0.6,,,,,,,,
14516,13250,0.6,,,,,,,,
14517,13251,1.075,,,,,,,,
14518,13252,1.148,,,,,,,,
14519,13253,0.6,,,,,,,,
14520,13254,2.23,,,,,,,,
14521,13255,0.846,,,,,,,,
14522,13256,1.978,,,,,,,,
14523,13257,0.6,,,,,,,,
14524,13258,4.72,,,,,,,,
14525,13259,0.6,,,,,,,,
14526,13260,2.038,,,,,,,,
14527,13260,1.171,,,,,,,,
14528,13261,0.6,,,,,,,,
14529,13262,1.255,,,,,,,,
14530,13263,0.779,,,,,,,,
14531,13263,0.6,,,,,,,,
14532,13264,1.27,,,,,,,,
14533,13265,0.6,,,,,,,,
14534,13266,0.6,,,,,,,,
14535,13267,1.646,,,,,,,,
14536,13268,1.131,,,,,,,3.0,6.3
14537,13268,1.131,,,,,,,3.0,6.9
14538,13269,0.982,,,,,,,,
14539,13269,0.6,,,,,,,,
14540,13270,0.6,,,,,,,,
14541,13271,27.046,,,,,,,,
14542,13272,0.6,,,,,,,,
14543,13273,0.663,,,,,,,,
14544,13274,0.851,,,,,,,,
14545,13275,1.171,,,,,,,,
14546,13276,0.656,,,,,,,,
14547,13277,0.6,,,,,,,,
14548,13278,3.175,,,,,,,,
14549,13279,0.6,,,,,,,,
14550,13280,0.6,,,,,,,,
14551,13281,0.6,,,,,,,,
14552,13282,0.6,,,,,,,,
14553,13283,1.228,,,,,,,,
14554,13284,1.553,,,,,,,,
14555,13285,2.064,,,,,,,,
14556,13286,0.6,,,,,,,,
14557,13287,1.924,,,,,,,,
14558,13288,0.6,,,,,,,,
14559,13289,0.6,,,,,,,,
14560,13290,110.404,,,,,,,3.0,5.3
14561,13291,3.619,,,,,,,,
14562,13292,2.539,,,,,,,,
14563,13293,3.285,,,,,,,,
14564,13293,2.016,,,,,,,,
14565,13294,0.6,,,,,,,,
14566,13295,0.6,,,,,,,,
14567,13296,0.638,,,,,,,,
14568,13297,8.037,,,,,,,,
14569,13298,0.6,,,,,,,,
14570,13299,4.483,,,,,,,,
14571,13300,0.6,,,,,,,,
14572,13301,0.6,,,,,,,,
14573,13302,,1.0,0.0,1974,Dustin Hoffman inhabits Lenny Bruce with nervy energy in Bob Fosse's richly stylized telling of the pioneering comedian's career and downfall.,Fresh,88.0,,7.6
14574,13303,0.978,,,,,,,,
14575,13304,0.6,,,,,,,,
14576,13305,0.6,,,,,,,,
14577,13306,0.6,,,,,,,,
14578,13307,0.6,,,,,,,,
14579,13308,1.798,,,,,,,,
14580,13309,0.6,,,,,,,,
14581,13310,0.907,,,,,,,,
14582,13311,0.6,,,,,,,,
14583,13312,40.194,,,,,,,1.0,4.8
14584,13313,39.55,,,,,,,,
14585,13314,45.746,,,,,,,,
14586,13315,23.875,,,,,,,,
14587,13316,24.287,,,,,,,,
14588,13317,26.911,,,,,,,,
14589,13318,35.458,,,,,,,,
14590,13319,23.492,,,,,,,,
14591,13320,2.787,,,,,,,,
14592,13321,0.6,,,,,,,,
14593,13322,1.96,,,,,,,,
14594,13323,0.6,,,,,,,,
14595,13324,,1.0,0.0,2012,"Impeccably mounted but occasionally bombastic, Les Misérables largely succeeds thanks to bravura performances from its distinguished cast.",Fresh,69.0,,7.6
14596,13325,0.6,,,,,,,,
14597,13326,0.6,,,,,,,,
14598,13327,,,,,,,,,
14599,13328,0.6,,,,,,,,
14600,13329,0.6,,,,,,,,
14601,13330,,,,,,,,,
14602,13331,0.6,,,,,,,,
14603,13332,,,,,,,,,
14604,13333,,,,,,,,3.0,7.7
14605,13334,,,,,,,,3.0,7.6
14606,13335,0.604,,,,,,,,
14607,13336,14.434,,,,,,,3.0,5.1
14608,13337,0.6,,,,,,,,
14609,13338,0.6,,,,,,,,
14610,13339,0.6,,,,,,,,
14611,13340,0.6,,,,,,,,
14612,13341,1.441,,,,,,,,
14613,13342,0.6,,,,,,,,
14614,13343,0.6,,,,,,,,
14615,13344,9.232,,,,,,,,
14616,13345,1.38,,,,,,,,
14617,13346,1.764,,,,,,,,
14618,13347,7.668,,,,,,,,
14619,13348,4.84,,,,,,,1.0,5.8
14620,13349,0.6,,,,,,,3.0,5.8
14621,13350,1.041,,,,,,,,
14622,13351,20.924,,,,,,,1.0,7.1
14623,13351,0.6,,,,,,,1.0,7.1
14624,13352,0.6,,,,,,,,
14625,13353,0.6,,,,,,,,
14626,13354,9.848,,,,,,,3.0,5.8
14627,13355,6.077,,,,,,,,
14628,13356,0.6,,,,,,,,
14629,13357,15.108,,,,,,,,
14630,13358,0.6,,,,,,,,
14631,13359,2.958,,,,,,,,
14632,13360,4.564,,,,,,,,
14633,13361,0.6,,,,,,,,
14634,13362,2.116,,,,,,,,
14635,13363,0.977,,,,,,,,
14636,13364,1.439,,,,,,,,
14637,13365,0.992,,,,,,,,
14638,13366,0.6,,,,,,,,
14639,13367,7.455,,,,,,,,
14640,13368,3.654,,,,,,,,
14641,13369,0.6,,,,,,,,
14642,13370,0.6,,,,,,,,
14643,13371,0.6,,,,,,,,
14644,13372,0.6,,,,,,,,
14645,13373,0.6,,,,,,,,
14646,13374,0.6,,,,,,,,
14647,13375,0.6,,,,,,,,
14648,13376,0.6,,,,,,,,
14649,13377,,,,,,,,1.0,7.6
14650,13378,0.6,,,,,,,,
14651,13379,0.6,,,,,,,,
14652,13380,,1.0,0.0,2006,"A powerfully humanistic portrayal of the perils of war, this companion piece to Flags of our Fathers is potent and thought-provoking, and it demonstrates Clint Eastwood's maturity as a director.",Certified-Fresh,91.0,1.0,7.9
14653,13381,2.736,,,,,,,,
14654,13382,0.6,,,,,,,,
14655,13383,0.6,,,,,,,,
14656,13384,0.6,,,,,,,,
14657,13385,0.6,,,,,,,,
14658,13386,0.6,,,,,,,,
14659,13387,,,,,,,,,
14660,13388,11.492,,,,,,,3.0,5.8
14661,13388,11.492,,,,,,,3.0,7.6
14662,13389,2.117,,,,,,,,
14663,13390,0.71,,,,,,,,
14664,13391,0.6,,,,,,,,
14665,13392,3.855,,,,,,,,
14666,13393,,1.0,0.0,1936,,Fresh,86.0,,7.9
14667,13394,0.707,,,,,,,,
14668,13395,0.6,,,,,,,,
14669,13396,0.87,,,,,,,,
14670,13397,0.6,,,,,,,,
14671,13398,32.282,,,,,,,3.0,6.0
14672,13398,32.282,,,,,,,3.0,6.6
14673,13399,17.261,,,,,,,,
14674,13400,0.6,,,,,,,,
14675,13401,0.6,,,,,,,,
14676,13402,4.214,,,,,,,,
14677,13403,1.563,,,,,,,,
14678,13404,0.6,,,,,,,,
14679,13405,0.6,,,,,,,,
14680,13406,0.6,,,,,,,,
14681,13407,0.6,,,,,,,,
14682,13408,,,,,,,,3.0,8.0
14683,13409,,1.0,0.0,2012,"A 3D adaptation of a supposedly ""unfilmable"" book, Ang Lee's Life of Pi achieves the near impossible -- it's an astonishing technical achievement that's also emotionally rewarding.",Certified-Fresh,87.0,1.0,7.9
14684,13410,0.6,,,,,,,,
14685,13411,0.6,,,,,,,,
14686,13412,1.232,,,,,,,,
14687,13413,,,,,,,,3.0,7.6
14688,13414,5.53,,,,,,,,
14689,13415,13.962,,,,,,,,
14690,13416,0.6,,,,,,,,
14691,13417,1.152,,,,,,,,
14692,13418,1.4,,,,,,,,
14693,13419,0.6,,,,,,,,
14694,13420,0.88,,,,,,,,
14695,13421,0.6,,,,,,,,
14696,13422,0.6,,,,,,,,
14697,13423,0.629,,,,,,,,
14698,13424,1.991,,,,,,,,
14699,13425,0.6,,,,,,,,
14700,13426,0.84,,,,,,,,
14701,13427,0.6,,,,,,,,
14702,13428,0.6,,,,,,,,
14703,13429,2.627,,,,,,,,
14704,13430,5.693,,,,,,,,
14705,13431,0.6,,,,,,,,
14706,13432,0.6,,,,,,,,
14707,13433,0.6,,,,,,,,
14708,13434,35.639,,,,,,,3.0,6.3
14709,13434,5.423,,,,,,,3.0,6.3
14710,13434,0.632,,,,,,,3.0,6.3
14711,13435,0.6,,,,,,,,
14712,13436,1.95,,,,,,,,
14713,13437,0.6,,,,,,,,
14714,13438,0.6,,,,,,,,
14715,13439,9.784,,,,,,,,
14716,13440,1.356,,,,,,,,
14717,13441,0.6,,,,,,,,
14718,13442,8.321,,,,,,,,
14719,13443,0.6,,,,,,,,
14720,13444,1.197,,,,,,,,
14721,13444,0.6,,,,,,,,
14722,13445,0.6,,,,,,,,
14723,13446,0.6,,,,,,,,
14724,13447,0.71,,,,,,,,
14725,13448,,1.0,0.0,1963,,Fresh,91.0,,7.6
14726,13449,2.149,,,,,,,,
14727,13450,4.794,,,,,,,,
14728,13450,2.035,,,,,,,,
14729,13450,0.896,,,,,,,,
14730,13450,0.84,,,,,,,,
14731,13450,0.6,,,,,,,,
14732,13451,0.6,,,,,,,,
14733,13452,1.186,,,,,,,,
14734,13453,0.6,,,,,,,,
14735,13454,,,,,,,,,
14736,13455,1.795,,,,,,,,
14737,13456,0.6,,,,,,,,
14738,13457,2.844,,,,,,,,
14739,13458,0.6,,,,,,,,
14740,13459,3.788,,,,,,,0.0,7.2
14741,13459,1.125,,,,,,,0.0,7.2
14742,13459,0.6,,,,,,,0.0,7.2
14743,13459,0.6,,,,,,,0.0,7.2
14744,13460,0.6,,,,,,,,
14745,13461,0.6,,,,,,,,
14746,13461,0.6,,,,,,,,
14747,13462,0.6,,,,,,,1.0,8.0
14748,13463,0.6,,,,,,,,
14749,13464,0.625,,,,,,,,
14750,13464,0.6,,,,,,,,
14751,13465,0.6,,,,,,,,
14752,13466,0.6,,,,,,,,
14753,13467,0.6,,,,,,,,
14754,13468,0.6,,,,,,,,
14755,13469,0.6,,,,,,,,
14756,13470,0.6,,,,,,,,
14757,13471,2.113,,,,,,,,
14758,13472,7.574,,,,,,,,
14759,13473,1.276,,,,,,,,
14760,13474,,1.0,0.0,2016,Lion's undeniably uplifting story and talented cast make it a moving journey that transcends the typical cliches of its genre.,Certified-Fresh,84.0,2.0,8.0
14761,13475,0.6,,,,,,,,
14762,13476,0.6,,,,,,,,
14763,13477,0.6,,,,,,,,
14764,13478,0.77,,,,,,,,
14765,13479,0.6,,,,,,,,
14766,13480,3.011,,,,,,,,
14767,13481,0.6,,,,,,,,
14768,13482,0.6,,,,,,,,
14769,13483,1.273,,,,,,,,
14770,13484,0.6,,,,,,,,
14771,13485,3.372,,,,,,,,
14772,13485,0.661,,,,,,,,
14773,13485,0.6,,,,,,,,
14774,13486,5.669,,,,,,,,
14775,13487,3.094,,,,,,,,
14776,13488,1.041,,,,,,,,
14777,13489,0.988,,,,,,,,
14778,13490,0.6,,,,,,,,
14779,13491,1.661,,,,,,,,
14780,13492,1.443,,,,,,,,
14781,13493,0.6,,,,,,,,
14782,13494,0.6,,,,,,,,
14783,13495,1.182,,,,,,,,
14784,13496,0.643,,,,,,,,
14785,13497,0.6,,,,,,,,
14786,13498,1.4,,,,,,,,
14787,13499,0.6,,,,,,,,
14788,13500,0.6,,,,,,,,
14789,13501,4.091,,,,,,,,
14790,13502,4.384,,,,,,,,
14791,13503,0.6,,,,,,,,
14792,13504,1.076,,,,,,,,
14793,13505,0.6,,,,,,,,
14794,13506,11.445,,,,,,,,
14795,13507,0.854,,,,,,,,
14796,13508,2.558,,,,,,,,
14797,13509,0.6,,,,,,,,
14798,13510,0.6,,,,,,,,
14799,13511,0.6,,,,,,,,
14800,13512,0.6,,,,,,,,
14801,13513,,1.0,0.0,2006,"Little Miss Sunshine succeeds thanks to a strong ensemble cast that includes Greg Kinnear, Steve Carell, Toni Collette, Alan Arkin, and Abigail Breslin, as well as a delightfully funny script.",Certified-Fresh,91.0,3.0,7.8
14802,13514,0.6,,,,,,,,
14803,13515,11.265,,,,,,,,
14804,13516,4.549,,,,,,,,
14805,13517,26.422,,,,,,,1.0,5.3
14806,13518,9.284,,,,,,,,
14807,13519,0.6,,,,,,,,
14808,13520,0.632,,,,,,,,
14809,13521,1.439,,,,,,,,
14810,13522,0.6,,,,,,,,
14811,13523,14.076,,,,,,,1.0,7.1
14812,13523,0.6,,,,,,,1.0,7.1
14813,13524,0.6,,,,,,,,
14814,13525,1.058,,,,,,,,
14815,13526,5.026,,,,,,,,
14816,13527,,1.0,0.0,1932/33,,Fresh,94.0,3.0,7.2
14817,13527,,1.0,0.0,1932/33,,Fresh,94.0,3.0,7.2
14818,13527,,1.0,0.0,1932/33,,Fresh,94.0,3.0,7.2
14819,13527,,1.0,0.0,1932/33,,Fresh,94.0,3.0,7.2
14820,13528,0.942,,,,,,,,
14821,13528,0.6,,,,,,,,
14822,13529,0.6,,,,,,,,
14823,13530,2.498,,,,,,,,
14824,13531,0.6,,,,,,,,
14825,13532,1.994,,,,,,,,
14826,13533,1.921,,,,,,,,
14827,13534,0.6,,,,,,,,
14828,13535,2.289,,,,,,,,
14829,13536,1.025,,,,,,,,
14830,13537,0.6,,,,,,,,
14831,13538,2.907,,,,,,,,
14832,13539,1.709,,,,,,,,
14833,13540,0.904,,,,,,,,
14834,13541,9.972,,,,,,,,
14835,13542,0.6,,,,,,,,
14836,13543,1.383,,,,,,,,
14837,13544,8.011,,,,,,,,
14838,13545,0.6,,,,,,,,
14839,13546,3.539,,,,,,,,
14840,13547,1.519,,,,,,,,
14841,13548,2.895,,,,,,,,
14842,13549,1.222,,,,,,,,
14843,13550,4.156,,,,,,,,
14844,13551,1.585,,,,,,,,
14845,13552,0.6,,,,,,,,
14846,13553,6.282,,,,,,,,
14847,13553,0.6,,,,,,,,
14848,13554,0.6,,,,,,,,
14849,13555,0.6,,,,,,,,
14850,13556,0.87,,,,,,,,
14851,13556,0.6,,,,,,,,
14852,13557,0.6,,,,,,,,
14853,13558,2.11,,,,,,,,
14854,13559,0.6,,,,,,,,
14855,13560,0.6,,,,,,,,
14856,13561,163.646,,,,,,,,
14857,13562,0.67,,,,,,,,
14858,13563,0.6,,,,,,,,
14859,13564,0.6,,,,,,,,
14860,13565,2.766,,,,,,,,
14861,13566,0.667,,,,,,,,
14862,13567,0.6,,,,,,,,
14863,13568,0.6,,,,,,,,
14864,13569,1.308,,,,,,,,
14865,13570,1.219,,,,,,,,
14866,13571,1.866,,,,,,,,
14867,13572,3.585,,,,,,,,
14868,13573,2.473,,,,,,,,
14869,13574,0.6,,,,,,,,
14870,13575,0.6,,,,,,,,
14871,13576,0.6,,,,,,,,
14872,13577,0.62,,,,,,,,
14873,13578,0.6,,,,,,,,
14874,13579,0.6,,,,,,,,
14875,13580,0.6,,,,,,,,
14876,13581,,,,,,,,1.0,8.1
14877,13582,0.6,,,,,,,,
14878,13583,0.6,,,,,,,,
14879,13584,0.632,,,,,,,,
14880,13585,0.6,,,,,,,,
14881,13586,0.72,,,,,,,,
14882,13587,2.291,,,,,,,,
14883,13588,2.587,,,,,,,,
14884,13589,1.4,,,,,,,,
14885,13589,0.6,,,,,,,,
14886,13590,0.6,,,,,,,,
14887,13591,0.727,,,,,,,,
14888,13592,1.135,,,,,,,,
14889,13593,0.6,,,,,,,,
14890,13594,4.052,,,,,,,,
14891,13594,1.47,,,,,,,,
14892,13595,5.235,,,,,,,,
14893,13596,2.971,,,,,,,,
14894,13596,0.966,,,,,,,,
14895,13597,0.6,,,,,,,,
14896,13598,0.698,,,,,,,3.0,8.1
14897,13599,0.6,,,,,,,,
14898,13600,1.744,,,,,,,,
14899,13601,2.394,,,,,,,,
14900,13602,,,,,,,,,
14901,13603,1.131,,,,,,,,
14902,13604,2.773,,,,,,,,
14903,13605,0.6,,,,,,,,
14904,13606,2.091,,,,,,,,
14905,13607,1.95,,,,,,,,
14906,13608,0.6,,,,,,,,
14907,13609,1.278,,,,,,,,
14908,13609,0.967,,,,,,,,
14909,13610,0.6,,,,,,,3.0,6.4
14910,13611,1.497,,,,,,,,
14911,13612,0.6,,,,,,,,
14912,13613,1.137,,,,,,,,
14913,13614,2.04,,,,,,,,
14914,13615,0.6,,,,,,,,
14915,13616,0.844,,,,,,,,
14916,13617,0.6,,,,,,,,
14917,13618,2.056,,,,,,,,
14918,13619,0.6,,,,,,,,
14919,13620,8.059,,,,,,,,
14920,13621,0.84,,,,,,,,
14921,13622,5.573,,,,,,,,
14922,13622,5.503,,,,,,,,
14923,13622,2.226,,,,,,,,
14924,13623,0.6,,,,,,,,
14925,13624,17.865,,,,,,,,
14926,13625,0.6,,,,,,,,
14927,13626,0.6,,,,,,,,
14928,13627,0.6,,,,,,,,
14929,13628,3.757,,,,,,,,
14930,13629,0.705,,,,,,,,
14931,13630,2.811,,,,,,,,
14932,13631,0.6,,,,,,,,
14933,13632,0.6,,,,,,,,
14934,13633,0.6,,,,,,,,
14935,13634,1.555,,,,,,,,
14936,13634,0.6,,,,,,,,
14937,13635,0.6,,,,,,,,
14938,13636,0.6,,,,,,,,
14939,13637,0.6,,,,,,,,
14940,13638,0.6,,,,,,,,
14941,13639,0.6,,,,,,,,
14942,13640,1.676,,,,,,,,
14943,13641,13.62,,,,,,,,
14944,13642,2.299,,,,,,,,
14945,13643,,,,,,,,2.0,7.6
14946,13644,0.6,,,,,,,,
14947,13645,1.4,,,,,,,,
14948,13646,0.6,,,,,,,,
14949,13647,19.498,,,,,,,0.0,6.6
14950,13648,2.809,,,,,,,,
14951,13649,0.6,,,,,,,,
14952,13650,0.6,,,,,,,,
14953,13651,0.6,,,,,,,,
14954,13652,0.623,,,,,,,,
14955,13653,0.74,,,,,,,,
14956,13654,0.6,,,,,,,,
14957,13655,1.224,,,,,,,,
14958,13656,0.6,,,,,,,,
14959,13657,0.717,,,,,,,,
14960,13658,4.501,,,,,,,,
14961,13659,0.6,,,,,,,,
14962,13660,0.6,,,,,,,,
14963,13661,8.263,,,,,,,,
14964,13662,10.989,,,,,,,,
14965,13663,0.6,,,,,,,,
14966,13664,3.516,,,,,,,,
14967,13665,0.815,,,,,,,,
14968,13666,0.6,,,,,,,,
14969,13667,0.684,,,,,,,,
14970,13668,0.6,,,,,,,,
14971,13669,0.6,,,,,,,3.0,6.2
14972,13670,0.78,,,,,,,,
14973,13671,0.6,,,,,,,,
14974,13672,1.788,,,,,,,,
14975,13673,,,,,,,,1.0,7.6
14976,13674,,1.0,0.0,1937,,Fresh,93.0,2.0,7.7
14977,13675,1.1,,,,,,,,
14978,13676,2.072,,,,,,,,
14979,13677,1.4,,,,,,,,
14980,13678,1.54,,,,,,,,
14981,13679,1.37,,,,,,,,
14982,13680,1.908,,,,,,,,
14983,13681,0.6,,,,,,,,
14984,13682,1.946,,,,,,,,
14985,13683,3.521,,,,,,,,
14986,13683,0.6,,,,,,,,
14987,13684,12.13,,,,,,,,
14988,13684,0.6,,,,,,,,
14989,13685,0.6,,,,,,,,
14990,13686,0.6,,,,,,,,
14991,13687,3.142,,,,,,,,
14992,13688,3.298,,,,,,,,
14993,13689,0.84,,,,,,,,
14994,13690,4.231,,,,,,,,
14995,13691,2.696,,,,,,,,
14996,13692,0.784,,,,,,,,
14997,13693,0.6,,,,,,,,
14998,13694,0.6,,,,,,,,
14999,13695,0.989,,,,,,,,
15000,13696,,,,,,,,,
15001,13697,0.6,,,,,,,,
15002,13698,0.6,,,,,,,,
15003,13699,0.6,,,,,,,,
15004,13700,0.6,,,,,,,,
15005,13701,0.6,,,,,,,,
15006,13702,0.6,,,,,,,,
15007,13703,,1.0,0.0,1939,,Fresh,86.0,3.0,7.3
15008,13704,1.048,,,,,,,,
15009,13705,0.95,,,,,,,,
15010,13706,6.943,,,,,,,,
15011,13706,0.666,,,,,,,,
15012,13706,0.606,,,,,,,,
15013,13707,3.379,,,,,,,,
15014,13707,3.097,,,,,,,,
15015,13707,0.875,,,,,,,,
15016,13707,0.6,,,,,,,,
15017,13707,0.6,,,,,,,,
15018,13707,0.6,,,,,,,,
15019,13708,1.4,,,,,,,,
15020,13709,3.184,,,,,,,,
15021,13710,1.849,,,,,,,,
15022,13711,0.868,,,,,,,,
15023,13712,0.6,,,,,,,,
15024,13713,0.6,,,,,,,,
15025,13714,0.6,,,,,,,,
15026,13715,3.38,,,,,,,,
15027,13716,1.02,,,,,,,,
15028,13717,7.881,,,,,,,,
15029,13718,2.633,,,,,,,,
15030,13719,1.8,,,,,,,,
15031,13720,0.6,,,,,,,,
15032,13721,6.872,,,,,,,,
15033,13722,0.6,,,,,,,,
15034,13723,0.6,,,,,,,,
15035,13724,,1.0,0.0,1970,"Earnest and determined to make audiences swoon, Love Story is an unabashed tearjerker that will capture hearts when it isn't inducing eye rolls.",Fresh,68.0,1.0,6.9
15036,13725,9.766,,,,,,,,
15037,13726,0.6,,,,,,,,
15038,13727,0.6,,,,,,,,
15039,13728,0.644,,,,,,,,
15040,13729,0.6,,,,,,,,
15041,13730,0.6,,,,,,,,
15042,13731,0.6,,,,,,,,
15043,13732,,,,,,,,3.0,7.6
15044,13733,0.6,,,,,,,,
15045,13734,0.68,,,,,,,,
15046,13735,0.6,,,,,,,,
15047,13736,0.6,,,,,,,,
15048,13737,6.548,,,,,,,,
15049,13738,0.6,,,,,,,,
15050,13739,0.6,,,,,,,,
15051,13740,0.6,,,,,,,,
15052,13741,0.628,,,,,,,,
15053,13742,0.6,,,,,,,,
15054,13743,2.741,,,,,,,,
15055,13744,0.6,,,,,,,,
15056,13745,2.274,,,,,,,,
15057,13746,0.843,,,,,,,,
15058,13747,0.6,,,,,,,,
15059,13748,0.6,,,,,,,,
15060,13749,0.6,,,,,,,,
15061,13750,0.6,,,,,,,,
15062,13751,0.607,,,,,,,,
15063,13752,0.6,,,,,,,,
15064,13753,0.6,,,,,,,,
15065,13754,0.6,,,,,,,,
15066,13755,1.4,,,,,,,,
15067,13756,5.989,,,,,,,3.0,5.3
15068,13757,0.6,,,,,,,,
15069,13758,0.6,,,,,,,,
15070,13759,1.498,,,,,,,,
15071,13760,0.6,,,,,,,3.0,6.0
15072,13761,1.303,,,,,,,,
15073,13762,1.128,,,,,,,,
15074,13763,1.471,,,,,,,,
15075,13764,0.6,,,,,,,,
15076,13764,0.6,,,,,,,,
15077,13765,0.681,,,,,,,,
15078,13766,0.605,,,,,,,,
15079,13767,0.6,,,,,,,,
15080,13768,,,,,,,,1.0,7.8
15081,13769,1.507,,,,,,,,
15082,13770,0.878,,,,,,,,
15083,13771,1.216,,,,,,,,
15084,13772,1.214,,,,,,,,
15085,13773,0.6,,,,,,,,
15086,13774,0.6,,,,,,,,
15087,13775,5.783,,,,,,,,
15088,13776,0.6,,,,,,,,
15089,13777,0.6,,,,,,,,
15090,13778,0.817,,,,,,,,
15091,13779,0.6,,,,,,,3.0,8.3
15092,13780,0.654,,,,,,,,
15093,13780,0.6,,,,,,,,
15094,13780,0.6,,,,,,,,
15095,13780,0.6,,,,,,,,
15096,13781,1.222,,,,,,,,
15097,13782,2.553,,,,,,,,
15098,13783,6.58,,,,,,,,
15099,13784,0.6,,,,,,,,
15100,13785,1.095,,,,,,,,
15101,13786,0.6,,,,,,,,
15102,13787,0.6,,,,,,,,
15103,13788,1.702,,,,,,,,
15104,13789,9.066,,,,,,,,
15105,13790,1.701,,,,,,,,
15106,13791,1.693,,,,,,,,
15107,13792,10.412,,,,,,,2.0,7.3
15108,13792,1.795,,,,,,,2.0,7.3
15109,13793,0.874,,,,,,,,
15110,13794,0.847,,,,,,,,
15111,13795,,,,,,,,1.0,7.7
15112,13796,2.369,,,,,,,,
15113,13797,1.73,,,,,,,,
15114,13798,0.779,,,,,,,,
15115,13799,0.6,,,,,,,,
15116,13800,4.544,,,,,,,3.0,7.6
15117,13800,0.6,,,,,,,3.0,7.6
15118,13801,1.832,,,,,,,,
15119,13802,0.6,,,,,,,,
15120,13803,0.6,,,,,,,,
15121,13803,0.6,,,,,,,,
15122,13803,0.6,,,,,,,,
15123,13803,0.6,,,,,,,,
15124,13804,0.6,,,,,,,,
15125,13805,1.001,,,,,,,,
15126,13806,0.6,,,,,,,,
15127,13807,0.632,,,,,,,,
15128,13808,17.522,,,,,,,,
15129,13809,0.6,,,,,,,,
15130,13810,0.6,,,,,,,,
15131,13811,0.6,,,,,,,,
15132,13812,0.6,,,,,,,,
15133,13812,0.6,,,,,,,,
15134,13813,3.43,,,,,,,,
15135,13814,0.6,,,,,,,,
15136,13815,0.6,,,,,,,,
15137,13816,1.156,,,,,,,,
15138,13817,0.6,,,,,,,,
15139,13818,1.86,,,,,,,,
15140,13819,1.302,,,,,,,,
15141,13820,0.6,,,,,,,,
15142,13821,0.77,,,,,,,,
15143,13822,1.843,,,,,,,,
15144,13823,1.107,,,,,,,,
15145,13824,0.6,,,,,,,,
15146,13825,0.6,,,,,,,,
15147,13826,1.384,,,,,,,,
15148,13827,1.301,,,,,,,,
15149,13827,0.6,,,,,,,,
15150,13828,1.884,,,,,,,,
15151,13829,0.6,,,,,,,,
15152,13830,3.732,,,,,,,,
15153,13831,0.6,,,,,,,,
15154,13832,1.571,,,,,,,,
15155,13832,1.195,,,,,,,,
15156,13832,0.6,,,,,,,,
15157,13833,1.99,,,,,,,,
15158,13834,1.712,,,,,,,,
15159,13835,5.85,,,,,,,3.0,5.7
15160,13836,0.6,,,,,,,,
15161,13837,1.387,,,,,,,,
15162,13838,0.681,,,,,,,,
15163,13839,1.09,,,,,,,,
15164,13840,0.6,,,,,,,,
15165,13841,3.058,,,,,,,,
15166,13842,0.6,,,,,,,,
15167,13843,0.6,,,,,,,,
15168,13844,0.6,,,,,,,,
15169,13845,2.1,,,,,,,,
15170,13846,0.6,,,,,,,,
15171,13847,3.117,,,,,,,,
15172,13848,1.549,,,,,,,,
15173,13849,0.6,,,,,,,,
15174,13850,2.266,,,,,,,,
15175,13851,0.6,,,,,,,,
15176,13852,2.922,,,,,,,,
15177,13853,0.718,,,,,,,,
15178,13854,0.66,,,,,,,,
15179,13855,0.6,,,,,,,,
15180,13856,0.6,,,,,,,,
15181,13857,1.4,,,,,,,,
15182,13858,0.656,,,,,,,,
15183,13859,0.6,,,,,,,,
15184,13860,0.6,,,,,,,,
15185,13861,1.563,,,,,,,,
15186,13862,1.386,,,,,,,,
15187,13863,0.6,,,,,,,,
15188,13864,,,,,,,,,
15189,13865,0.6,,,,,,,,
15190,13866,,,,,,,,,
15191,13867,0.6,,,,,,,,
15192,13868,0.6,,,,,,,,
15193,13869,,,,,,,,,
15194,13870,0.6,,,,,,,,
15195,13871,0.6,,,,,,,,
15196,13872,0.6,,,,,,,,
15197,13873,0.6,,,,,,,,
15198,13874,0.6,,,,,,,,
15199,13875,0.6,,,,,,,,
15200,13876,0.6,,,,,,,,
15201,13877,0.6,,,,,,,,
15202,13878,0.6,,,,,,,,
15203,13879,0.6,,,,,,,,
15204,13880,0.6,,,,,,,,
15205,13881,0.6,,,,,,,,
15206,13882,,1.0,0.0,1970,"Bold, timely, subversive, and above all funny, M*A*S*H remains a high point in Robert Altman's distinguished filmography.",Certified-Fresh,87.0,,7.5
15207,13883,0.6,,,,,,,,
15208,13884,3.739,,,,,,,,
15209,13885,0.6,,,,,,,,
15210,13886,,,,,,,,,
15211,13887,0.6,,,,,,,,
15212,13888,0.6,,,,,,,,
15213,13889,0.6,,,,,,,,
15214,13890,1.4,,,,,,,,
15215,13891,0.6,,,,,,,,
15216,13892,0.6,,,,,,,,
15217,13893,0.6,,,,,,,,
15218,13894,0.6,,,,,,,,
15219,13895,0.6,,,,,,,,
15220,13896,0.6,,,,,,,,
15221,13897,0.6,,,,,,,,
15222,13898,0.6,,,,,,,,
15223,13899,0.6,,,,,,,,
15224,13900,0.6,,,,,,,,
15225,13901,1.027,,,,,,,,
15226,13902,0.6,,,,,,,,
15227,13903,0.616,,,,,,,,
15228,13904,0.6,,,,,,,,
15229,13905,0.6,,,,,,,,
15230,13906,23.93,,,,,,,3.0,5.6
15231,13906,1.329,,,,,,,3.0,5.6
15232,13907,0.6,,,,,,,,
15233,13908,2.037,,,,,,,,
15234,13909,0.6,,,,,,,,
15235,13910,0.6,,,,,,,,
15236,13911,6.305,,,,,,,,
15237,13911,5.019,,,,,,,,
15238,13911,4.491,,,,,,,,
15239,13911,0.6,,,,,,,,
15240,13912,1.4,,,,,,,,
15241,13913,0.6,,,,,,,,
15242,13914,0.6,,,,,,,,
15243,13915,1.808,,,,,,,,
15244,13916,0.6,,,,,,,,
15245,13917,0.6,,,,,,,,
15246,13918,0.6,,,,,,,,
15247,13919,0.6,,,,,,,,
15248,13920,3.443,,,,,,,,
15249,13921,1.311,,,,,,,,
15250,13922,0.6,,,,,,,,
15251,13923,0.622,,,,,,,,
15252,13924,1.318,,,,,,,,
15253,13925,0.6,,,,,,,,
15254,13926,0.6,,,,,,,,
15255,13927,3.258,,,,,,,,
15256,13928,0.623,,,,,,,,
15257,13929,2.079,,,,,,,,
15258,13930,2.292,,,,,,,,
15259,13931,20.958,,,,,,,0.0,6.8
15260,13932,3.98,,,,,,,,
15261,13933,3.179,,,,,,,,
15262,13934,1.627,,,,,,,,
15263,13935,1.445,,,,,,,,
15264,13936,2.673,,,,,,,,
15265,13937,0.6,,,,,,,,
15266,13938,1.541,,,,,,,,
15267,13939,0.6,,,,,,,,
15268,13940,,,,,,,,,
15269,13941,,1.0,0.0,2015,"With exhilarating action and a surprising amount of narrative heft, Mad Max: Fury Road brings George Miller's post-apocalyptic franchise roaring vigorously back to life.",Certified-Fresh,97.0,3.0,8.1
15270,13942,4.62,,,,,,,,
15271,13943,0.6,,,,,,,,
15272,13944,1.525,,,,,,,,
15273,13945,1.383,,,,,,,,
15274,13946,0.6,,,,,,,,
15275,13947,0.657,,,,,,,,
15276,13948,1.181,,,,,,,,
15277,13949,,1.0,0.0,1943,,Fresh,86.0,,7.2
15278,13950,1.954,,,,,,,,
15279,13951,0.6,,,,,,,,
15280,13952,0.6,,,,,,,,
15281,13953,0.6,,,,,,,,
15282,13954,3.14,,,,,,,,
15283,13955,0.6,,,,,,,,
15284,13956,0.6,,,,,,,,
15285,13957,3.696,,,,,,,,
15286,13958,,,,,,,,3.0,7.7
15287,13959,9.713,,,,,,,,
15288,13959,5.999,,,,,,,,
15289,13959,4.799,,,,,,,,
15290,13960,0.6,,,,,,,,
15291,13961,2.976,,,,,,,,
15292,13962,7.105,,,,,,,,
15293,13962,0.6,,,,,,,,
15294,13963,0.6,,,,,,,,
15295,13964,1.645,,,,,,,,
15296,13964,0.979,,,,,,,,
15297,13964,0.879,,,,,,,,
15298,13964,0.716,,,,,,,,
15299,13965,0.684,,,,,,,,
15300,13966,0.6,,,,,,,,
15301,13967,1.817,,,,,,,,
15302,13968,0.9,,,,,,,,
15303,13969,0.608,,,,,,,,
15304,13970,0.648,,,,,,,,
15305,13971,28.802,,,,,,,,
15306,13972,0.6,,,,,,,,
15307,13973,0.6,,,,,,,,
15308,13974,0.6,,,,,,,,
15309,13974,0.6,,,,,,,,
15310,13975,0.6,,,,,,,,
15311,13976,0.6,,,,,,,,
15312,13977,0.6,,,,,,,,
15313,13978,0.6,,,,,,,,
15314,13979,0.6,,,,,,,,
15315,13980,0.6,,,,,,,,
15316,13981,0.6,,,,,,,,
15317,13982,0.6,,,,,,,,
15318,13983,1.4,,,,,,,,
15319,13984,0.881,,,,,,,,
15320,13985,0.6,,,,,,,,
15321,13986,0.6,,,,,,,,
15322,13987,1.06,,,,,,,,
15323,13988,0.6,,,,,,,,
15324,13989,23.679,,,,,,,,
15325,13990,0.814,,,,,,,,
15326,13991,1.291,,,,,,,,
15327,13992,0.6,,,,,,,,
15328,13993,0.6,,,,,,,,
15329,13994,0.639,,,,,,,,
15330,13995,1.876,,,,,,,,
15331,13996,11.369,,,,,,,1.0,6.8
15332,13997,0.846,,,,,,,,
15333,13998,5.064,,,,,,,,
15334,13999,0.6,,,,,,,,
15335,14000,0.6,,,,,,,,
15336,14001,0.6,,,,,,,,
15337,14002,0.6,,,,,,,,
15338,14003,0.6,,,,,,,,
15339,14004,0.635,,,,,,,,
15340,14005,0.6,,,,,,,,
15341,14006,0.6,,,,,,,,
15342,14007,0.6,,,,,,,,
15343,14008,0.6,,,,,,,,
15344,14009,0.6,,,,,,,,
15345,14010,0.607,,,,,,,,
15346,14011,1.4,,,,,,,,
15347,14012,0.6,,,,,,,,
15348,14013,0.6,,,,,,,,
15349,14014,0.986,,,,,,,,
15350,14015,,,,,,,,3.0,8.0
15351,14016,0.6,,,,,,,,
15352,14017,1.134,,,,,,,,
15353,14018,2.203,,,,,,,,
15354,14019,4.017,,,,,,,,
15355,14020,0.6,,,,,,,,
15356,14021,0.6,,,,,,,,
15357,14022,0.901,,,,,,,,
15358,14022,0.6,,,,,,,,
15359,14023,0.6,,,,,,,,
15360,14024,0.6,,,,,,,,
15361,14025,0.84,,,,,,,,
15362,14026,0.876,,,,,,,,
15363,14027,0.6,,,,,,,,
15364,14028,,,,,,,,,
15365,14029,2.975,,,,,,,,
15366,14030,1.958,,,,,,,,
15367,14031,1.431,,,,,,,,
15368,14032,3.288,,,,,,,,
15369,14033,0.6,,,,,,,,
15370,14034,0.679,,,,,,,,
15371,14035,0.851,,,,,,,,
15372,14036,2.382,,,,,,,,
15373,14037,0.6,,,,,,,,
15374,14038,0.6,,,,,,,,
15375,14039,3.535,,,,,,,,
15376,14040,0.6,,,,,,,,
15377,14041,1.468,,,,,,,,
15378,14042,0.84,,,,,,,,
15379,14043,2.024,,,,,,,,
15380,14044,1.61,,,,,,,,
15381,14045,3.504,,,,,,,,
15382,14046,0.6,,,,,,,,
15383,14047,122.085,,,,,,,,
15384,14048,0.6,,,,,,,,
15385,14049,0.6,,,,,,,,
15386,14050,0.6,,,,,,,,
15387,14051,0.6,,,,,,,,
15388,14052,0.6,,,,,,,,
15389,14053,0.6,,,,,,,,
15390,14054,1.75,,,,,,,,
15391,14055,,,,,,,,3.0,7.7
15392,14056,0.6,,,,,,,,
15393,14057,1.002,,,,,,,,
15394,14058,0.6,,,,,,,,
15395,14059,2.161,,,,,,,,
15396,14060,1.121,,,,,,,,
15397,14061,0.6,,,,,,,,
15398,14062,4.781,,,,,,,,
15399,14062,0.6,,,,,,,,
15400,14063,2.531,,,,,,,,
15401,14064,11.702,,,,,,,,
15402,14065,0.6,,,,,,,,
15403,14066,0.892,,,,,,,,
15404,14067,9.835,,,,,,,,
15405,14068,2.429,,,,,,,,
15406,14069,8.955,,,,,,,,
15407,14070,88.071,,,,,,,3.0,6.2
15408,14070,3.234,,,,,,,3.0,6.2
15409,14071,1.171,,,,,,,,
15410,14071,0.6,,,,,,,,
15411,14072,0.84,,,,,,,,
15412,14073,0.6,,,,,,,,
15413,14074,0.6,,,,,,,,
15414,14075,0.6,,,,,,,,
15415,14076,2.529,,,,,,,,
15416,14077,4.063,,,,,,,,
15417,14078,39.883,,,,,,,3.0,6.2
15418,14079,1.403,,,,,,,,
15419,14080,0.662,,,,,,,,
15420,14081,1.61,,,,,,,,
15421,14082,7.506,,,,,,,,
15422,14083,9.231,,,,,,,,
15423,14084,1.64,,,,,,,,
15424,14085,10.398,,,,,,,,
15425,14086,0.6,,,,,,,,
15426,14087,0.6,,,,,,,,
15427,14088,0.6,,,,,,,,
15428,14089,0.913,,,,,,,,
15429,14090,0.6,,,,,,,,
15430,14091,0.6,,,,,,,,
15431,14092,3.672,,,,,,,,
15432,14093,4.585,,,,,,,,
15433,14094,0.626,,,,,,,,
15434,14095,0.6,,,,,,,,
15435,14096,,,,,,,,,
15436,14097,0.6,,,,,,,,
15437,14098,6.071,,,,,,,,
15438,14099,0.656,,,,,,,,
15439,14100,6.19,,,,,,,,
15440,14101,0.6,,,,,,,,
15441,14102,0.6,,,,,,,,
15442,14103,9.669,,,,,,,,
15443,14104,0.661,,,,,,,,
15444,14105,1.4,,,,,,,,
15445,14106,0.6,,,,,,,,
15446,14107,0.6,,,,,,,,
15447,14108,,,,,,,,,
15448,14109,4.181,,,,,,,,
15449,14110,,1.0,0.0,2016,"Manchester by the Sea delivers affecting drama populated by full-bodied characters, marking another strong step forward for writer-director Kenneth Lonergan.",Certified-Fresh,96.0,3.0,7.8
15450,14111,0.6,,,,,,,,
15451,14112,0.6,,,,,,,,
15452,14113,1.516,,,,,,,,
15453,14114,,,,,,,,,
15454,14115,12.199,,,,,,,,
15455,14115,1.319,,,,,,,,
15456,14115,0.6,,,,,,,,
15457,14116,1.473,,,,,,,,
15458,14117,25.83,,,,,,,3.0,6.5
15459,14118,3.067,,,,,,,,
15460,14119,0.607,,,,,,,,
15461,14120,11.372,,,,,,,,
15462,14120,4.3,,,,,,,,
15463,14120,3.194,,,,,,,,
15464,14120,0.6,,,,,,,,
15465,14120,0.6,,,,,,,,
15466,14121,0.677,,,,,,,,
15467,14122,0.6,,,,,,,,
15468,14123,0.602,,,,,,,,
15469,14124,0.6,,,,,,,,
15470,14125,0.84,,,,,,,,
15471,14126,0.6,,,,,,,,
15472,14127,,,,,,,,1.0,7.8
15473,14128,5.774,,,,,,,,
15474,14129,3.623,,,,,,,,
15475,14130,4.879,,,,,,,,
15476,14130,0.6,,,,,,,,
15477,14131,0.6,,,,,,,1.0,7.2
15478,14132,1.81,,,,,,,,
15479,14132,1.4,,,,,,,,
15480,14132,0.62,,,,,,,,
15481,14132,0.6,,,,,,,,
15482,14132,0.6,,,,,,,,
15483,14133,11.219,,,,,,,3.0,3.7
15484,14133,11.219,,,,,,,3.0,6.4
15485,14133,10.609,,,,,,,3.0,3.7
15486,14133,10.609,,,,,,,3.0,6.4
15487,14133,1.451,,,,,,,3.0,3.7
15488,14133,1.451,,,,,,,3.0,6.4
15489,14133,1.052,,,,,,,3.0,3.7
15490,14133,1.052,,,,,,,3.0,6.4
15491,14134,1.379,,,,,,,,
15492,14135,9.46,,,,,,,3.0,6.0
15493,14135,0.6,,,,,,,3.0,6.0
15494,14136,9.165,,,,,,,,
15495,14137,11.601,,,,,,,,
15496,14138,1.272,,,,,,,,
15497,14139,1.17,,,,,,,,
15498,14139,0.84,,,,,,,,
15499,14140,0.65,,,,,,,,
15500,14141,0.6,,,,,,,,
15501,14142,1.922,,,,,,,,
15502,14143,0.977,,,,,,,,
15503,14144,1.366,,,,,,,,
15504,14145,0.919,,,,,,,,
15505,14146,0.6,,,,,,,,
15506,14147,5.21,,,,,,,,
15507,14148,1.57,,,,,,,,
15508,14149,0.6,,,,,,,,
15509,14150,0.6,,,,,,,,
15510,14151,0.6,,,,,,,,
15511,14152,0.604,,,,,,,1.0,6.0
15512,14152,0.6,,,,,,,1.0,6.0
15513,14152,0.6,,,,,,,1.0,6.0
15514,14153,0.6,,,,,,,,
15515,14154,1.261,,,,,,,,
15516,14155,6.591,,,,,,,3.0,1.6
15517,14156,1.527,,,,,,,,
15518,14157,0.6,,,,,,,,
15519,14158,0.611,,,,,,,,
15520,14159,0.84,,,,,,,,
15521,14160,2.243,,,,,,,,
15522,14161,4.476,,,,,,,,
15523,14162,0.8,,,,,,,,
15524,14163,5.055,,,,,,,,
15525,14164,0.679,,,,,,,,
15526,14165,1.96,,,,,,,,
15527,14166,3.526,,,,,,,,
15528,14167,0.767,,,,,,,,
15529,14168,5.379,,,,,,,,
15530,14168,0.6,,,,,,,,
15531,14168,0.6,,,,,,,,
15532,14168,0.6,,,,,,,,
15533,14169,0.6,,,,,,,,
15534,14170,0.6,,,,,,,,
15535,14171,,,,,,,,,
15536,14172,19.548,,,,,,,,
15537,14172,1.4,,,,,,,,
15538,14173,0.6,,,,,,,1.0,5.5
15539,14174,0.6,,,,,,,,
15540,14175,0.6,,,,,,,,
15541,14176,0.6,,,,,,,,
15542,14177,1.4,,,,,,,,
15543,14178,1.645,,,,,,,,
15544,14179,6.491,,,,,,,,
15545,14180,0.6,,,,,,,,
15546,14181,0.6,,,,,,,3.0,6.5
15547,14182,22.487,,,,,,,,
15548,14182,0.6,,,,,,,,
15549,14183,0.6,,,,,,,,
15550,14184,1.01,,,,,,,,
15551,14185,0.6,,,,,,,3.0,5.0
15552,14186,0.6,,,,,,,,
15553,14187,0.84,,,,,,,,
15554,14188,0.634,,,,,,,,
15555,14189,0.6,,,,,,,,
15556,14190,0.6,,,,,,,,
15557,14191,0.6,,,,,,,,
15558,14192,1.4,,,,,,,,
15559,14193,0.6,,,,,,,,
15560,14194,1.634,,,,,,,,
15561,14195,0.6,,,,,,,,
15562,14196,0.6,,,,,,,,
15563,14197,0.6,,,,,,,,
15564,14198,3.384,,,,,,,,
15565,14199,0.686,,,,,,,,
15566,14200,0.6,,,,,,,,
15567,14201,1.895,,,,,,,,
15568,14202,0.6,,,,,,,,
15569,14203,5.373,,,,,,,,
15570,14204,0.6,,,,,,,,
15571,14205,0.6,,,,,,,,
15572,14206,1.15,,,,,,,,
15573,14207,0.953,,,,,,,,
15574,14208,0.6,,,,,,,,
15575,14209,1.333,,,,,,,,
15576,14210,0.6,,,,,,,,
15577,14210,0.6,,,,,,,,
15578,14211,1.305,,,,,,,,
15579,14212,0.618,,,,,,,,
15580,14213,0.6,,,,,,,,
15581,14214,8.764,,,,,,,,
15582,14215,,1.0,0.0,2019,"Observing a splintering union with compassion and expansive grace, the powerfully acted Marriage Story ranks among writer-director Noah Baumbach's best works.",Certified-Fresh,94.0,2.0,7.9
15583,14216,0.6,,,,,,,,
15584,14217,0.6,,,,,,,,
15585,14218,17.468,,,,,,,,
15586,14219,0.6,,,,,,,,
15587,14220,5.481,,,,,,,,
15588,14221,7.532,,,,,,,1.0,7.0
15589,14222,0.789,,,,,,,,
15590,14223,0.6,,,,,,,,
15591,14224,,0.0,1.0,1955,Scriptwriter Paddy Chayefsky's solid dialogue is bolstered by strong performances from Ernest Borgnine and Betsy Blair in this appealingly low-key character study.,Certified-Fresh,98.0,3.0,7.7
15592,14225,1.474,,,,,,,,
15593,14226,0.6,,,,,,,,
15594,14227,0.6,,,,,,,,
15595,14228,41.212,,,,,,,3.0,7.0
15596,14228,41.212,,,,,,,3.0,4.0
15597,14228,14.325,,,,,,,3.0,7.0
15598,14228,14.325,,,,,,,3.0,4.0
15599,14229,6.015,,,,,,,,
15600,14230,15.019,,,,,,,,
15601,14231,0.6,,,,,,,,
15602,14232,1.393,,,,,,,,
15603,14233,2.133,,,,,,,,
15604,14234,,1.0,0.0,1964,"A lavish modern fairy tale celebrated for its amazing special effects, catchy songs, and Julie Andrews's legendary performance in the title role.",Certified-Fresh,100.0,3.0,7.8
15605,14235,8.516,,,,,,,,
15606,14236,13.633,,,,,,,,
15607,14237,,,,,,,,1.0,8.1
15608,14238,3.567,,,,,,,,
15609,14239,1.176,,,,,,,,
15610,14240,1.4,,,,,,,,
15611,14241,0.6,,,,,,,,
15612,14242,1.439,,,,,,,,
15613,14243,0.6,,,,,,,,
15614,14244,4.078,,,,,,,,
15615,14245,0.827,,,,,,,,
15616,14246,0.6,,,,,,,,
15617,14247,1.656,,,,,,,,
15618,14248,0.917,,,,,,,,
15619,14249,0.6,,,,,,,,
15620,14250,0.6,,,,,,,,
15621,14251,1.949,,,,,,,,
15622,14252,0.87,,,,,,,,
15623,14253,8.194,,,,,,,,
15624,14254,1.495,,,,,,,3.0,5.7
15625,14254,0.6,,,,,,,3.0,5.7
15626,14254,0.6,,,,,,,3.0,5.7
15627,14255,0.642,,,,,,,,
15628,14256,0.6,,,,,,,,
15629,14257,0.6,,,,,,,,
15630,14258,0.705,,,,,,,,
15631,14259,2.395,,,,,,,,
15632,14260,0.6,,,,,,,,
15633,14261,0.6,,,,,,,3.0,7.6
15634,14262,2.06,,,,,,,,
15635,14263,1.086,,,,,,,,
15636,14263,0.6,,,,,,,,
15637,14263,0.6,,,,,,,,
15638,14264,2.469,,,,,,,,
15639,14265,0.6,,,,,,,,
15640,14266,1.428,,,,,,,,
15641,14267,0.6,,,,,,,,
15642,14268,0.6,,,,,,,,
15643,14269,5.712,,,,,,,,
15644,14270,0.6,,,,,,,,
15645,14271,4.393,,,,,,,,
15646,14272,2.256,,,,,,,,
15647,14273,0.6,,,,,,,,
15648,14274,1.946,,,,,,,,
15649,14275,0.6,,,,,,,,
15650,14276,0.6,,,,,,,,
15651,14277,0.6,,,,,,,,
15652,14278,2.637,,,,,,,,
15653,14279,1.802,,,,,,,,
15654,14280,7.213,,,,,,,,
15655,14281,1.832,,,,,,,,
15656,14282,,1.0,0.0,2003,Russell Crowe's rough charm is put to good use in this masterful adaptation of Patrick O'Brian's novel.,Certified-Fresh,85.0,0.0,7.4
15657,14283,0.755,,,,,,,,
15658,14284,0.6,,,,,,,,
15659,14285,1.157,,,,,,,,
15660,14286,0.675,,,,,,,,
15661,14287,0.6,,,,,,,,
15662,14288,0.6,,,,,,,,
15663,14289,1.326,,,,,,,,
15664,14290,9.981,,,,,,,3.0,6.4
15665,14291,0.6,,,,,,,,
15666,14292,,,,,,,,3.0,7.6
15667,14293,0.6,,,,,,,,
15668,14294,0.6,,,,,,,,
15669,14295,0.6,,,,,,,,
15670,14296,0.6,,,,,,,,
15671,14297,0.6,,,,,,,,
15672,14298,0.6,,,,,,,,
15673,14299,0.875,,,,,,,,
15674,14300,0.6,,,,,,,,
15675,14301,0.6,,,,,,,,
15676,14302,1.4,,,,,,,,
15677,14303,0.679,,,,,,,,
15678,14304,14.944,,,,,,,,
15679,14304,8.344,,,,,,,,
15680,14305,0.6,,,,,,,,
15681,14306,1.252,,,,,,,,
15682,14307,2.345,,,,,,,,
15683,14308,5.28,,,,,,,,
15684,14309,0.6,,,,,,,,
15685,14310,0.6,,,,,,,,
15686,14311,0.6,,,,,,,,
15687,14312,0.6,,,,,,,,
15688,14313,0.6,,,,,,,,
15689,14314,0.627,,,,,,,3.0,6.6
15690,14315,1.664,,,,,,,,
15691,14316,0.6,,,,,,,,
15692,14317,1.37,,,,,,,,
15693,14318,0.6,,,,,,,,
15694,14319,0.6,,,,,,,,
15695,14320,23.138,,,,,,,2.0,5.4
15696,14321,1.188,,,,,,,,
15697,14322,0.6,,,,,,,,
15698,14323,9.39,,,,,,,3.0,6.6
15699,14324,12.302,,,,,,,,
15700,14325,4.066,,,,,,,,
15701,14326,1.754,,,,,,,,
15702,14326,1.042,,,,,,,,
15703,14326,0.697,,,,,,,,
15704,14327,0.6,,,,,,,,
15705,14328,0.6,,,,,,,,
15706,14329,0.84,,,,,,,,
15707,14330,0.6,,,,,,,,
15708,14331,0.6,,,,,,,,
15709,14332,0.6,,,,,,,,
15710,14333,1.792,,,,,,,,
15711,14334,14.738,,,,,,,3.0,6.4
15712,14335,1.4,,,,,,,,
15713,14336,0.6,,,,,,,,
15714,14337,0.6,,,,,,,,
15715,14338,0.781,,,,,,,,
15716,14339,,,,,,,,3.0,7.7
15717,14340,3.048,,,,,,,,
15718,14341,0.6,,,,,,,,
15719,14342,1.557,,,,,,,,
15720,14343,0.6,,,,,,,,
15721,14344,2.02,,,,,,,,
15722,14345,112.295,,,,,,,,
15723,14346,0.6,,,,,,,,
15724,14347,0.6,,,,,,,,
15725,14348,0.6,,,,,,,,
15726,14349,3.527,,,,,,,,
15727,14350,0.6,,,,,,,,
15728,14351,1.331,,,,,,,,
15729,14352,0.6,,,,,,,,
15730,14353,0.6,,,,,,,,
15731,14354,3.385,,,,,,,,
15732,14354,0.979,,,,,,,,
15733,14355,3.093,,,,,,,,
15734,14356,0.713,,,,,,,,
15735,14357,1.56,,,,,,,,
15736,14358,0.6,,,,,,,,
15737,14359,1.535,,,,,,,,
15738,14360,0.6,,,,,,,,
15739,14361,0.6,,,,,,,,
15740,14362,0.608,,,,,,,,
15741,14363,0.6,,,,,,,,
15742,14364,0.6,,,,,,,,
15743,14365,0.6,,,,,,,,
15744,14366,1.332,,,,,,,,
15745,14367,0.6,,,,,,,,
15746,14368,1.234,,,,,,,,
15747,14369,1.521,,,,,,,,
15748,14370,0.671,,,,,,,,
15749,14371,12.574,,,,,,,,
15750,14371,2.197,,,,,,,,
15751,14372,16.399,,,,,,,,
15752,14373,0.84,,,,,,,,
15753,14374,0.6,,,,,,,,
15754,14375,0.84,,,,,,,,
15755,14376,0.6,,,,,,,,
15756,14377,2.667,,,,,,,,
15757,14378,2.87,,,,,,,,
15758,14379,12.562,,,,,,,3.0,4.8
15759,14380,1.021,,,,,,,,
15760,14381,9.224,,,,,,,,
15761,14382,5.803,,,,,,,,
15762,14383,2.012,,,,,,,,
15763,14384,10.129,,,,,,,,
15764,14385,9.299,,,,,,,,
15765,14386,9.703,,,,,,,,
15766,14387,2.632,,,,,,,,
15767,14388,0.6,,,,,,,,
15768,14389,11.111,,,,,,,,
15769,14390,2.881,,,,,,,,
15770,14391,60.183,,,,,,,,
15771,14392,0.776,,,,,,,,
15772,14393,28.563,,,,,,,,
15773,14394,0.6,,,,,,,,
15774,14395,0.6,,,,,,,,
15775,14396,1.4,,,,,,,,
15776,14397,0.6,,,,,,,,
15777,14398,0.6,,,,,,,3.0,7.1
15778,14399,1.817,,,,,,,,
15779,14400,0.6,,,,,,,,
15780,14401,0.6,,,,,,,2.0,7.6
15781,14402,0.6,,,,,,,,
15782,14403,1.305,,,,,,,,
15783,14404,0.6,,,,,,,,
15784,14405,0.6,,,,,,,,
15785,14406,0.6,,,,,,,,
15786,14407,,,,,,,,1.0,8.4
15787,14408,6.328,,,,,,,3.0,6.3
15788,14408,0.71,,,,,,,3.0,6.3
15789,14408,0.681,,,,,,,3.0,6.3
15790,14408,0.6,,,,,,,3.0,6.3
15791,14408,0.6,,,,,,,3.0,6.3
15792,14409,0.6,,,,,,,,
15793,14410,0.842,,,,,,,,
15794,14411,0.6,,,,,,,,
15795,14412,0.6,,,,,,,,
15796,14413,2.424,,,,,,,,
15797,14414,1.354,,,,,,,,
15798,14415,0.841,,,,,,,,
15799,14416,0.6,,,,,,,,
15800,14417,3.848,,,,,,,,
15801,14417,0.622,,,,,,,,
15802,14418,0.6,,,,,,,,
15803,14419,1.481,,,,,,,,
15804,14420,25.063,,,,,,,3.0,6.1
15805,14421,11.505,,,,,,,,
15806,14422,1.167,,,,,,,,
15807,14423,0.6,,,,,,,,
15808,14424,0.986,,,,,,,,
15809,14425,0.6,,,,,,,,
15810,14426,0.6,,,,,,,,
15811,14427,0.6,,,,,,,,
15812,14428,0.683,,,,,,,,
15813,14429,0.683,,,,,,,,
15814,14430,0.6,,,,,,,,
15815,14431,0.6,,,,,,,,
15816,14432,0.6,,,,,,,,
15817,14433,1.022,,,,,,,,
15818,14434,0.6,,,,,,,,
15819,14435,0.633,,,,,,,,
15820,14436,0.6,,,,,,,,
15821,14437,0.68,,,,,,,,
15822,14438,2.449,,,,,,,,
15823,14439,16.491,,,,,,,,
15824,14439,0.973,,,,,,,,
15825,14440,3.77,,,,,,,3.0,4.9
15826,14441,3.238,,,,,,,,
15827,14442,0.6,,,,,,,,
15828,14443,5.965,,,,,,,,
15829,14444,3.026,,,,,,,,
15830,14445,8.355,,,,,,,,
15831,14446,40.952,,,,,,,,
15832,14447,2.779,,,,,,,,
15833,14448,1.3,,,,,,,,
15834,14449,0.6,,,,,,,,
15835,14450,0.6,,,,,,,3.0,6.7
15836,14451,0.6,,,,,,,,
15837,14452,0.6,,,,,,,,
15838,14453,0.6,,,,,,,,
15839,14454,0.6,,,,,,,,
15840,14455,0.6,,,,,,,,
15841,14456,2.066,,,,,,,1.0,2.7
15842,14457,0.6,,,,,,,,
15843,14458,0.857,,,,,,,,
15844,14459,0.6,,,,,,,,
15845,14460,1.357,,,,,,,,
15846,14461,4.025,,,,,,,,
15847,14462,1.4,,,,,,,,
15848,14463,1.4,,,,,,,,
15849,14464,31.216,,,,,,,,
15850,14465,5.419,,,,,,,3.0,6.3
15851,14466,0.6,,,,,,,,
15852,14467,0.6,,,,,,,,
15853,14468,0.6,,,,,,,,
15854,14469,0.6,,,,,,,,
15855,14470,0.6,,,,,,,,
15856,14471,0.6,,,,,,,,
15857,14472,13.023,,,,,,,,
15858,14472,4.873,,,,,,,,
15859,14472,3.74,,,,,,,,
15860,14472,2.414,,,,,,,,
15861,14473,2.434,,,,,,,,
15862,14474,1.802,,,,,,,,
15863,14475,0.6,,,,,,,,
15864,14476,0.84,,,,,,,,
15865,14477,0.6,,,,,,,,
15866,14478,0.6,,,,,,,,
15867,14479,2.008,,,,,,,,
15868,14480,0.6,,,,,,,,
15869,14481,0.6,,,,,,,,
15870,14482,,,,,,,,1.0,8.3
15871,14483,0.897,,,,,,,,
15872,14484,0.6,,,,,,,,
15873,14485,0.84,,,,,,,,
15874,14486,2.744,,,,,,,,
15875,14487,3.228,,,,,,,,
15876,14488,0.6,,,,,,,,
15877,14489,1.09,,,,,,,,
15878,14490,0.806,,,,,,,,
15879,14491,0.664,,,,,,,,
15880,14492,0.6,,,,,,,,
15881,14493,1.075,,,,,,,,
15882,14494,,1.0,0.0,2007,"Michael Clayton is one of the most sharply scripted films of 2007, with an engrossing premise and faultless acting. Director Tony Gilroy succeeds not only in capturing the audience's attention, but holding it until the credits roll.",Certified-Fresh,91.0,2.0,7.2
15883,14495,0.6,,,,,,,,
15884,14496,10.242,,,,,,,,
15885,14497,1.292,,,,,,,,
15886,14498,0.6,,,,,,,,
15887,14499,5.839,,,,,,,,
15888,14500,4.449,,,,,,,,
15889,14501,0.6,,,,,,,,
15890,14502,0.6,,,,,,,,
15891,14503,0.756,,,,,,,,
15892,14504,0.6,,,,,,,,
15893,14505,0.6,,,,,,,,
15894,14506,1.908,,,,,,,,
15895,14507,2.774,,,,,,,,
15896,14507,1.207,,,,,,,,
15897,14507,0.61,,,,,,,,
15898,14507,0.6,,,,,,,,
15899,14507,0.6,,,,,,,,
15900,14507,0.6,,,,,,,,
15901,14507,0.6,,,,,,,,
15902,14508,1.16,,,,,,,,
15903,14509,0.84,,,,,,,,
15904,14510,0.954,,,,,,,,
15905,14511,0.6,,,,,,,,
15906,14512,1.4,,,,,,,,
15907,14513,1.046,,,,,,,,
15908,14514,2.649,,,,,,,,
15909,14515,0.6,,,,,,,,
15910,14516,,0.0,1.0,1969,"John Schlesinger's gritty, unrelentingly bleak look at the seedy underbelly of urban American life is undeniably disturbing, but Dustin Hoffman and Jon Voight's performances make it difficult to turn away.",Certified-Fresh,88.0,1.0,7.8
15911,14517,0.6,,,,,,,,
15912,14518,0.6,,,,,,,,
15913,14519,0.6,,,,,,,,
15914,14520,0.6,,,,,,,,
15915,14521,,1.0,0.0,1978,"Raw and unrelenting, Midnight Express is riveting in its realistic depiction of incarceration -- mining pathos from the simple act of enduring hardship.",Fresh,96.0,0.0,7.6
15916,14522,0.84,,,,,,,,
15917,14523,0.6,,,,,,,,
15918,14524,0.6,,,,,,,,
15919,14525,1.151,,,,,,,,
15920,14526,0.6,,,,,,,,
15921,14527,0.6,,,,,,,,
15922,14528,5.043,,,,,,,,
15923,14528,0.6,,,,,,,,
15924,14528,0.6,,,,,,,,
15925,14529,7.39,,,,,,,,
15926,14530,0.6,,,,,,,,
15927,14531,1.717,,,,,,,,
15928,14532,1.526,,,,,,,,
15929,14533,0.6,,,,,,,,
15930,14534,1.344,,,,,,,,
15931,14535,6.303,,,,,,,,
15932,14536,1.1,,,,,,,,
15933,14537,2.513,,,,,,,,
15934,14538,1.486,,,,,,,,
15935,14539,0.6,,,,,,,,
15936,14540,2.995,,,,,,,,
15937,14541,0.6,,,,,,,,
15938,14542,0.6,,,,,,,,
15939,14543,0.6,,,,,,,,
15940,14544,0.6,,,,,,,,
15941,14545,0.6,,,,,,,,
15942,14546,0.6,,,,,,,,
15943,14547,2.044,,,,,,,,
15944,14547,0.6,,,,,,,,
15945,14548,0.6,,,,,,,,
15946,14548,0.6,,,,,,,,
15947,14549,4.115,,,,,,,,
15948,14550,0.6,,,,,,,,
15949,14551,0.6,,,,,,,,
15950,14552,0.6,,,,,,,,
15951,14553,0.6,,,,,,,,
15952,14554,0.6,,,,,,,,
15953,14555,0.6,,,,,,,,
15954,14556,1.561,,,,,,,,
15955,14557,1.341,,,,,,,,
15956,14558,0.6,,,,,,,,
15957,14559,0.6,,,,,,,,
15958,14560,0.802,,,,,,,,
15959,14561,0.913,,,,,,,,
15960,14562,,1.0,0.0,2011,"It may not boast the depth of his classic films, but the sweetly sentimental Midnight in Paris is funny and charming enough to satisfy Woody Allen fans.",Certified-Fresh,93.0,3.0,7.7
15961,14563,0.928,,,,,,,,
15962,14564,0.6,,,,,,,,
15963,14565,0.84,,,,,,,,
15964,14566,5.049,,,,,,,,
15965,14567,17.58,,,,,,,,
15966,14568,1.064,,,,,,,,
15967,14569,3.315,,,,,,,,
15968,14570,58.67,,,,,,,3.0,7.1
15969,14571,3.72,,,,,,,,
15970,14572,0.6,,,,,,,,
15971,14573,0.6,,,,,,,,
15972,14574,0.6,,,,,,,,
15973,14575,0.6,,,,,,,,
15974,14576,0.6,,,,,,,,
15975,14577,0.6,,,,,,,,
15976,14578,0.6,,,,,,,,
15977,14579,0.6,,,,,,,,
15978,14580,0.6,,,,,,,,
15979,14581,0.6,,,,,,,,
15980,14582,0.6,,,,,,,,
15981,14583,0.6,,,,,,,,
15982,14584,7.882,,,,,,,,
15983,14585,0.6,,,,,,,,
15984,14586,2.177,,,,,,,,
15985,14587,,1.0,0.0,1945,"Tied together by a powerhouse performance from Joan Crawford, Mildred Pierce blends noir and social drama to soapily intoxicating effect.",Certified-Fresh,86.0,3.0,8.0
15986,14588,0.6,,,,,,,,
15987,14589,4.003,,,,,,,,
15988,14590,0.712,1.0,0.0,2008,"Anchored by Sean Penn's powerhouse performance, Milk is a triumphant account of America's first openly gay man elected to public office.",Certified-Fresh,93.0,1.0,7.5
15989,14590,0.6,1.0,0.0,2008,"Anchored by Sean Penn's powerhouse performance, Milk is a triumphant account of America's first openly gay man elected to public office.",Certified-Fresh,93.0,1.0,7.5
15990,14591,0.6,,,,,,,,
15991,14592,0.6,,,,,,,,
15992,14593,0.917,,,,,,,,
15993,14594,0.852,,,,,,,,
15994,14595,3.743,,,,,,,,
15995,14596,0.772,,,,,,,,
15996,14597,0.6,,,,,,,,
15997,14598,,,,,,,,,
15998,14599,,0.0,1.0,2004,"Clint Eastwood's assured direction - combined with knockout performances from Hilary Swank and Morgan Freeman - help Million Dollar Baby to transcend its clichés, and the result is deeply heartfelt and moving.",Certified-Fresh,91.0,3.0,8.1
15999,14600,3.259,,,,,,,,
16000,14601,2.722,,,,,,,,
16001,14602,2.188,,,,,,,,
16002,14603,0.6,,,,,,,,
16003,14604,0.6,,,,,,,,
16004,14605,3.788,,,,,,,,
16005,14606,2.258,,,,,,,,
16006,14607,,,,,,,,,
16007,14608,16.409,,,,,,,,
16008,14608,0.716,,,,,,,,
16009,14609,13.673,,,,,,,,
16010,14610,13.0,,,,,,,,
16011,14611,0.6,,,,,,,,
16012,14612,0.6,,,,,,,,
16013,14613,0.6,,,,,,,,
16014,14614,1.092,,,,,,,,
16015,14615,0.6,,,,,,,,
16016,14616,0.6,,,,,,,,
16017,14617,0.6,,,,,,,,
16018,14618,0.6,,,,,,,,
16019,14619,2.265,,,,,,,,
16020,14619,0.914,,,,,,,,
16021,14620,1.471,,,,,,,,
16022,14621,1.313,,,,,,,,
16023,14622,0.6,,,,,,,,
16024,14623,4.946,,,,,,,,
16025,14624,2.854,,,,,,,,
16026,14625,0.6,,,,,,,,
16027,14626,1.879,,,,,,,,
16028,14627,0.963,,,,,,,,
16029,14627,0.6,,,,,,,,
16030,14628,0.823,,,,,,,,
16031,14629,2.512,,,,,,,,
16032,14630,4.398,,,,,,,,
16033,14631,6.89,,,,,,,3.0,5.3
16034,14632,0.82,,,,,,,,
16035,14633,0.6,,,,,,,,
16036,14634,0.6,,,,,,,,
16037,14635,,,,,,,,1.0,7.6
16038,14636,8.719,,,,,,,,
16039,14637,0.6,,,,,,,,
16040,14638,0.6,,,,,,,,
16041,14639,4.035,,,,,,,,
16042,14640,4.378,,,,,,,,
16043,14641,0.674,,,,,,,,
16044,14642,0.629,,,,,,,,
16045,14643,0.6,,,,,,,,
16046,14644,1.12,,,,,,,,
16047,14645,0.737,,,,,,,,
16048,14646,,,,,,,,,
16049,14647,,1.0,0.0,1947,"Irrefutable proof that gentle sentimentalism can be the chief ingredient in a wonderful film, Miracle on 34th Street delivers a warm holiday message without resorting to treacle.",Certified-Fresh,96.0,3.0,7.9
16050,14647,,1.0,0.0,1947,"Irrefutable proof that gentle sentimentalism can be the chief ingredient in a wonderful film, Miracle on 34th Street delivers a warm holiday message without resorting to treacle.",Certified-Fresh,96.0,3.0,7.9
16051,14648,0.6,,,,,,,,
16052,14649,1.881,,,,,,,3.0,7.4
16053,14649,0.6,,,,,,,3.0,7.4
16054,14650,0.739,,,,,,,,
16055,14651,0.745,,,,,,,,
16056,14652,0.6,,,,,,,,
16057,14653,0.627,,,,,,,,
16058,14654,0.735,,,,,,,,
16059,14655,3.18,,,,,,,3.0,5.6
16060,14655,0.6,,,,,,,3.0,5.6
16061,14656,2.291,,,,,,,,
16062,14657,0.6,,,,,,,,
16063,14658,0.6,,,,,,,,
16064,14659,2.369,,,,,,,,
16065,14660,2.209,,,,,,,,
16066,14661,0.6,,,,,,,,
16067,14662,25.389,,,,,,,1.0,6.1
16068,14662,1.596,,,,,,,1.0,6.1
16069,14663,18.309,,,,,,,,
16070,14664,2.025,,,,,,,,
16071,14665,1.469,,,,,,,,
16072,14666,6.572,,,,,,,,
16073,14666,4.606,,,,,,,,
16074,14667,0.6,,,,,,,,
16075,14668,0.6,,,,,,,,
16076,14669,0.6,,,,,,,,
16077,14670,,,,,,,,1.0,7.8
16078,14671,0.6,,,,,,,,
16079,14672,0.979,,,,,,,,
16080,14673,3.842,,,,,,,,
16081,14674,0.6,,,,,,,,
16082,14675,0.6,,,,,,,,
16083,14676,0.65,,,,,,,,
16084,14676,0.614,,,,,,,,
16085,14677,0.6,,,,,,,,
16086,14678,2.029,,,,,,,,
16087,14679,0.84,,,,,,,,
16088,14680,0.6,,,,,,,,
16089,14681,0.6,,,,,,,,
16090,14682,0.631,,,,,,,,
16091,14683,0.883,,,,,,,,
16092,14684,0.602,,,,,,,,
16093,14685,0.951,,,,,,,,
16094,14686,0.6,,,,,,,,
16095,14687,0.6,,,,,,,,
16096,14688,0.6,,,,,,,,
16097,14689,0.6,,,,,,,,
16098,14690,6.003,,,,,,,,
16099,14691,2.892,,,,,,,,
16100,14692,1.575,,,,,,,3.0,7.7
16101,14692,1.575,,,,,,,3.0,7.1
16102,14692,1.175,,,,,,,3.0,7.7
16103,14692,1.175,,,,,,,3.0,7.1
16104,14692,0.6,,,,,,,3.0,7.7
16105,14692,0.6,,,,,,,3.0,7.1
16106,14692,0.6,,,,,,,3.0,7.7
16107,14692,0.6,,,,,,,3.0,7.1
16108,14692,0.6,,,,,,,3.0,7.7
16109,14692,0.6,,,,,,,3.0,7.1
16110,14693,0.75,,,,,,,,
16111,14694,0.67,,,,,,,,
16112,14695,3.308,,,,,,,,
16113,14696,1.407,,,,,,,,
16114,14697,1.046,,,,,,,,
16115,14698,0.6,,,,,,,,
16116,14699,0.6,,,,,,,,
16117,14700,0.6,,,,,,,,
16118,14701,1.406,,,,,,,,
16119,14702,0.6,,,,,,,,
16120,14703,0.6,,,,,,,,
16121,14704,0.6,,,,,,,,
16122,14705,4.845,,,,,,,,
16123,14706,0.6,,,,,,,,
16124,14707,,,,,,,,,
16125,14708,,1.0,0.0,1988,Mississippi Burning draws on real-life tragedy to impart a worthy message with the measured control of an intelligent drama and the hard-hitting impact of a thriller.,Fresh,84.0,,7.8
16126,14709,4.155,,,,,,,,
16127,14710,0.6,,,,,,,,
16128,14711,0.652,,,,,,,,
16129,14712,1.148,,,,,,,,
16130,14713,2.894,,,,,,,,
16131,14714,0.6,,,,,,,,
16132,14715,,1.0,0.0,1955,,Fresh,92.0,,7.7
16133,14716,0.6,,,,,,,,
16134,14717,0.6,,,,,,,,
16135,14718,0.6,,,,,,,,
16136,14719,0.6,,,,,,,,
16137,14720,0.6,,,,,,,,
16138,14721,0.6,,,,,,,,
16139,14722,0.6,,,,,,,,
16140,14723,0.6,,,,,,,,
16141,14724,0.6,,,,,,,,
16142,14725,0.6,,,,,,,,
16143,14726,2.326,,,,,,,,
16144,14727,0.75,,,,,,,,
16145,14728,0.6,,,,,,,,
16146,14728,0.6,,,,,,,,
16147,14729,0.84,,,,,,,,
16148,14730,0.6,,,,,,,,
16149,14731,0.6,,,,,,,,
16150,14732,0.6,,,,,,,,
16151,14733,0.6,,,,,,,,
16152,14734,0.6,,,,,,,,
16153,14735,0.6,,,,,,,,
16154,14736,0.6,,,,,,,,
16155,14737,0.6,,,,,,,,
16156,14738,0.6,,,,,,,,
16157,14739,0.6,,,,,,,,
16158,14740,0.84,,,,,,,,
16159,14741,,,,,,,,3.0,7.6
16160,14742,0.6,,,,,,,3.0,6.1
16161,14743,3.997,,,,,,,,
16162,14744,17.578,,,,,,,,
16163,14744,0.6,,,,,,,,
16164,14744,0.6,,,,,,,,
16165,14745,2.644,,,,,,,,
16166,14746,0.6,,,,,,,,
16167,14747,2.435,,,,,,,,
16168,14748,7.272,,,,,,,,
16169,14749,0.6,,,,,,,,
16170,14750,0.6,,,,,,,,
16171,14751,0.6,,,,,,,,
16172,14752,,,,,,,,0.0,8.5
16173,14753,5.283,,,,,,,,
16174,14754,1.094,,,,,,,,
16175,14755,1.244,,,,,,,,
16176,14756,1.018,,,,,,,,
16177,14757,0.6,,,,,,,,
16178,14758,0.6,,,,,,,,
16179,14759,0.97,,,,,,,,
16180,14760,0.719,,,,,,,,
16181,14761,0.6,,,,,,,,
16182,14762,0.6,,,,,,,,
16183,14763,1.558,,,,,,,,
16184,14764,8.577,,,,,,,,
16185,14765,2.3,,,,,,,,
16186,14766,17.336,,,,,,,3.0,5.6
16187,14767,11.775,,,,,,,,
16188,14768,0.6,,,,,,,,
16189,14769,0.6,,,,,,,,
16190,14770,0.6,,,,,,,,
16191,14771,0.84,,,,,,,,
16192,14772,0.6,,,,,,,,
16193,14773,0.812,,,,,,,3.0,8.0
16194,14773,0.64,,,,,,,3.0,8.0
16195,14774,0.6,,,,,,,,
16196,14775,0.795,,,,,,,,
16197,14776,1.194,,,,,,,,
16198,14777,0.926,,,,,,,,
16199,14778,0.6,,,,,,,,
16200,14779,0.6,,,,,,,,
16201,14779,0.6,,,,,,,,
16202,14780,0.666,,,,,,,,
16203,14781,0.6,,,,,,,,
16204,14782,0.6,,,,,,,,
16205,14783,0.6,,,,,,,,
16206,14784,0.6,,,,,,,,
16207,14785,0.6,,,,,,,,
16208,14786,0.6,,,,,,,,
16209,14787,0.6,,,,,,,,
16210,14788,1.843,,,,,,,,
16211,14789,4.652,,,,,,,,
16212,14790,1.4,,,,,,,,
16213,14791,0.6,,,,,,,,
16214,14792,0.6,,,,,,,,
16215,14793,0.6,,,,,,,,
16216,14794,1.513,,,,,,,,
16217,14795,0.6,,,,,,,,
16218,14796,0.6,,,,,,,,
16219,14797,0.833,,,,,,,,
16220,14798,1.098,,,,,,,,
16221,14799,0.6,,,,,,,,
16222,14800,0.6,,,,,,,,
16223,14801,,1.0,0.0,2011,"Director Bennett Miller, along with Brad Pitt and Jonah Hill, take a niche subject and turn it into a sharp, funny, and touching portrait worthy of baseball lore.",Certified-Fresh,94.0,1.0,7.6
16224,14802,0.6,,,,,,,,
16225,14803,7.905,,,,,,,3.0,3.4
16226,14804,1.071,,,,,,,,
16227,14805,0.6,,,,,,,,
16228,14806,0.6,,,,,,,,
16229,14806,0.6,,,,,,,,
16230,14807,0.626,,,,,,,,
16231,14807,0.6,,,,,,,,
16232,14808,1.484,,,,,,,,
16233,14809,0.6,,,,,,,,
16234,14810,0.6,,,,,,,,
16235,14811,8.756,,,,,,,,
16236,14812,0.6,,,,,,,,
16237,14813,0.6,,,,,,,,
16238,14814,,,,,,,,3.0,8.3
16239,14815,0.6,,,,,,,,
16240,14816,0.6,,,,,,,,
16241,14817,0.6,,,,,,,,
16242,14818,0.6,,,,,,,,
16243,14819,3.906,,,,,,,3.0,7.3
16244,14819,2.589,,,,,,,3.0,7.3
16245,14819,1.503,,,,,,,3.0,7.3
16246,14819,0.84,,,,,,,3.0,7.3
16247,14819,0.83,,,,,,,3.0,7.3
16248,14819,0.6,,,,,,,3.0,7.3
16249,14819,0.6,,,,,,,3.0,7.3
16250,14819,0.6,,,,,,,3.0,7.3
16251,14820,3.646,,,,,,,,
16252,14821,5.745,,,,,,,,
16253,14822,2.712,,,,,,,,
16254,14823,0.6,,,,,,,,
16255,14824,1.052,,,,,,,,
16256,14825,1.095,,,,,,,,
16257,14826,0.6,,,,,,,,
16258,14827,0.742,,,,,,,,
16259,14828,5.264,,,,,,,,
16260,14829,0.6,,,,,,,,
16261,14830,6.262,,,,,,,3.0,5.2
16262,14831,1.4,,,,,,,,
16263,14832,4.811,,,,,,,,
16264,14832,0.6,,,,,,,,
16265,14833,0.6,,,,,,,,
16266,14834,0.624,,,,,,,,
16267,14835,5.23,,,,,,,,
16268,14836,2.159,,,,,,,,
16269,14837,1.973,,,,,,,,
16270,14838,0.6,,,,,,,,
16271,14839,5.466,,,,,,,,
16272,14840,0.6,,,,,,,,
16273,14841,8.923,,,,,,,,
16274,14842,0.911,,,,,,,,
16275,14843,0.6,,,,,,,,
16276,14844,0.6,,,,,,,,
16277,14845,0.84,,,,,,,,
16278,14846,1.641,,,,,,,,
16279,14847,2.398,,,,,,,,
16280,14848,1.094,,,,,,,,
16281,14849,1.4,,,,,,,,
16282,14850,6.407,,,,,,,,
16283,14851,3.191,,,,,,,,
16284,14852,2.494,,,,,,,,
16285,14853,0.6,,,,,,,,
16286,14854,0.634,,,,,,,,
16287,14855,2.214,,,,,,,,
16288,14856,0.985,,,,,,,,
16289,14857,0.6,,,,,,,,
16290,14858,0.6,,,,,,,,
16291,14859,1.662,,,,,,,,
16292,14860,1.404,,,,,,,,
16293,14861,0.979,,,,,,,,
16294,14862,0.795,,,,,,,0.0,6.3
16295,14862,0.6,,,,,,,0.0,6.3
16296,14863,1.719,,,,,,,,
16297,14864,0.6,,,,,,,,
16298,14865,2.101,,,,,,,,
16299,14866,1.917,,,,,,,,
16300,14867,1.552,,,,,,,,
16301,14868,0.6,,,,,,,,
16302,14869,1.494,,,,,,,,
16303,14870,0.6,,,,,,,,
16304,14871,0.6,,,,,,,,
16305,14872,,,,,,,,1.0,8.1
16306,14873,0.741,,,,,,,,
16307,14874,0.6,,,,,,,,
16308,14875,4.058,,,,,,,,
16309,14876,1.856,,,,,,,,
16310,14877,1.921,,,,,,,,
16311,14878,2.667,,,,,,,,
16312,14879,3.161,,,,,,,,
16313,14879,1.062,,,,,,,,
16314,14880,12.328,,,,,,,,
16315,14880,4.682,,,,,,,,
16316,14881,16.364,,,,,,,,
16317,14881,0.6,,,,,,,,
16318,14882,4.355,,,,,,,,
16319,14883,0.6,,,,,,,,
16320,14884,0.677,,,,,,,,
16321,14885,0.6,,,,,,,,
16322,14886,1.392,,,,,,,,
16323,14887,0.864,,,,,,,,
16324,14888,0.6,,,,,,,,
16325,14889,,,,,,,,2.0,8.2
16326,14890,0.6,,,,,,,,
16327,14891,,,,,,,,1.0,7.8
16328,14892,0.6,,,,,,,,
16329,14893,0.6,,,,,,,,
16330,14894,3.936,,,,,,,,
16331,14895,1.358,,,,,,,,
16332,14896,0.6,,,,,,,,
16333,14897,1.409,,,,,,,,
16334,14898,0.6,,,,,,,,
16335,14899,0.6,,,,,,,,
16336,14900,3.36,,,,,,,,
16337,14901,0.606,,,,,,,,
16338,14902,3.864,,,,,,,,
16339,14903,0.609,,,,,,,,
16340,14903,0.6,,,,,,,,
16341,14903,0.6,,,,,,,,
16342,14904,0.722,,,,,,,,
16343,14905,0.6,,,,,,,,
16344,14906,,0.0,1.0,2016,Moonlight uses one man's story to offer a remarkable and brilliantly crafted look at lives too rarely seen in cinema.,Certified-Fresh,98.0,1.0,7.4
16345,14907,1.431,,,,,,,,
16346,14908,0.6,,,,,,,,
16347,14909,0.6,,,,,,,,
16348,14910,0.756,,,,,,,,
16349,14911,1.293,,,,,,,,
16350,14912,,,,,,,,3.0,7.8
16351,14913,0.981,,,,,,,,
16352,14914,2.8,,,,,,,,
16353,14915,,1.0,0.0,1987,"Led by energetic performances from Nicolas Cage and Cher, Moonstruck is an exuberantly funny tribute to love and one of the decade's most appealing comedies.",Certified-Fresh,93.0,3.0,7.1
16354,14916,4.366,,,,,,,,
16355,14917,0.6,,,,,,,,
16356,14918,0.6,,,,,,,,
16357,14919,0.6,,,,,,,,
16358,14920,0.6,,,,,,,,
16359,14921,0.6,,,,,,,,
16360,14922,0.6,,,,,,,,
16361,14923,0.6,,,,,,,,
16362,14924,0.6,,,,,,,,
16363,14925,0.6,,,,,,,,
16364,14926,0.6,,,,,,,,
16365,14927,0.862,,,,,,,,
16366,14928,1.575,,,,,,,,
16367,14929,0.873,,,,,,,,
16368,14930,1.634,,,,,,,,
16369,14931,0.6,,,,,,,,
16370,14932,0.6,,,,,,,,
16371,14933,2.791,,,,,,,,
16372,14934,1.301,,,,,,,,
16373,14934,0.6,,,,,,,,
16374,14934,0.6,,,,,,,,
16375,14935,16.637,,,,,,,3.0,5.8
16376,14936,1.671,,,,,,,3.0,3.7
16377,14937,5.312,,,,,,,,
16378,14938,0.6,,,,,,,,
16379,14939,24.33,,,,,,,,
16380,14939,0.6,,,,,,,,
16381,14940,0.6,,,,,,,,
16382,14941,0.669,,,,,,,,
16383,14942,1.936,,,,,,,,
16384,14943,3.702,,,,,,,,
16385,14944,0.6,,,,,,,,
16386,14945,0.814,,,,,,,,
16387,14946,0.6,,,,,,,,
16388,14947,1.092,,,,,,,,
16389,14948,0.6,,,,,,,,
16390,14949,2.471,,,,,,,,
16391,14949,0.6,,,,,,,,
16392,14950,0.688,,,,,,,,
16393,14951,0.6,,,,,,,,
16394,14952,0.6,,,,,,,,
16395,14953,0.84,,,,,,,,
16396,14954,0.6,,,,,,,,
16397,14954,0.6,,,,,,,,
16398,14955,7.848,,,,,,,3.0,4.2
16399,14955,4.516,,,,,,,3.0,4.2
16400,14956,2.129,,,,,,,,
16401,14957,0.6,,,,,,,,
16402,14958,0.743,,,,,,,,
16403,14959,4.653,,,,,,,,
16404,14960,0.817,,,,,,,,
16405,14961,4.122,,,,,,,,
16406,14962,0.84,,,,,,,,
16407,14963,9.989,,,,,,,,
16408,14964,7.728,,,,,,,,
16409,14965,0.6,,,,,,,,
16410,14966,9.039,,,,,,,,
16411,14967,16.29,,,,,,,,
16412,14968,10.578,,,,,,,,
16413,14969,0.6,,,,,,,,
16414,14970,0.601,,,,,,,,
16415,14971,1.713,,,,,,,,
16416,14972,7.789,,,,,,,,
16417,14973,0.602,,,,,,,,
16418,14974,0.6,,,,,,,,
16419,14975,2.229,,,,,,,,
16420,14975,0.6,,,,,,,,
16421,14976,16.143,,,,,,,3.0,6.9
16422,14976,2.098,,,,,,,3.0,6.9
16423,14976,0.686,,,,,,,3.0,6.9
16424,14977,0.903,,,,,,,,
16425,14978,4.321,,,,,,,,
16426,14979,3.91,,,,,,,,
16427,14980,2.254,,,,,,,,
16428,14981,0.6,,,,,,,,
16429,14982,1.892,,,,,,,,
16430,14983,9.206,,,,,,,,
16431,14983,5.639,,,,,,,,
16432,14983,0.6,,,,,,,,
16433,14984,2.276,,,,,,,,
16434,14985,0.6,,,,,,,,
16435,14986,0.6,,,,,,,,
16436,14987,0.6,,,,,,,,
16437,14988,0.912,,,,,,,,
16438,14989,6.889,,,,,,,,
16439,14990,104.32,,,,,,,,
16440,14991,5.953,,,,,,,,
16441,14991,1.499,,,,,,,,
16442,14991,0.66,,,,,,,,
16443,14992,0.6,,,,,,,,
16444,14993,1.512,,,,,,,,
16445,14994,2.399,,,,,,,,
16446,14995,0.6,,,,,,,,
16447,14996,0.84,,,,,,,,
16448,14997,0.6,,,,,,,,
16449,14998,,,,,,,,,
16450,14999,0.847,,,,,,,,
16451,15000,,1.0,0.0,1952,,Fresh,78.0,,7.1
16452,15001,,1.0,0.0,2001,"A love-it-or-hate-it experience, Moulin Rouge is all style, all giddy, over-the-top spectacle. But it's also daring in its vision and wildly original.",Certified-Fresh,76.0,3.0,7.6
16453,15002,0.6,,,,,,,,
16454,15003,0.6,,,,,,,,
16455,15004,1.412,,,,,,,,
16456,15005,3.673,,,,,,,,
16457,15006,0.6,,,,,,,,
16458,15007,0.675,,,,,,,,
16459,15008,5.735,,,,,,,,
16460,15009,0.872,,,,,,,,
16461,15010,0.6,,,,,,,,
16462,15011,0.6,,,,,,,,
16463,15012,0.6,,,,,,,,
16464,15013,0.6,,,,,,,,
16465,15014,0.6,,,,,,,,
16466,15015,0.774,,,,,,,,
16467,15016,0.6,,,,,,,,
16468,15017,0.6,,,,,,,,
16469,15018,0.6,,,,,,,,
16470,15019,0.6,,,,,,,,
16471,15020,0.6,,,,,,,,
16472,15021,5.015,,,,,,,,
16473,15022,0.6,,,,,,,,
16474,15023,3.417,,,,,,,,
16475,15024,1.567,,,,,,,,
16476,15025,0.85,,,,,,,,
16477,15026,,1.0,0.0,1936,,Fresh,90.0,3.0,7.9
16478,15027,0.6,,,,,,,,
16479,15028,0.6,,,,,,,,
16480,15029,0.6,,,,,,,,
16481,15030,1.536,,,,,,,,
16482,15031,0.6,,,,,,,,
16483,15032,0.84,,,,,,,,
16484,15033,0.6,,,,,,,,
16485,15034,1.945,,,,,,,,
16486,15035,0.66,,,,,,,,
16487,15036,2.829,,,,,,,,
16488,15037,6.927,,,,,,,,
16489,15038,0.6,,,,,,,,
16490,15039,0.6,,,,,,,,
16491,15040,,,,,,,,1.0,7.7
16492,15041,1.296,,,,,,,,
16493,15042,0.6,,,,,,,,
16494,15043,3.868,,,,,,,,
16495,15044,,1.0,0.0,1939,Mr. Smith Goes to Washington -- and returns with an uplifting ode to idealism that distills the strengths of its director and leading man.,Certified-Fresh,96.0,2.0,8.1
16496,15045,0.6,,,,,,,,
16497,15046,0.6,,,,,,,,
16498,15047,0.6,,,,,,,,
16499,15048,0.6,,,,,,,,
16500,15049,0.719,,,,,,,,
16501,15050,8.125,,,,,,,,
16502,15051,3.671,,,,,,,,
16503,15052,5.225,,,,,,,,
16504,15053,5.257,,,,,,,,
16505,15054,0.608,,,,,,,3.0,3.8
16506,15055,0.6,,,,,,,,
16507,15056,1.451,,,,,,,,
16508,15056,1.034,,,,,,,,
16509,15057,1.693,,,,,,,,
16510,15058,1.152,,,,,,,,
16511,15058,0.6,,,,,,,,
16512,15059,3.621,,,,,,,,
16513,15060,,0.0,1.0,1942,"An excessively sentimental piece of propaganda, Mrs. Miniver nonetheless succeeds, due largely to Greer Garson's powerful performance.",Fresh,93.0,3.0,7.6
16514,15061,0.6,,,,,,,,
16515,15062,0.6,,,,,,,,
16516,15063,1.178,,,,,,,,
16517,15064,0.6,,,,,,,,
16518,15065,0.6,,,,,,,,
16519,15066,1.065,,,,,,,,
16520,15067,0.6,,,,,,,,
16521,15068,5.761,,,,,,,,
16522,15069,0.902,,,,,,,,
16523,15070,0.6,,,,,,,,
16524,15071,1.124,,,,,,,,
16525,15072,1.477,,,,,,,,
16526,15073,1.4,,,,,,,,
16527,15074,1.481,,,,,,,,
16528,15075,0.6,,,,,,,,
16529,15076,0.715,,,,,,,,
16530,15077,1.842,,,,,,,,
16531,15078,1.404,,,,,,,,
16532,15079,0.6,,,,,,,,
16533,15080,,,,,,,,3.0,7.7
16534,15080,,,,,,,,3.0,5.8
16535,15081,6.853,,,,,,,1.0,5.5
16536,15082,,,,,,,,3.0,7.9
16537,15083,0.6,,,,,,,,
16538,15084,0.6,,,,,,,,
16539,15085,0.6,,,,,,,,
16540,15086,0.6,,,,,,,,
16541,15087,1.545,,,,,,,,
16542,15088,1.138,,,,,,,,
16543,15089,6.008,,,,,,,,
16544,15090,0.6,,,,,,,,
16545,15091,0.6,,,,,,,,
16546,15092,0.6,,,,,,,,
16547,15093,1.803,,,,,,,,
16548,15094,0.6,,,,,,,,
16549,15095,3.003,,,,,,,,
16550,15096,2.747,,,,,,,,
16551,15097,0.705,,,,,,,,
16552,15098,4.55,,,,,,,,
16553,15099,0.6,,,,,,,,
16554,15100,3.019,,,,,,,,
16555,15101,3.844,,,,,,,,
16556,15102,1.199,,,,,,,,
16557,15103,2.799,,,,,,,,
16558,15104,4.701,,,,,,,,
16559,15105,0.742,,,,,,,,
16560,15106,3.931,,,,,,,,
16561,15107,,1.0,0.0,2005,"Munich can't quite achieve its lofty goals, but this thrilling, politically even-handed look at the fallout from an intractable political conflict is still well worth watching.",Certified-Fresh,78.0,1.0,7.5
16562,15108,,,,,,,,,
16563,15109,4.658,,,,,,,,
16564,15110,2.574,,,,,,,,
16565,15111,2.958,,,,,,,,
16566,15112,0.6,,,,,,,,
16567,15113,0.6,,,,,,,,
16568,15114,0.681,,,,,,,,
16569,15114,0.6,,,,,,,,
16570,15115,0.6,,,,,,,,
16571,15116,0.929,,,,,,,0.0,5.4
16572,15117,1.869,,,,,,,,
16573,15118,2.292,,,,,,,,
16574,15119,0.6,,,,,,,,
16575,15120,0.683,,,,,,,,
16576,15121,1.008,,,,,,,,
16577,15122,1.393,,,,,,,,
16578,15123,0.937,,,,,,,,
16579,15124,0.6,,,,,,,,
16580,15125,0.892,,,,,,,,
16581,15126,0.629,,,,,,,,
16582,15127,2.027,,,,,,,,
16583,15128,4.619,,,,,,,,
16584,15129,2.593,,,,,,,,
16585,15130,2.15,,,,,,,,
16586,15131,0.6,,,,,,,,
16587,15132,7.1,,,,,,,,
16588,15133,0.6,,,,,,,,
16589,15134,1.485,,,,,,,,
16590,15135,1.051,,,,,,,,
16591,15136,1.654,,,,,,,,
16592,15137,0.6,,,,,,,,
16593,15138,0.988,,,,,,,,
16594,15139,0.6,,,,,,,,
16595,15140,0.626,,,,,,,,
16596,15141,0.84,,,,,,,,
16597,15142,3.409,,,,,,,,
16598,15143,0.6,,,,,,,,
16599,15144,0.6,,,,,,,,
16600,15145,0.635,,,,,,,,
16601,15146,2.128,,,,,,,,
16602,15147,0.906,,,,,,,,
16603,15148,5.424,,,,,,,,
16604,15149,6.606,,,,,,,,
16605,15150,0.743,,,,,,,,
16606,15151,0.6,,,,,,,,
16607,15152,0.6,,,,,,,,
16608,15153,0.6,,,,,,,,
16609,15154,1.4,,,,,,,,
16610,15155,0.84,,,,,,,,
16611,15156,0.6,,,,,,,,
16612,15157,1.842,,,,,,,,
16613,15158,1.649,,,,,,,,
16614,15159,3.086,,,,,,,,
16615,15160,0.6,,,,,,,,
16616,15161,0.6,,,,,,,,
16617,15162,0.986,,,,,,,,
16618,15163,2.318,,,,,,,,
16619,15164,1.44,,,,,,,,
16620,15165,1.077,,,,,,,,
16621,15166,1.4,,,,,,,,
16622,15167,9.861,,,,,,,,
16623,15167,1.743,,,,,,,,
16624,15167,1.119,,,,,,,,
16625,15168,1.12,,,,,,,,
16626,15169,0.6,,,,,,,,
16627,15170,0.6,,,,,,,,
16628,15171,0.6,,,,,,,,
16629,15172,0.6,,,,,,,,
16630,15173,1.049,,,,,,,,
16631,15174,0.69,,,,,,,,
16632,15175,0.6,,,,,,,,
16633,15176,0.808,,,,,,,,
16634,15177,0.6,,,,,,,,
16635,15178,0.6,,,,,,,,
16636,15179,0.6,,,,,,,,
16637,15180,1.197,,,,,,,,
16638,15181,,,,,,,,3.0,7.6
16639,15182,2.169,,,,,,,,
16640,15183,0.625,,,,,,,,
16641,15184,1.519,,,,,,,,
16642,15185,11.96,,,,,,,,
16643,15186,5.107,,,,,,,,
16644,15187,1.861,,,,,,,,
16645,15188,1.555,,,,,,,,
16646,15189,0.6,,,,,,,,
16647,15190,0.6,,,,,,,,
16648,15191,2.118,,,,,,,,
16649,15192,2.183,,,,,,,,
16650,15193,1.4,,,,,,,,
16651,15194,0.643,,,,,,,,
16652,15195,0.6,,,,,,,,
16653,15196,0.6,,,,,,,,
16654,15197,9.848,,,,,,,3.0,5.5
16655,15197,3.28,,,,,,,3.0,5.5
16656,15198,2.433,,,,,,,,
16657,15199,0.932,,,,,,,,
16658,15199,0.6,,,,,,,,
16659,15200,0.6,,,,,,,,
16660,15201,0.621,,,,,,,,
16661,15202,1.514,,,,,,,,
16662,15203,0.684,,,,,,,,
16663,15204,6.53,,,,,,,,
16664,15205,0.6,,,,,,,,
16665,15206,0.6,,,,,,,,
16666,15207,0.6,,,,,,,,
16667,15208,0.6,,,,,,,,
16668,15209,0.742,,,,,,,,
16669,15210,,0.0,2.0,1935,"The historical inaccuracies in this high-seas adventure are more than offset by its timeless themes, larger-than-life performances from Clark Gable and Charles Laughton, and Frank Lloyd's superb direction.",Certified-Fresh,93.0,1.0,7.7
16670,15210,,0.0,2.0,1962,,Fresh,68.0,1.0,7.2
16671,15211,0.6,,,,,,,,
16672,15212,0.628,,,,,,,,
16673,15213,4.336,,,,,,,,
16674,15214,0.6,,,,,,,,
16675,15215,18.017,,,,,,,,
16676,15216,9.069,,,,,,,,
16677,15217,501.921,,,,,,,,
16678,15218,0.6,,,,,,,,
16679,15219,0.6,,,,,,,,
16680,15220,1.926,,,,,,,,
16681,15221,19.81,,,,,,,2.0,6.2
16682,15221,11.931,,,,,,,2.0,6.2
16683,15221,0.6,,,,,,,2.0,6.2
16684,15222,0.6,,,,,,,,
16685,15223,0.6,,,,,,,,
16686,15224,4.462,,,,,,,,
16687,15225,0.6,,,,,,,,
16688,15226,0.6,,,,,,,,
16689,15227,0.817,,,,,,,,
16690,15228,0.6,,,,,,,,
16691,15229,,,,,,,,1.0,7.6
16692,15230,1.081,,,,,,,,
16693,15231,0.615,,,,,,,,
16694,15232,0.936,,,,,,,,
16695,15233,2.352,,,,,,,,
16696,15234,1.973,,,,,,,,
16697,15235,0.6,,,,,,,,
16698,15236,4.651,,,,,,,2.0,4.6
16699,15237,0.6,,,,,,,,
16700,15238,1.55,,,,,,,,
16701,15239,0.97,,,,,,,,
16702,15240,0.6,,,,,,,,
16703,15241,0.6,,,,,,,,
16704,15242,0.812,,,,,,,,
16705,15243,1.652,,,,,,,,
16706,15244,,,,,,,,3.0,7.7
16707,15245,0.6,,,,,,,,
16708,15246,0.6,,,,,,,,
16709,15247,0.6,,,,,,,,
16710,15248,0.6,,,,,,,,
16711,15249,0.6,,,,,,,,
16712,15250,1.08,,,,,,,,
16713,15251,0.6,,,,,,,,
16714,15252,0.6,,,,,,,,
16715,15253,0.6,,,,,,,,
16716,15254,3.048,,,,,,,,
16717,15255,0.849,,,,,,,,
16718,15256,0.6,,,,,,,,
16719,15257,0.6,,,,,,,,
16720,15258,0.6,,,,,,,,
16721,15259,0.6,,,,,,,,
16722,15260,3.214,,,,,,,,
16723,15261,0.6,,,,,,,,
16724,15262,0.6,,,,,,,,
16725,15263,0.6,,,,,,,,
16726,15264,0.6,,,,,,,,
16727,15265,3.621,,,,,,,,
16728,15266,,1.0,0.0,1989,"No doubt most will come to My Left Foot for Daniel Day-Lewis' performance, but the movie's refusal to go downbeat will keep it in viewer minds afterwards.",Certified-Fresh,98.0,3.0,7.9
16729,15267,,,,,,,,,
16730,15268,6.635,,,,,,,,
16731,15269,0.6,,,,,,,,
16732,15270,5.667,,,,,,,,
16733,15271,0.6,,,,,,,,
16734,15272,0.6,,,,,,,,
16735,15273,1.192,,,,,,,,
16736,15274,0.6,,,,,,,,
16737,15275,6.65,,,,,,,,
16738,15276,0.6,,,,,,,,
16739,15276,0.6,,,,,,,,
16740,15277,0.6,,,,,,,,
16741,15278,0.6,,,,,,,,
16742,15279,6.494,,,,,,,,
16743,15280,,,,,,,,,
16744,15281,0.6,,,,,,,,
16745,15282,0.6,,,,,,,,
16746,15283,1.663,,,,,,,,
16747,15284,1.094,,,,,,,,
16748,15285,0.6,,,,,,,,
16749,15286,1.597,,,,,,,,
16750,15287,0.6,,,,,,,,
16751,15288,0.6,,,,,,,,
16752,15289,0.6,,,,,,,,
16753,15290,0.6,,,,,,,,
16754,15291,0.84,,,,,,,,
16755,15292,11.316,,,,,,,,
16756,15293,8.695,,,,,,,3.0,4.7
16757,15294,2.931,,,,,,,,
16758,15295,0.6,,,,,,,,
16759,15296,1.62,,,,,,,,
16760,15297,3.304,,,,,,,,
16761,15298,3.0,,,,,,,,
16762,15299,4.625,,,,,,,,
16763,15300,1.129,,,,,,,,
16764,15301,0.6,,,,,,,,
16765,15302,1.263,,,,,,,,
16766,15303,0.6,,,,,,,,
16767,15304,5.373,,,,,,,,
16768,15305,1.179,,,,,,,,
16769,15306,0.6,,,,,,,,
16770,15307,0.6,,,,,,,,
16771,15308,1.748,,,,,,,,
16772,15309,0.6,,,,,,,,
16773,15310,0.6,,,,,,,,
16774,15311,0.6,,,,,,,,
16775,15312,0.6,,,,,,,,
16776,15313,1.4,,,,,,,,
16777,15314,0.6,,,,,,,,
16778,15315,4.324,,,,,,,0.0,6.7
16779,15315,1.887,,,,,,,0.0,6.7
16780,15316,0.841,,,,,,,,
16781,15317,,,,,,,,1.0,7.6
16782,15318,0.6,,,,,,,,
16783,15319,0.6,,,,,,,,
16784,15320,0.6,,,,,,,,
16785,15321,0.6,,,,,,,,
16786,15322,0.6,,,,,,,,
16787,15323,0.84,,,,,,,,
16788,15324,0.6,,,,,,,,
16789,15325,0.657,,,,,,,,
16790,15326,0.641,,,,,,,,
16791,15327,0.6,,,,,,,,
16792,15328,0.6,,,,,,,,
16793,15329,0.6,,,,,,,,
16794,15330,1.09,,,,,,,,
16795,15331,0.6,,,,,,,,
16796,15332,0.6,,,,,,,,
16797,15333,0.6,,,,,,,,
16798,15334,0.843,,,,,,,,
16799,15335,0.6,,,,,,,,
16800,15336,0.6,,,,,,,,
16801,15337,0.946,,,,,,,,
16802,15338,0.6,,,,,,,,
16803,15339,0.6,,,,,,,,
16804,15340,2.733,,,,,,,,
16805,15341,,1.0,0.0,2003,"Anchored by the exceptional acting of its strong cast, Mystic River is a somber drama that unfolds in layers and conveys the tragedy of its story with visceral power.",Certified-Fresh,88.0,3.0,7.9
16806,15342,0.6,,,,,,,,
16807,15343,3.051,,,,,,,,
16808,15344,0.806,,,,,,,,
16809,15345,1.129,,,,,,,,
16810,15346,0.6,,,,,,,,
16811,15347,0.613,,,,,,,,
16812,15348,0.84,,,,,,,,
16813,15349,,,,,,,,,
16814,15350,0.6,,,,,,,,
16815,15351,11.813,,,,,,,,
16816,15352,0.6,,,,,,,,
16817,15353,1.122,,,,,,,,
16818,15354,0.6,,,,,,,,
16819,15355,0.6,,,,,,,,
16820,15356,1.343,,,,,,,,
16821,15357,0.6,,,,,,,,
16822,15358,0.6,,,,,,,,
16823,15359,0.6,,,,,,,,
16824,15360,0.6,,,,,,,,
16825,15361,0.6,,,,,,,,
16826,15362,0.6,,,,,,,,
16827,15363,0.6,,,,,,,,
16828,15364,0.749,,,,,,,,
16829,15365,0.6,,,,,,,,
16830,15366,0.642,,,,,,,,
16831,15367,0.626,,,,,,,,
16832,15368,0.6,,,,,,,,
16833,15369,0.6,,,,,,,,
16834,15370,1.37,,,,,,,,
16835,15371,6.386,,,,,,,,
16836,15372,0.6,,,,,,,,
16837,15373,0.6,,,,,,,,
16838,15374,1.024,,,,,,,,
16839,15375,7.781,,,,,,,,
16840,15376,0.6,,,,,,,,
16841,15377,3.572,,,,,,,,
16842,15378,1.4,,,,,,,,
16843,15379,2.044,,,,,,,,
16844,15380,1.465,,,,,,,,
16845,15381,3.006,,,,,,,,
16846,15382,3.942,,,,,,,,
16847,15383,0.84,,,,,,,,
16848,15384,0.6,,,,,,,,
16849,15385,0.638,,,,,,,,
16850,15386,5.933,,,,,,,,
16851,15387,0.775,,,,,,,,
16852,15387,0.686,,,,,,,,
16853,15388,7.411,,,,,,,,
16854,15388,1.376,,,,,,,,
16855,15389,1.753,,,,,,,,
16856,15390,1.2,,,,,,,,
16857,15391,0.6,,,,,,,,
16858,15392,,,,,,,,3.0,7.7
16859,15392,,,,,,,,2.0,5.4
16860,15393,0.6,,,,,,,,
16861,15394,1.321,,,,,,,,
16862,15395,0.883,,,,,,,,
16863,15396,5.556,,,,,,,,
16864,15397,2.244,,,,,,,,
16865,15398,0.6,,,,,,,,
16866,15399,1.36,,,,,,,,
16867,15400,17.782,,,,,,,,
16868,15401,2.162,,,,,,,,
16869,15402,0.84,,,,,,,,
16870,15403,0.6,,,,,,,,
16871,15403,0.6,,,,,,,,
16872,15404,3.26,,,,,,,,
16873,15405,0.6,,,,,,,,
16874,15406,2.4,,,,,,,,
16875,15406,0.6,,,,,,,,
16876,15407,2.033,,,,,,,,
16877,15408,0.6,,,,,,,,
16878,15409,0.6,,,,,,,,
16879,15410,0.6,,,,,,,,
16880,15411,0.6,,,,,,,,
16881,15412,142.096,,,,,,,,
16882,15413,0.6,,,,,,,,
16883,15414,,1.0,0.0,1975,"Robert Altman captures the bravado and cynicism of the American dream in Nashville, a sprawling epic bursting with vivid performances and an unforgettable soundtrack.",Certified-Fresh,90.0,3.0,7.7
16884,15415,0.6,,,,,,,,
16885,15416,0.6,,,,,,,,
16886,15417,0.6,,,,,,,,
16887,15418,0.6,,,,,,,,
16888,15419,0.858,,,,,,,,
16889,15420,0.84,,,,,,,,
16890,15421,0.6,,,,,,,,
16891,15422,0.6,,,,,,,,
16892,15423,5.931,,,,,,,,
16893,15424,0.6,,,,,,,,
16894,15425,3.104,,,,,,,,
16895,15426,0.665,,,,,,,,
16896,15427,1.241,,,,,,,,
16897,15428,1.539,,,,,,,,
16898,15429,0.6,,,,,,,,
16899,15430,0.6,,,,,,,,
16900,15431,0.6,,,,,,,,
16901,15432,0.6,,,,,,,,
16902,15433,3.481,,,,,,,,
16903,15433,1.196,,,,,,,,
16904,15434,0.661,,,,,,,,
16905,15435,0.6,,,,,,,,
16906,15436,0.6,,,,,,,,
16907,15437,0.6,,,,,,,,
16908,15438,1.96,,,,,,,,
16909,15439,11.041,,,,,,,,
16910,15440,1.176,,,,,,,,
16911,15441,0.6,,,,,,,,
16912,15442,1.205,,,,,,,,
16913,15443,1.308,,,,,,,,
16914,15444,9.874,,,,,,,,
16915,15445,6.53,,,,,,,,
16916,15446,0.6,,,,,,,,
16917,15447,0.6,,,,,,,,
16918,15448,18.16,,,,,,,,
16919,15449,1.519,,,,,,,,
16920,15450,0.6,,,,,,,,
16921,15451,,1.0,0.0,2013,"Elegant in its simplicity and poetic in its message, Nebraska adds another stirringly resonant chapter to Alexander Payne's remarkable filmography.",Certified-Fresh,91.0,3.0,7.7
16922,15452,0.6,,,,,,,,
16923,15453,1.817,,,,,,,,
16924,15454,0.6,,,,,,,,
16925,15455,0.6,,,,,,,,
16926,15456,2.864,,,,,,,,
16927,15457,0.6,,,,,,,,
16928,15458,0.6,,,,,,,,
16929,15459,0.612,,,,,,,,
16930,15460,0.6,,,,,,,,
16931,15461,1.133,,,,,,,,
16932,15462,1.431,,,,,,,,
16933,15462,1.029,,,,,,,,
16934,15463,3.581,,,,,,,,
16935,15464,2.189,,,,,,,,
16936,15465,0.621,,,,,,,,
16937,15466,0.6,,,,,,,,
16938,15467,5.792,,,,,,,,
16939,15468,0.6,,,,,,,,
16940,15469,7.546,,,,,,,,
16941,15470,1.94,,,,,,,,
16942,15471,3.864,,,,,,,,
16943,15472,1.102,,,,,,,,
16944,15473,0.6,,,,,,,,
16945,15474,0.6,,,,,,,,
16946,15475,2.275,,,,,,,,
16947,15476,0.913,,,,,,,,
16948,15477,0.6,,,,,,,,
16949,15478,0.629,,,,,,,,
16950,15479,4.039,,,,,,,,
16951,15479,1.201,,,,,,,,
16952,15480,0.6,,,,,,,,
16953,15481,1.36,,,,,,,,
16954,15482,2.128,,,,,,,,
16955,15483,0.902,,,,,,,,
16956,15484,0.6,,,,,,,,
16957,15485,13.907,,,,,,,,
16958,15486,6.089,,,,,,,,
16959,15487,2.371,,,,,,,,
16960,15488,0.6,,,,,,,,
16961,15489,2.178,,,,,,,,
16962,15490,0.932,,,,,,,,
16963,15491,1.061,,,,,,,,
16964,15491,0.6,,,,,,,,
16965,15491,0.6,,,,,,,,
16966,15491,0.6,,,,,,,,
16967,15492,,,,,,,,,
16968,15493,1.276,,,,,,,0.0,5.6
16969,15494,0.6,,,,,,,,
16970,15495,4.607,,,,,,,,
16971,15495,0.6,,,,,,,,
16972,15496,0.6,,,,,,,,
16973,15497,0.6,,,,,,,,
16974,15498,0.6,,,,,,,3.0,6.3
16975,15499,1.645,,,,,,,,
16976,15500,0.6,,,,,,,,
16977,15501,0.847,,,,,,,,
16978,15502,0.6,,,,,,,,
16979,15503,1.634,,,,,,,,
16980,15504,0.6,,,,,,,,
16981,15505,0.664,,,,,,,,
16982,15506,11.566,,,,,,,,
16983,15507,5.202,,,,,,,1.0,5.2
16984,15508,0.6,,,,,,,,
16985,15509,9.122,,,,,,,,
16986,15510,,,,,,,,,
16987,15511,0.617,,,,,,,,
16988,15512,0.6,,,,,,,,
16989,15513,0.6,,,,,,,,
16990,15514,0.6,,,,,,,,
16991,15515,0.6,,,,,,,,
16992,15516,0.6,,,,,,,,
16993,15517,2.908,,,,,,,,
16994,15518,2.134,,,,,,,,
16995,15519,5.676,,,,,,,,
16996,15520,0.941,,,,,,,,
16997,15521,2.635,,,,,,,,
16998,15522,0.6,,,,,,,,
16999,15523,0.6,,,,,,,,
17000,15524,0.6,,,,,,,3.0,6.5
17001,15524,0.6,,,,,,,3.0,6.5
17002,15525,0.6,,,,,,,,
17003,15526,0.6,,,,,,,,
17004,15527,0.6,,,,,,,,
17005,15528,0.894,,,,,,,,
17006,15528,0.6,,,,,,,,
17007,15528,0.6,,,,,,,,
17008,15529,0.6,,,,,,,,
17009,15530,0.84,,,,,,,,
17010,15531,1.641,,,,,,,,
17011,15532,0.6,,,,,,,,
17012,15533,2.621,,,,,,,,
17013,15534,1.361,,,,,,,,
17014,15535,,1.0,0.0,1976,"Driven by populist fury and elevated by strong direction, powerful acting, and an intelligent script, Network's searing satire of ratings-driven news remains sadly relevant more than four decades later.",Certified-Fresh,91.0,3.0,8.1
17015,15536,0.62,,,,,,,,
17016,15537,0.957,,,,,,,,
17017,15538,0.779,,,,,,,,
17018,15539,0.6,,,,,,,,
17019,15540,0.6,,,,,,,,
17020,15541,1.261,,,,,,,,
17021,15542,10.59,,,,,,,,
17022,15543,0.6,,,,,,,,
17023,15544,0.6,,,,,,,,
17024,15545,0.6,,,,,,,,
17025,15546,2.059,,,,,,,,
17026,15547,1.035,,,,,,,,
17027,15548,0.6,,,,,,,,
17028,15549,0.739,,,,,,,,
17029,15550,0.6,,,,,,,,
17030,15551,7.008,,,,,,,,
17031,15552,4.649,,,,,,,,
17032,15553,0.6,,,,,,,,
17033,15554,6.124,,,,,,,,
17034,15555,0.84,,,,,,,,
17035,15556,1.038,,,,,,,,
17036,15557,0.6,,,,,,,,
17037,15558,0.6,,,,,,,,
17038,15559,0.6,,,,,,,,
17039,15560,0.6,,,,,,,,
17040,15561,0.736,,,,,,,,
17041,15562,0.931,,,,,,,,
17042,15563,0.6,,,,,,,,
17043,15564,0.6,,,,,,,,
17044,15565,0.6,,,,,,,,
17045,15566,1.465,,,,,,,,
17046,15567,0.686,,,,,,,,
17047,15568,30.385,,,,,,,3.0,6.4
17048,15569,0.6,,,,,,,,
17049,15570,0.6,,,,,,,,
17050,15571,1.069,,,,,,,,
17051,15572,0.642,,,,,,,,
17052,15573,1.337,,,,,,,,
17053,15574,0.6,,,,,,,,
17054,15575,0.6,,,,,,,,
17055,15576,0.6,,,,,,,,
17056,15577,4.473,,,,,,,,
17057,15578,6.348,,,,,,,,
17058,15579,0.6,,,,,,,,
17059,15580,0.6,,,,,,,,
17060,15581,0.6,,,,,,,,
17061,15582,8.772,,,,,,,,
17062,15583,1.235,,,,,,,,
17063,15584,0.627,,,,,,,,
17064,15585,5.133,,,,,,,,
17065,15586,0.6,,,,,,,,
17066,15587,0.6,,,,,,,,
17067,15588,1.005,,,,,,,,
17068,15589,1.274,,,,,,,,
17069,15590,0.6,,,,,,,,
17070,15590,0.6,,,,,,,,
17071,15591,,1.0,0.0,1971,,Fresh,67.0,3.0,7.2
17072,15592,0.6,,,,,,,,
17073,15593,1.45,,,,,,,,
17074,15594,0.6,,,,,,,,
17075,15595,0.6,,,,,,,,
17076,15596,1.278,,,,,,,,
17077,15597,0.6,,,,,,,,
17078,15598,1.272,,,,,,,,
17079,15598,0.6,,,,,,,,
17080,15598,0.6,,,,,,,,
17081,15599,0.6,,,,,,,,
17082,15600,3.525,,,,,,,,
17083,15601,0.6,,,,,,,,
17084,15602,0.6,,,,,,,,
17085,15603,0.6,,,,,,,,
17086,15603,0.6,,,,,,,,
17087,15604,0.6,,,,,,,,
17088,15605,3.893,,,,,,,,
17089,15605,1.144,,,,,,,,
17090,15606,3.468,,,,,,,,
17091,15607,0.6,,,,,,,,
17092,15608,0.84,,,,,,,,
17093,15609,0.816,,,,,,,,
17094,15610,1.346,,,,,,,,
17095,15610,0.6,,,,,,,,
17096,15611,0.6,,,,,,,,
17097,15612,1.406,,,,,,,,
17098,15613,0.6,,,,,,,,
17099,15614,1.4,,,,,,,,
17100,15615,0.6,,,,,,,,
17101,15616,0.6,,,,,,,,
17102,15617,4.259,,,,,,,,
17103,15617,0.6,,,,,,,,
17104,15618,0.918,,,,,,,,
17105,15619,0.6,,,,,,,,
17106,15620,1.316,,,,,,,,
17107,15621,0.6,,,,,,,,
17108,15621,0.6,,,,,,,,
17109,15622,0.824,,,,,,,,
17110,15623,8.956,,,,,,,,
17111,15624,1.339,,,,,,,,
17112,15625,1.697,,,,,,,,
17113,15626,2.92,,,,,,,,
17114,15627,4.118,,,,,,,,
17115,15628,1.967,,,,,,,,
17116,15629,2.656,,,,,,,,
17117,15630,2.269,,,,,,,,
17118,15631,0.628,,,,,,,,
17119,15632,2.671,,,,,,,,
17120,15632,1.246,,,,,,,,
17121,15633,0.6,,,,,,,,
17122,15634,3.101,,,,,,,,
17123,15634,1.753,,,,,,,,
17124,15635,0.6,,,,,,,,
17125,15636,0.6,,,,,,,,
17126,15637,0.6,,,,,,,,
17127,15638,0.6,,,,,,,,
17128,15639,0.6,,,,,,,,
17129,15640,1.151,,,,,,,,
17130,15641,0.6,,,,,,,,
17131,15642,1.943,,,,,,,,
17132,15643,0.6,,,,,,,,
17133,15644,0.6,,,,,,,,
17134,15645,0.72,,,,,,,,
17135,15646,0.6,,,,,,,,
17136,15647,0.6,,,,,,,,
17137,15648,4.215,,,,,,,,
17138,15649,1.247,,,,,,,,
17139,15649,0.6,,,,,,,,
17140,15650,1.58,,,,,,,,
17141,15651,1.665,,,,,,,,
17142,15652,3.368,,,,,,,,
17143,15653,1.173,,,,,,,,
17144,15653,1.003,,,,,,,,
17145,15653,0.6,,,,,,,,
17146,15654,0.853,,,,,,,,
17147,15655,6.03,,,,,,,,
17148,15656,1.175,,,,,,,,
17149,15657,1.187,,,,,,,,
17150,15658,0.6,,,,,,,,
17151,15659,47.405,,,,,,,2.0,5.7
17152,15660,0.6,,,,,,,,
17153,15661,1.471,,,,,,,,
17154,15661,0.6,,,,,,,,
17155,15661,0.6,,,,,,,,
17156,15661,0.6,,,,,,,,
17157,15662,0.6,,,,,,,,
17158,15663,2.325,,,,,,,,
17159,15663,0.6,,,,,,,,
17160,15664,4.206,,,,,,,,
17161,15665,0.6,,,,,,,,
17162,15666,6.59,,,,,,,,
17163,15667,1.4,,,,,,,,
17164,15668,2.138,,,,,,,,
17165,15668,0.864,,,,,,,,
17166,15669,0.6,,,,,,,,
17167,15670,1.06,,,,,,,,
17168,15671,0.6,,,,,,,,
17169,15672,0.6,,,,,,,,
17170,15673,1.976,,,,,,,,
17171,15674,1.603,,,,,,,,
17172,15675,5.173,,,,,,,,
17173,15675,1.4,,,,,,,,
17174,15676,0.703,,,,,,,,
17175,15677,0.6,,,,,,,,
17176,15678,3.543,,,,,,,,
17177,15679,1.243,,,,,,,,
17178,15680,0.87,,,,,,,,
17179,15681,0.6,,,,,,,,
17180,15682,0.917,,,,,,,,
17181,15683,4.667,,,,,,,,
17182,15684,2.108,,,,,,,,
17183,15685,0.6,,,,,,,,
17184,15686,0.65,,,,,,,,
17185,15687,1.822,,,,,,,,
17186,15688,0.864,,,,,,,,
17187,15689,0.6,,,,,,,,
17188,15690,3.843,,,,,,,,
17189,15691,0.927,,,,,,,,
17190,15692,0.6,,,,,,,,
17191,15693,0.6,,,,,,,,
17192,15694,10.949,,,,,,,,
17193,15695,0.6,,,,,,,,
17194,15696,0.6,,,,,,,,
17195,15697,2.592,,,,,,,,
17196,15698,2.278,,,,,,,,
17197,15699,3.324,,,,,,,,
17198,15700,0.6,,,,,,,,
17199,15701,1.44,,,,,,,,
17200,15702,1.222,,,,,,,,
17201,15703,0.6,,,,,,,,
17202,15703,0.6,,,,,,,,
17203,15704,1.535,,,,,,,,
17204,15705,12.17,,,,,,,3.0,6.3
17205,15706,9.759,,,,,,,,
17206,15707,0.6,,,,,,,,
17207,15708,2.286,,,,,,,,
17208,15709,0.84,,,,,,,,
17209,15710,10.719,,,,,,,3.0,7.4
17210,15710,3.046,,,,,,,3.0,7.4
17211,15711,10.276,,,,,,,,
17212,15711,8.963,,,,,,,,
17213,15712,12.597,,,,,,,,
17214,15713,10.38,,,,,,,,
17215,15714,0.6,,,,,,,,
17216,15715,4.182,,,,,,,,
17217,15716,1.224,,,,,,,,
17218,15717,0.6,,,,,,,,
17219,15718,4.449,,,,,,,,
17220,15719,0.6,,,,,,,,
17221,15720,0.6,,,,,,,,
17222,15721,0.6,,,,,,,,
17223,15722,2.096,,,,,,,1.0,3.6
17224,15723,0.6,,,,,,,,
17225,15724,0.6,,,,,,,,
17226,15725,3.127,,,,,,,,
17227,15726,0.6,,,,,,,,
17228,15727,6.358,,,,,,,,
17229,15728,0.6,,,,,,,,
17230,15729,0.806,,,,,,,,
17231,15730,0.905,,,,,,,,
17232,15731,43.971,,,,,,,3.0,7.8
17233,15731,25.289,,,,,,,3.0,7.8
17234,15731,1.496,,,,,,,3.0,7.8
17235,15732,3.892,,,,,,,3.0,3.1
17236,15733,0.6,,,,,,,,
17237,15734,4.298,,,,,,,,
17238,15735,0.6,,,,,,,,
17239,15736,4.784,,,,,,,,
17240,15737,1.537,,,,,,,,
17241,15738,2.106,,,,,,,,
17242,15739,6.443,,,,,,,,
17243,15740,0.695,,,,,,,,
17244,15741,4.171,,,,,,,,
17245,15742,0.6,,,,,,,,
17246,15743,0.6,,,,,,,,
17247,15744,0.6,,,,,,,,
17248,15745,0.6,,,,,,,,
17249,15746,0.6,,,,,,,,
17250,15747,0.6,,,,,,,,
17251,15748,2.826,,,,,,,,
17252,15749,1.765,,,,,,,,
17253,15750,4.81,,,,,,,,
17254,15751,0.662,,,,,,,,
17255,15752,0.77,,,,,,,,
17256,15753,1.4,,,,,,,,
17257,15754,0.6,,,,,,,,
17258,15755,1.023,,,,,,,,
17259,15756,1.482,,,,,,,,
17260,15757,4.71,,,,,,,,
17261,15758,3.141,,,,,,,,
17262,15759,0.6,,,,,,,,
17263,15760,0.6,,,,,,,,
17264,15761,0.6,,,,,,,,
17265,15762,10.257,,,,,,,,
17266,15762,1.4,,,,,,,,
17267,15763,,,,,,,,3.0,7.7
17268,15764,0.6,,,,,,,,
17269,15765,1.985,,,,,,,,
17270,15766,0.6,,,,,,,,
17271,15767,0.6,,,,,,,,
17272,15768,0.918,,,,,,,,
17273,15769,0.6,,,,,,,,
17274,15770,2.795,,,,,,,,
17275,15771,2.238,,,,,,,,
17276,15772,0.6,,,,,,,,
17277,15773,90.055,,,,,,,,
17278,15774,9.272,,,,,,,3.0,6.5
17279,15775,,,,,,,,3.0,7.8
17280,15776,0.84,,,,,,,,
17281,15776,0.6,,,,,,,,
17282,15776,0.6,,,,,,,,
17283,15777,0.6,,,,,,,,
17284,15778,0.6,,,,,,,,
17285,15779,2.724,,,,,,,,
17286,15780,0.6,,,,,,,0.0,6.3
17287,15781,0.6,,,,,,,,
17288,15782,0.6,,,,,,,,
17289,15783,4.04,,,,,,,,
17290,15784,0.607,,,,,,,,
17291,15784,0.6,,,,,,,,
17292,15785,6.668,,,,,,,,
17293,15786,0.6,,,,,,,,
17294,15787,5.163,,,,,,,,
17295,15787,2.676,,,,,,,,
17296,15787,2.405,,,,,,,,
17297,15787,1.166,,,,,,,,
17298,15787,1.09,,,,,,,,
17299,15787,1.078,,,,,,,,
17300,15787,1.063,,,,,,,,
17301,15787,0.6,,,,,,,,
17302,15787,0.6,,,,,,,,
17303,15787,0.6,,,,,,,,
17304,15787,0.6,,,,,,,,
17305,15787,0.6,,,,,,,,
17306,15788,0.6,,,,,,,,
17307,15789,1.659,,,,,,,1.0,7.0
17308,15790,0.876,,,,,,,,
17309,15791,4.466,,,,,,,,
17310,15792,3.743,,,,,,,,
17311,15793,8.987,,,,,,,,
17312,15794,7.919,,,,,,,3.0,5.6
17313,15795,2.547,,,,,,,,
17314,15796,3.196,,,,,,,,
17315,15797,1.642,,,,,,,,
17316,15798,1.805,,,,,,,,
17317,15799,7.363,,,,,,,,
17318,15800,0.6,,,,,,,,
17319,15801,0.6,,,,,,,,
17320,15802,2.512,,,,,,,,
17321,15803,0.6,,,,,,,,
17322,15804,1.232,,,,,,,,
17323,15805,3.633,,,,,,,,
17324,15806,0.6,,,,,,,,
17325,15807,0.6,,,,,,,,
17326,15808,0.6,,,,,,,,
17327,15809,1.4,,,,,,,,
17328,15810,1.4,,,,,,,,
17329,15811,2.43,,,,,,,,
17330,15812,0.832,,,,,,,,
17331,15813,0.6,,,,,,,,
17332,15814,3.068,,,,,,,,
17333,15815,0.6,,,,,,,,
17334,15816,2.811,,,,,,,,
17335,15817,0.6,,,,,,,,
17336,15818,1.028,,,,,,,,
17337,15819,2.771,,,,,,,,
17338,15820,2.471,,,,,,,,
17339,15821,2.572,,,,,,,,
17340,15822,4.754,,,,,,,,
17341,15822,3.532,,,,,,,,
17342,15822,0.6,,,,,,,,
17343,15823,0.6,,,,,,,,
17344,15824,0.601,,,,,,,,
17345,15825,1.301,,,,,,,,
17346,15826,5.609,,,,,,,,
17347,15827,0.6,,,,,,,,
17348,15828,0.6,,,,,,,,
17349,15829,1.53,,,,,,,,
17350,15829,0.6,,,,,,,,
17351,15830,0.6,,,,,,,,
17352,15830,0.6,,,,,,,,
17353,15831,0.6,,,,,,,,
17354,15832,0.785,,,,,,,,
17355,15832,0.6,,,,,,,,
17356,15833,0.6,,,,,,,,
17357,15834,5.168,,,,,,,,
17358,15834,1.523,,,,,,,,
17359,15835,0.6,,,,,,,,
17360,15836,13.709,,,,,,,,
17361,15836,9.64,,,,,,,,
17362,15837,2.992,,,,,,,,
17363,15838,3.575,,,,,,,,
17364,15839,7.448,,,,,,,,
17365,15840,0.6,,,,,,,,
17366,15841,1.349,,,,,,,,
17367,15842,2.609,,,,,,,,
17368,15843,0.6,,,,,,,,
17369,15844,6.233,,,,,,,,
17370,15845,0.6,,,,,,,,
17371,15846,0.6,,,,,,,,
17372,15847,8.307,,,,,,,,
17373,15848,1.702,,,,,,,,
17374,15849,3.449,,,,,,,3.0,6.7
17375,15849,3.449,,,,,,,1.0,5.3
17376,15850,0.6,,,,,,,,
17377,15851,4.859,,,,,,,,
17378,15852,1.195,,,,,,,,
17379,15853,0.6,,,,,,,,
17380,15854,6.974,,,,,,,,
17381,15855,0.6,,,,,,,,
17382,15856,0.6,,,,,,,,
17383,15857,0.6,,,,,,,,
17384,15858,0.6,,,,,,,,
17385,15859,1.279,,,,,,,,
17386,15860,1.375,,,,,,,,
17387,15861,1.1,,,,,,,,
17388,15862,0.6,,,,,,,,
17389,15863,1.222,,,,,,,,
17390,15864,0.843,,,,,,,,
17391,15865,2.426,,,,,,,,
17392,15866,2.351,,,,,,,,
17393,15867,1.764,,,,,,,,
17394,15868,,1.0,0.0,1939,"With Greta Garbo proving her comedy chops in the twilight of her career, Ninotchka is a can't-miss classic.",Fresh,97.0,3.0,7.9
17395,15869,2.613,,,,,,,,
17396,15870,2.645,,,,,,,,
17397,15871,0.84,,,,,,,,
17398,15872,0.6,,,,,,,,
17399,15873,1.431,,,,,,,,
17400,15874,13.661,,,,,,,,
17401,15875,0.6,,,,,,,,
17402,15876,0.6,,,,,,,,
17403,15877,1.256,,,,,,,,
17404,15878,0.6,,,,,,,,
17405,15879,0.6,,,,,,,,
17406,15880,0.842,,,,,,,,
17407,15881,,0.0,1.0,2007,"Bolstered by powerful lead performances from Javier Bardem, Josh Brolin, and Tommy Lee Jones, No Country for Old Men finds the Coen brothers spinning cinematic gold out of Cormac McCarthy's grim, darkly funny novel.",Certified-Fresh,93.0,3.0,8.1
17408,15882,12.045,,,,,,,,
17409,15883,252.675,,,,,,,3.0,6.1
17410,15884,3.909,,,,,,,,
17411,15885,0.6,,,,,,,,
17412,15886,0.6,,,,,,,,
17413,15887,0.6,,,,,,,,
17414,15888,,,,,,,,,
17415,15889,9.967,,,,,,,,
17416,15890,0.708,,,,,,,,
17417,15891,0.6,,,,,,,,
17418,15892,0.6,,,,,,,,
17419,15893,2.635,,,,,,,,
17420,15894,1.787,,,,,,,,
17421,15895,0.6,,,,,,,,
17422,15896,71.919,,,,,,,,
17423,15897,1.451,,,,,,,,
17424,15898,0.6,,,,,,,,
17425,15899,9.589,,,,,,,,
17426,15900,0.6,,,,,,,,
17427,15901,0.6,,,,,,,,
17428,15902,1.059,,,,,,,,
17429,15903,1.232,,,,,,,,
17430,15904,1.214,,,,,,,,
17431,15905,1.246,,,,,,,,
17432,15905,0.6,,,,,,,,
17433,15906,0.6,,,,,,,,
17434,15907,0.6,,,,,,,,
17435,15907,0.6,,,,,,,,
17436,15907,0.6,,,,,,,,
17437,15908,1.383,,,,,,,,
17438,15909,3.1,,,,,,,,
17439,15910,0.951,,,,,,,,
17440,15911,3.91,,,,,,,,
17441,15912,1.887,,,,,,,,
17442,15913,3.793,,,,,,,,
17443,15914,1.54,,,,,,,,
17444,15915,1.947,,,,,,,,
17445,15916,0.812,,,,,,,,
17446,15917,0.6,,,,,,,,
17447,15918,0.747,,,,,,,,
17448,15919,0.6,,,,,,,,
17449,15920,1.04,,,,,,,3.0,7.4
17450,15920,1.04,,,,,,,1.0,7.1
17451,15920,0.6,,,,,,,3.0,7.4
17452,15920,0.6,,,,,,,1.0,7.1
17453,15920,0.6,,,,,,,3.0,7.4
17454,15920,0.6,,,,,,,1.0,7.1
17455,15921,0.6,,,,,,,,
17456,15922,0.6,,,,,,,,
17457,15923,0.6,,,,,,,,
17458,15924,0.6,,,,,,,,
17459,15925,0.6,,,,,,,,
17460,15926,0.6,,,,,,,,
17461,15927,0.6,,,,,,,,
17462,15928,0.6,,,,,,,,
17463,15929,0.6,,,,,,,,
17464,15930,0.6,,,,,,,,
17465,15931,0.6,,,,,,,3.0,5.8
17466,15932,1.4,,,,,,,,
17467,15933,4.258,,,,,,,,
17468,15934,29.717,,,,,,,,
17469,15935,3.762,,,,,,,1.0,7.4
17470,15936,3.06,,,,,,,,
17471,15937,0.6,,,,,,,,
17472,15938,0.665,,,,,,,,
17473,15939,68.493,,,,,,,,
17474,15940,99.361,,,,,,,,
17475,15941,0.6,,,,,,,,
17476,15942,5.861,,,,,,,,
17477,15943,0.6,,,,,,,,
17478,15944,0.65,,,,,,,,
17479,15945,0.657,,,,,,,,
17480,15946,0.603,,,,,,,,
17481,15947,2.044,,,,,,,,
17482,15947,0.6,,,,,,,,
17483,15948,0.6,,,,,,,,
17484,15949,2.706,,,,,,,,
17485,15949,2.481,,,,,,,,
17486,15949,0.6,,,,,,,,
17487,15950,1.4,,,,,,,,
17488,15951,0.613,,,,,,,,
17489,15952,33.649,,,,,,,,
17490,15952,2.622,,,,,,,,
17491,15952,0.681,,,,,,,,
17492,15952,0.6,,,,,,,,
17493,15953,1.046,,,,,,,,
17494,15954,0.6,,,,,,,,
17495,15955,1.376,,,,,,,,
17496,15956,0.6,,,,,,,,
17497,15957,0.746,,,,,,,,
17498,15958,0.6,,,,,,,,
17499,15959,1.292,,,,,,,,
17500,15960,0.6,,,,,,,,
17501,15961,0.6,,,,,,,,
17502,15962,0.6,,,,,,,,
17503,15963,0.896,,,,,,,,
17504,15964,0.763,,,,,,,,
17505,15965,0.6,,,,,,,,
17506,15966,0.6,,,,,,,,
17507,15967,0.894,,,,,,,,
17508,15968,0.6,,,,,,,,
17509,15969,733.112,,,,,,,1.0,6.8
17510,15970,3.122,,,,,,,,
17511,15971,0.6,,,,,,,,
17512,15972,2.035,,,,,,,,
17513,15972,0.6,,,,,,,,
17514,15973,1.117,,,,,,,,
17515,15974,0.6,,,,,,,,
17516,15975,11.631,,,,,,,,
17517,15976,,,,,,,,,
17518,15977,0.765,,,,,,,,
17519,15978,0.6,,,,,,,,
17520,15979,,,,,,,,,
17521,15980,0.6,,,,,,,,
17522,15981,17.643,,,,,,,0.0,7.4
17523,15982,2.159,,,,,,,,
17524,15983,0.897,,,,,,,,
17525,15984,1.134,,,,,,,,
17526,15985,1.495,,,,,,,,
17527,15986,0.688,,,,,,,,
17528,15987,0.6,,,,,,,,
17529,15988,0.6,,,,,,,,
17530,15989,0.859,,,,,,,,
17531,15990,2.678,,,,,,,,
17532,15991,1.905,,,,,,,,
17533,15992,2.338,,,,,,,,
17534,15993,1.411,,,,,,,,
17535,15994,1.326,,,,,,,,
17536,15995,0.6,,,,,,,,
17537,15996,0.6,,,,,,,,
17538,15997,0.6,,,,,,,,
17539,15998,6.757,,,,,,,,
17540,15999,0.6,,,,,,,,
17541,16000,0.6,,,,,,,,
17542,16001,0.6,,,,,,,,
17543,16002,0.6,,,,,,,,
17544,16003,0.6,,,,,,,,
17545,16004,0.6,,,,,,,,
17546,16005,0.6,,,,,,,,
17547,16006,0.6,,,,,,,,
17548,16007,0.6,,,,,,,,
17549,16008,0.6,,,,,,,,
17550,16009,0.6,,,,,,,,
17551,16010,0.6,,,,,,,,
17552,16011,0.6,,,,,,,,
17553,16012,0.6,,,,,,,,
17554,16013,0.6,,,,,,,,
17555,16014,0.6,,,,,,,,
17556,16015,0.6,,,,,,,,
17557,16016,0.6,,,,,,,,
17558,16017,0.6,,,,,,,,
17559,16018,0.6,,,,,,,,
17560,16019,0.6,,,,,,,,
17561,16020,0.6,,,,,,,,
17562,16021,0.6,,,,,,,,
17563,16022,0.6,,,,,,,,
17564,16023,0.6,,,,,,,,
17565,16024,0.6,,,,,,,,
17566,16025,0.6,,,,,,,,
17567,16026,0.6,,,,,,,,
17568,16027,0.6,,,,,,,,
17569,16028,0.6,,,,,,,,
17570,16029,0.6,,,,,,,,
17571,16030,0.6,,,,,,,,
17572,16031,0.6,,,,,,,,
17573,16032,0.6,,,,,,,,
17574,16033,0.6,,,,,,,,
17575,16034,0.6,,,,,,,,
17576,16035,0.6,,,,,,,,
17577,16036,0.6,,,,,,,,
17578,16037,0.6,,,,,,,,
17579,16038,0.6,,,,,,,,
17580,16039,0.6,,,,,,,,
17581,16040,0.6,,,,,,,,
17582,16041,0.6,,,,,,,,
17583,16042,0.6,,,,,,,,
17584,16043,0.6,,,,,,,,
17585,16044,0.6,,,,,,,,
17586,16045,0.843,,,,,,,,
17587,16046,1.4,,,,,,,,
17588,16047,0.883,,,,,,,,
17589,16047,0.6,,,,,,,,
17590,16048,0.6,,,,,,,,
17591,16049,1.147,,,,,,,,
17592,16050,0.6,,,,,,,,
17593,16051,1.4,,,,,,,,
17594,16052,0.6,,,,,,,,
17595,16053,0.6,,,,,,,,
17596,16054,4.462,,,,,,,,
17597,16054,2.742,,,,,,,,
17598,16054,1.761,,,,,,,,
17599,16055,1.117,,,,,,,,
17600,16056,0.6,,,,,,,,
17601,16056,0.6,,,,,,,,
17602,16057,1.412,,,,,,,,
17603,16058,0.6,,,,,,,,
17604,16059,0.6,,,,,,,,
17605,16060,3.041,,,,,,,,
17606,16061,0.967,,,,,,,,
17607,16062,12.551,,,,,,,,
17608,16063,1.442,,,,,,,0.0,6.8
17609,16064,4.464,,,,,,,,
17610,16065,,,,,,,,2.0,7.9
17611,16066,0.6,,,,,,,,
17612,16067,0.6,,,,,,,,
17613,16068,6.87,,,,,,,,
17614,16069,0.926,,,,,,,,
17615,16070,0.6,,,,,,,,
17616,16071,0.845,,,,,,,3.0,6.5
17617,16071,0.845,,,,,,,3.0,6.3
17618,16072,0.6,,,,,,,,
17619,16073,0.6,,,,,,,,
17620,16074,0.6,,,,,,,,
17621,16075,0.601,,,,,,,,
17622,16076,0.6,,,,,,,,
17623,16077,1.4,,,,,,,,
17624,16078,0.6,,,,,,,,
17625,16079,0.6,,,,,,,,
17626,16080,0.6,,,,,,,,
17627,16081,0.6,,,,,,,,
17628,16082,3.465,,,,,,,,
17629,16083,2.268,,,,,,,,
17630,16084,0.6,,,,,,,,
17631,16085,,,,,,,,,
17632,16086,2.647,,,,,,,,
17633,16087,0.6,,,,,,,,
17634,16088,0.842,,,,,,,,
17635,16089,1.146,,,,,,,,
17636,16090,0.6,,,,,,,,
17637,16091,0.6,,,,,,,,
17638,16092,0.6,,,,,,,,
17639,16093,0.653,,,,,,,,
17640,16094,0.6,,,,,,,,
17641,16095,0.6,,,,,,,,
17642,16096,2.461,,,,,,,,
17643,16097,0.6,,,,,,,,
17644,16098,,,,,,,,,
17645,16099,0.728,,,,,,,,
17646,16100,1.091,,,,,,,,
17647,16101,15.225,,,,,,,,
17648,16102,0.6,,,,,,,,
17649,16103,3.603,,,,,,,,
17650,16104,0.6,,,,,,,,
17651,16105,0.6,,,,,,,,
17652,16106,2.431,,,,,,,,
17653,16107,1.789,,,,,,,,
17654,16108,0.621,,,,,,,,
17655,16109,0.6,,,,,,,,
17656,16110,0.6,,,,,,,,
17657,16111,0.6,,,,,,,,
17658,16112,0.6,,,,,,,,
17659,16113,0.714,,,,,,,,
17660,16114,0.845,,,,,,,,
17661,16115,1.632,,,,,,,,
17662,16116,0.6,,,,,,,,
17663,16117,0.6,,,,,,,,
17664,16118,0.6,,,,,,,,
17665,16119,0.6,,,,,,,,
17666,16120,0.71,,,,,,,,
17667,16121,0.6,,,,,,,,
17668,16122,,,,,,,,0.0,7.7
17669,16123,0.6,,,,,,,,
17670,16124,1.576,,,,,,,,
17671,16125,0.6,,,,,,,,
17672,16126,0.6,,,,,,,,
17673,16127,0.6,,,,,,,,
17674,16128,0.661,,,,,,,,
17675,16129,0.6,,,,,,,,
17676,16130,0.6,,,,,,,,
17677,16131,0.6,,,,,,,,
17678,16132,1.072,,,,,,,,
17679,16133,0.6,,,,,,,,
17680,16134,0.6,,,,,,,,
17681,16135,0.6,,,,,,,,
17682,16136,0.6,,,,,,,,
17683,16137,0.6,,,,,,,,
17684,16138,0.6,,,,,,,,
17685,16139,0.6,,,,,,,,
17686,16140,0.6,,,,,,,,
17687,16141,0.6,,,,,,,,
17688,16142,0.6,,,,,,,,
17689,16143,0.6,,,,,,,,
17690,16144,0.6,,,,,,,,
17691,16145,0.6,,,,,,,,
17692,16146,0.728,,,,,,,,
17693,16147,0.6,,,,,,,,
17694,16148,0.6,,,,,,,,
17695,16149,0.6,,,,,,,,
17696,16150,0.634,,,,,,,,
17697,16151,3.565,,,,,,,,
17698,16152,0.6,,,,,,,,
17699,16153,0.623,,,,,,,,
17700,16154,0.6,,,,,,,,
17701,16155,0.6,,,,,,,,
17702,16156,1.09,,,,,,,,
17703,16157,0.6,,,,,,,,
17704,16158,1.663,,,,,,,,
17705,16159,,,,,,,,,
17706,16160,0.943,,,,,,,,
17707,16161,0.6,,,,,,,,
17708,16162,1.104,,,,,,,,
17709,16163,0.6,,,,,,,,
17710,16164,0.6,,,,,,,,
17711,16165,0.6,,,,,,,,
17712,16166,0.6,,,,,,,,
17713,16167,5.108,,,,,,,,
17714,16168,0.6,,,,,,,,
17715,16169,0.847,,,,,,,,
17716,16170,0.6,,,,,,,,
17717,16171,0.6,,,,,,,,
17718,16172,0.728,,,,,,,,
17719,16173,1.117,,,,,,,,
17720,16174,0.6,,,,,,,,
17721,16175,0.6,,,,,,,,
17722,16176,2.789,,,,,,,,
17723,16177,0.932,,,,,,,,
17724,16178,0.862,,,,,,,,
17725,16179,1.712,,,,,,,,
17726,16180,0.962,,,,,,,,
17727,16181,0.6,,,,,,,,
17728,16182,0.6,,,,,,,,
17729,16183,0.6,,,,,,,,
17730,16184,0.6,,,,,,,,
17731,16185,1.812,,,,,,,,
17732,16185,1.331,,,,,,,,
17733,16186,1.383,,,,,,,,
17734,16187,1.4,,,,,,,,
17735,16188,0.6,,,,,,,,
17736,16189,3.153,,,,,,,,
17737,16190,2.395,,,,,,,,
17738,16191,0.6,,,,,,,,
17739,16192,0.6,,,,,,,,
17740,16192,0.6,,,,,,,,
17741,16193,0.6,,,,,,,,
17742,16194,1.866,,,,,,,,
17743,16195,,,,,,,,,
17744,16196,0.6,,,,,,,,
17745,16197,1.1,,,,,,,,
17746,16198,2.62,,,,,,,,
17747,16199,4.819,,,,,,,,
17748,16200,0.686,,,,,,,,
17749,16201,2.365,,,,,,,,
17750,16202,0.882,,,,,,,,
17751,16203,0.6,,,,,,,,
17752,16204,,,,,,,,1.0,7.8
17753,16205,0.6,,,,,,,,
17754,16206,4.196,,,,,,,,
17755,16207,2.762,,,,,,,,
17756,16208,27.473,,,,,,,3.0,6.5
17757,16208,1.313,,,,,,,3.0,6.5
17758,16209,1.893,,,,,,,,
17759,16210,0.6,,,,,,,,
17760,16211,0.989,,,,,,,,
17761,16212,0.633,,,,,,,,
17762,16213,0.6,,,,,,,,
17763,16214,0.6,,,,,,,,
17764,16215,0.6,,,,,,,,
17765,16216,0.6,,,,,,,,
17766,16217,,1.0,0.0,1939,,Fresh,100.0,1.0,7.9
17767,16218,1.246,,,,,,,,
17768,16219,6.0,,,,,,,,
17769,16220,0.6,,,,,,,,
17770,16221,1.257,,,,,,,,
17771,16222,0.6,,,,,,,,
17772,16223,0.6,,,,,,,,
17773,16224,0.6,,,,,,,,
17774,16225,0.6,,,,,,,,
17775,16226,0.6,,,,,,,,
17776,16227,0.6,,,,,,,,
17777,16228,0.926,,,,,,,,
17778,16229,1.661,,,,,,,,
17779,16230,1.006,,,,,,,,
17780,16231,2.179,,,,,,,,
17781,16231,0.706,,,,,,,,
17782,16232,2.193,,,,,,,,
17783,16233,,,,,,,,1.0,7.6
17784,16234,13.08,,,,,,,,
17785,16235,0.6,,,,,,,,
17786,16236,0.88,,,,,,,,
17787,16237,1.4,,,,,,,,
17788,16238,6.941,,,,,,,,
17789,16239,7.727,,,,,,,,
17790,16240,0.6,,,,,,,,
17791,16241,9.804,,,,,,,,
17792,16242,1.677,,,,,,,,
17793,16243,0.6,,,,,,,,
17794,16244,1.161,,,,,,,,
17795,16244,0.992,,,,,,,,
17796,16245,1.067,,,,,,,,
17797,16246,1.057,,,,,,,,
17798,16247,0.704,,,,,,,,
17799,16248,0.883,,,,,,,,
17800,16249,0.6,,,,,,,,
17801,16250,2.709,,,,,,,,
17802,16251,1.4,,,,,,,,
17803,16252,0.622,,,,,,,,
17804,16253,0.6,,,,,,,,
17805,16254,0.6,,,,,,,,
17806,16255,0.6,,,,,,,,
17807,16256,0.6,,,,,,,,
17808,16257,0.6,,,,,,,,
17809,16258,0.6,,,,,,,,
17810,16259,2.167,,,,,,,,
17811,16260,,,,,,,,,
17812,16261,1.685,,,,,,,,
17813,16262,148.823,,,,,,,3.0,5.8
17814,16263,4.331,,,,,,,,
17815,16264,0.923,,,,,,,,
17816,16265,0.6,,,,,,,,
17817,16266,0.6,,,,,,,,
17818,16267,0.6,,,,,,,,
17819,16268,0.6,,,,,,,,
17820,16269,0.633,,,,,,,,
17821,16270,0.963,,,,,,,,
17822,16271,0.6,,,,,,,,
17823,16272,0.6,,,,,,,,
17824,16273,35.976,,,,,,,,
17825,16274,,,,,,,,,
17826,16275,0.916,,,,,,,,
17827,16276,0.6,,,,,,,,
17828,16277,1.156,,,,,,,,
17829,16278,,0.0,1.0,1968,"It has aged somewhat awkwardly, but the performances are inspired, the songs are memorable, and the film is undeniably influential.",Fresh,82.0,2.0,7.4
17830,16279,1.384,,,,,,,,
17831,16279,0.6,,,,,,,,
17832,16280,0.966,,,,,,,,
17833,16281,1.02,,,,,,,,
17834,16282,2.798,,,,,,,,
17835,16283,0.6,,,,,,,,
17836,16284,0.849,,,,,,,,
17837,16285,15.321,,,,,,,,
17838,16286,15.415,,,,,,,,
17839,16287,0.931,,,,,,,,
17840,16288,6.228,,,,,,,,
17841,16288,0.718,,,,,,,,
17842,16289,3.636,,,,,,,,
17843,16290,,,,,,,,3.0,7.6
17844,16291,,,,,,,,,
17845,16292,1.76,,,,,,,,
17846,16293,0.6,,,,,,,,
17847,16294,0.6,,,,,,,,
17848,16295,0.6,,,,,,,,
17849,16296,,1.0,0.0,1981,"Henry Fonda and Katherine Hepburn are a wondrous duo in On Golden Pond, a wistful drama that movingly explores the twilight years of a loving marriage.",Fresh,93.0,,7.6
17850,16297,4.993,,,,,,,,
17851,16298,0.6,,,,,,,,
17852,16299,0.6,,,,,,,,
17853,16300,0.84,,,,,,,,
17854,16301,0.6,,,,,,,,
17855,16302,2.508,,,,,,,,
17856,16303,1.935,,,,,,,,
17857,16304,0.6,,,,,,,,
17858,16305,2.548,,,,,,,,
17859,16305,0.882,,,,,,,,
17860,16306,0.6,,,,,,,,
17861,16307,,0.0,1.0,1954,"With his electrifying performance in Elia Kazan's thought-provoking, expertly constructed melodrama, Marlon Brando redefined the possibilities of acting for film and helped permanently alter the cinematic landscape.",Certified-Fresh,99.0,0.0,8.1
17862,16308,1.192,,,,,,,,
17863,16309,,,,,,,,2.0,7.8
17864,16310,12.156,,,,,,,3.0,5.6
17865,16311,0.6,,,,,,,,
17866,16312,0.6,,,,,,,,
17867,16313,0.6,,,,,,,,
17868,16314,0.866,,,,,,,,
17869,16315,1.01,,,,,,,,
17870,16316,2.175,,,,,,,,
17871,16317,,,,,,,,,
17872,16318,,,,,,,,1.0,8.5
17873,16319,,,,,,,,,
17874,16320,,,,,,,,,
17875,16321,0.6,,,,,,,,
17876,16322,0.6,,,,,,,,
17877,16323,,,,,,,,,
17878,16324,0.6,,,,,,,,
17879,16325,0.6,,,,,,,,
17880,16326,11.247,,,,,,,,
17881,16327,3.525,,,,,,,,
17882,16328,8.848,,,,,,,,
17883,16329,0.6,,,,,,,,
17884,16330,,0.0,1.0,1975,The onscreen battle between Jack Nicholson and Louise Fletcher serves as a personal microcosm of the culture wars of the 1970s -- and testament to the director's vision that the film retains its power more than three decades later.,Certified-Fresh,94.0,,8.7
17885,16331,0.6,,,,,,,,
17886,16332,11.715,,,,,,,1.0,6.8
17887,16333,1.07,,,,,,,,
17888,16334,0.6,,,,,,,,
17889,16335,0.607,,,,,,,,
17890,16336,0.665,,,,,,,,
17891,16337,0.738,,,,,,,,
17892,16338,20.351,,,,,,,,
17893,16338,12.137,,,,,,,,
17894,16339,7.395,,,,,,,,
17895,16340,12.599,,,,,,,,
17896,16341,0.942,,,,,,,,
17897,16342,0.6,,,,,,,,
17898,16343,0.877,,,,,,,,
17899,16344,0.6,,,,,,,,
17900,16345,0.6,,,,,,,,
17901,16346,1.234,,,,,,,,
17902,16347,1.255,,,,,,,,
17903,16348,0.929,,,,,,,,
17904,16349,0.6,,,,,,,,
17905,16350,6.525,,,,,,,1.0,5.9
17906,16351,3.459,,,,,,,,
17907,16352,0.6,,,,,,,,
17908,16353,2.306,,,,,,,,
17909,16354,1.446,,,,,,,,
17910,16355,0.777,,,,,,,,
17911,16355,0.6,,,,,,,,
17912,16355,0.6,,,,,,,,
17913,16356,0.6,,,,,,,,
17914,16357,0.6,,,,,,,,
17915,16358,0.6,,,,,,,,
17916,16359,0.717,,,,,,,,
17917,16360,0.6,,,,,,,,
17918,16361,4.806,,,,,,,,
17919,16362,3.204,,,,,,,,
17920,16363,0.6,,,,,,,,
17921,16364,4.334,,,,,,,,
17922,16365,0.6,,,,,,,,
17923,16366,2.441,,,,,,,,
17924,16367,1.318,,,,,,,,
17925,16368,1.181,,,,,,,,
17926,16369,11.949,,,,,,,0.0,7.9
17927,16370,0.6,,,,,,,,
17928,16371,0.6,,,,,,,,
17929,16372,0.6,,,,,,,,
17930,16373,0.6,,,,,,,,
17931,16374,,,,,,,,2.0,7.6
17932,16375,0.6,,,,,,,,
17933,16376,0.74,,,,,,,,
17934,16377,0.6,,,,,,,,
17935,16378,3.596,,,,,,,,
17936,16379,3.518,,,,,,,,
17937,16380,0.6,,,,,,,,
17938,16381,0.6,,,,,,,,
17939,16381,0.6,,,,,,,,
17940,16382,1.788,,,,,,,,
17941,16383,0.745,,,,,,,,
17942,16384,3.431,,,,,,,,
17943,16385,0.6,,,,,,,,
17944,16386,0.6,,,,,,,,
17945,16387,0.6,,,,,,,,
17946,16388,0.6,,,,,,,,
17947,16389,26.98,,,,,,,,
17948,16390,0.6,,,,,,,,
17949,16391,9.91,,,,,,,,
17950,16392,8.536,,,,,,,,
17951,16393,4.062,,,,,,,,
17952,16393,1.213,,,,,,,,
17953,16393,0.928,,,,,,,,
17954,16394,0.6,,,,,,,,
17955,16395,0.6,,,,,,,,
17956,16396,19.112,,,,,,,1.0,5.8
17957,16397,17.096,,,,,,,3.0,5.2
17958,16398,0.6,,,,,,,,
17959,16399,0.986,,,,,,,1.0,7.7
17960,16400,0.6,,,,,,,,
17961,16401,8.584,,,,,,,,
17962,16402,0.6,,,,,,,,
17963,16403,0.6,,,,,,,,
17964,16404,0.6,,,,,,,,
17965,16405,1.062,,,,,,,,
17966,16406,3.094,,,,,,,,
17967,16407,0.6,,,,,,,,
17968,16408,0.6,,,,,,,,
17969,16409,0.6,,,,,,,3.0,6.5
17970,16410,0.851,,,,,,,,
17971,16411,0.9,,,,,,,,
17972,16412,0.6,,,,,,,,
17973,16413,0.6,,,,,,,,
17974,16414,0.628,,,,,,,,
17975,16415,0.6,,,,,,,,
17976,16416,0.6,,,,,,,,
17977,16417,19.033,,,,,,,1.0,5.7
17978,16418,0.6,,,,,,,,
17979,16419,4.184,,,,,,,,
17980,16420,0.64,,,,,,,,
17981,16421,0.6,,,,,,,,
17982,16422,0.6,,,,,,,,
17983,16423,0.6,,,,,,,,
17984,16424,,0.0,1.0,1980,"Though shot through with bitterness and sorrow, Robert Redford's directorial debut is absorbing and well-acted.",Certified-Fresh,89.0,2.0,7.7
17985,16425,0.6,,,,,,,,
17986,16426,1.743,,,,,,,,
17987,16427,1.4,,,,,,,,
17988,16428,9.701,,,,,,,,
17989,16429,0.6,,,,,,,,
17990,16430,2.865,,,,,,,,
17991,16431,1.284,,,,,,,,
17992,16432,4.124,,,,,,,,
17993,16433,0.713,,,,,,,,
17994,16434,22.133,,,,,,,,
17995,16435,2.227,,,,,,,,
17996,16436,0.6,,,,,,,,
17997,16437,0.6,,,,,,,,
17998,16438,0.742,,,,,,,,
17999,16439,265.858,,,,,,,3.0,7.0
18000,16439,1.493,,,,,,,3.0,7.0
18001,16440,5088.584,,,,,,,,
18002,16441,0.6,,,,,,,,
18003,16442,0.84,,,,,,,,
18004,16443,0.633,,,,,,,,
18005,16444,0.6,,,,,,,,
18006,16445,0.6,,,,,,,,
18007,16446,0.6,,,,,,,,
18008,16447,0.6,,,,,,,,
18009,16448,0.6,,,,,,,,
18010,16449,4.988,,,,,,,,
18011,16450,2.913,,,,,,,,
18012,16451,0.6,,,,,,,,
18013,16452,0.6,,,,,,,,
18014,16453,1.962,,,,,,,3.0,3.4
18015,16454,0.6,,,,,,,,
18016,16455,7.363,,,,,,,,
18017,16456,0.6,,,,,,,,
18018,16457,6.702,,,,,,,,
18019,16458,0.912,,,,,,,,
18020,16459,0.6,,,,,,,,
18021,16460,3.975,,,,,,,,
18022,16461,0.6,,,,,,,,
18023,16462,45.058,,,,,,,3.0,4.5
18024,16462,7.327,,,,,,,3.0,4.5
18025,16462,0.6,,,,,,,3.0,4.5
18026,16463,0.6,,,,,,,,
18027,16464,3.842,,,,,,,,
18028,16465,2.189,,,,,,,,
18029,16466,0.772,,,,,,,,
18030,16467,13.884,,,,,,,,
18031,16468,0.737,,,,,,,,
18032,16469,0.6,,,,,,,,
18033,16470,2.735,,,,,,,,
18034,16471,4.374,,,,,,,,
18035,16472,1.19,,,,,,,,
18036,16473,2.871,,,,,,,,
18037,16474,14.597,,,,,,,,
18038,16475,37.821,,,,,,,3.0,6.2
18039,16476,7.671,,,,,,,,
18040,16477,1.24,,,,,,,,
18041,16478,0.6,,,,,,,,
18042,16479,0.68,,,,,,,,
18043,16480,2.38,,,,,,,,
18044,16481,13.542,,,,,,,,
18045,16482,0.6,,,,,,,,
18046,16483,0.986,,,,,,,,
18047,16484,,1.0,0.0,1940,,Fresh,86.0,,6.6
18048,16485,0.6,,,,,,,,
18049,16486,0.6,,,,,,,,
18050,16486,0.6,,,,,,,,
18051,16487,1.453,,,,,,,,
18052,16488,0.6,,,,,,,,
18053,16489,1.916,,,,,,,,
18054,16490,0.6,,,,,,,,
18055,16491,0.6,,,,,,,,
18056,16492,,0.0,1.0,1985,"Though lensed with stunning cinematography and featuring a pair of winning performances from Meryl Streep and Robert Redford, Out of Africa suffers from excessive length and glacial pacing.",Rotten,59.0,3.0,7.2
18057,16493,1.124,,,,,,,,
18058,16494,0.6,,,,,,,,
18059,16495,0.6,,,,,,,,
18060,16496,0.6,,,,,,,,
18061,16497,1.4,,,,,,,,
18062,16498,2.027,,,,,,,,
18063,16499,11.535,,,,,,,3.0,4.8
18064,16499,4.436,,,,,,,3.0,4.8
18065,16499,2.554,,,,,,,3.0,4.8
18066,16500,0.605,,,,,,,,
18067,16501,0.6,,,,,,,,
18068,16502,,,,,,,,,
18069,16503,0.665,,,,,,,,
18070,16504,1.855,,,,,,,,
18071,16505,0.61,,,,,,,,
18072,16506,0.6,,,,,,,,
18073,16507,4.328,,,,,,,3.0,4.6
18074,16507,0.6,,,,,,,3.0,4.6
18075,16508,1.184,,,,,,,,
18076,16509,0.6,,,,,,,,
18077,16510,3.942,,,,,,,,
18078,16511,1.389,,,,,,,,
18079,16512,7.359,,,,,,,0.0,5.8
18080,16513,2.531,,,,,,,,
18081,16514,1.09,,,,,,,,
18082,16515,5.508,,,,,,,,
18083,16516,5.322,,,,,,,,
18084,16517,0.6,,,,,,,,
18085,16518,0.6,,,,,,,,
18086,16519,0.6,,,,,,,,
18087,16520,0.6,,,,,,,,
18088,16521,0.6,,,,,,,,
18089,16522,0.6,,,,,,,,
18090,16523,0.6,,,,,,,,
18091,16524,2.162,,,,,,,,
18092,16525,0.6,,,,,,,,
18093,16526,34.624,,,,,,,0.0,6.6
18094,16527,0.6,,,,,,,,
18095,16528,2.687,,,,,,,,
18096,16528,0.777,,,,,,,,
18097,16528,0.6,,,,,,,,
18098,16529,0.6,,,,,,,,
18099,16530,0.953,,,,,,,,
18100,16531,4.702,,,,,,,,
18101,16532,27.843,,,,,,,3.0,6.5
18102,16533,0.6,,,,,,,,
18103,16534,0.6,,,,,,,,
18104,16535,6.13,,,,,,,,
18105,16536,0.89,,,,,,,,
18106,16537,0.6,,,,,,,,
18107,16538,4.223,,,,,,,,
18108,16539,2.184,,,,,,,,
18109,16540,0.7,,,,,,,,
18110,16541,0.6,,,,,,,,
18111,16542,0.918,,,,,,,,
18112,16543,0.6,,,,,,,,
18113,16544,1.679,,,,,,,,
18114,16545,41.167,,,,,,,3.0,5.9
18115,16546,1.831,,,,,,,,
18116,16547,0.6,,,,,,,,
18117,16548,0.621,,,,,,,,
18118,16549,0.6,,,,,,,,
18119,16550,0.6,,,,,,,,
18120,16551,0.6,,,,,,,,
18121,16552,0.6,,,,,,,,
18122,16553,0.6,,,,,,,,
18123,16554,,,,,,,,2.0,8.1
18124,16555,0.6,,,,,,,,
18125,16556,1.587,,,,,,,,
18126,16557,0.938,,,,,,,,
18127,16558,0.716,,,,,,,,
18128,16559,0.78,,,,,,,,
18129,16560,1.147,,,,,,,,
18130,16561,0.6,,,,,,,,
18131,16562,0.6,,,,,,,,
18132,16563,0.6,,,,,,,,
18133,16564,0.823,,,,,,,,
18134,16565,1.241,,,,,,,,
18135,16566,,,,,,,,,
18136,16567,0.6,,,,,,,,
18137,16568,0.6,,,,,,,,
18138,16569,0.6,,,,,,,,
18139,16570,0.6,,,,,,,,
18140,16571,1.4,,,,,,,,
18141,16572,1.245,,,,,,,,
18142,16573,1.216,,,,,,,,
18143,16573,0.743,,,,,,,,
18144,16574,0.6,,,,,,,,
18145,16575,3.157,,,,,,,,
18146,16576,,,,,,,,3.0,7.8
18147,16577,0.6,,,,,,,,
18148,16578,1.87,,,,,,,,
18149,16579,3.299,,,,,,,,
18150,16580,0.661,,,,,,,,
18151,16581,0.6,,,,,,,,
18152,16582,1.698,,,,,,,,
18153,16583,0.6,,,,,,,,
18154,16584,0.6,,,,,,,,
18155,16585,8.347,,,,,,,,
18156,16586,0.822,,,,,,,,
18157,16587,1.343,,,,,,,,
18158,16588,5.866,,,,,,,,
18159,16589,3.627,,,,,,,,
18160,16590,1.082,,,,,,,,
18161,16591,0.6,,,,,,,,
18162,16592,5.469,,,,,,,,
18163,16593,1.195,,,,,,,,
18164,16594,0.6,,,,,,,,
18165,16595,0.856,,,,,,,,
18166,16596,2.064,,,,,,,,
18167,16597,0.6,,,,,,,,
18168,16598,1.76,,,,,,,,
18169,16599,0.668,,,,,,,,
18170,16600,0.6,,,,,,,,
18171,16601,2.484,,,,,,,,
18172,16602,0.84,,,,,,,,
18173,16603,0.6,,,,,,,,
18174,16604,0.968,,,,,,,,
18175,16605,0.874,,,,,,,,
18176,16606,14.779,,,,,,,,
18177,16607,0.6,,,,,,,,
18178,16608,0.6,,,,,,,1.0,5.7
18179,16608,0.6,,,,,,,1.0,5.7
18180,16609,,,,,,,,,
18181,16610,1.742,,,,,,,,
18182,16611,0.6,,,,,,,,
18183,16612,0.6,,,,,,,,
18184,16613,0.6,,,,,,,,
18185,16614,0.6,,,,,,,,
18186,16615,40.023,,,,,,,3.0,4.4
18187,16616,0.6,,,,,,,,
18188,16617,0.6,,,,,,,,
18189,16618,6.067,,,,,,,,
18190,16618,0.6,,,,,,,,
18191,16619,0.73,,,,,,,,
18192,16619,0.638,,,,,,,,
18193,16619,0.6,,,,,,,,
18194,16620,23.262,,,,,,,1.0,6.7
18195,16621,0.6,,,,,,,,
18196,16622,0.6,,,,,,,,
18197,16623,1.524,,,,,,,,
18198,16623,0.776,,,,,,,,
18199,16623,0.6,,,,,,,,
18200,16624,6.525,,,,,,,,
18201,16625,0.6,,,,,,,3.0,6.8
18202,16626,0.732,,,,,,,,
18203,16627,1.512,,,,,,,,
18204,16628,1.728,,,,,,,,
18205,16629,0.6,,,,,,,,
18206,16630,0.6,,,,,,,,
18207,16631,0.6,,,,,,,,
18208,16632,1.266,,,,,,,,
18209,16633,1.325,,,,,,,,
18210,16634,0.6,,,,,,,,
18211,16635,1.534,,,,,,,,
18212,16636,,,,,,,,3.0,8.1
18213,16637,1.065,,,,,,,,
18214,16638,16.977,,,,,,,,
18215,16639,0.65,,,,,,,,
18216,16640,0.6,,,,,,,,
18217,16641,,,,,,,,0.0,8.0
18218,16642,0.6,,,,,,,,
18219,16643,0.6,,,,,,,,
18220,16644,,,,,,,,,
18221,16645,0.6,,,,,,,,
18222,16646,1.4,,,,,,,,
18223,16647,0.6,,,,,,,,
18224,16648,0.652,,,,,,,,
18225,16649,0.6,,,,,,,,
18226,16650,0.6,,,,,,,,
18227,16651,0.6,,,,,,,,
18228,16652,0.6,,,,,,,,
18229,16653,0.6,,,,,,,,
18230,16653,0.6,,,,,,,,
18231,16653,0.6,,,,,,,,
18232,16653,0.6,,,,,,,,
18233,16654,0.6,,,,,,,,
18234,16655,0.6,,,,,,,,
18235,16656,2.902,,,,,,,,
18236,16657,0.6,,,,,,,,
18237,16658,0.6,,,,,,,,
18238,16659,0.6,,,,,,,,
18239,16659,0.6,,,,,,,,
18240,16659,0.6,,,,,,,,
18241,16659,0.6,,,,,,,,
18242,16660,1.768,,,,,,,,
18243,16661,0.602,,,,,,,,
18244,16662,0.6,,,,,,,,
18245,16663,0.6,,,,,,,,
18246,16664,0.6,,,,,,,,
18247,16665,0.6,,,,,,,,
18248,16666,0.821,,,,,,,,
18249,16667,0.6,,,,,,,,
18250,16668,0.672,,,,,,,,
18251,16669,0.6,,,,,,,,
18252,16670,3.926,,,,,,,,
18253,16671,1.96,,,,,,,,
18254,16672,1.869,,,,,,,,
18255,16673,0.6,,,,,,,,
18256,16674,71.944,,,,,,,3.0,6.3
18257,16675,29.023,,,,,,,3.0,5.7
18258,16676,55.508,,,,,,,3.0,5.8
18259,16677,26.924,,,,,,,3.0,4.6
18260,16678,1.4,,,,,,,,
18261,16679,1.788,,,,,,,,
18262,16680,149.767,,,,,,,,
18263,16681,0.677,,,,,,,,
18264,16682,24.036,,,,,,,,
18265,16683,73.028,,,,,,,2.0,5.0
18266,16684,50.297,,,,,,,,
18267,16685,0.851,,,,,,,,
18268,16686,3.635,,,,,,,,
18269,16687,1.398,,,,,,,,
18270,16688,1.526,,,,,,,,
18271,16689,0.903,,,,,,,,
18272,16690,1.437,,,,,,,,
18273,16691,0.67,,,,,,,,
18274,16692,3.102,,,,,,,,
18275,16693,0.947,,,,,,,,
18276,16694,7.105,,,,,,,,
18277,16695,0.865,,,,,,,,
18278,16696,2.158,,,,,,,,
18279,16697,1.814,,,,,,,,
18280,16698,4.248,,,,,,,,
18281,16699,1.628,,,,,,,,
18282,16700,2.256,,,,,,,,
18283,16701,3.643,,,,,,,,
18284,16702,3.125,,,,,,,,
18285,16703,1.3,,,,,,,,
18286,16704,0.6,,,,,,,,
18287,16705,0.6,,,,,,,,
18288,16706,0.6,,,,,,,,
18289,16707,2.381,,,,,,,,
18290,16708,0.6,,,,,,,,
18291,16709,0.6,,,,,,,,
18292,16710,0.6,,,,,,,,
18293,16711,0.6,,,,,,,,
18294,16712,0.6,,,,,,,,
18295,16713,0.6,,,,,,,,
18296,16714,0.6,,,,,,,,
18297,16715,0.6,,,,,,,,
18298,16716,2.475,,,,,,,,
18299,16717,6.038,,,,,,,,
18300,16718,0.6,,,,,,,,
18301,16719,4.859,,,,,,,,
18302,16720,5.158,,,,,,,,
18303,16721,0.6,,,,,,,,
18304,16722,0.6,,,,,,,,
18305,16723,1.156,,,,,,,,
18306,16724,7.085,,,,,,,,
18307,16724,2.601,,,,,,,,
18308,16724,0.906,,,,,,,,
18309,16724,0.6,,,,,,,,
18310,16725,3.406,,,,,,,,
18311,16726,3.182,,,,,,,,
18312,16727,2.362,,,,,,,,
18313,16727,0.6,,,,,,,,
18314,16728,6.09,,,,,,,,
18315,16728,0.6,,,,,,,,
18316,16729,43.308,,,,,,,,
18317,16730,37.961,,,,,,,,
18318,16731,1.529,,,,,,,3.0,7.5
18319,16732,1.735,,,,,,,,
18320,16733,0.612,,,,,,,,
18321,16734,5.987,,,,,,,,
18322,16734,1.084,,,,,,,,
18323,16735,3.136,,,,,,,,
18324,16735,0.75,,,,,,,,
18325,16736,1.029,,,,,,,,
18326,16737,,,,,,,,1.0,8.1
18327,16738,0.6,,,,,,,,
18328,16739,0.6,,,,,,,,
18329,16740,0.6,,,,,,,,
18330,16741,1.806,,,,,,,,
18331,16742,0.926,,,,,,,,
18332,16743,1.198,,,,,,,,
18333,16744,2.558,,,,,,,,
18334,16745,0.6,,,,,,,,
18335,16746,4.322,,,,,,,,
18336,16747,0.6,,,,,,,,
18337,16748,3.311,,,,,,,,
18338,16749,1.409,,,,,,,,
18339,16750,1.524,,,,,,,,
18340,16751,0.6,,,,,,,,
18341,16752,0.6,,,,,,,,
18342,16753,0.6,,,,,,,,
18343,16754,0.995,,,,,,,,
18344,16755,0.6,,,,,,,,
18345,16756,1.09,,,,,,,,
18346,16757,0.6,,,,,,,,
18347,16758,0.6,,,,,,,,
18348,16759,0.6,,,,,,,,
18349,16760,0.6,,,,,,,,
18350,16761,0.6,,,,,,,,
18351,16762,0.685,,,,,,,,
18352,16763,0.6,,,,,,,,
18353,16764,1.176,,,,,,,,
18354,16765,5.389,,,,,,,,
18355,16766,0.84,,,,,,,,
18356,16767,3.322,,,,,,,,
18357,16768,9.969,,,,,,,,
18358,16769,0.6,,,,,,,,
18359,16770,1.242,,,,,,,,
18360,16771,9.773,,,,,,,,
18361,16772,0.6,,,,,,,,
18362,16773,,,,,,,,0.0,8.4
18363,16774,1.499,,,,,,,,
18364,16775,8.75,,,,,,,,
18365,16776,0.999,,,,,,,,
18366,16777,20.201,,,,,,,1.0,4.6
18367,16778,1.403,,,,,,,,
18368,16779,0.6,,,,,,,,
18369,16780,9.755,,,,,,,,
18370,16780,5.369,,,,,,,,
18371,16781,3.308,,,,,,,,
18372,16782,0.618,,,,,,,,
18373,16783,0.6,,,,,,,,
18374,16784,1.4,,,,,,,,
18375,16785,,0.0,1.0,1970,"George C. Scott's sympathetic, unflinching portrayal of the titular general in this sprawling epic is as definitive as any performance in the history of American biopics.",Certified-Fresh,94.0,1.0,7.9
18376,16786,0.6,,,,,,,,
18377,16787,1.4,,,,,,,,
18378,16788,0.6,,,,,,,,
18379,16789,0.6,,,,,,,,
18380,16790,0.6,,,,,,,,
18381,16791,16.709,,,,,,,,
18382,16792,0.845,,,,,,,,
18383,16793,0.6,,,,,,,,
18384,16794,8.609,,,,,,,,
18385,16795,0.721,,,,,,,,
18386,16796,0.6,,,,,,,,
18387,16797,1.4,,,,,,,,
18388,16798,0.6,,,,,,,,
18389,16798,0.6,,,,,,,,
18390,16799,38.183,,,,,,,3.0,7.0
18391,16799,0.736,,,,,,,3.0,7.0
18392,16800,1.346,,,,,,,,
18393,16801,0.6,,,,,,,,
18394,16802,6.88,,,,,,,,
18395,16803,3.499,,,,,,,,
18396,16804,3.787,,,,,,,,
18397,16805,1.802,,,,,,,,
18398,16806,0.6,,,,,,,,
18399,16807,0.6,,,,,,,,
18400,16808,0.6,,,,,,,,
18401,16809,0.6,,,,,,,,
18402,16810,0.6,,,,,,,,
18403,16811,6.206,,,,,,,,
18404,16812,0.6,,,,,,,,
18405,16812,0.6,,,,,,,,
18406,16813,0.6,,,,,,,,
18407,16814,10.238,,,,,,,2.0,7.6
18408,16814,1.289,,,,,,,2.0,7.6
18409,16814,0.6,,,,,,,2.0,7.6
18410,16815,0.6,,,,,,,,
18411,16816,0.84,,,,,,,,
18412,16817,1.139,,,,,,,,
18413,16818,0.739,,,,,,,,
18414,16819,0.6,,,,,,,,
18415,16820,0.84,,,,,,,,
18416,16821,2.881,,,,,,,,
18417,16822,0.6,,,,,,,,
18418,16823,0.6,,,,,,,,
18419,16824,0.6,,,,,,,,
18420,16825,0.6,,,,,,,,
18421,16826,3.303,,,,,,,,
18422,16826,0.885,,,,,,,,
18423,16826,0.6,,,,,,,,
18424,16826,0.6,,,,,,,,
18425,16827,5.506,,,,,,,,
18426,16828,0.885,,,,,,,,
18427,16829,0.6,,,,,,,,
18428,16830,1.786,,,,,,,,
18429,16831,0.6,,,,,,,,
18430,16832,0.6,,,,,,,,
18431,16833,0.893,,,,,,,,
18432,16834,0.6,,,,,,,,
18433,16835,0.6,,,,,,,,
18434,16836,0.6,,,,,,,,
18435,16837,62.868,,,,,,,,
18436,16838,3.526,,,,,,,,
18437,16839,0.849,,,,,,,,
18438,16840,8.285,,,,,,,,
18439,16840,2.668,,,,,,,,
18440,16841,1.325,,,,,,,,
18441,16842,0.6,,,,,,,,
18442,16843,0.6,,,,,,,,
18443,16844,3.975,,,,,,,1.0,2.6
18444,16845,1.523,,,,,,,,
18445,16845,0.6,,,,,,,,
18446,16845,0.6,,,,,,,,
18447,16846,0.6,,,,,,,,
18448,16847,0.6,,,,,,,,
18449,16848,0.683,,,,,,,,
18450,16849,0.6,,,,,,,,
18451,16850,0.6,,,,,,,,
18452,16851,0.6,,,,,,,,
18453,16852,1.581,,,,,,,,
18454,16853,1.102,,,,,,,,
18455,16854,1.4,,,,,,,,
18456,16855,0.6,,,,,,,,
18457,16856,,,,,,,,,
18458,16857,,,,,,,,,
18459,16858,1.09,,,,,,,,
18460,16859,1.374,,,,,,,,
18461,16860,0.6,,,,,,,,
18462,16861,0.6,,,,,,,,
18463,16862,0.6,,,,,,,,
18464,16863,0.6,,,,,,,,
18465,16863,0.6,,,,,,,,
18466,16864,5.764,,,,,,,,
18467,16865,1.486,,,,,,,,
18468,16866,0.6,,,,,,,,
18469,16867,2.429,,,,,,,,
18470,16868,1.558,,,,,,,,
18471,16869,0.6,,,,,,,,
18472,16870,,,,,,,,,
18473,16871,1.441,,,,,,,,
18474,16872,0.6,,,,,,,,
18475,16873,0.6,,,,,,,,
18476,16874,1.4,,,,,,,3.0,4.6
18477,16875,1.747,,,,,,,,
18478,16875,0.6,,,,,,,,
18479,16876,0.6,,,,,,,,
18480,16876,0.6,,,,,,,,
18481,16877,0.62,,,,,,,,
18482,16878,4.434,,,,,,,,
18483,16879,0.6,,,,,,,,
18484,16880,0.6,,,,,,,,
18485,16881,0.6,,,,,,,,
18486,16882,6.668,,,,,,,,
18487,16883,0.778,,,,,,,,
18488,16884,0.6,,,,,,,,
18489,16885,,,,,,,,3.0,8.0
18490,16886,0.977,,,,,,,,
18491,16887,1.96,,,,,,,3.0,8.1
18492,16888,1.96,,,,,,,,
18493,16889,0.6,,,,,,,,
18494,16890,0.6,,,,,,,,
18495,16891,0.983,,,,,,,,
18496,16892,1.144,,,,,,,,
18497,16892,0.6,,,,,,,,
18498,16893,0.6,,,,,,,,
18499,16894,2.932,,,,,,,,
18500,16895,5.046,,,,,,,,
18501,16896,1.354,,,,,,,,
18502,16897,0.6,,,,,,,,
18503,16898,0.6,,,,,,,,
18504,16899,0.6,,,,,,,,
18505,16900,13.671,,,,,,,2.0,5.7
18506,16901,1.962,,,,,,,,
18507,16902,0.6,,,,,,,,
18508,16903,43.608,,,,,,,3.0,5.7
18509,16903,32.935,,,,,,,3.0,5.7
18510,16904,24.157,,,,,,,,
18511,16905,0.6,,,,,,,,
18512,16906,0.6,,,,,,,,
18513,16907,1.872,,,,,,,,
18514,16908,0.6,,,,,,,,
18515,16909,0.6,,,,,,,,
18516,16910,2.295,,,,,,,,
18517,16911,1.09,,,,,,,,
18518,16911,0.6,,,,,,,,
18519,16912,0.6,,,,,,,,
18520,16913,2.628,,,,,,,,
18521,16914,0.6,,,,,,,,
18522,16915,,1.0,0.0,1957,,Fresh,65.0,,7.2
18523,16916,0.6,,,,,,,,
18524,16917,0.6,,,,,,,,
18525,16918,11.607,,,,,,,1.0,6.6
18526,16918,0.6,,,,,,,1.0,6.6
18527,16919,7.347,,,,,,,,
18528,16920,8.818,,,,,,,,
18529,16921,7.909,,,,,,,,
18530,16922,6.035,,,,,,,,
18531,16923,1.526,,,,,,,,
18532,16923,0.6,,,,,,,,
18533,16924,1.171,,,,,,,,
18534,16925,0.667,,,,,,,,
18535,16926,1.269,,,,,,,,
18536,16927,0.6,,,,,,,,
18537,16928,1.599,,,,,,,,
18538,16929,1.276,,,,,,,,
18539,16930,2.342,,,,,,,,
18540,16931,0.616,,,,,,,,
18541,16932,0.6,,,,,,,,
18542,16933,2.517,,,,,,,,
18543,16934,0.6,,,,,,,,
18544,16935,1.308,,,,,,,,
18545,16936,0.6,,,,,,,,
18546,16937,0.6,,,,,,,,
18547,16938,1.337,,,,,,,,
18548,16939,3.408,,,,,,,,
18549,16940,0.6,,,,,,,,
18550,16941,1.091,,,,,,,,
18551,16942,0.6,,,,,,,,
18552,16943,5.146,,,,,,,,
18553,16944,5.42,,,,,,,,
18554,16945,2.653,,,,,,,,
18555,16946,9.503,,,,,,,0.0,7.3
18556,16947,1.4,,,,,,,,
18557,16948,3.133,,,,,,,,
18558,16949,1.616,,,,,,,,
18559,16950,0.999,,,,,,,,
18560,16951,12.413,,,,,,,3.0,5.4
18561,16952,1.389,,,,,,,,
18562,16953,0.6,,,,,,,,
18563,16954,1.384,,,,,,,,
18564,16955,12.112,,,,,,,,
18565,16956,0.6,,,,,,,,
18566,16957,0.6,,,,,,,,
18567,16958,12.267,,,,,,,3.0,6.7
18568,16959,0.6,,,,,,,,
18569,16960,,,,,,,,2.0,7.7
18570,16961,,1.0,0.0,2013,"Based on a powerful true story and led by note-perfect performances from Judi Dench and Steve Coogan, Philomena offers a profoundly affecting drama for adult filmgoers of all ages.",Certified-Fresh,90.0,3.0,7.6
18571,16962,4.238,,,,,,,,
18572,16963,0.6,,,,,,,,
18573,16964,2.869,,,,,,,,
18574,16965,0.881,,,,,,,,
18575,16966,3.194,,,,,,,,
18576,16966,0.777,,,,,,,,
18577,16966,0.6,,,,,,,,
18578,16967,4.356,,,,,,,,
18579,16968,57.696,,,,,,,,
18580,16968,0.6,,,,,,,,
18581,16969,1.761,,,,,,,,
18582,16969,0.681,,,,,,,,
18583,16970,1.536,,,,,,,,
18584,16971,12.029,,,,,,,,
18585,16972,1.4,,,,,,,,
18586,16973,0.6,,,,,,,,
18587,16974,4.555,,,,,,,,
18588,16975,0.6,,,,,,,,
18589,16976,0.606,,,,,,,,
18590,16977,1.789,,,,,,,,
18591,16978,1.293,,,,,,,,
18592,16979,1.34,,,,,,,,
18593,16980,0.6,,,,,,,,
18594,16981,0.6,,,,,,,,
18595,16982,0.6,,,,,,,,
18596,16983,0.6,,,,,,,,
18597,16984,0.93,,,,,,,,
18598,16985,0.6,,,,,,,,
18599,16986,0.6,,,,,,,,
18600,16987,0.6,,,,,,,,
18601,16988,0.6,,,,,,,,
18602,16989,0.667,,,,,,,,
18603,16990,1.407,,,,,,,,
18604,16991,0.842,,,,,,,,
18605,16992,1.079,,,,,,,,
18606,16993,0.6,,,,,,,,
18607,16994,0.6,,,,,,,,
18608,16994,0.6,,,,,,,,
18609,16994,0.6,,,,,,,,
18610,16995,1.632,,,,,,,,
18611,16996,0.6,,,,,,,,
18612,16997,,1.0,0.0,1955,,Rotten,50.0,,7.1
18613,16998,1.333,,,,,,,,
18614,16999,1.288,,,,,,,,
18615,17000,1.905,,,,,,,,
18616,17001,0.6,,,,,,,,
18617,17002,0.6,,,,,,,,
18618,17003,1.1,,,,,,,,
18619,17004,9.619,,,,,,,,
18620,17005,0.6,,,,,,,,
18621,17006,1.837,,,,,,,,
18622,17007,11.579,,,,,,,,
18623,17008,0.6,,,,,,,,
18624,17009,2.689,,,,,,,0.0,6.9
18625,17009,0.967,,,,,,,0.0,6.9
18626,17009,0.866,,,,,,,0.0,6.9
18627,17010,0.6,,,,,,,,
18628,17011,0.6,,,,,,,,
18629,17012,0.898,,,,,,,,
18630,17012,0.6,,,,,,,,
18631,17013,0.6,,,,,,,,
18632,17014,0.6,,,,,,,,
18633,17015,0.6,,,,,,,,
18634,17016,0.6,,,,,,,,
18635,17017,4.221,,,,,,,,
18636,17018,1.389,,,,,,,,
18637,17019,0.6,,,,,,,,
18638,17019,0.6,,,,,,,,
18639,17020,0.652,,,,,,,,
18640,17021,1.306,,,,,,,,
18641,17022,1.4,,,,,,,,
18642,17023,43.78,,,,,,,,
18643,17023,5.754,,,,,,,,
18644,17024,0.6,,,,,,,,
18645,17025,0.6,,,,,,,,
18646,17026,8.259,,,,,,,,
18647,17027,0.6,,,,,,,,
18648,17028,0.6,,,,,,,,
18649,17029,0.6,,,,,,,,
18650,17030,0.6,,,,,,,,
18651,17031,6.024,,,,,,,,
18652,17032,0.6,,,,,,,,
18653,17033,0.6,,,,,,,,
18654,17034,0.6,,,,,,,,
18655,17035,,,,,,,,3.0,8.1
18656,17036,1.408,,,,,,,,
18657,17037,,,,,,,,,
18658,17038,1.056,,,,,,,,
18659,17039,1.558,,,,,,,,
18660,17040,0.6,,,,,,,3.0,7.2
18661,17041,0.6,,,,,,,1.0,7.5
18662,17041,0.6,,,,,,,1.0,5.1
18663,17042,12.418,,,,,,,,
18664,17043,0.6,,,,,,,,
18665,17044,1.443,,,,,,,,
18666,17045,1.082,,,,,,,,
18667,17046,2.687,,,,,,,,
18668,17046,0.84,,,,,,,,
18669,17047,35.829,,,,,,,3.0,5.9
18670,17047,11.626,,,,,,,3.0,5.9
18671,17048,50.603,,,,,,,,
18672,17049,26.066,,,,,,,,
18673,17050,9.044,,,,,,,,
18674,17051,5.744,,,,,,,,
18675,17052,1.84,,,,,,,,
18676,17053,16.735,,,,,,,,
18677,17054,0.6,,,,,,,,
18678,17055,,,,,,,,3.0,8.1
18679,17056,1.237,,,,,,,,
18680,17057,0.991,,,,,,,,
18681,17058,0.708,,,,,,,,
18682,17059,2.845,,,,,,,,
18683,17060,1.732,,,,,,,,
18684,17061,0.822,,,,,,,,
18685,17062,0.6,,,,,,,,
18686,17063,2.814,,,,,,,,
18687,17063,2.73,,,,,,,,
18688,17064,1.172,,,,,,,,
18689,17065,0.625,,,,,,,,
18690,17066,0.6,,,,,,,,
18691,17067,0.966,,,,,,,,
18692,17068,0.6,,,,,,,,
18693,17069,0.6,,,,,,,,
18694,17070,0.6,,,,,,,,
18695,17071,0.6,,,,,,,,
18696,17072,0.6,,,,,,,,
18697,17073,,1.0,0.0,1984,"Places in the Heart is a quiet character piece with grand ambitions that it more than fulfills, thanks to absorbing work from writer-director Robert Benton and a tremendous cast.",Fresh,89.0,,7.4
18698,17074,0.6,,,,,,,,
18699,17075,1.6,,,,,,,,
18700,17076,0.97,,,,,,,,
18701,17077,1.035,,,,,,,,
18702,17078,0.944,,,,,,,,
18703,17079,2.71,,,,,,,,
18704,17079,0.896,,,,,,,,
18705,17079,0.6,,,,,,,,
18706,17080,4.439,,,,,,,,
18707,17081,2.871,,,,,,,,
18708,17082,0.6,,,,,,,,
18709,17083,2.496,,,,,,,,
18710,17084,7.428,,,,,,,1.0,3.9
18711,17085,1.53,,,,,,,,
18712,17086,0.6,,,,,,,,
18713,17087,0.6,,,,,,,,
18714,17088,0.6,,,,,,,,
18715,17089,,,,,,,,,
18716,17090,8.674,,,,,,,,
18717,17091,34.376,,,,,,,3.0,7.0
18718,17092,0.653,,,,,,,,
18719,17093,,,,,,,,1.0,8.0
18720,17093,,,,,,,,3.0,5.7
18721,17094,11.088,,,,,,,,
18722,17095,12.993,,,,,,,,
18723,17096,3.134,,,,,,,,
18724,17097,0.6,,,,,,,,
18725,17098,1.865,,,,,,,,
18726,17099,1.115,,,,,,,,
18727,17100,0.6,,,,,,,,
18728,17101,0.6,,,,,,,,
18729,17102,,0.0,1.0,1986,"Informed by director Oliver Stone's personal experiences in Vietnam, Platoon forgoes easy sermonizing in favor of a harrowing, ground-level view of war, bolstered by no-holds-barred performances from Charlie Sheen and Willem Dafoe.",Certified-Fresh,88.0,0.0,8.1
18730,17103,1.4,,,,,,,,
18731,17104,0.6,,,,,,,,
18732,17105,0.6,,,,,,,,
18733,17106,0.6,,,,,,,,
18734,17107,2.012,,,,,,,,
18735,17107,0.6,,,,,,,,
18736,17108,1.264,,,,,,,,
18737,17109,0.6,,,,,,,,
18738,17110,0.6,,,,,,,,
18739,17111,0.6,,,,,,,,
18740,17111,0.6,,,,,,,,
18741,17112,11.513,,,,,,,,
18742,17113,0.6,,,,,,,,
18743,17114,0.6,,,,,,,,
18744,17115,9.876,,,,,,,,
18745,17115,0.6,,,,,,,,
18746,17116,0.6,,,,,,,,
18747,17117,0.6,,,,,,,,
18748,17118,25.754,,,,,,,,
18749,17118,0.6,,,,,,,,
18750,17119,0.6,,,,,,,,
18751,17120,14.924,,,,,,,,
18752,17121,2.871,,,,,,,,
18753,17122,3.091,,,,,,,,
18754,17123,0.6,,,,,,,,
18755,17124,0.6,,,,,,,,
18756,17125,1.264,,,,,,,,
18757,17126,0.6,,,,,,,3.0,7.8
18758,17127,0.6,,,,,,,,
18759,17128,0.6,,,,,,,,
18760,17129,1.64,,,,,,,,
18761,17130,0.95,,,,,,,,
18762,17131,0.6,,,,,,,,
18763,17132,0.6,,,,,,,,
18764,17133,0.6,,,,,,,,
18765,17134,0.614,,,,,,,,
18766,17135,0.6,,,,,,,,
18767,17136,7.304,,,,,,,,
18768,17137,2.797,,,,,,,,
18769,17138,2.424,,,,,,,,
18770,17139,0.6,,,,,,,,
18771,17140,1.476,,,,,,,,
18772,17141,3.977,,,,,,,,
18773,17142,0.6,,,,,,,,
18774,17143,0.6,,,,,,,,
18775,17144,0.6,,,,,,,,
18776,17145,1.215,,,,,,,,
18777,17146,0.6,,,,,,,,
18778,17147,0.6,,,,,,,,
18779,17148,0.6,,,,,,,,
18780,17149,0.627,,,,,,,,
18781,17150,0.6,,,,,,,,
18782,17151,0.704,,,,,,,,
18783,17152,0.702,,,,,,,,
18784,17153,0.6,,,,,,,,
18785,17154,1.093,,,,,,,,
18786,17155,0.6,,,,,,,,
18787,17156,0.6,,,,,,,,
18788,17157,0.6,,,,,,,,
18789,17158,1.314,,,,,,,,
18790,17159,0.6,,,,,,,,
18791,17160,0.6,,,,,,,,
18792,17161,5.835,,,,,,,,
18793,17162,2.792,,,,,,,,
18794,17163,0.6,,,,,,,,
18795,17164,0.6,,,,,,,,
18796,17165,0.6,,,,,,,,
18797,17166,1.756,,,,,,,,
18798,17167,1.51,,,,,,,,
18799,17168,0.892,,,,,,,,
18800,17169,1.576,,,,,,,,
18801,17170,0.6,,,,,,,,
18802,17171,0.6,,,,,,,,
18803,17172,4.435,,,,,,,,
18804,17173,0.6,,,,,,,,
18805,17174,7.36,,,,,,,3.0,7.2
18806,17175,0.777,,,,,,,,
18807,17176,1.225,,,,,,,,
18808,17177,6.307,,,,,,,,
18809,17178,0.6,,,,,,,,
18810,17179,0.6,,,,,,,,
18811,17180,47.575,,,,,,,,
18812,17180,20.017,,,,,,,,
18813,17180,8.216,,,,,,,,
18814,17181,1.09,,,,,,,,
18815,17182,0.6,,,,,,,,
18816,17183,1.96,,,,,,,,
18817,17184,1.1,,,,,,,,
18818,17185,0.664,,,,,,,,
18819,17186,40.123,,,,,,,3.0,7.3
18820,17186,35.679,,,,,,,3.0,7.3
18821,17187,3.705,,,,,,,,
18822,17188,1.472,,,,,,,,
18823,17189,23.377,,,,,,,,
18824,17190,18.531,,,,,,,3.0,4.7
18825,17191,0.6,,,,,,,,
18826,17192,2.226,,,,,,,,
18827,17193,0.886,,,,,,,,
18828,17194,1.273,,,,,,,,
18829,17195,0.663,,,,,,,,
18830,17196,0.6,,,,,,,,
18831,17196,0.6,,,,,,,,
18832,17196,0.6,,,,,,,,
18833,17197,0.6,,,,,,,,
18834,17198,0.709,,,,,,,,
18835,17199,0.6,,,,,,,,
18836,17200,0.752,,,,,,,,
18837,17201,0.6,,,,,,,,
18838,17202,0.6,,,,,,,,
18839,17203,17.948,,,,,,,0.0,6.5
18840,17204,0.6,,,,,,,,
18841,17205,1.4,,,,,,,,
18842,17206,4.11,,,,,,,,
18843,17207,15.053,,,,,,,,
18844,17208,2.636,,,,,,,,
18845,17209,1.506,,,,,,,,
18846,17210,2.251,,,,,,,,
18847,17211,0.6,,,,,,,,
18848,17212,2.061,,,,,,,,
18849,17213,6.484,,,,,,,,
18850,17213,1.95,,,,,,,,
18851,17213,0.6,,,,,,,,
18852,17214,0.6,,,,,,,,
18853,17215,0.6,,,,,,,,
18854,17216,0.856,,,,,,,,
18855,17216,0.6,,,,,,,,
18856,17217,0.6,,,,,,,,
18857,17218,9.59,,,,,,,,
18858,17219,0.6,,,,,,,,
18859,17220,0.6,,,,,,,,
18860,17221,0.6,,,,,,,,
18861,17222,0.6,,,,,,,,
18862,17223,0.6,,,,,,,,
18863,17224,2.271,,,,,,,,
18864,17225,1.114,,,,,,,,
18865,17226,1.295,,,,,,,,
18866,17227,0.6,,,,,,,,
18867,17228,3.092,,,,,,,,
18868,17229,16.593,,,,,,,,
18869,17230,54.413,,,,,,,,
18870,17231,2.173,,,,,,,,
18871,17231,1.302,,,,,,,,
18872,17232,0.991,,,,,,,,
18873,17233,0.892,,,,,,,,
18874,17234,4.778,,,,,,,,
18875,17235,0.6,,,,,,,,
18876,17236,0.6,,,,,,,,
18877,17237,,,,,,,,,
18878,17238,1.862,,,,,,,,
18879,17239,0.6,,,,,,,,
18880,17240,1.675,,,,,,,,
18881,17241,1.518,,,,,,,,
18882,17242,2.048,,,,,,,,
18883,17243,0.6,,,,,,,,
18884,17244,0.6,,,,,,,,
18885,17245,1.261,,,,,,,,
18886,17246,0.694,,,,,,,,
18887,17247,0.6,,,,,,,,
18888,17248,0.6,,,,,,,,
18889,17249,0.6,,,,,,,,
18890,17250,1.233,,,,,,,,
18891,17251,6.285,,,,,,,,
18892,17252,0.6,,,,,,,,
18893,17253,0.6,,,,,,,,
18894,17254,1.4,,,,,,,,
18895,17255,0.948,,,,,,,,
18896,17256,0.6,,,,,,,,
18897,17257,7.759,,,,,,,,
18898,17257,5.961,,,,,,,,
18899,17257,3.968,,,,,,,,
18900,17257,1.4,,,,,,,,
18901,17257,1.07,,,,,,,,
18902,17257,0.946,,,,,,,,
18903,17257,0.6,,,,,,,,
18904,17257,0.6,,,,,,,,
18905,17257,0.6,,,,,,,,
18906,17257,0.6,,,,,,,,
18907,17257,0.6,,,,,,,,
18908,17258,0.6,,,,,,,,
18909,17259,0.849,,,,,,,,
18910,17260,0.6,,,,,,,,
18911,17261,4.134,,,,,,,,
18912,17262,33.538,,,,,,,1.0,7.3
18913,17262,33.538,,,,,,,3.0,5.4
18914,17262,1.96,,,,,,,1.0,7.3
18915,17262,1.96,,,,,,,3.0,5.4
18916,17262,1.189,,,,,,,1.0,7.3
18917,17262,1.189,,,,,,,3.0,5.4
18918,17262,0.739,,,,,,,1.0,7.3
18919,17262,0.739,,,,,,,3.0,5.4
18920,17262,0.6,,,,,,,1.0,7.3
18921,17262,0.6,,,,,,,3.0,5.4
18922,17262,0.6,,,,,,,1.0,7.3
18923,17262,0.6,,,,,,,3.0,5.4
18924,17263,2.14,,,,,,,,
18925,17264,0.6,,,,,,,,
18926,17265,18.804,,,,,,,,
18927,17266,0.6,,,,,,,,
18928,17267,5.46,,,,,,,,
18929,17268,9.011,,,,,,,0.0,5.8
18930,17268,0.6,,,,,,,0.0,5.8
18931,17269,1.093,,,,,,,,
18932,17270,1.303,,,,,,,,
18933,17271,0.6,,,,,,,,
18934,17272,10.494,,,,,,,1.0,6.5
18935,17272,2.78,,,,,,,1.0,6.5
18936,17273,0.6,,,,,,,,
18937,17274,0.6,,,,,,,,
18938,17275,0.899,,,,,,,,
18939,17275,0.6,,,,,,,,
18940,17276,0.631,,,,,,,,
18941,17277,0.6,,,,,,,,
18942,17278,0.648,,,,,,,,
18943,17279,0.6,,,,,,,,
18944,17279,0.6,,,,,,,,
18945,17280,1.412,,,,,,,,
18946,17281,3.054,,,,,,,,
18947,17282,0.6,,,,,,,,
18948,17283,0.6,,,,,,,,
18949,17284,0.6,,,,,,,,
18950,17285,1.769,,,,,,,,
18951,17286,1.4,,,,,,,,
18952,17287,2.083,,,,,,,,
18953,17288,8.575,,,,,,,1.0,6.0
18954,17289,0.6,,,,,,,,
18955,17290,0.908,,,,,,,,
18956,17291,1.267,,,,,,,,
18957,17292,0.6,,,,,,,,
18958,17293,0.6,,,,,,,,
18959,17294,1.993,,,,,,,,
18960,17295,0.6,,,,,,,,
18961,17296,0.6,,,,,,,,
18962,17297,1.041,,,,,,,,
18963,17298,0.6,,,,,,,,
18964,17299,1.218,,,,,,,,
18965,17300,0.6,,,,,,,,
18966,17301,2.419,,,,,,,,
18967,17301,0.627,,,,,,,,
18968,17301,0.6,,,,,,,,
18969,17302,0.633,,,,,,,,
18970,17303,0.707,,,,,,,,
18971,17304,1.254,,,,,,,,
18972,17305,3.461,,,,,,,,
18973,17306,0.84,,,,,,,,
18974,17307,0.6,,,,,,,,
18975,17308,0.6,,,,,,,,
18976,17309,0.6,,,,,,,,
18977,17310,0.6,,,,,,,,
18978,17311,0.6,,,,,,,,
18979,17312,0.6,,,,,,,,
18980,17313,0.6,,,,,,,,
18981,17314,1.4,,,,,,,,
18982,17315,,,,,,,,0.0,7.8
18983,17316,1.263,,,,,,,,
18984,17317,9.731,,,,,,,,
18985,17318,3.368,,,,,,,,
18986,17319,1.462,,,,,,,,
18987,17320,1.189,,,,,,,,
18988,17321,0.6,,,,,,,,
18989,17322,0.6,,,,,,,,
18990,17323,0.6,,,,,,,,
18991,17324,0.6,,,,,,,,
18992,17325,0.6,,,,,,,,
18993,17326,1.037,,,,,,,,
18994,17327,0.6,,,,,,,,
18995,17328,0.921,,,,,,,,
18996,17329,7.61,,,,,,,3.0,5.9
18997,17329,0.874,,,,,,,3.0,5.9
18998,17330,0.6,,,,,,,,
18999,17331,2.577,,,,,,,,
19000,17332,0.6,,,,,,,,
19001,17333,0.6,,,,,,,,
19002,17334,0.6,,,,,,,,
19003,17335,1.4,,,,,,,,
19004,17336,2.073,,,,,,,,
19005,17337,2.418,,,,,,,,
19006,17338,1020.995,,,,,,,,
19007,17339,8.258,,,,,,,,
19008,17340,1.415,,,,,,,,
19009,17341,0.6,,,,,,,,
19010,17342,2.783,,,,,,,,
19011,17342,1.424,,,,,,,,
19012,17343,0.6,,,,,,,,
19013,17344,1.684,,,,,,,,
19014,17345,1.555,,,,,,,,
19015,17346,4.509,,,,,,,,
19016,17347,0.898,,,,,,,,
19017,17348,0.969,,,,,,,,
19018,17349,1.133,,,,,,,,
19019,17350,0.6,,,,,,,,
19020,17351,1.1,,,,,,,,
19021,17351,0.6,,,,,,,,
19022,17352,2.685,,,,,,,,
19023,17353,0.67,,,,,,,,
19024,17354,0.713,,,,,,,,
19025,17355,0.6,,,,,,,,
19026,17356,0.6,,,,,,,,
19027,17357,10.72,,,,,,,3.0,5.9
19028,17358,19.43,,,,,,,3.0,7.1
19029,17358,10.444,,,,,,,3.0,7.1
19030,17358,8.477,,,,,,,3.0,7.1
19031,17358,2.32,,,,,,,3.0,7.1
19032,17358,1.631,,,,,,,3.0,7.1
19033,17358,1.55,,,,,,,3.0,7.1
19034,17358,1.45,,,,,,,3.0,7.1
19035,17358,1.106,,,,,,,3.0,7.1
19036,17358,0.95,,,,,,,3.0,7.1
19037,17358,0.733,,,,,,,3.0,7.1
19038,17358,0.694,,,,,,,3.0,7.1
19039,17358,0.6,,,,,,,3.0,7.1
19040,17358,0.6,,,,,,,3.0,7.1
19041,17358,0.6,,,,,,,3.0,7.1
19042,17359,1.576,,,,,,,,
19043,17360,0.6,,,,,,,,
19044,17361,0.6,,,,,,,,
19045,17362,0.609,,,,,,,3.0,7.8
19046,17363,,,,,,,,,
19047,17364,26.04,,,,,,,3.0,5.8
19048,17365,1.96,,,,,,,,
19049,17366,32.691,,,,,,,3.0,7.1
19050,17366,32.691,,,,,,,1.0,5.7
19051,17367,6.638,,,,,,,,
19052,17367,3.206,,,,,,,,
19053,17368,,,,,,,,1.0,7.7
19054,17369,0.6,,,,,,,,
19055,17370,11.844,,,,,,,,
19056,17370,2.288,,,,,,,,
19057,17371,1.245,,,,,,,,
19058,17372,0.6,,,,,,,,
19059,17373,2.043,,,,,,,,
19060,17374,2.584,,,,,,,,
19061,17375,35.757,,,,,,,,
19062,17376,0.972,,,,,,,,
19063,17377,0.6,,,,,,,,
19064,17378,0.778,,,,,,,,
19065,17379,0.6,,,,,,,,
19066,17380,2.144,,,,,,,,
19067,17381,0.6,,,,,,,,
19068,17382,12.085,,,,,,,3.0,6.7
19069,17383,0.6,,,,,,,,
19070,17384,0.659,,,,,,,,
19071,17385,0.6,,,,,,,,
19072,17386,0.6,,,,,,,,
19073,17387,0.6,,,,,,,,
19074,17388,0.6,,,,,,,,
19075,17389,7.081,,,,,,,,
19076,17390,0.6,,,,,,,,
19077,17391,0.6,,,,,,,,
19078,17392,3.689,,,,,,,,
19079,17393,1.617,,,,,,,,
19080,17394,0.6,,,,,,,,
19081,17395,1.518,,,,,,,,
19082,17396,,,,,,,,3.0,8.2
19083,17397,1.225,,,,,,,,
19084,17398,14.96,,,,,,,,
19085,17399,8.168,,,,,,,,
19086,17400,0.6,,,,,,,,
19087,17401,3.106,,,,,,,,
19088,17402,2.381,,,,,,,,
19089,17403,3.828,,,,,,,,
19090,17404,0.646,,,,,,,,
19091,17405,3.992,,,,,,,,
19092,17406,0.6,,,,,,,,
19093,17407,0.6,,,,,,,,
19094,17408,0.668,,,,,,,,
19095,17409,0.6,,,,,,,,
19096,17410,1.443,,,,,,,,
19097,17411,5.201,,,,,,,,
19098,17411,1.4,,,,,,,,
19099,17412,0.6,,,,,,,,
19100,17413,2.278,,,,,,,,
19101,17414,0.6,,,,,,,,
19102,17415,1.192,,,,,,,,
19103,17416,0.6,,,,,,,,
19104,17417,0.6,,,,,,,,
19105,17418,27.633,,,,,,,,
19106,17419,1.1,,,,,,,,
19107,17420,0.972,,,,,,,,
19108,17421,0.6,,,,,,,,
19109,17422,1.183,,,,,,,,
19110,17423,2.506,,,,,,,,
19111,17424,0.6,,,,,,,,
19112,17425,0.6,,,,,,,,
19113,17426,1.615,,,,,,,,
19114,17427,4.264,,,,,,,,
19115,17428,1.081,,,,,,,,
19116,17429,1.862,,,,,,,,
19117,17430,0.936,,,,,,,,
19118,17431,0.6,,,,,,,,
19119,17432,0.6,,,,,,,,
19120,17433,0.6,,,,,,,,
19121,17434,1.26,,,,,,,,
19122,17435,16.274,,,,,,,3.0,3.9
19123,17435,11.002,,,,,,,3.0,3.9
19124,17436,4.429,,,,,,,,
19125,17437,5.445,,,,,,,,
19126,17438,2.144,,,,,,,,
19127,17439,0.6,,,,,,,,
19128,17440,0.729,,,,,,,,
19129,17441,0.6,,,,,,,,
19130,17442,0.6,,,,,,,,
19131,17443,1.202,,,,,,,,
19132,17444,0.6,,,,,,,,
19133,17445,3.84,,,,,,,,
19134,17446,0.6,,,,,,,,
19135,17447,7.779,,,,,,,,
19136,17448,0.6,,,,,,,,
19137,17449,0.6,,,,,,,,
19138,17450,0.6,,,,,,,,
19139,17451,4.803,,,,,,,,
19140,17452,0.6,,,,,,,,
19141,17453,0.6,,,,,,,,
19142,17454,2.912,,,,,,,,
19143,17455,11.136,,,,,,,,
19144,17456,6.217,,,,,,,,
19145,17457,0.733,,,,,,,,
19146,17458,0.6,,,,,,,,
19147,17459,0.6,,,,,,,,
19148,17460,1.093,,,,,,,,
19149,17461,0.6,,,,,,,,
19150,17462,2.416,,,,,,,,
19151,17463,2.572,,,,,,,,
19152,17464,0.6,,,,,,,,
19153,17465,4.736,,,,,,,,
19154,17466,0.789,,,,,,,,
19155,17467,0.6,,,,,,,,
19156,17468,0.864,,,,,,,,
19157,17469,1.116,,,,,,,,
19158,17470,2.07,,,,,,,,
19159,17471,2.328,,,,,,,,
19160,17472,0.6,,,,,,,,
19161,17473,0.6,,,,,,,,
19162,17474,0.722,,,,,,,,
19163,17475,0.6,,,,,,,,
19164,17476,42.064,,,,,,,3.0,8.5
19165,17476,20.045,,,,,,,3.0,8.5
19166,17477,1.175,,,,,,,,
19167,17478,9.707,,,,,,,,
19168,17479,0.915,,,,,,,,
19169,17480,0.6,,,,,,,,
19170,17481,0.6,,,,,,,,
19171,17482,3.001,,,,,,,,
19172,17483,2.484,,,,,,,,
19173,17484,0.6,,,,,,,,
19174,17485,1.223,,,,,,,,
19175,17486,1.4,,,,,,,,
19176,17487,38.776,,,,,,,,
19177,17488,1.372,,,,,,,,
19178,17489,16.001,,,,,,,,
19179,17490,9.632,,,,,,,,
19180,17491,11.819,,,,,,,,
19181,17492,2.003,,,,,,,,
19182,17493,0.6,,,,,,,,
19183,17494,0.728,,,,,,,,
19184,17495,0.6,,,,,,,,
19185,17496,0.6,,,,,,,,
19186,17497,0.9,,,,,,,,
19187,17498,0.6,,,,,,,,
19188,17499,1.4,,,,,,,,
19189,17500,0.6,,,,,,,,
19190,17501,0.6,,,,,,,,
19191,17502,1.457,,,,,,,,
19192,17503,0.6,,,,,,,,
19193,17504,0.752,,,,,,,,
19194,17504,0.6,,,,,,,,
19195,17504,0.6,,,,,,,,
19196,17505,1.926,,,,,,,,
19197,17506,0.6,,,,,,,,
19198,17507,1.696,,,,,,,,
19199,17508,0.6,,,,,,,,
19200,17509,0.61,,,,,,,,
19201,17510,0.6,,,,,,,,
19202,17511,1.105,,,,,,,,
19203,17512,0.6,,,,,,,,
19204,17513,1.059,,,,,,,,
19205,17514,0.958,,,,,,,,
19206,17515,0.6,,,,,,,,
19207,17516,1.217,,,,,,,,
19208,17517,3.09,,,,,,,,
19209,17518,0.6,,,,,,,,
19210,17519,0.6,,,,,,,,
19211,17520,3.221,,,,,,,,
19212,17521,0.6,,,,,,,,
19213,17522,1.289,,,,,,,,
19214,17523,0.6,,,,,,,,
19215,17524,0.857,,,,,,,,
19216,17525,4.225,,,,,,,,
19217,17526,4.53,,,,,,,,
19218,17526,0.6,,,,,,,,
19219,17527,0.6,,,,,,,,
19220,17528,0.845,,,,,,,,
19221,17529,1.623,,,,,,,,
19222,17530,0.992,,,,,,,,
19223,17531,0.6,,,,,,,,
19224,17532,1.084,,,,,,,,
19225,17533,5.874,,,,,,,,
19226,17533,1.705,,,,,,,,
19227,17534,0.6,,,,,,,,
19228,17535,0.6,,,,,,,,
19229,17536,0.6,,,,,,,,
19230,17537,0.6,,,,,,,,
19231,17538,3.464,,,,,,,,
19232,17539,0.6,,,,,,,,
19233,17540,0.6,,,,,,,,
19234,17541,0.6,,,,,,,,
19235,17542,3.755,,,,,,,,
19236,17543,0.6,,,,,,,,
19237,17544,3.642,,,,,,,,
19238,17545,1.284,,,,,,,,
19239,17546,,1.0,0.0,1994,"One of the most influential films of the 1990s, Pulp Fiction is a delirious post-modern mix of neo-noir thrills, pitch-black humor, and pop-culture touchstones.",Certified-Fresh,92.0,3.0,8.9
19240,17547,0.743,,,,,,,,
19241,17548,18.137,,,,,,,,
19242,17548,12.296,,,,,,,,
19243,17548,4.891,,,,,,,,
19244,17548,1.715,,,,,,,,
19245,17549,6.625,,,,,,,,
19246,17550,7.901,,,,,,,,
19247,17551,1.102,,,,,,,,
19248,17552,0.6,,,,,,,,
19249,17553,0.891,,,,,,,,
19250,17554,0.6,,,,,,,,
19251,17555,0.6,,,,,,,,
19252,17555,0.6,,,,,,,,
19253,17556,13.113,,,,,,,3.0,6.2
19254,17557,12.97,,,,,,,,
19255,17558,7.668,,,,,,,,
19256,17559,9.44,,,,,,,,
19257,17560,0.6,,,,,,,,
19258,17561,2.014,,,,,,,,
19259,17562,0.6,,,,,,,,
19260,17563,1.731,,,,,,,,
19261,17564,1.4,,,,,,,,
19262,17565,0.6,,,,,,,,
19263,17566,0.6,,,,,,,,
19264,17567,0.6,,,,,,,,
19265,17568,4.542,,,,,,,,
19266,17569,0.6,,,,,,,,
19267,17570,1.046,,,,,,,,
19268,17571,1.074,,,,,,,,
19269,17572,10.717,,,,,,,,
19270,17573,8.67,,,,,,,,
19271,17574,7.007,,,,,,,,
19272,17575,6.191,,,,,,,,
19273,17576,6.071,,,,,,,,
19274,17577,3.449,,,,,,,,
19275,17578,6.825,,,,,,,3.0,3.9
19276,17579,5.674,,,,,,,,
19277,17580,3.782,,,,,,,,
19278,17581,0.6,,,,,,,,
19279,17582,4.957,,,,,,,,
19280,17583,7.531,,,,,,,,
19281,17584,0.6,,,,,,,,
19282,17585,0.6,,,,,,,,
19283,17586,0.6,,,,,,,,
19284,17587,0.6,,,,,,,,
19285,17588,0.6,,,,,,,,
19286,17589,1.398,,,,,,,,
19287,17589,0.954,,,,,,,,
19288,17590,0.6,,,,,,,,
19289,17591,0.6,,,,,,,,
19290,17592,2.956,,,,,,,,
19291,17593,3.289,,,,,,,,
19292,17594,1.646,,,,,,,,
19293,17594,0.6,,,,,,,,
19294,17595,0.6,,,,,,,,
19295,17596,6.044,,,,,,,,
19296,17596,0.734,,,,,,,,
19297,17597,1.551,,,,,,,,
19298,17598,3.142,,,,,,,,
19299,17599,0.602,,,,,,,,
19300,17600,0.6,,,,,,,,
19301,17601,0.904,,,,,,,,
19302,17602,0.6,,,,,,,,
19303,17603,0.6,,,,,,,,
19304,17604,0.619,,,,,,,,
19305,17605,0.6,,,,,,,,
19306,17606,1.975,,,,,,,,
19307,17607,0.938,,,,,,,,
19308,17608,0.669,,,,,,,,
19309,17609,1.4,,,,,,,,
19310,17610,0.6,,,,,,,,
19311,17611,0.6,,,,,,,,
19312,17612,0.6,,,,,,,,
19313,17613,0.933,,,,,,,,
19314,17614,0.6,,,,,,,,
19315,17615,0.6,,,,,,,,
19316,17616,0.6,,,,,,,,
19317,17617,3.283,,,,,,,,
19318,17617,2.957,,,,,,,,
19319,17617,0.6,,,,,,,,
19320,17617,0.6,,,,,,,,
19321,17618,0.6,,,,,,,,
19322,17619,1.548,,,,,,,,
19323,17620,0.6,,,,,,,,
19324,17621,0.657,,,,,,,,
19325,17622,12.807,,,,,,,,
19326,17623,0.6,,,,,,,,
19327,17624,0.813,,,,,,,,
19328,17625,9.651,,,,,,,,
19329,17626,7.196,,,,,,,,
19330,17627,0.6,,,,,,,,
19331,17628,0.6,,,,,,,,
19332,17629,,,,,,,,,
19333,17630,1.85,,,,,,,,
19334,17631,9.146,,,,,,,,
19335,17632,0.6,,,,,,,,
19336,17633,1.313,,,,,,,,
19337,17634,0.754,,,,,,,,
19338,17635,1.668,,,,,,,,
19339,17636,0.6,,,,,,,,
19340,17637,0.6,,,,,,,,
19341,17638,0.6,,,,,,,,
19342,17639,14.059,,,,,,,3.0,6.0
19343,17640,16.223,,,,,,,3.0,5.2
19344,17641,0.6,,,,,,,,
19345,17642,1.555,,,,,,,,
19346,17643,2.631,,,,,,,,
19347,17644,0.6,,,,,,,,
19348,17645,3.739,,,,,,,,
19349,17646,0.6,,,,,,,,
19350,17647,0.6,,,,,,,,
19351,17648,0.6,,,,,,,,
19352,17649,11.178,,,,,,,,
19353,17650,8.065,,,,,,,,
19354,17651,,,,,,,,3.0,8.1
19355,17651,,,,,,,,3.0,6.9
19356,17652,0.872,,,,,,,,
19357,17653,3.671,,,,,,,,
19358,17654,0.99,,,,,,,,
19359,17655,0.654,,,,,,,,
19360,17656,2.914,,,,,,,,
19361,17657,3.136,,,,,,,,
19362,17657,1.19,,,,,,,,
19363,17658,0.6,,,,,,,,
19364,17659,0.6,,,,,,,,
19365,17660,0.84,,,,,,,,
19366,17661,0.991,,,,,,,,
19367,17662,164.687,,,,,,,,
19368,17663,3.595,,,,,,,,
19369,17664,7.619,,,,,,,,
19370,17665,18.506,,,,,,,3.0,5.3
19371,17666,1.201,,,,,,,,
19372,17667,0.6,,,,,,,,
19373,17668,0.6,,,,,,,,
19374,17669,2.911,,,,,,,,
19375,17670,0.6,,,,,,,,
19376,17671,0.6,,,,,,,,
19377,17672,0.623,,,,,,,,
19378,17673,0.952,,,,,,,,
19379,17674,7.475,,,,,,,,
19380,17675,7.112,,,,,,,,
19381,17676,2.965,,,,,,,,
19382,17677,0.6,,,,,,,,
19383,17678,0.6,,,,,,,,
19384,17679,0.6,,,,,,,,
19385,17680,1.648,,,,,,,,
19386,17680,0.6,,,,,,,,
19387,17681,,1.0,0.0,1994,"Robert Redford refracts the sociopolitical and moral issues posed by the subject material through a purely entertaining, well-acted lens.",Certified-Fresh,96.0,2.0,7.5
19388,17682,0.6,,,,,,,,
19389,17683,8.615,,,,,,,,
19390,17684,0.6,,,,,,,,
19391,17685,16.825,,,,,,,,
19392,17686,0.6,,,,,,,,
19393,17687,2.493,,,,,,,,
19394,17688,0.6,,,,,,,,
19395,17689,0.6,,,,,,,,
19396,17690,0.6,,,,,,,,
19397,17691,0.6,,,,,,,,
19398,17692,0.6,,,,,,,,
19399,17693,0.6,,,,,,,,
19400,17694,0.6,,,,,,,,
19401,17695,0.6,,,,,,,,
19402,17696,0.6,,,,,,,,
19403,17696,0.6,,,,,,,,
19404,17697,1.839,,,,,,,,
19405,17698,0.6,,,,,,,,
19406,17699,1.417,,,,,,,,
19407,17700,0.6,,,,,,,,
19408,17701,0.6,,,,,,,,
19409,17702,3.48,,,,,,,,
19410,17703,0.6,,,,,,,,
19411,17704,0.6,,,,,,,,
19412,17705,1.029,,,,,,,,
19413,17706,0.6,,,,,,,,
19414,17707,3.15,,,,,,,,
19415,17708,1.363,,,,,,,,
19416,17709,0.6,,,,,,,,
19417,17710,3.439,,,,,,,,
19418,17711,,,,,,,,3.0,7.7
19419,17712,0.6,,,,,,,,
19420,17713,9.192,,,,,,,,
19421,17714,10.174,,,,,,,3.0,6.3
19422,17714,10.091,,,,,,,3.0,6.3
19423,17714,0.649,,,,,,,3.0,6.3
19424,17715,1.84,,,,,,,,
19425,17716,2.195,,,,,,,,
19426,17717,3.239,,,,,,,,
19427,17718,2.077,,,,,,,,
19428,17719,1.399,,,,,,,,
19429,17720,7.759,,,,,,,,
19430,17721,0.6,,,,,,,,
19431,17722,,1.0,0.0,1968,,Fresh,86.0,,7.3
19432,17723,0.6,,,,,,,,
19433,17724,0.6,,,,,,,,
19434,17725,0.6,,,,,,,,
19435,17726,2.369,,,,,,,,
19436,17726,0.6,,,,,,,,
19437,17727,0.6,,,,,,,,
19438,17728,18.36,,,,,,,,
19439,17729,0.876,,,,,,,,
19440,17730,1.382,,,,,,,,
19441,17730,0.6,,,,,,,,
19442,17730,0.6,,,,,,,,
19443,17731,0.6,,,,,,,,
19444,17732,0.632,,,,,,,,
19445,17733,0.6,,,,,,,,
19446,17734,3.528,,,,,,,,
19447,17735,1.628,,,,,,,,
19448,17736,3.527,,,,,,,,
19449,17737,1.142,,,,,,,,
19450,17738,,1.0,0.0,1980,"Arguably Martin Scorsese's and Robert De Niro's finest film, Raging Bull is often painful to watch, but it's a searing, powerful work about an unsympathetic hero.",Certified-Fresh,93.0,1.0,8.2
19451,17739,4.935,,,,,,,,
19452,17740,2.628,,,,,,,,
19453,17741,2.812,,,,,,,,
19454,17742,0.961,,,,,,,,
19455,17743,0.6,,,,,,,2.0,7.3
19456,17744,0.6,,,,,,,,
19457,17745,0.6,,,,,,,,
19458,17746,2.159,,,,,,,,
19459,17747,1.332,,,,,,,,
19460,17748,1.559,,,,,,,,
19461,17749,2.593,,,,,,,,
19462,17750,1.17,,,,,,,,
19463,17751,1.233,,,,,,,,
19464,17752,,1.0,0.0,1981,"Featuring bravura set pieces, sly humor, and white-knuckle action, Raiders of the Lost Ark is one of the most consummately entertaining adventure pictures of all time.",Certified-Fresh,95.0,3.0,8.4
19465,17753,3.244,,,,,,,,
19466,17754,,0.0,1.0,1988,"This road-trip movie about an autistic savant and his callow brother is far from seamless, but Barry Levinson's direction is impressive, and strong performances from Tom Cruise and Dustin Hoffman add to its appeal.",Certified-Fresh,89.0,1.0,8.0
19467,17755,0.6,,,,,,,,
19468,17756,5.136,,,,,,,,
19469,17757,0.6,,,,,,,,
19470,17758,11.39,,,,,,,,
19471,17759,0.6,,,,,,,,
19472,17760,102.665,,,,,,,,
19473,17761,0.6,,,,,,,,
19474,17762,0.604,,,,,,,,
19475,17763,0.651,,,,,,,,
19476,17764,0.699,,,,,,,,
19477,17765,1.66,,,,,,,,
19478,17766,0.6,,,,,,,,
19479,17767,0.6,,,,,,,,
19480,17768,10.785,,,,,,,,
19481,17769,1.443,,,,,,,,
19482,17770,1.4,,,,,,,,
19483,17771,1.095,,,,,,,,
19484,17772,0.6,,,,,,,,
19485,17773,1.266,,,,,,,,
19486,17774,0.607,,,,,,,,
19487,17775,5.707,,,,,,,,
19488,17776,0.6,,,,,,,,
19489,17777,4.383,,,,,,,3.0,6.1
19490,17778,17.095,,,,,,,1.0,6.3
19491,17779,3.859,,,,,,,,
19492,17780,,,,,,,,1.0,8.2
19493,17781,1.4,,,,,,,,
19494,17782,0.677,,,,,,,,
19495,17783,7.373,,,,,,,,
19496,17784,,1.0,0.0,1942,,Fresh,90.0,,8.0
19497,17785,,,,,,,,3.0,8.1
19498,17786,4.508,,,,,,,,
19499,17787,2.356,,,,,,,,
19500,17788,0.6,,,,,,,,
19501,17789,1.057,,,,,,,,
19502,17790,4.924,,,,,,,,
19503,17791,28.502,,,,,,,,
19504,17792,15.057,,,,,,,,
19505,17793,23.014,,,,,,,,
19506,17794,9.357,,,,,,,,
19507,17795,12.327,,,,,,,,
19508,17796,0.654,,,,,,,,
19509,17797,0.879,,,,,,,,
19510,17798,21.735,,,,,,,,
19511,17799,0.6,,,,,,,,
19512,17800,2.124,,,,,,,,
19513,17801,5.111,,,,,,,,
19514,17802,2.666,,,,,,,,
19515,17803,2.94,,,,,,,,
19516,17804,3.957,,,,,,,,
19517,17805,0.669,,,,,,,,
19518,17806,9.082,,,,,,,,
19519,17807,1.841,,,,,,,,
19520,17808,0.81,,,,,,,,
19521,17809,9.0,,,,,,,,
19522,17810,0.6,,,,,,,,
19523,17811,,,,,,,,,
19524,17812,0.6,,,,,,,,
19525,17813,8.159,,,,,,,,
19526,17814,2.779,,,,,,,,
19527,17814,1.063,,,,,,,,
19528,17814,0.6,,,,,,,,
19529,17815,0.918,,,,,,,,
19530,17816,0.6,,,,,,,,
19531,17817,0.6,,,,,,,,
19532,17818,0.6,,,,,,,,
19533,17819,4.98,,,,,,,,
19534,17820,2.696,,,,,,,,
19535,17821,,,,,,,,1.0,8.1
19536,17822,0.6,,,,,,,,
19537,17823,0.6,,,,,,,,
19538,17824,0.6,,,,,,,,
19539,17825,6.114,,,,,,,3.0,3.4
19540,17825,0.6,,,,,,,3.0,3.4
19541,17826,0.6,,,,,,,,
19542,17826,0.6,,,,,,,,
19543,17827,9.09,,,,,,,,
19544,17828,0.896,,,,,,,,
19545,17829,15.325,,,,,,,,
19546,17830,0.6,,,,,,,,
19547,17831,1.808,,,,,,,,
19548,17832,1.608,,,,,,,,
19549,17833,0.619,,,,,,,,
19550,17834,18.323,,,,,,,,
19551,17835,4.835,,,,,,,,
19552,17835,1.121,,,,,,,,
19553,17836,0.6,,,,,,,,
19554,17837,0.6,,,,,,,,
19555,17838,0.6,,,,,,,,
19556,17839,1.493,,,,,,,,
19557,17840,9.825,,,,,,,,
19558,17840,0.6,,,,,,,,
19559,17841,14.118,,,,,,,1.0,6.9
19560,17841,12.672,,,,,,,1.0,6.9
19561,17842,0.6,,,,,,,,
19562,17843,2.632,,,,,,,,
19563,17844,2.218,,,,,,,,
19564,17845,3.096,,,,,,,,
19565,17846,1.342,,,,,,,,
19566,17847,22.941,,,,,,,3.0,7.0
19567,17848,0.6,,,,,,,,
19568,17849,5.05,,,,,,,,
19569,17850,0.6,,,,,,,,
19570,17851,6.614,,,,,,,,
19571,17852,0.6,,,,,,,,
19572,17853,,1.0,0.0,2004,"An engrossing and energetic portrait of a great musician's achievements and foibles, Ray is anchored by Jamie Foxx's stunning performance as Ray Charles.",Certified-Fresh,80.0,3.0,7.7
19573,17854,0.6,,,,,,,,
19574,17855,1.217,,,,,,,,
19575,17856,0.6,,,,,,,,
19576,17857,9.532,,,,,,,,
19577,17858,0.6,,,,,,,,
19578,17859,1.898,,,,,,,,
19579,17860,0.6,,,,,,,,
19580,17861,0.6,,,,,,,,
19581,17862,0.6,,,,,,,,
19582,17863,8.422,,,,,,,1.0,6.0
19583,17864,3.666,,,,,,,,
19584,17865,1.3,,,,,,,,
19585,17866,2.917,,,,,,,,
19586,17867,17.048,,,,,,,0.0,7.2
19587,17868,0.682,,,,,,,,
19588,17869,3.48,,,,,,,,
19589,17870,2.345,,,,,,,,
19590,17871,0.6,,,,,,,,
19591,17872,5.699,,,,,,,,
19592,17873,5.175,,,,,,,,
19593,17874,4.355,,,,,,,,
19594,17875,0.6,,,,,,,,
19595,17876,2.175,,,,,,,,
19596,17877,0.926,,,,,,,,
19597,17878,0.84,,,,,,,,
19598,17879,0.6,,,,,,,,
19599,17880,38.925,,,,,,,3.0,6.9
19600,17880,1.625,,,,,,,3.0,6.9
19601,17881,0.6,,,,,,,,
19602,17882,2.489,,,,,,,,
19603,17883,1.052,,,,,,,,
19604,17884,0.6,,,,,,,,
19605,17885,1.287,,,,,,,,
19606,17886,0.84,,,,,,,,
19607,17887,0.6,,,,,,,,
19608,17888,0.6,,,,,,,,
19609,17889,0.6,,,,,,,,
19610,17890,0.6,,,,,,,,
19611,17891,0.6,,,,,,,,
19612,17892,1.359,,,,,,,,
19613,17893,2.425,,,,,,,,
19614,17894,0.6,,,,,,,,
19615,17895,0.6,,,,,,,,
19616,17896,0.6,,,,,,,,
19617,17897,0.6,,,,,,,,
19618,17898,0.655,,,,,,,,
19619,17899,1.331,,,,,,,,
19620,17900,0.6,,,,,,,,
19621,17901,9.778,,,,,,,,
19622,17902,0.6,,,,,,,,
19623,17903,0.6,,,,,,,,
19624,17904,0.881,,,,,,,,
19625,17905,0.6,,,,,,,,
19626,17906,0.6,,,,,,,,
19627,17907,3.688,,,,,,,,
19628,17907,1.12,,,,,,,,
19629,17908,28.459,,,,,,,,
19630,17909,0.6,,,,,,,3.0,8.5
19631,17910,0.6,,,,,,,,
19632,17911,0.782,,,,,,,,
19633,17912,0.6,,,,,,,,
19634,17913,0.6,,,,,,,,
19635,17914,,,,,,,,3.0,8.1
19636,17915,,,,,,,,1.0,7.6
19637,17916,0.926,,,,,,,,
19638,17917,4.757,,,,,,,,
19639,17917,0.6,,,,,,,,
19640,17918,2.155,,,,,,,,
19641,17919,0.6,,,,,,,,
19642,17920,0.714,,,,,,,,
19643,17921,0.6,,,,,,,,
19644,17922,0.6,,,,,,,,
19645,17923,0.6,,,,,,,,
19646,17924,0.672,,,,,,,,
19647,17924,0.6,,,,,,,,
19648,17925,3.166,,,,,,,,
19649,17926,0.6,,,,,,,,
19650,17927,0.6,,,,,,,,
19651,17928,0.6,,,,,,,,
19652,17929,0.6,,,,,,,,
19653,17930,0.6,,,,,,,,
19654,17931,6.237,,,,,,,,
19655,17931,2.352,,,,,,,,
19656,17931,0.6,,,,,,,,
19657,17932,0.872,,,,,,,,
19658,17933,1.4,,,,,,,2.0,7.0
19659,17934,0.6,,,,,,,,
19660,17935,0.84,,,,,,,,
19661,17936,0.88,,,,,,,,
19662,17937,1.526,,,,,,,,
19663,17938,0.6,,,,,,,,
19664,17939,3.383,,,,,,,,
19665,17940,0.6,,,,,,,,
19666,17941,4.248,,,,,,,,
19667,17941,1.988,,,,,,,,
19668,17942,10.507,,,,,,,,
19669,17943,44.072,,,,,,,,
19670,17944,6.313,,,,,,,1.0,7.2
19671,17945,0.6,,,,,,,,
19672,17946,23.036,,,,,,,3.0,6.5
19673,17946,3.11,,,,,,,3.0,6.5
19674,17946,1.839,,,,,,,3.0,6.5
19675,17947,0.68,,,,,,,,
19676,17948,0.6,,,,,,,,
19677,17949,0.6,,,,,,,,
19678,17950,2.043,,,,,,,,
19679,17951,0.6,,,,,,,,
19680,17952,2.448,,,,,,,,
19681,17953,2.835,,,,,,,,
19682,17954,0.705,,,,,,,,
19683,17955,0.918,,,,,,,,
19684,17956,2.773,,,,,,,,
19685,17957,2.612,,,,,,,,
19686,17958,0.624,,,,,,,,
19687,17959,0.6,,,,,,,,
19688,17960,0.6,,,,,,,,
19689,17961,0.871,,,,,,,,
19690,17962,1.159,,,,,,,,
19691,17963,0.6,,,,,,,,
19692,17964,0.6,,,,,,,,
19693,17965,0.6,,,,,,,,
19694,17966,0.6,,,,,,,,
19695,17967,5.079,,,,,,,,
19696,17968,0.696,,,,,,,,
19697,17969,0.6,,,,,,,,
19698,17970,0.6,,,,,,,,
19699,17971,1.574,,,,,,,,
19700,17972,0.6,,,,,,,,
19701,17973,0.6,,,,,,,,
19702,17974,0.6,,,,,,,,
19703,17975,24.3,,,,,,,3.0,5.4
19704,17975,4.53,,,,,,,3.0,5.4
19705,17975,2.244,,,,,,,3.0,5.4
19706,17976,0.666,,,,,,,0.0,7.8
19707,17977,1.209,,,,,,,,
19708,17978,2.599,,,,,,,,
19709,17978,2.212,,,,,,,,
19710,17978,0.6,,,,,,,,
19711,17979,0.923,,,,,,,,
19712,17980,0.6,,,,,,,,
19713,17981,7.201,,,,,,,,
19714,17982,0.6,,,,,,,,
19715,17983,0.655,,,,,,,,
19716,17984,0.6,,,,,,,,
19717,17985,5.788,,,,,,,,
19718,17986,0.6,,,,,,,,
19719,17987,0.97,,,,,,,,
19720,17988,1.331,,,,,,,,
19721,17989,13.075,,,,,,,3.0,6.1
19722,17990,0.667,,,,,,,,
19723,17991,0.6,,,,,,,,
19724,17992,3.012,,,,,,,,
19725,17993,0.848,,,,,,,,
19726,17994,0.6,,,,,,,,
19727,17995,2.412,,,,,,,,
19728,17995,0.6,,,,,,,,
19729,17996,1.241,,,,,,,,
19730,17997,0.6,,,,,,,,
19731,17998,6.474,,,,,,,,
19732,17998,0.6,,,,,,,,
19733,17999,6.636,,,,,,,,
19734,18000,2.547,,,,,,,,
19735,18001,1.675,,,,,,,,
19736,18002,0.6,,,,,,,,
19737,18003,4.101,,,,,,,,
19738,18004,9.465,,,,,,,3.0,4.3
19739,18005,0.6,,,,,,,,
19740,18006,0.6,,,,,,,,
19741,18007,45.458,,,,,,,,
19742,18008,4.617,,,,,,,,
19743,18009,0.6,,,,,,,,
19744,18010,5.551,,,,,,,,
19745,18011,0.6,,,,,,,,
19746,18012,2.827,,,,,,,,
19747,18012,0.6,,,,,,,,
19748,18013,0.6,,,,,,,,
19749,18014,2.861,,,,,,,,
19750,18015,2.432,,,,,,,,
19751,18016,8.716,,,,,,,,
19752,18017,1.011,,,,,,,,
19753,18018,0.994,,,,,,,,
19754,18019,3.373,,,,,,,,
19755,18020,1.401,,,,,,,,
19756,18021,0.6,,,,,,,,
19757,18022,0.6,,,,,,,,
19758,18023,1.339,,,,,,,,
19759,18024,0.6,,,,,,,,
19760,18025,0.6,,,,,,,,
19761,18026,1.236,,,,,,,,
19762,18026,0.6,,,,,,,,
19763,18026,0.6,,,,,,,,
19764,18027,1.839,,,,,,,,
19765,18027,0.658,,,,,,,,
19766,18027,0.6,,,,,,,,
19767,18028,1.556,,,,,,,,
19768,18029,2.578,,,,,,,,
19769,18030,0.6,,,,,,,,
19770,18031,0.6,,,,,,,,
19771,18032,0.6,,,,,,,,
19772,18033,0.99,,,,,,,,
19773,18034,0.6,,,,,,,,
19774,18035,0.626,,,,,,,,
19775,18036,0.6,,,,,,,,
19776,18037,0.6,,,,,,,,
19777,18038,0.6,,,,,,,,
19778,18039,6.334,,,,,,,,
19779,18040,12.534,,,,,,,,
19780,18041,0.77,,,,,,,,
19781,18041,0.6,,,,,,,,
19782,18042,0.6,,,,,,,,
19783,18043,0.6,,,,,,,,
19784,18044,0.6,,,,,,,,
19785,18045,2.089,,,,,,,,
19786,18046,7.655,,,,,,,,
19787,18047,7.399,,,,,,,,
19788,18047,0.874,,,,,,,,
19789,18047,0.6,,,,,,,,
19790,18048,0.673,,,,,,,,
19791,18049,1.414,,,,,,,,
19792,18050,0.6,,,,,,,,
19793,18051,0.6,,,,,,,,
19794,18052,,,,,,,,3.0,8.1
19795,18053,0.6,,,,,,,,
19796,18054,0.6,,,,,,,,
19797,18055,3.471,,,,,,,,
19798,18056,13.306,,,,,,,3.0,6.0
19799,18057,0.6,,,,,,,,
19800,18058,0.6,,,,,,,,
19801,18059,6.463,,,,,,,,
19802,18059,0.6,,,,,,,,
19803,18060,0.674,,,,,,,,
19804,18061,1.953,,,,,,,3.0,7.1
19805,18061,0.6,,,,,,,3.0,7.1
19806,18062,0.6,,,,,,,,
19807,18063,0.6,,,,,,,,
19808,18064,,,,,,,,3.0,7.8
19809,18065,0.771,,,,,,,,
19810,18066,1.571,,,,,,,2.0,5.9
19811,18067,0.6,,,,,,,,
19812,18068,0.6,,,,,,,,
19813,18068,0.6,,,,,,,,
19814,18069,0.6,,,,,,,,
19815,18069,0.6,,,,,,,,
19816,18070,0.6,,,,,,,,
19817,18071,0.6,,,,,,,,
19818,18072,2.784,,,,,,,,
19819,18073,0.731,,,,,,,,
19820,18074,0.6,,,,,,,,
19821,18075,1.68,,,,,,,,
19822,18076,0.6,,,,,,,3.0,6.8
19823,18077,0.6,,,,,,,,
19824,18078,6.59,,,,,,,,
19825,18079,4.088,,,,,,,,
19826,18080,2.852,,,,,,,,
19827,18081,2.937,,,,,,,,
19828,18082,8.683,,,,,,,3.0,6.4
19829,18082,1.4,,,,,,,3.0,6.4
19830,18083,0.84,,,,,,,,
19831,18084,0.6,,,,,,,,
19832,18085,13.636,,,,,,,,
19833,18085,0.6,,,,,,,,
19834,18086,0.6,,,,,,,,
19835,18087,0.6,,,,,,,,
19836,18088,0.6,,,,,,,,
19837,18089,0.6,,,,,,,,
19838,18090,0.6,,,,,,,,
19839,18091,1.89,,,,,,,,
19840,18092,6.849,,,,,,,,
19841,18093,2.079,,,,,,,,
19842,18094,0.6,,,,,,,,
19843,18095,0.6,,,,,,,,
19844,18096,15.614,,,,,,,3.0,7.6
19845,18097,8.045,,,,,,,3.0,6.9
19846,18097,2.696,,,,,,,3.0,6.9
19847,18097,0.877,,,,,,,3.0,6.9
19848,18097,0.6,,,,,,,3.0,6.9
19849,18097,0.6,,,,,,,3.0,6.9
19850,18097,0.6,,,,,,,3.0,6.9
19851,18098,1.281,,,,,,,,
19852,18099,0.6,,,,,,,,
19853,18100,,,,,,,,3.0,8.3
19854,18101,3.111,,,,,,,,
19855,18102,3.283,,,,,,,,
19856,18102,1.079,,,,,,,,
19857,18103,0.6,,,,,,,,
19858,18104,1.4,,,,,,,,
19859,18105,0.6,,,,,,,,
19860,18106,,,,,,,,0.0,8.3
19861,18107,1.4,,,,,,,,
19862,18107,0.6,,,,,,,,
19863,18108,0.704,,,,,,,,
19864,18109,1.748,,,,,,,,
19865,18110,1.341,,,,,,,,
19866,18111,24.356,,,,,,,3.0,6.6
19867,18112,1.916,,,,,,,3.0,5.8
19868,18113,25.504,,,,,,,3.0,6.1
19869,18114,40.315,,,,,,,,
19870,18115,20.906,,,,,,,3.0,6.4
19871,18116,12.617,,,,,,,3.0,6.2
19872,18117,3.198,,,,,,,,
19873,18118,8.661,,,,,,,,
19874,18119,6.804,,,,,,,3.0,5.3
19875,18120,2.844,,,,,,,3.0,5.5
19876,18121,35.635,,,,,,,,
19877,18122,245.332,,,,,,,,
19878,18123,2.929,,,,,,,,
19879,18123,2.876,,,,,,,,
19880,18124,0.6,,,,,,,,
19881,18125,0.687,,,,,,,,
19882,18126,9.445,,,,,,,,
19883,18127,1.503,,,,,,,,
19884,18128,1.253,,,,,,,,
19885,18129,1.654,,,,,,,3.0,7.0
19886,18130,0.6,,,,,,,,
19887,18131,0.6,,,,,,,,
19888,18131,0.6,,,,,,,,
19889,18132,10.597,,,,,,,,
19890,18133,11.927,,,,,,,,
19891,18134,2.477,,,,,,,,
19892,18135,0.6,,,,,,,,
19893,18136,45.744,,,,,,,,
19894,18137,1.368,,,,,,,,
19895,18137,1.216,,,,,,,,
19896,18138,4.26,,,,,,,,
19897,18139,0.657,,,,,,,,
19898,18140,1.979,,,,,,,,
19899,18141,0.932,,,,,,,,
19900,18142,0.6,,,,,,,,
19901,18143,0.877,,,,,,,,
19902,18144,1.4,,,,,,,,
19903,18145,0.6,,,,,,,,
19904,18146,8.573,,,,,,,1.0,7.1
19905,18146,7.71,,,,,,,1.0,7.1
19906,18146,4.277,,,,,,,1.0,7.1
19907,18146,0.6,,,,,,,1.0,7.1
19908,18147,0.6,,,,,,,,
19909,18148,2.685,,,,,,,,
19910,18149,1.74,,,,,,,,
19911,18149,0.6,,,,,,,,
19912,18150,0.6,,,,,,,,
19913,18151,1.152,,,,,,,,
19914,18152,0.6,,,,,,,,
19915,18153,0.6,,,,,,,,
19916,18154,8.834,,,,,,,,
19917,18154,0.6,,,,,,,,
19918,18155,4.804,,,,,,,,
19919,18155,2.548,,,,,,,,
19920,18155,0.6,,,,,,,,
19921,18156,5.541,,,,,,,,
19922,18157,0.6,,,,,,,,
19923,18158,2.651,,,,,,,,
19924,18158,0.6,,,,,,,,
19925,18159,0.855,,,,,,,,
19926,18160,2.373,,,,,,,,
19927,18161,1.082,,,,,,,,
19928,18162,0.993,,,,,,,,
19929,18163,1.514,,,,,,,,
19930,18164,0.6,,,,,,,,
19931,18165,1.205,,,,,,,,
19932,18166,0.6,,,,,,,,
19933,18167,0.656,,,,,,,,
19934,18168,0.962,,,,,,,,
19935,18169,0.6,,,,,,,,
19936,18170,0.888,,,,,,,,
19937,18171,1.419,,,,,,,,
19938,18172,1.832,,,,,,,,
19939,18173,1.254,,,,,,,,
19940,18174,7.314,,,,,,,,
19941,18175,0.91,,,,,,,,
19942,18176,3.541,,,,,,,,
19943,18177,7.374,,,,,,,,
19944,18178,27.871,,,,,,,,
19945,18179,11.282,,,,,,,,
19946,18180,9.632,,,,,,,3.0,3.3
19947,18181,11.239,,,,,,,,
19948,18182,0.6,,,,,,,,
19949,18183,2.064,,,,,,,,
19950,18184,1.225,,,,,,,,
19951,18185,24.308,,,,,,,,
19952,18186,0.6,,,,,,,,
19953,18187,1.556,,,,,,,,
19954,18188,5.339,,,,,,,,
19955,18189,0.941,,,,,,,,
19956,18190,8.993,,,,,,,,
19957,18191,4.641,,,,,,,,
19958,18192,11.124,,,,,,,,
19959,18193,6.777,,,,,,,,
19960,18194,0.84,,,,,,,,
19961,18195,7.25,,,,,,,,
19962,18196,1.331,,,,,,,,
19963,18197,0.6,,,,,,,,
19964,18198,0.6,,,,,,,,
19965,18199,0.6,,,,,,,,
19966,18200,2.66,,,,,,,,
19967,18201,0.6,,,,,,,,
19968,18202,5.793,,,,,,,,
19969,18203,1.4,,,,,,,,
19970,18204,1.677,,,,,,,,
19971,18204,1.342,,,,,,,,
19972,18205,0.6,,,,,,,,
19973,18206,0.6,,,,,,,,
19974,18207,0.631,,,,,,,,
19975,18208,0.6,,,,,,,,
19976,18209,0.846,,,,,,,,
19977,18210,0.663,,,,,,,,
19978,18211,2.496,,,,,,,,
19979,18212,4.168,,,,,,,,
19980,18212,1.143,,,,,,,,
19981,18212,0.6,,,,,,,,
19982,18213,0.6,,,,,,,,
19983,18214,1.299,,,,,,,,
19984,18215,0.6,,,,,,,,
19985,18216,1.115,,,,,,,3.0,4.6
19986,18217,22.601,,,,,,,0.0,6.4
19987,18217,1.76,,,,,,,0.0,6.4
19988,18217,0.6,,,,,,,0.0,6.4
19989,18217,0.6,,,,,,,0.0,6.4
19990,18217,0.6,,,,,,,0.0,6.4
19991,18218,0.6,,,,,,,,
19992,18219,0.843,,,,,,,,
19993,18220,0.6,,,,,,,,
19994,18221,1.866,,,,,,,,
19995,18222,1.828,,,,,,,,
19996,18223,2.265,,,,,,,,
19997,18224,0.6,,,,,,,,
19998,18225,0.6,,,,,,,,
19999,18226,0.6,,,,,,,,
20000,18227,1.34,,,,,,,,
20001,18228,0.876,,,,,,,,
20002,18229,0.876,,,,,,,,
20003,18230,6.963,,,,,,,,
20004,18231,0.676,,,,,,,,
20005,18232,0.71,,,,,,,,
20006,18233,2.576,,,,,,,,
20007,18234,0.925,,,,,,,,
20008,18235,0.633,,,,,,,,
20009,18236,1.728,,,,,,,,
20010,18237,0.6,,,,,,,,
20011,18238,0.6,,,,,,,,
20012,18239,0.6,,,,,,,,
20013,18240,0.6,,,,,,,,
20014,18241,2.779,,,,,,,,
20015,18242,1.4,,,,,,,,
20016,18243,0.6,,,,,,,,
20017,18244,1.106,,,,,,,,
20018,18245,0.6,,,,,,,,
20019,18246,0.6,,,,,,,,
20020,18247,2.635,,,,,,,,
20021,18248,0.6,,,,,,,,
20022,18248,0.6,,,,,,,,
20023,18249,0.6,,,,,,,,
20024,18250,0.6,,,,,,,,
20025,18251,0.6,,,,,,,,
20026,18252,1.005,,,,,,,,
20027,18253,0.6,,,,,,,,
20028,18254,0.6,,,,,,,,
20029,18255,0.6,,,,,,,,
20030,18256,5.003,,,,,,,3.0,4.8
20031,18257,0.6,,,,,,,,
20032,18258,0.673,,,,,,,,
20033,18259,0.6,,,,,,,,
20034,18260,2.289,,,,,,,,
20035,18261,0.712,,,,,,,,
20036,18262,0.6,,,,,,,,
20037,18263,1.176,,,,,,,,
20038,18264,0.6,,,,,,,,
20039,18265,0.6,,,,,,,,
20040,18266,3.169,,,,,,,,
20041,18267,0.6,,,,,,,,
20042,18268,3.033,,,,,,,,
20043,18269,0.676,,,,,,,,
20044,18270,0.6,,,,,,,,
20045,18271,0.6,,,,,,,,
20046,18272,0.6,,,,,,,,
20047,18273,0.6,,,,,,,,
20048,18274,0.6,,,,,,,,
20049,18275,0.6,,,,,,,,
20050,18276,12.362,,,,,,,,
20051,18277,0.6,,,,,,,,
20052,18278,2.467,,,,,,,,
20053,18278,1.4,,,,,,,,
20054,18279,0.6,,,,,,,,
20055,18280,2.347,,,,,,,,
20056,18281,11.248,,,,,,,,
20057,18282,0.6,,,,,,,,
20058,18283,0.6,,,,,,,,
20059,18284,0.6,,,,,,,,
20060,18285,2.096,,,,,,,3.0,5.8
20061,18286,5.067,,,,,,,,
20062,18286,0.6,,,,,,,,
20063,18287,2.918,,,,,,,,
20064,18288,3.129,,,,,,,,
20065,18288,1.847,,,,,,,,
20066,18289,1.096,,,,,,,,
20067,18290,1.804,,,,,,,,
20068,18291,0.6,,,,,,,,
20069,18292,38.303,,,,,,,2.0,4.5
20070,18292,7.531,,,,,,,2.0,4.5
20071,18292,1.276,,,,,,,2.0,4.5
20072,18292,0.84,,,,,,,2.0,4.5
20073,18293,27.596,,,,,,,,
20074,18294,10.163,,,,,,,,
20075,18295,24.177,,,,,,,,
20076,18296,13.783,,,,,,,,
20077,18297,0.844,,,,,,,,
20078,18298,0.873,,,,,,,,
20079,18299,,,,,,,,1.0,8.0
20080,18300,0.6,,,,,,,,
20081,18301,0.6,,,,,,,,
20082,18302,1.467,,,,,,,,
20083,18302,0.6,,,,,,,,
20084,18302,0.6,,,,,,,,
20085,18303,4.139,,,,,,,,
20086,18304,1.867,,,,,,,,
20087,18305,187.478,,,,,,,,
20088,18306,5.238,,,,,,,,
20089,18307,0.6,,,,,,,,
20090,18308,0.6,,,,,,,,
20091,18309,2.278,,,,,,,3.0,3.3
20092,18310,0.6,,,,,,,,
20093,18311,2.603,,,,,,,,
20094,18312,1.173,,,,,,,,
20095,18312,0.6,,,,,,,,
20096,18313,0.658,,,,,,,,
20097,18314,4.243,,,,,,,,
20098,18315,40.695,,,,,,,,
20099,18316,0.696,,,,,,,,
20100,18317,0.6,,,,,,,,
20101,18318,0.6,,,,,,,,
20102,18319,0.6,,,,,,,,
20103,18320,1.031,,,,,,,,
20104,18321,14.446,,,,,,,,
20105,18322,9.403,,,,,,,,
20106,18323,0.999,,,,,,,,
20107,18324,0.688,,,,,,,,
20108,18325,8.87,,,,,,,,
20109,18326,0.6,,,,,,,,
20110,18326,0.6,,,,,,,,
20111,18327,0.6,,,,,,,,
20112,18328,4.57,,,,,,,,
20113,18329,0.6,,,,,,,,
20114,18330,0.62,,,,,,,,
20115,18331,0.6,,,,,,,,
20116,18332,5.843,,,,,,,1.0,7.5
20117,18332,4.559,,,,,,,1.0,7.5
20118,18332,2.462,,,,,,,1.0,7.5
20119,18332,0.641,,,,,,,1.0,7.5
20120,18332,0.6,,,,,,,1.0,7.5
20121,18333,0.6,,,,,,,,
20122,18334,0.6,,,,,,,,
20123,18335,1.356,,,,,,,,
20124,18336,7.376,,,,,,,,
20125,18337,0.6,,,,,,,,
20126,18338,2.636,,,,,,,,
20127,18339,0.6,,,,,,,,
20128,18340,0.6,,,,,,,,
20129,18341,5.984,,,,,,,,
20130,18342,2.535,,,,,,,,
20131,18343,0.6,,,,,,,,
20132,18344,0.6,,,,,,,,
20133,18345,7.729,,,,,,,,
20134,18346,0.6,,,,,,,,
20135,18347,0.6,,,,,,,,
20136,18348,2.203,,,,,,,,
20137,18348,0.6,,,,,,,,
20138,18349,2.999,,,,,,,,
20139,18350,,,,,,,,0.0,7.7
20140,18351,7.397,,,,,,,,
20141,18352,4.72,,,,,,,,
20142,18353,0.6,,,,,,,,
20143,18354,1.697,,,,,,,,
20144,18355,0.6,,,,,,,,
20145,18356,0.6,,,,,,,,
20146,18357,1.839,,,,,,,,
20147,18358,1.349,,,,,,,,
20148,18359,192.006,,,,,,,,
20149,18360,0.816,,,,,,,,
20150,18361,0.6,,,,,,,,
20151,18362,9.566,,,,,,,,
20152,18363,28.911,,,,,,,,
20153,18364,0.938,,,,,,,,
20154,18365,0.6,,,,,,,,
20155,18366,2.672,,,,,,,,
20156,18367,9.211,,,,,,,,
20157,18368,3.747,,,,,,,3.0,5.2
20158,18369,4.836,,,,,,,,
20159,18370,2.018,,,,,,,,
20160,18371,4.128,,,,,,,,
20161,18372,1.344,,,,,,,,
20162,18373,3.315,,,,,,,,
20163,18374,0.6,,,,,,,,
20164,18375,0.6,,,,,,,,
20165,18376,0.99,,,,,,,,
20166,18377,1.713,,,,,,,,
20167,18378,2.168,,,,,,,,
20168,18379,1.353,,,,,,,,
20169,18380,0.6,,,,,,,,
20170,18381,0.946,,,,,,,,
20171,18382,0.6,,,,,,,,
20172,18383,2.41,,,,,,,,
20173,18384,,,,,,,,,
20174,18385,2.57,,,,,,,,
20175,18386,1.474,,,,,,,,
20176,18387,,0.0,1.0,1976,"This story of a down-on-his-luck boxer is thoroughly predictable, but Sylvester Stallone's script and stunning performance in the title role brush aside complaints.",Certified-Fresh,94.0,1.0,8.1
20177,18388,0.905,,,,,,,,
20178,18389,3.363,,,,,,,,
20179,18390,10.232,,,,,,,1.0,6.2
20180,18391,1.172,,,,,,,,
20181,18391,0.6,,,,,,,,
20182,18392,0.6,,,,,,,,
20183,18393,0.6,,,,,,,,
20184,18394,15.408,,,,,,,,
20185,18395,,,,,,,,3.0,7.8
20186,18396,6.599,,,,,,,,
20187,18397,1.052,,,,,,,,
20188,18398,1.784,,,,,,,,
20189,18399,0.6,,,,,,,,
20190,18400,0.6,,,,,,,,
20191,18401,0.6,,,,,,,,
20192,18402,0.6,,,,,,,,
20193,18403,0.846,,,,,,,,
20194,18404,0.7,,,,,,,,
20195,18405,1.347,,,,,,,,
20196,18406,0.84,,,,,,,,
20197,18407,0.6,,,,,,,,
20198,18408,,1.0,0.0,2018,"Roma finds writer-director Alfonso Cuarón in complete, enthralling command of his visual craft - and telling the most powerfully personal story of his career.",Certified-Fresh,96.0,3.0,7.7
20199,18409,2.888,,,,,,,,
20200,18410,,1.0,0.0,1953,"With Audrey Hepburn luminous in her American debut, Roman Holiday is as funny as it is beautiful, and sets the standard for the modern romantic comedy.",Certified-Fresh,97.0,,8.0
20201,18411,2.26,,,,,,,,
20202,18412,6.611,,,,,,,,
20203,18413,1.041,,,,,,,,
20204,18414,0.971,,,,,,,,
20205,18415,,2.0,0.0,1936,,Fresh,78.0,3.0,6.5
20206,18415,,2.0,0.0,1936,,Fresh,78.0,3.0,6.5
20207,18415,,2.0,0.0,1968,The solid leads and arresting visuals make a case for Zeffirelli's Romeo and Juliet as the definitive cinematic adaptation of the play.,Fresh,95.0,3.0,7.6
20208,18415,,2.0,0.0,1968,The solid leads and arresting visuals make a case for Zeffirelli's Romeo and Juliet as the definitive cinematic adaptation of the play.,Fresh,95.0,3.0,7.6
20209,18416,1.429,,,,,,,,
20210,18417,11.832,,,,,,,,
20211,18418,0.6,,,,,,,,
20212,18419,0.6,,,,,,,,
20213,18420,0.6,,,,,,,,
20214,18421,0.6,,,,,,,,
20215,18422,1.673,,,,,,,,
20216,18423,0.6,,,,,,,,
20217,18424,0.6,,,,,,,,
20218,18425,3.669,,,,,,,,
20219,18426,,1.0,0.0,2015,"Led by incredible work from Brie Larson and Jacob Tremblay, Room makes for an unforgettably harrowing -- and undeniably rewarding -- experience.",Certified-Fresh,93.0,3.0,8.1
20220,18427,0.6,,,,,,,,
20221,18428,6.908,,,,,,,,
20222,18429,3.114,,,,,,,,
20223,18430,2.541,,,,,,,,
20224,18431,3.254,,,,,,,,
20225,18432,3.137,,,,,,,,
20226,18433,0.6,,,,,,,,
20227,18434,1.26,,,,,,,,
20228,18435,5.768,,,,,,,,
20229,18436,0.686,,,,,,,,
20230,18437,1.782,,,,,,,,
20231,18438,0.6,,,,,,,,
20232,18439,0.6,,,,,,,,
20233,18440,4.271,,,,,,,,
20234,18440,0.6,,,,,,,,
20235,18440,0.6,,,,,,,,
20236,18441,0.6,,,,,,,,
20237,18442,0.6,,,,,,,,
20238,18443,2.62,,,,,,,,
20239,18444,0.6,,,,,,,,
20240,18445,0.99,,,,,,,,
20241,18446,0.6,,,,,,,,
20242,18447,0.6,,,,,,,,
20243,18448,0.874,,,,,,,,
20244,18449,0.6,,,,,,,,
20245,18450,0.6,,,,,,,,
20246,18451,1.299,,,,,,,,
20247,18452,1.53,,,,,,,,
20248,18453,2.822,,,,,,,,
20249,18454,,,,,,,,0.0,7.9
20250,18455,4.612,,,,,,,,
20251,18456,0.6,,,,,,,,
20252,18457,0.6,,,,,,,,
20253,18458,0.763,,,,,,,,
20254,18459,0.6,,,,,,,,
20255,18460,0.6,,,,,,,,
20256,18461,0.6,,,,,,,,
20257,18462,2.805,,,,,,,,
20258,18463,22.975,,,,,,,,
20259,18464,0.621,,,,,,,,
20260,18465,1.841,,,,,,,,
20261,18466,7.973,,,,,,,,
20262,18467,0.6,,,,,,,,
20263,18468,0.6,,,,,,,,
20264,18469,1.331,,,,,,,,
20265,18469,0.6,,,,,,,,
20266,18470,1.268,,,,,,,,
20267,18471,0.75,,,,,,,,
20268,18472,0.6,,,,,,,,
20269,18473,0.6,,,,,,,,
20270,18473,0.6,,,,,,,,
20271,18474,0.6,,,,,,,,
20272,18475,0.675,,,,,,,,
20273,18476,0.6,,,,,,,,
20274,18477,2.444,,,,,,,,
20275,18478,0.6,,,,,,,,
20276,18479,6.201,,,,,,,,
20277,18480,0.6,,,,,,,,
20278,18481,0.671,,,,,,,,
20279,18482,0.6,,,,,,,,
20280,18482,0.6,,,,,,,,
20281,18482,0.6,,,,,,,,
20282,18483,1.92,,,,,,,,
20283,18484,0.6,,,,,,,,
20284,18485,1.637,,,,,,,,
20285,18486,0.6,,,,,,,,
20286,18487,9.586,,,,,,,,
20287,18488,0.6,,,,,,,,
20288,18489,22.514,,,,,,,,
20289,18490,3.418,,,,,,,,
20290,18491,2.326,,,,,,,,
20291,18492,0.6,,,,,,,,
20292,18493,0.913,,,,,,,,
20293,18494,0.936,,,,,,,,
20294,18495,0.6,,,,,,,,
20295,18496,1.374,,,,,,,,
20296,18497,10.559,,,,,,,3.0,5.7
20297,18498,2.343,,,,,,,,
20298,18499,0.6,,,,,,,,
20299,18500,3.359,,,,,,,,
20300,18501,0.6,,,,,,,,
20301,18502,1.047,,,,,,,,
20302,18503,0.844,,,,,,,,
20303,18504,0.6,,,,,,,,
20304,18505,1.611,,,,,,,,
20305,18506,6.081,,,,,,,,
20306,18507,0.6,,,,,,,,
20307,18508,2.552,,,,,,,,
20308,18509,1.05,,,,,,,,
20309,18510,1.175,,,,,,,,
20310,18511,0.6,,,,,,,,
20311,18512,0.908,,,,,,,,
20312,18513,0.6,,,,,,,,
20313,18514,0.6,,,,,,,,
20314,18515,0.6,,,,,,,,
20315,18516,0.6,,,,,,,,
20316,18517,0.6,,,,,,,,
20317,18518,0.6,,,,,,,,
20318,18519,0.6,,,,,,,,
20319,18520,0.673,,,,,,,,
20320,18521,0.6,,,,,,,,
20321,18522,0.744,,,,,,,,
20322,18523,0.6,,,,,,,,
20323,18524,0.6,,,,,,,,
20324,18525,0.6,,,,,,,,
20325,18526,0.604,,,,,,,,
20326,18527,4.477,,,,,,,,
20327,18528,24.544,,,,,,,3.0,6.7
20328,18528,0.6,,,,,,,3.0,6.7
20329,18528,0.6,,,,,,,3.0,6.7
20330,18528,0.6,,,,,,,3.0,6.7
20331,18529,0.6,,,,,,,,
20332,18530,1.418,,,,,,,,
20333,18531,0.6,,,,,,,,
20334,18532,0.6,,,,,,,,
20335,18533,8.949,,,,,,,,
20336,18534,0.6,,,,,,,,
20337,18535,0.6,,,,,,,,
20338,18536,0.624,,,,,,,,
20339,18536,0.6,,,,,,,,
20340,18537,3.77,,,,,,,,
20341,18538,1.817,,,,,,,,
20342,18539,4.628,,,,,,,,
20343,18540,1.196,,,,,,,,
20344,18541,0.6,,,,,,,,
20345,18542,0.6,,,,,,,,
20346,18543,0.6,,,,,,,,
20347,18544,,,,,,,,3.0,7.6
20348,18545,2.647,,,,,,,,
20349,18546,1.618,,,,,,,,
20350,18547,,,,,,,,1.0,8.1
20351,18548,2.087,,,,,,,,
20352,18549,,,,,,,,3.0,7.6
20353,18550,0.6,,,,,,,,
20354,18551,0.6,,,,,,,,
20355,18552,0.6,,,,,,,,
20356,18553,0.807,,,,,,,,
20357,18554,2.965,,,,,,,,
20358,18555,0.633,,,,,,,,
20359,18556,5.212,,,,,,,,
20360,18557,0.6,,,,,,,,
20361,18558,0.6,,,,,,,,
20362,18559,4.556,,,,,,,,
20363,18560,0.6,,,,,,,,
20364,18561,1.4,,,,,,,,
20365,18562,0.6,,,,,,,,
20366,18563,0.6,,,,,,,,
20367,18564,1.381,,,,,,,,
20368,18565,0.913,,,,,,,,
20369,18566,0.6,,,,,,,,
20370,18567,2.26,,,,,,,,
20371,18568,1.4,,,,,,,,
20372,18569,0.6,,,,,,,,
20373,18570,0.6,,,,,,,,
20374,18571,0.6,,,,,,,,
20375,18572,1.4,,,,,,,,
20376,18573,0.6,,,,,,,,
20377,18574,0.6,,,,,,,,
20378,18575,0.6,,,,,,,,
20379,18576,0.6,,,,,,,,
20380,18577,0.6,,,,,,,,
20381,18578,16.093,,,,,,,,
20382,18579,4.847,,,,,,,,
20383,18580,0.84,,,,,,,,
20384,18581,4.044,,,,,,,,
20385,18582,0.6,,,,,,,,
20386,18583,0.6,,,,,,,,
20387,18584,0.6,,,,,,,,
20388,18585,0.6,,,,,,,,
20389,18586,0.675,,,,,,,,
20390,18587,0.74,,,,,,,,
20391,18588,0.6,,,,,,,,
20392,18589,0.6,,,,,,,,
20393,18590,0.6,,,,,,,,
20394,18591,0.6,,,,,,,,
20395,18592,1.4,,,,,,,,
20396,18593,0.6,,,,,,,,
20397,18594,0.6,,,,,,,,
20398,18595,0.6,,,,,,,,
20399,18596,1.641,,,,,,,,
20400,18597,0.6,,,,,,,,
20401,18598,0.6,,,,,,,,
20402,18599,0.6,,,,,,,,
20403,18600,2.878,,,,,,,,
20404,18601,0.6,,,,,,,,
20405,18602,0.6,,,,,,,,
20406,18603,0.6,,,,,,,,
20407,18604,0.6,,,,,,,,
20408,18605,0.6,,,,,,,,
20409,18606,0.6,,,,,,,,
20410,18607,0.7,,,,,,,,
20411,18608,0.841,,,,,,,,
20412,18609,0.6,,,,,,,,
20413,18610,0.84,,,,,,,,
20414,18611,0.6,,,,,,,,
20415,18611,0.6,,,,,,,,
20416,18612,0.841,,,,,,,,
20417,18613,0.969,,,,,,,,
20418,18614,0.84,,,,,,,,
20419,18615,0.6,,,,,,,,
20420,18616,2.425,,,,,,,,
20421,18617,16.446,,,,,,,3.0,7.6
20422,18617,16.446,,,,,,,3.0,6.3
20423,18618,1.692,,,,,,,,
20424,18619,2.187,,,,,,,,
20425,18620,2.36,,,,,,,,
20426,18621,0.6,,,,,,,,
20427,18622,0.6,,,,,,,,
20428,18623,0.6,,,,,,,,
20429,18624,1.572,,,,,,,,
20430,18625,12.542,,,,,,,,
20431,18625,1.75,,,,,,,,
20432,18626,0.6,,,,,,,,
20433,18627,0.6,,,,,,,,
20434,18628,0.6,,,,,,,,
20435,18629,0.6,,,,,,,,
20436,18630,0.6,,,,,,,,
20437,18631,0.899,,,,,,,,
20438,18632,0.6,,,,,,,,
20439,18633,2.594,,,,,,,,
20440,18633,2.146,,,,,,,,
20441,18633,0.876,,,,,,,,
20442,18634,29.908,,,,,,,,
20443,18635,4.694,,,,,,,3.0,3.7
20444,18636,5.599,,,,,,,3.0,4.1
20445,18637,2.404,,,,,,,,
20446,18638,0.6,,,,,,,,
20447,18639,0.6,,,,,,,,
20448,18640,23.105,,,,,,,,
20449,18641,0.633,,,,,,,,
20450,18642,1.212,,,,,,,,
20451,18643,1.757,,,,,,,,
20452,18644,0.842,,,,,,,,
20453,18645,0.962,,,,,,,,
20454,18646,0.6,,,,,,,,
20455,18647,0.929,,,,,,,,
20456,18648,0.6,,,,,,,,
20457,18649,0.843,,,,,,,,
20458,18650,0.6,,,,,,,,
20459,18651,1.893,,,,,,,,
20460,18652,0.6,,,,,,,,
20461,18653,9.902,,,,,,,,
20462,18654,0.6,,,,,,,,
20463,18655,0.735,,,,,,,,
20464,18656,0.6,,,,,,,3.0,7.1
20465,18656,0.6,,,,,,,1.0,6.5
20466,18657,1.678,,,,,,,,
20467,18658,0.623,,,,,,,,
20468,18659,0.6,,,,,,,,
20469,18660,1.704,,,,,,,,
20470,18661,1.648,,,,,,,,
20471,18662,55.177,,,,,,,,
20472,18663,1.761,,,,,,,,
20473,18664,0.703,,,,,,,,
20474,18665,0.6,,,,,,,,
20475,18666,0.6,,,,,,,,
20476,18667,0.6,,,,,,,,
20477,18668,0.6,,,,,,,,
20478,18669,1.095,,,,,,,,
20479,18670,6.527,,,,,,,,
20480,18671,2.585,,,,,,,,
20481,18672,2.122,,,,,,,,
20482,18673,4.024,,,,,,,,
20483,18674,2.522,,,,,,,,
20484,18675,2.116,,,,,,,,
20485,18676,18.425,,,,,,,3.0,6.7
20486,18677,2.913,,,,,,,,
20487,18678,0.625,,,,,,,,
20488,18679,0.6,,,,,,,,
20489,18680,0.752,,,,,,,,
20490,18681,1.4,,,,,,,,
20491,18682,0.63,,,,,,,,
20492,18683,0.6,,,,,,,,
20493,18684,,,,,,,,,
20494,18685,0.702,,,,,,,3.0,5.8
20495,18686,6.018,,,,,,,,
20496,18687,0.826,,,,,,,3.0,6.4
20497,18688,1.145,,,,,,,,
20498,18689,0.6,,,,,,,,
20499,18690,4.328,,,,,,,,
20500,18690,3.451,,,,,,,,
20501,18690,0.668,,,,,,,,
20502,18691,0.6,,,,,,,1.0,2.4
20503,18691,0.6,,,,,,,1.0,2.4
20504,18691,0.6,,,,,,,1.0,2.4
20505,18692,0.6,,,,,,,,
20506,18693,0.6,,,,,,,,
20507,18694,0.6,,,,,,,,
20508,18695,0.6,,,,,,,,
20509,18696,46.125,,,,,,,,
20510,18697,1.251,,,,,,,,
20511,18698,0.6,,,,,,,,
20512,18699,10.146,,,,,,,,
20513,18700,3.154,,,,,,,,
20514,18701,0.6,,,,,,,,
20515,18702,1.574,,,,,,,,
20516,18703,0.6,,,,,,,,
20517,18704,0.6,,,,,,,,
20518,18705,0.735,,,,,,,,
20519,18706,0.683,,,,,,,,
20520,18707,0.6,,,,,,,,
20521,18708,3.37,,,,,,,,
20522,18709,3.386,,,,,,,,
20523,18710,0.876,,,,,,,,
20524,18711,1.446,,,,,,,,
20525,18712,0.6,,,,,,,,
20526,18713,,1.0,0.0,1936,,Fresh,100.0,1.0,7.2
20527,18714,1.078,,,,,,,,
20528,18715,0.683,,,,,,,,
20529,18716,0.6,,,,,,,,
20530,18717,0.6,,,,,,,,
20531,18718,0.935,,,,,,,,
20532,18719,3.77,,,,,,,,
20533,18720,11.833,,,,,,,,
20534,18721,0.6,,,,,,,,
20535,18722,0.6,,,,,,,,
20536,18723,0.84,,,,,,,,
20537,18724,1.314,,,,,,,,
20538,18725,1.169,,,,,,,,
20539,18726,0.905,,,,,,,,
20540,18727,0.6,,,,,,,,
20541,18728,2.09,,,,,,,,
20542,18729,2.271,,,,,,,,
20543,18730,0.6,,,,,,,,
20544,18731,0.622,,,,,,,,
20545,18732,0.6,,,,,,,,
20546,18733,0.6,,,,,,,,
20547,18734,0.6,,,,,,,,
20548,18735,0.735,,,,,,,,
20549,18736,6.842,,,,,,,,
20550,18736,1.513,,,,,,,,
20551,18737,,,,,,,,3.0,8.0
20552,18738,0.957,,,,,,,,
20553,18739,0.637,,,,,,,,
20554,18739,0.6,,,,,,,,
20555,18740,0.6,,,,,,,,
20556,18741,0.6,,,,,,,,
20557,18742,0.725,,,,,,,,
20558,18743,0.6,,,,,,,,
20559,18744,1.129,,,,,,,,
20560,18744,0.6,,,,,,,,
20561,18744,0.6,,,,,,,,
20562,18745,1.521,,,,,,,,
20563,18746,0.6,,,,,,,,
20564,18747,14.402,,,,,,,,
20565,18748,0.6,,,,,,,,
20566,18749,9.142,,,,,,,,
20567,18750,1.235,,,,,,,,
20568,18751,0.6,,,,,,,,
20569,18752,0.6,,,,,,,,
20570,18753,1.111,,,,,,,,
20571,18754,0.6,,,,,,,,
20572,18755,0.6,,,,,,,,
20573,18756,0.6,,,,,,,,
20574,18757,3.979,,,,,,,,
20575,18758,1.458,,,,,,,,
20576,18759,2.363,,,,,,,,
20577,18760,1.231,,,,,,,,
20578,18761,3.362,,,,,,,,
20579,18762,2.58,,,,,,,,
20580,18763,1.646,,,,,,,,
20581,18764,0.6,,,,,,,,
20582,18765,0.738,,,,,,,,
20583,18766,0.938,,,,,,,,
20584,18767,1.153,,,,,,,,
20585,18768,0.6,,,,,,,,
20586,18769,0.6,,,,,,,,
20587,18770,0.853,,,,,,,,
20588,18771,1.046,,,,,,,,
20589,18772,3.002,,,,,,,,
20590,18773,1.4,,,,,,,,
20591,18774,1.915,,,,,,,,
20592,18775,1.827,,,,,,,,
20593,18776,0.6,,,,,,,,
20594,18777,0.6,,,,,,,,
20595,18778,1.763,,,,,,,,
20596,18779,0.6,,,,,,,,
20597,18780,0.6,,,,,,,,
20598,18781,0.6,,,,,,,,
20599,18782,0.6,,,,,,,,
20600,18783,0.6,,,,,,,,
20601,18784,2.758,,,,,,,,
20602,18785,0.6,,,,,,,,
20603,18786,0.6,,,,,,,,
20604,18787,0.6,,,,,,,,
20605,18788,1.578,,,,,,,,
20606,18789,2.184,,,,,,,,
20607,18790,4.455,,,,,,,,
20608,18791,1.123,,,,,,,,
20609,18792,8.683,,,,,,,,
20610,18792,3.794,,,,,,,,
20611,18793,0.939,,,,,,,,
20612,18794,0.6,,,,,,,,
20613,18795,0.99,,,,,,,,
20614,18795,0.873,,,,,,,,
20615,18795,0.6,,,,,,,,
20616,18796,1.774,,,,,,,,
20617,18797,0.6,,,,,,,,
20618,18798,0.829,,,,,,,,
20619,18799,0.6,,,,,,,,
20620,18800,0.6,,,,,,,,
20621,18801,0.6,,,,,,,,
20622,18802,0.6,,,,,,,,
20623,18803,4.472,,,,,,,,
20624,18804,0.804,,,,,,,,
20625,18805,0.6,,,,,,,,
20626,18806,0.878,,,,,,,,
20627,18807,1.439,,,,,,,,
20628,18808,4.057,,,,,,,,
20629,18809,0.6,,,,,,,,
20630,18810,3.496,,,,,,,,
20631,18811,1.033,,,,,,,,
20632,18812,11.645,,,,,,,,
20633,18813,2.106,,,,,,,,
20634,18814,1.912,,,,,,,,
20635,18815,1.848,,,,,,,,
20636,18816,0.6,,,,,,,,
20637,18817,4.434,,,,,,,,
20638,18817,3.063,,,,,,,,
20639,18818,1.866,,,,,,,,
20640,18819,1.97,,,,,,,,
20641,18820,2.129,,,,,,,,
20642,18821,3.47,,,,,,,,
20643,18821,1.731,,,,,,,,
20644,18822,23.425,,,,,,,,
20645,18823,10.334,,,,,,,,
20646,18824,2.16,,,,,,,,
20647,18825,0.6,,,,,,,,
20648,18826,0.6,,,,,,,,
20649,18827,0.6,,,,,,,,
20650,18828,13.516,,,,,,,,
20651,18828,2.156,,,,,,,,
20652,18828,0.6,,,,,,,,
20653,18829,0.6,,,,,,,,
20654,18830,0.6,,,,,,,,
20655,18831,2.777,,,,,,,,
20656,18832,0.62,,,,,,,,
20657,18833,1.278,,,,,,,,
20658,18834,77.918,,,,,,,,
20659,18835,8.987,,,,,,,3.0,5.6
20660,18835,1.973,,,,,,,3.0,5.6
20661,18836,0.6,,,,,,,,
20662,18837,0.6,,,,,,,,
20663,18838,0.623,,,,,,,,
20664,18839,0.6,,,,,,,,
20665,18840,0.6,,,,,,,,
20666,18841,0.6,,,,,,,,
20667,18842,0.6,,,,,,,,
20668,18843,0.6,,,,,,,,
20669,18844,3.76,,,,,,,,
20670,18845,0.634,,,,,,,,
20671,18846,0.6,,,,,,,,
20672,18847,0.615,,,,,,,3.0,4.9
20673,18848,56.6,,,,,,,,
20674,18849,0.6,,,,,,,,
20675,18850,0.645,,,,,,,,
20676,18851,0.738,,,,,,,,
20677,18852,0.6,,,,,,,,
20678,18853,4.374,,,,,,,,
20679,18854,4.288,,,,,,,,
20680,18855,1.904,,,,,,,,
20681,18856,0.6,,,,,,,,
20682,18857,4.782,,,,,,,1.0,6.2
20683,18858,0.964,,,,,,,,
20684,18859,1.227,,,,,,,,
20685,18860,0.6,,,,,,,,
20686,18861,0.6,,,,,,,,
20687,18862,3.949,,,,,,,,
20688,18862,2.846,,,,,,,,
20689,18862,0.6,,,,,,,,
20690,18863,1.586,,,,,,,,
20691,18864,0.634,,,,,,,,
20692,18865,2.969,,,,,,,,
20693,18866,0.664,,,,,,,,
20694,18867,0.6,,,,,,,,
20695,18868,2.434,,,,,,,,
20696,18868,0.84,,,,,,,,
20697,18869,0.655,,,,,,,,
20698,18870,1.983,,,,,,,,
20699,18871,1.89,,,,,,,,
20700,18872,1.678,,,,,,,,
20701,18873,0.819,,,,,,,,
20702,18874,2.866,,,,,,,,
20703,18875,0.6,,,,,,,,
20704,18876,0.6,,,,,,,,
20705,18877,0.997,,,,,,,,
20706,18878,0.6,,,,,,,,
20707,18879,0.6,,,,,,,,
20708,18880,2.899,,,,,,,,
20709,18881,9.125,,,,,,,,
20710,18881,1.397,,,,,,,,
20711,18882,6.677,,,,,,,,
20712,18883,6.165,,,,,,,,
20713,18884,0.6,,,,,,,,
20714,18885,0.6,,,,,,,,
20715,18886,2.22,,,,,,,,
20716,18886,0.6,,,,,,,,
20717,18887,0.6,,,,,,,,
20718,18888,0.98,,,,,,,3.0,6.9
20719,18889,,1.0,0.0,1998,"Anchored by another winning performance from Tom Hanks, Steven Spielberg's unflinchingly realistic war film virtually redefines the genre.",Certified-Fresh,93.0,0.0,8.6
20720,18890,0.6,,,,,,,,
20721,18891,93.053,,,,,,,2.0,7.6
20722,18891,28.716,,,,,,,2.0,7.6
20723,18892,47.018,,,,,,,,
20724,18893,60.408,,,,,,,3.0,6.6
20725,18894,59.343,,,,,,,3.0,6.2
20726,18895,54.942,,,,,,,3.0,5.9
20727,18896,0.6,,,,,,,,
20728,18897,44.561,,,,,,,3.0,5.8
20729,18898,42.6,,,,,,,3.0,6.0
20730,18899,0.6,,,,,,,,
20731,18900,5.039,,,,,,,,
20732,18901,0.914,,,,,,,,
20733,18902,0.949,,,,,,,,
20734,18903,11.761,,,,,,,,
20735,18904,4.485,,,,,,,,
20736,18905,0.6,,,,,,,,
20737,18906,0.6,,,,,,,,
20738,18907,0.6,,,,,,,,
20739,18908,0.6,,,,,,,2.0,7.0
20740,18909,1.814,,,,,,,,
20741,18910,1.625,,,,,,,,
20742,18911,3.514,,,,,,,,
20743,18912,4.022,,,,,,,,
20744,18913,0.635,,,,,,,,
20745,18914,3.325,,,,,,,,
20746,18915,2.624,,,,,,,,
20747,18916,14.422,,,,,,,1.0,6.7
20748,18917,6.02,,,,,,,,
20749,18918,5.315,,,,,,,,
20750,18919,0.6,,,,,,,,
20751,18920,6.711,,,,,,,,
20752,18920,1.548,,,,,,,,
20753,18921,1.817,,,,,,,,
20754,18922,0.602,,,,,,,,
20755,18923,2.056,,,,,,,,
20756,18924,0.6,,,,,,,,
20757,18925,1.638,,,,,,,,
20758,18926,1.823,,,,,,,,
20759,18927,0.6,,,,,,,,
20760,18928,8.25,,,,,,,,
20761,18929,0.6,,,,,,,,
20762,18930,4.051,,,,,,,1.0,5.7
20763,18930,1.088,,,,,,,1.0,5.7
20764,18931,7.684,,,,,,,3.0,5.4
20765,18932,1.005,,,,,,,,
20766,18933,15.928,,,,,,,,
20767,18933,3.437,,,,,,,,
20768,18933,0.6,,,,,,,,
20769,18934,2.032,,,,,,,,
20770,18935,5.759,,,,,,,,
20771,18936,5.62,,,,,,,,
20772,18937,1.202,,,,,,,,
20773,18938,0.6,,,,,,,,
20774,18939,9.727,,,,,,,,
20775,18939,5.235,,,,,,,,
20776,18940,0.84,,,,,,,,
20777,18940,0.6,,,,,,,,
20778,18941,4.526,,,,,,,,
20779,18941,1.942,,,,,,,,
20780,18942,5.811,,,,,,,,
20781,18943,2.587,,,,,,,,
20782,18943,0.6,,,,,,,,
20783,18944,0.6,,,,,,,,
20784,18945,1.684,,,,,,,,
20785,18946,1.112,,,,,,,,
20786,18947,0.711,,,,,,,,
20787,18948,,,,,,,,1.0,7.7
20788,18948,,,,,,,,1.0,8.3
20789,18949,,,,,,,,,
20790,18950,1.95,,,,,,,,
20791,18951,1.055,,,,,,,,
20792,18952,0.6,,,,,,,,
20793,18953,0.989,,,,,,,,
20794,18954,0.6,,,,,,,,
20795,18955,1.4,,,,,,,,
20796,18956,0.6,,,,,,,,
20797,18957,2.941,,,,,,,,
20798,18957,1.273,,,,,,,,
20799,18957,0.6,,,,,,,,
20800,18958,1.729,,,,,,,,
20801,18958,0.6,,,,,,,,
20802,18959,6.875,,,,,,,1.0,6.1
20803,18960,0.84,,,,,,,,
20804,18961,0.6,,,,,,,,
20805,18962,0.6,,,,,,,,
20806,18963,0.6,,,,,,,,
20807,18964,0.6,,,,,,,,
20808,18965,0.6,,,,,,,,
20809,18966,0.883,,,,,,,,
20810,18967,3.581,,,,,,,3.0,6.3
20811,18968,2.218,,,,,,,,
20812,18969,1.4,,,,,,,,
20813,18970,0.6,,,,,,,,
20814,18971,43.866,,,,,,,3.0,6.2
20815,18972,0.6,,,,,,,,
20816,18973,1.63,,,,,,,,
20817,18974,0.737,,,,,,,,
20818,18974,0.6,,,,,,,,
20819,18974,0.6,,,,,,,,
20820,18974,0.6,,,,,,,,
20821,18975,1.212,,,,,,,,
20822,18976,0.655,,,,,,,,
20823,18977,0.841,,,,,,,,
20824,18978,0.99,,,,,,,,
20825,18979,0.6,,,,,,,,
20826,18980,0.62,,,,,,,,
20827,18981,5.126,,,,,,,,
20828,18982,0.846,,,,,,,,
20829,18983,0.6,,,,,,,,
20830,18984,3.394,,,,,,,,
20831,18985,0.6,,,,,,,,
20832,18986,0.6,,,,,,,,
20833,18987,1.548,,,,,,,,
20834,18988,,1.0,0.0,1992,"It might soar on Al Pacino's performance more than the drama itself, but what a performance it is -- big, bold, occasionally over-the-top, and finally giving the Academy pause to award the star his first Oscar.",Certified-Fresh,89.0,1.0,8.0
20835,18989,1.372,,,,,,,,
20836,18990,0.6,,,,,,,,
20837,18991,,0.0,1.0,1993,Schindler's List blends the abject horror of the Holocaust with Steven Spielberg's signature tender humanism to create the director's dramatic masterpiece.,Certified-Fresh,97.0,,8.9
20838,18992,0.614,,,,,,,,
20839,18992,0.6,,,,,,,,
20840,18993,2.307,,,,,,,,
20841,18994,0.6,,,,,,,,
20842,18995,0.6,,,,,,,,
20843,18996,4.365,,,,,,,,
20844,18997,0.6,,,,,,,,
20845,18998,1.22,,,,,,,,
20846,18999,0.6,,,,,,,,
20847,19000,0.6,,,,,,,,
20848,19001,0.6,,,,,,,,
20849,19002,0.6,,,,,,,,
20850,19003,0.6,,,,,,,,
20851,19004,0.914,,,,,,,,
20852,19005,4.497,,,,,,,,
20853,19006,0.6,,,,,,,,
20854,19007,0.6,,,,,,,,
20855,19008,0.6,,,,,,,,
20856,19009,1.497,,,,,,,,
20857,19010,0.6,,,,,,,,
20858,19011,1.726,,,,,,,,
20859,19012,0.6,,,,,,,,
20860,19013,0.6,,,,,,,,
20861,19014,0.84,,,,,,,,
20862,19015,1.826,,,,,,,,
20863,19016,0.6,,,,,,,,
20864,19017,4.569,,,,,,,,
20865,19018,2.836,,,,,,,,
20866,19019,0.6,,,,,,,,
20867,19020,3.035,,,,,,,,
20868,19021,0.6,,,,,,,,
20869,19022,0.9,,,,,,,,
20870,19023,1.543,,,,,,,,
20871,19024,2.254,,,,,,,,
20872,19025,0.711,,,,,,,,
20873,19026,1.824,,,,,,,,
20874,19027,12.685,,,,,,,,
20875,19028,0.6,,,,,,,,
20876,19029,3.48,,,,,,,,
20877,19030,2.805,,,,,,,,
20878,19031,0.6,,,,,,,,
20879,19032,0.6,,,,,,,,
20880,19033,2.421,,,,,,,,
20881,19034,0.6,,,,,,,,
20882,19035,1.61,,,,,,,,
20883,19036,5.522,,,,,,,,
20884,19037,1.718,,,,,,,,
20885,19038,17.711,,,,,,,,
20886,19039,1.215,,,,,,,,
20887,19040,26.551,,,,,,,,
20888,19041,20.908,,,,,,,,
20889,19042,9.244,,,,,,,,
20890,19043,0.6,,,,,,,,
20891,19044,0.6,,,,,,,,
20892,19045,8.526,,,,,,,,
20893,19045,1.226,,,,,,,,
20894,19046,0.71,,,,,,,,
20895,19047,1.479,,,,,,,,
20896,19048,1.948,,,,,,,,
20897,19049,0.6,,,,,,,,
20898,19050,66.029,,,,,,,1.0,6.3
20899,19051,0.6,,,,,,,,
20900,19052,2.674,,,,,,,,
20901,19053,0.6,,,,,,,,
20902,19054,0.6,,,,,,,,
20903,19055,1.4,,,,,,,,
20904,19056,0.6,,,,,,,,
20905,19057,1.95,,,,,,,,
20906,19058,291.196,,,,,,,3.0,7.4
20907,19058,291.196,,,,,,,3.0,6.3
20908,19058,67.783,,,,,,,3.0,7.4
20909,19058,67.783,,,,,,,3.0,6.3
20910,19058,8.843,,,,,,,3.0,7.4
20911,19058,8.843,,,,,,,3.0,6.3
20912,19059,51.026,,,,,,,3.0,6.3
20913,19060,37.529,,,,,,,3.0,5.6
20914,19061,42.342,,,,,,,3.0,6.2
20915,19062,1.403,,,,,,,,
20916,19063,7.975,,,,,,,,
20917,19064,2.599,,,,,,,,
20918,19064,1.667,,,,,,,,
20919,19065,1.4,,,,,,,,
20920,19066,0.6,,,,,,,,
20921,19067,0.6,,,,,,,,
20922,19068,1.009,,,,,,,,
20923,19069,1.89,,,,,,,,
20924,19070,0.964,,,,,,,,
20925,19071,5.013,,,,,,,,
20926,19072,0.662,,,,,,,,
20927,19073,0.6,,,,,,,,
20928,19074,0.643,,,,,,,,
20929,19075,5.646,,,,,,,,
20930,19076,6.172,,,,,,,,
20931,19077,1.176,,,,,,,,
20932,19078,0.6,,,,,,,,
20933,19079,5.793,,,,,,,,
20934,19080,3.465,,,,,,,,
20935,19081,1.483,,,,,,,,
20936,19082,10.115,,,,,,,,
20937,19083,0.6,,,,,,,,
20938,19084,3.144,,,,,,,,
20939,19085,0.6,,,,,,,,
20940,19086,1.896,,,,,,,,
20941,19087,2.078,,,,,,,,
20942,19088,2.082,,,,,,,,
20943,19089,0.6,,,,,,,,
20944,19090,3.934,,,,,,,,
20945,19091,0.6,,,,,,,,
20946,19092,0.6,,,,,,,,
20947,19093,0.6,,,,,,,,
20948,19094,9.911,,,,,,,,
20949,19095,11.025,,,,,,,,
20950,19096,1.016,,,,,,,,
20951,19096,0.6,,,,,,,,
20952,19097,0.6,,,,,,,,
20953,19098,1.235,,,,,,,,
20954,19099,0.6,,,,,,,,
20955,19100,1.091,,,,,,,,
20956,19101,0.967,,,,,,,,
20957,19102,0.847,,,,,,,,
20958,19103,0.922,,,,,,,,
20959,19104,0.6,,,,,,,,
20960,19105,1.693,,,,,,,,
20961,19106,3.099,,,,,,,,
20962,19107,0.6,,,,,,,,
20963,19107,0.6,,,,,,,,
20964,19108,0.6,,,,,,,,
20965,19109,0.6,,,,,,,,
20966,19110,0.71,,,,,,,,
20967,19111,0.901,,,,,,,,
20968,19112,0.6,,,,,,,,
20969,19113,0.998,,,,,,,,
20970,19114,0.6,,,,,,,,
20971,19115,0.6,,,,,,,,
20972,19116,0.6,,,,,,,,
20973,19117,,,,,,,,1.0,8.6
20974,19118,7.482,,,,,,,,
20975,19119,0.6,,,,,,,,
20976,19120,13.264,,,,,,,,
20977,19121,1.127,,,,,,,,
20978,19122,0.652,,,,,,,,
20979,19123,2.002,,,,,,,,
20980,19124,0.6,,,,,,,,
20981,19125,,1.0,0.0,2003,"A life-affirming, if saccharine, epic treatment of a spirit-lifting figure in sports history.",Certified-Fresh,78.0,,7.3
20982,19126,0.6,,,,,,,,
20983,19127,0.607,,,,,,,,
20984,19127,0.6,,,,,,,,
20985,19128,0.6,,,,,,,,
20986,19129,0.6,,,,,,,,
20987,19130,6.914,,,,,,,,
20988,19130,0.6,,,,,,,,
20989,19130,0.6,,,,,,,,
20990,19130,0.6,,,,,,,,
20991,19131,,,,,,,,1.0,7.6
20992,19132,0.6,,,,,,,,
20993,19133,0.6,,,,,,,,
20994,19134,1.554,,,,,,,,
20995,19135,1.554,,,,,,,,
20996,19135,0.6,,,,,,,,
20997,19136,0.6,,,,,,,,
20998,19137,0.6,,,,,,,,
20999,19138,0.696,,,,,,,,
21000,19139,0.6,,,,,,,,
21001,19140,0.851,,,,,,,,
21002,19141,2.359,,,,,,,,
21003,19142,0.6,,,,,,,,
21004,19143,0.84,,,,,,,,
21005,19144,2.517,,,,,,,,
21006,19145,0.6,,,,,,,,
21007,19146,0.6,,,,,,,,
21008,19147,1.349,,,,,,,,
21009,19147,0.6,,,,,,,,
21010,19148,1.628,,,,,,,,
21011,19148,0.84,,,,,,,,
21012,19149,0.6,,,,,,,,
21013,19150,7.256,,,,,,,,
21014,19151,0.738,,,,,,,,
21015,19152,1.4,,,,,,,,
21016,19153,0.6,,,,,,,,
21017,19154,1.932,,,,,,,,
21018,19154,1.795,,,,,,,,
21019,19154,0.6,,,,,,,,
21020,19154,0.6,,,,,,,,
21021,19155,1.67,,,,,,,,
21022,19156,0.6,,,,,,,,
21023,19157,0.6,,,,,,,,
21024,19158,,,,,,,,,
21025,19159,6.506,,,,,,,,
21026,19160,4.127,,,,,,,,
21027,19161,0.6,,,,,,,,
21028,19162,2.09,,,,,,,,
21029,19163,2.987,,,,,,,,
21030,19164,0.6,,,,,,,,
21031,19165,2.723,,,,,,,,
21032,19166,4.995,,,,,,,,
21033,19167,0.6,,,,,,,,
21034,19168,0.6,,,,,,,,
21035,19169,0.6,,,,,,,,
21036,19170,2.478,,,,,,,,
21037,19171,0.6,,,,,,,,
21038,19172,0.6,,,,,,,,
21039,19173,0.6,,,,,,,,
21040,19174,1.576,,,,,,,,
21041,19175,1.264,,,,,,,,
21042,19176,1.978,,,,,,,,
21043,19177,32.164,,,,,,,,
21044,19177,4.607,,,,,,,,
21045,19178,15.566,,,,,,,,
21046,19179,0.6,,,,,,,,
21047,19180,1.383,,,,,,,,
21048,19181,0.6,,,,,,,,
21049,19182,254.809,,,,,,,,
21050,19183,0.6,,,,,,,,
21051,19184,0.6,,,,,,,,
21052,19185,9.072,,,,,,,,
21053,19186,4.665,,,,,,,,
21054,19187,102.731,,,,,,,3.0,4.9
21055,19188,0.6,,,,,,,,
21056,19189,3.229,,,,,,,,
21057,19190,2.668,,,,,,,,
21058,19191,7.379,,,,,,,,
21059,19191,1.403,,,,,,,,
21060,19192,0.6,,,,,,,,
21061,19193,0.851,,,,,,,,
21062,19194,0.6,,,,,,,,
21063,19195,3.403,,,,,,,,
21064,19196,0.6,,,,,,,,
21065,19197,0.657,,,,,,,,
21066,19198,0.6,,,,,,,,
21067,19199,0.6,,,,,,,,
21068,19200,0.6,,,,,,,,
21069,19201,0.6,,,,,,,,
21070,19202,0.897,,,,,,,,
21071,19203,0.689,,,,,,,,
21072,19204,0.6,,,,,,,,
21073,19205,0.6,,,,,,,,
21074,19206,3.326,,,,,,,,
21075,19206,1.356,,,,,,,,
21076,19207,0.782,,,,,,,,
21077,19208,0.6,,,,,,,,
21078,19209,0.6,,,,,,,,
21079,19210,0.6,,,,,,,,
21080,19211,0.6,,,,,,,,
21081,19212,0.6,,,,,,,,
21082,19213,1.764,,,,,,,,
21083,19214,0.6,,,,,,,,
21084,19215,0.6,,,,,,,,
21085,19216,0.6,,,,,,,,
21086,19216,0.6,,,,,,,,
21087,19217,0.6,,,,,,,,
21088,19218,3.515,,,,,,,,
21089,19218,0.6,,,,,,,,
21090,19219,0.6,,,,,,,,
21091,19220,0.6,,,,,,,,
21092,19221,0.6,,,,,,,,
21093,19222,0.999,,,,,,,,
21094,19223,,1.0,0.0,2014,"Fueled by a gripping performance from David Oyelowo, Selma draws inspiration and dramatic power from the life and death of Martin Luther King, Jr. -- but doesn't ignore how far we remain from the ideals his work embodied.",Certified-Fresh,99.0,3.0,7.5
21095,19224,0.6,,,,,,,,
21096,19225,0.6,,,,,,,,
21097,19226,0.625,,,,,,,,
21098,19227,0.6,,,,,,,,
21099,19228,3.282,,,,,,,,
21100,19229,0.6,,,,,,,,
21101,19230,0.6,,,,,,,,
21102,19231,0.6,,,,,,,,
21103,19232,1.828,,,,,,,,
21104,19233,,,,,,,,,
21105,19234,0.6,,,,,,,,
21106,19235,1.559,,,,,,,,
21107,19236,0.6,,,,,,,,
21108,19237,4.117,,,,,,,,
21109,19238,1.344,,,,,,,,
21110,19239,0.84,,,,,,,,
21111,19240,0.844,,,,,,,,
21112,19241,0.637,,,,,,,,
21113,19242,0.828,,,,,,,,
21114,19243,0.945,,,,,,,,
21115,19244,6.566,,,,,,,,
21116,19245,0.961,,,,,,,,
21117,19246,0.846,,,,,,,,
21118,19247,,,,,,,,3.0,7.7
21119,19248,2.758,,,,,,,,
21120,19249,0.611,,,,,,,,
21121,19250,1.859,,,,,,,,
21122,19251,1.221,,,,,,,,
21123,19252,1.646,,,,,,,,
21124,19253,1.4,,,,,,,,
21125,19254,0.6,,,,,,,,
21126,19255,2.735,,,,,,,,
21127,19256,8.207,,,,,,,,
21128,19257,,1.0,0.0,1958,,Fresh,69.0,3.0,7.4
21129,19258,104.611,,,,,,,,
21130,19258,0.6,,,,,,,,
21131,19259,,,,,,,,,
21132,19260,0.663,,,,,,,,
21133,19260,0.6,,,,,,,,
21134,19261,2.096,,,,,,,,
21135,19262,0.6,,,,,,,,
21136,19263,4.962,,,,,,,,
21137,19264,0.604,,,,,,,,
21138,19265,0.6,,,,,,,,
21139,19266,,,,,,,,,
21140,19267,,,,,,,,,
21141,19268,0.6,,,,,,,,
21142,19269,,,,,,,,3.0,7.8
21143,19269,,,,,,,,1.0,5.4
21144,19270,0.957,,,,,,,,
21145,19271,,1.0,0.0,1941,,Fresh,86.0,,7.7
21146,19272,1.093,,,,,,,,
21147,19273,2.167,,,,,,,,
21148,19274,0.6,,,,,,,,
21149,19275,0.6,,,,,,,,
21150,19276,16.581,,,,,,,,
21151,19277,3.653,,,,,,,,
21152,19278,0.6,,,,,,,,
21153,19279,0.6,,,,,,,,
21154,19280,0.6,,,,,,,,
21155,19281,6.324,,,,,,,,
21156,19282,0.6,,,,,,,,
21157,19283,3.094,,,,,,,,
21158,19284,8.588,,,,,,,,
21159,19285,0.6,,,,,,,,
21160,19286,2.071,,,,,,,,
21161,19287,0.6,,,,,,,,
21162,19288,0.667,,,,,,,,
21163,19289,,,,,,,,1.0,7.7
21164,19290,0.6,,,,,,,,
21165,19291,1.343,,,,,,,,
21166,19292,2.332,,,,,,,,
21167,19293,0.6,,,,,,,,
21168,19293,0.6,,,,,,,,
21169,19294,1.201,,,,,,,,
21170,19295,0.6,,,,,,,,
21171,19296,10.223,,,,,,,,
21172,19297,0.6,,,,,,,,
21173,19298,1.4,,,,,,,,
21174,19299,0.6,,,,,,,,
21175,19300,0.6,,,,,,,,
21176,19301,0.6,,,,,,,,
21177,19302,0.87,,,,,,,,
21178,19303,0.6,,,,,,,,
21179,19304,0.6,,,,,,,,
21180,19305,0.6,,,,,,,,
21181,19306,0.6,,,,,,,,
21182,19307,0.6,,,,,,,,
21183,19308,0.6,,,,,,,,
21184,19309,12.75,,,,,,,,
21185,19310,0.914,,,,,,,,
21186,19311,,1.0,0.0,1954,"Buoyed by crowd-pleasing tunes and charming performances, Seven Brides for Seven Brothers makes a successful transition from Broadway to screen that's sure to please the whole family.",Fresh,88.0,3.0,7.4
21187,19312,7.821,,,,,,,,
21188,19313,0.84,,,,,,,,
21189,19314,2.946,,,,,,,,
21190,19315,1.167,,,,,,,,
21191,19316,3.657,,,,,,,,
21192,19317,0.6,,,,,,,,
21193,19318,1.746,,,,,,,,
21194,19319,0.6,,,,,,,,
21195,19320,3.947,,,,,,,,
21196,19321,2.969,,,,,,,,
21197,19322,,,,,,,,3.0,7.6
21198,19323,2.71,,,,,,,,
21199,19324,3.123,,,,,,,,
21200,19325,11.42,,,,,,,,
21201,19326,0.6,,,,,,,,
21202,19327,4.643,,,,,,,0.0,4.5
21203,19327,0.6,,,,,,,0.0,4.5
21204,19328,2.136,,,,,,,,
21205,19329,1.531,,,,,,,,
21206,19330,10.664,,,,,,,,
21207,19331,2.0,,,,,,,,
21208,19332,2.582,,,,,,,,
21209,19332,1.099,,,,,,,,
21210,19333,0.888,,,,,,,,
21211,19334,2.206,,,,,,,,
21212,19334,0.6,,,,,,,,
21213,19335,1.591,,,,,,,,
21214,19336,0.6,,,,,,,,
21215,19337,1.4,,,,,,,,
21216,19338,5.144,,,,,,,,
21217,19339,2.074,,,,,,,,
21218,19340,0.6,,,,,,,,
21219,19341,1.518,,,,,,,,
21220,19342,1.086,,,,,,,,
21221,19343,1.975,,,,,,,,
21222,19344,14.489,,,,,,,,
21223,19345,1.266,,,,,,,,
21224,19346,1.176,,,,,,,,
21225,19347,1.508,,,,,,,,
21226,19348,13.028,,,,,,,,
21227,19349,1.055,,,,,,,,
21228,19350,0.6,,,,,,,,
21229,19351,0.6,,,,,,,,
21230,19352,1.509,,,,,,,,
21231,19353,1.4,,,,,,,,
21232,19354,1.235,,,,,,,,
21233,19355,0.985,,,,,,,,
21234,19356,1.024,,,,,,,,
21235,19357,0.604,,,,,,,,
21236,19358,0.611,,,,,,,,
21237,19359,0.664,,,,,,,,
21238,19360,1.271,,,,,,,,
21239,19361,4.667,,,,,,,,
21240,19362,5.238,,,,,,,,
21241,19363,1.4,,,,,,,,
21242,19364,0.676,,,,,,,,
21243,19365,6.294,,,,,,,,
21244,19366,0.6,,,,,,,,
21245,19367,0.6,,,,,,,,
21246,19368,2.153,,,,,,,,
21247,19369,1.001,,,,,,,,
21248,19369,0.6,,,,,,,,
21249,19370,0.804,,,,,,,,
21250,19371,4.294,,,,,,,,
21251,19371,0.6,,,,,,,,
21252,19371,0.6,,,,,,,,
21253,19371,0.6,,,,,,,,
21254,19371,0.6,,,,,,,,
21255,19372,3.594,,,,,,,,
21256,19373,0.6,,,,,,,,
21257,19374,0.62,,,,,,,,
21258,19375,0.6,,,,,,,,
21259,19376,0.6,,,,,,,,
21260,19377,6.543,,,,,,,,
21261,19378,1.45,,,,,,,,
21262,19379,3.994,,,,,,,,
21263,19380,1.711,,,,,,,,
21264,19381,0.6,,,,,,,,
21265,19382,0.6,,,,,,,,
21266,19383,0.642,,,,,,,,
21267,19384,1.59,,,,,,,,
21268,19385,55.991,,,,,,,0.0,5.0
21269,19386,1.538,,,,,,,,
21270,19387,0.6,,,,,,,,
21271,19388,,,,,,,,3.0,7.8
21272,19389,0.6,,,,,,,,
21273,19390,1.926,,,,,,,,
21274,19391,0.836,,,,,,,,
21275,19392,0.6,,,,,,,,
21276,19393,1.747,,,,,,,,
21277,19394,0.69,,,,,,,,
21278,19395,11.449,,,,,,,,
21279,19396,0.6,,,,,,,,
21280,19397,5.099,,,,,,,,
21281,19398,1.736,,,,,,,,
21282,19399,1.283,,,,,,,,
21283,19400,0.6,,,,,,,,
21284,19401,2.246,,,,,,,,
21285,19402,2.092,,,,,,,,
21286,19403,1.426,,,,,,,,
21287,19403,0.6,,,,,,,,
21288,19404,1.698,,,,,,,,
21289,19405,0.728,,,,,,,,
21290,19406,0.966,,,,,,,,
21291,19406,0.6,,,,,,,,
21292,19406,0.6,,,,,,,,
21293,19406,0.6,,,,,,,,
21294,19407,1.642,,,,,,,,
21295,19408,2.925,,,,,,,,
21296,19409,0.6,,,,,,,,
21297,19410,0.62,,,,,,,,
21298,19411,0.6,,,,,,,,
21299,19412,1.4,,,,,,,,
21300,19413,3.558,,,,,,,,
21301,19413,0.667,,,,,,,,
21302,19413,0.6,,,,,,,,
21303,19414,0.696,,,,,,,,
21304,19415,1.392,,,,,,,,
21305,19416,2.376,,,,,,,,
21306,19417,1.59,,,,,,,,
21307,19418,0.6,,,,,,,,
21308,19419,0.841,,,,,,,,
21309,19420,0.6,,,,,,,,
21310,19421,0.6,,,,,,,,
21311,19422,0.6,,,,,,,,
21312,19423,0.6,,,,,,,,
21313,19424,0.665,,,,,,,,
21314,19425,1.365,,,,,,,,
21315,19426,1.827,,,,,,,,
21316,19427,0.6,,,,,,,,
21317,19428,1.14,,,,,,,,
21318,19429,1.273,,,,,,,,
21319,19430,1.468,,,,,,,,
21320,19431,1.542,,,,,,,,
21321,19432,0.859,,,,,,,,
21322,19433,0.6,,,,,,,,
21323,19434,0.865,,,,,,,,
21324,19435,3.723,,,,,,,,
21325,19436,0.68,,,,,,,,
21326,19437,0.6,,,,,,,,
21327,19438,,0.0,1.0,1998,"Endlessly witty, visually rapturous, and sweetly romantic, Shakespeare in Love is a delightful romantic comedy that succeeds on nearly every level.",Certified-Fresh,92.0,3.0,7.1
21328,19439,1.131,,,,,,,,
21329,19440,1.267,,,,,,,,
21330,19441,5.786,,,,,,,,
21331,19442,0.93,,,,,,,,
21332,19443,3.356,,,,,,,,
21333,19444,6.642,,,,,,,,
21334,19445,0.658,,,,,,,,
21335,19446,0.876,,,,,,,,
21336,19447,,1.0,0.0,1953,,Fresh,97.0,1.0,7.6
21337,19448,1.646,,,,,,,,
21338,19449,0.6,,,,,,,,
21339,19450,2.452,,,,,,,,
21340,19451,2.353,,,,,,,,
21341,19452,1.142,,,,,,,,
21342,19453,1.87,,,,,,,,
21343,19454,1.358,,,,,,,,
21344,19455,0.6,,,,,,,,
21345,19456,2.11,,,,,,,,
21346,19457,5.053,,,,,,,,
21347,19458,8.164,,,,,,,,
21348,19459,12.932,,,,,,,,
21349,19460,4.93,,,,,,,,
21350,19461,242.754,,,,,,,,
21351,19462,5.213,,,,,,,,
21352,19463,7.354,,,,,,,,
21353,19464,0.761,,,,,,,,
21354,19465,1.4,,,,,,,,
21355,19466,4.741,,,,,,,,
21356,19467,18.007,,,,,,,,
21357,19468,8.807,,,,,,,,
21358,19469,11.749,,,,,,,,
21359,19470,1.576,,,,,,,,
21360,19471,2.759,,,,,,,,
21361,19472,3.674,,,,,,,,
21362,19473,6.667,,,,,,,,
21363,19474,7.064,,,,,,,,
21364,19475,0.604,,,,,,,,
21365,19476,4.098,,,,,,,,
21366,19477,3.99,,,,,,,,
21367,19478,1.046,,,,,,,,
21368,19479,11.762,,,,,,,3.0,3.3
21369,19480,1.494,,,,,,,,
21370,19481,8.925,,,,,,,,
21371,19482,8.313,,,,,,,,
21372,19483,2.048,,,,,,,,
21373,19484,0.6,,,,,,,,
21374,19485,0.988,,,,,,,,
21375,19486,0.6,,,,,,,,
21376,19487,2.862,,,,,,,,
21377,19488,0.6,,,,,,,,
21378,19489,1.019,,,,,,,,
21379,19490,46.937,,,,,,,3.0,7.9
21380,19491,0.6,,,,,,,,
21381,19492,0.702,,,,,,,1.0,4.8
21382,19492,0.6,,,,,,,1.0,4.8
21383,19492,0.6,,,,,,,1.0,4.8
21384,19493,0.6,,,,,,,,
21385,19494,1.655,,,,,,,,
21386,19494,0.6,,,,,,,,
21387,19495,2.165,,,,,,,,
21388,19496,0.962,,,,,,,,
21389,19496,0.6,,,,,,,,
21390,19497,0.6,,,,,,,,
21391,19498,0.6,,,,,,,,
21392,19499,,1.0,0.0,1932/33,"She Done Him Wrong, but putting Cary Grant and Mae West together is pretty much nothing but right.",Fresh,91.0,2.0,6.4
21393,19500,2.606,,,,,,,,
21394,19501,0.6,,,,,,,,
21395,19502,0.832,,,,,,,,
21396,19503,2.254,,,,,,,,
21397,19504,2.781,,,,,,,,
21398,19505,0.861,,,,,,,,
21399,19506,0.6,,,,,,,,
21400,19507,0.66,,,,,,,,
21401,19508,0.6,,,,,,,,
21402,19509,4.885,,,,,,,,
21403,19510,0.939,,,,,,,,
21404,19511,0.6,,,,,,,,
21405,19512,0.6,,,,,,,,
21406,19513,1.54,,,,,,,,
21407,19514,1.822,,,,,,,,
21408,19515,1.051,,,,,,,,
21409,19516,1.4,,,,,,,,
21410,19517,1.854,,,,,,,,
21411,19518,229.223,,,,,,,,
21412,19519,1.641,,,,,,,,
21413,19520,1.775,,,,,,,,
21414,19521,0.6,,,,,,,,
21415,19522,0.6,,,,,,,,
21416,19523,0.6,,,,,,,,
21417,19524,2.858,,,,,,,,
21418,19525,2.131,,,,,,,,
21419,19526,0.6,,,,,,,,
21420,19527,1.314,,,,,,,,
21421,19528,0.6,,,,,,,,
21422,19529,0.6,,,,,,,,
21423,19530,1.846,,,,,,,,
21424,19531,0.6,,,,,,,,
21425,19532,3.637,,,,,,,,
21426,19533,1.651,,,,,,,,
21427,19534,0.6,,,,,,,,
21428,19535,0.6,,,,,,,,
21429,19536,0.6,,,,,,,,
21430,19537,1.736,,,,,,,,
21431,19538,1.861,,,,,,,,
21432,19539,4.911,,,,,,,,
21433,19540,0.932,,,,,,,,
21434,19541,0.6,,,,,,,,
21435,19542,0.6,,,,,,,1.0,7.6
21436,19542,0.6,,,,,,,3.0,6.0
21437,19542,0.6,,,,,,,3.0,4.8
21438,19542,0.6,,,,,,,3.0,5.8
21439,19543,2.019,,,,,,,,
21440,19544,0.6,,,,,,,,
21441,19545,1.575,,,,,,,,
21442,19546,3.141,,,,,,,,
21443,19547,1.551,,,,,,,,
21444,19548,6.96,,,,,,,1.0,7.6
21445,19549,1.032,,,,,,,,
21446,19550,,,,,,,,0.0,8.2
21447,19551,0.975,,,,,,,,
21448,19552,1.287,,,,,,,,
21449,19553,0.749,,,,,,,,
21450,19554,0.6,,,,,,,,
21451,19555,1.199,,,,,,,,
21452,19556,,,,,,,,0.0,8.6
21453,19557,0.6,,,,,,,,
21454,19557,0.6,,,,,,,,
21455,19558,0.804,,,,,,,,
21456,19559,8.637,,,,,,,,
21457,19559,1.343,,,,,,,,
21458,19559,0.6,,,,,,,,
21459,19560,0.959,,,,,,,,
21460,19561,0.618,,,,,,,,
21461,19562,2.544,,,,,,,,
21462,19563,0.6,,,,,,,,
21463,19564,0.6,,,,,,,,
21464,19565,0.6,,,,,,,,
21465,19566,34.129,,,,,,,1.0,6.8
21466,19567,0.6,,,,,,,,
21467,19568,0.6,,,,,,,,
21468,19569,,,,,,,,,
21469,19570,0.6,1.0,0.0,1996,"Featuring a strong performance from Geoffrey Rush, Shine succeeds in telling a compelling, inspirational story without resorting to cheap sentimentality.",Certified-Fresh,91.0,,7.7
21470,19571,0.6,,,,,,,,
21471,19572,0.6,,,,,,,,
21472,19573,0.6,,,,,,,,
21473,19574,0.6,,,,,,,,
21474,19575,0.6,,,,,,,,
21475,19576,0.6,,,,,,,,
21476,19577,0.681,,,,,,,,
21477,19578,1.4,,,,,,,,
21478,19579,,1.0,0.0,1965,,Fresh,72.0,,7.1
21479,19580,0.651,,,,,,,,
21480,19581,0.6,,,,,,,,
21481,19582,1.896,,,,,,,,
21482,19583,0.6,,,,,,,,
21483,19584,4.604,,,,,,,,
21484,19584,4.346,,,,,,,,
21485,19585,8.535,,,,,,,,
21486,19586,1.161,,,,,,,,
21487,19587,0.6,,,,,,,,
21488,19588,0.6,,,,,,,,
21489,19589,0.6,,,,,,,,
21490,19590,0.6,,,,,,,,
21491,19591,5.362,,,,,,,,
21492,19591,1.477,,,,,,,,
21493,19591,0.621,,,,,,,,
21494,19591,0.6,,,,,,,,
21495,19592,2.045,,,,,,,,
21496,19593,0.627,,,,,,,,
21497,19594,1.006,,,,,,,,
21498,19595,0.6,,,,,,,,
21499,19596,0.6,,,,,,,,
21500,19597,0.6,,,,,,,,
21501,19598,0.62,,,,,,,,
21502,19599,0.6,,,,,,,,
21503,19600,0.6,,,,,,,,
21504,19601,7.265,,,,,,,,
21505,19602,0.781,,,,,,,,
21506,19603,1.96,,,,,,,,
21507,19604,0.6,,,,,,,,
21508,19605,15.526,,,,,,,,
21509,19606,0.6,,,,,,,,
21510,19607,3.413,,,,,,,,
21511,19608,0.932,,,,,,,,
21512,19609,0.633,,,,,,,,
21513,19610,1.307,,,,,,,,
21514,19611,2.432,,,,,,,,
21515,19612,0.844,,,,,,,,
21516,19613,5.692,,,,,,,,
21517,19614,0.6,,,,,,,,
21518,19615,0.6,,,,,,,,
21519,19616,0.831,,,,,,,,
21520,19617,0.6,,,,,,,,
21521,19618,,,,,,,,,
21522,19619,3.219,,,,,,,,
21523,19620,2.976,,,,,,,,
21524,19621,0.6,,,,,,,,
21525,19622,0.6,,,,,,,,
21526,19623,1.4,,,,,,,,
21527,19624,1.494,,,,,,,,
21528,19625,0.6,,,,,,,,
21529,19626,0.6,,,,,,,,
21530,19627,0.921,,,,,,,,
21531,19628,0.6,,,,,,,,
21532,19629,0.6,,,,,,,3.0,6.6
21533,19630,0.6,,,,,,,,
21534,19631,,,,,,,,3.0,7.6
21535,19632,0.6,,,,,,,,
21536,19633,5.397,,,,,,,,
21537,19634,1.5,,,,,,,,
21538,19635,,,,,,,,3.0,7.9
21539,19636,6.728,,,,,,,,
21540,19636,0.6,,,,,,,,
21541,19637,0.6,,,,,,,,
21542,19638,0.6,,,,,,,,
21543,19639,0.6,,,,,,,,
21544,19640,0.6,,,,,,,,
21545,19641,2.671,,,,,,,,
21546,19641,0.889,,,,,,,,
21547,19642,0.6,,,,,,,,
21548,19643,0.6,,,,,,,,
21549,19644,0.89,,,,,,,,
21550,19645,21.345,,,,,,,,
21551,19646,0.6,,,,,,,,
21552,19647,0.6,,,,,,,,
21553,19648,1.367,,,,,,,,
21554,19649,1.046,,,,,,,,
21555,19650,1.012,,,,,,,,
21556,19651,2.093,,,,,,,,
21557,19652,3.562,,,,,,,,
21558,19653,1.179,,,,,,,,
21559,19654,0.6,,,,,,,,
21560,19655,,,,,,,,1.0,7.9
21561,19656,9.472,,,,,,,,
21562,19657,1.117,,,,,,,,
21563,19658,0.6,,,,,,,,
21564,19659,1.568,,,,,,,,
21565,19660,1.231,,,,,,,,
21566,19661,3.117,,,,,,,,
21567,19662,2.764,,,,,,,,
21568,19663,4.015,,,,,,,,
21569,19664,11.326,,,,,,,3.0,4.6
21570,19665,0.6,,,,,,,,
21571,19666,0.6,,,,,,,,
21572,19667,0.6,,,,,,,,
21573,19668,0.6,,,,,,,,
21574,19669,2.596,,,,,,,,
21575,19670,0.6,,,,,,,,
21576,19671,0.6,,,,,,,,
21577,19672,0.6,,,,,,,,
21578,19672,0.6,,,,,,,,
21579,19672,0.6,,,,,,,,
21580,19673,0.6,,,,,,,,
21581,19674,399.436,,,,,,,,
21582,19675,0.6,,,,,,,,
21583,19676,1.54,,,,,,,,
21584,19677,28.644,,,,,,,1.0,7.0
21585,19677,15.319,,,,,,,1.0,7.0
21586,19677,2.298,,,,,,,1.0,7.0
21587,19677,2.09,,,,,,,1.0,7.0
21588,19678,,,,,,,,1.0,8.2
21589,19679,0.656,,,,,,,,
21590,19680,0.6,,,,,,,,
21591,19681,7.453,,,,,,,,
21592,19682,0.6,,,,,,,,
21593,19683,1.179,,,,,,,,
21594,19684,0.7,,,,,,,,
21595,19684,0.6,,,,,,,,
21596,19685,1.762,,,,,,,,
21597,19686,,,,,,,,0.0,7.7
21598,19687,1.294,,,,,,,,
21599,19688,6.421,,,,,,,,
21600,19688,1.46,,,,,,,,
21601,19688,0.6,,,,,,,,
21602,19689,0.6,,,,,,,,
21603,19690,1.923,,,,,,,,
21604,19691,0.84,,,,,,,,
21605,19692,3.901,,,,,,,,
21606,19692,2.96,,,,,,,,
21607,19693,4.959,,,,,,,,
21608,19694,0.6,,,,,,,,
21609,19695,1.964,,,,,,,,
21610,19696,1.112,,,,,,,,
21611,19697,2.411,,,,,,,,
21612,19698,0.6,,,,,,,,
21613,19699,0.6,,,,,,,,
21614,19700,3.651,,,,,,,,
21615,19701,1.022,,,,,,,,
21616,19702,1.725,,,,,,,,
21617,19703,3.029,,,,,,,,
21618,19704,,1.0,0.0,2004,"Charming, thoughtful, and often funny, Sideways is a decidedly mature road trip comedy full of excellent performances.",Certified-Fresh,97.0,3.0,7.5
21619,19705,0.6,,,,,,,,
21620,19706,0.869,,,,,,,,
21621,19707,0.6,,,,,,,,
21622,19708,0.6,,,,,,,,
21623,19709,2.372,,,,,,,,
21624,19710,1.402,,,,,,,,
21625,19711,2.055,,,,,,,,
21626,19712,11.038,,,,,,,,
21627,19713,13.397,,,,,,,3.0,6.5
21628,19714,1.049,,,,,,,,
21629,19715,0.893,,,,,,,,
21630,19716,2.83,,,,,,,,
21631,19717,54.799,,,,,,,,
21632,19717,0.902,,,,,,,,
21633,19718,0.6,,,,,,,,
21634,19719,3.384,,,,,,,,
21635,19720,2.207,,,,,,,,
21636,19721,3.41,,,,,,,,
21637,19722,4.142,,,,,,,,
21638,19723,2.871,,,,,,,,
21639,19724,47.003,,,,,,,,
21640,19725,0.6,,,,,,,,
21641,19726,1.335,,,,,,,,
21642,19727,0.6,,,,,,,,
21643,19728,0.6,,,,,,,1.0,6.8
21644,19728,0.6,,,,,,,0.0,7.2
21645,19728,0.6,,,,,,,1.0,6.8
21646,19728,0.6,,,,,,,0.0,7.2
21647,19729,1.355,,,,,,,,
21648,19730,1.756,,,,,,,,
21649,19731,0.6,,,,,,,,
21650,19732,0.6,,,,,,,,
21651,19733,0.6,,,,,,,1.0,8.0
21652,19734,0.6,,,,,,,,
21653,19735,0.6,,,,,,,,
21654,19736,2.886,,,,,,,,
21655,19737,0.6,,,,,,,,
21656,19737,0.6,,,,,,,,
21657,19738,35.639,,,,,,,3.0,6.5
21658,19739,3.24,,,,,,,,
21659,19740,36.244,,,,,,,3.0,4.9
21660,19741,0.668,,,,,,,,
21661,19742,9.144,,,,,,,3.0,5.2
21662,19743,0.6,,,,,,,,
21663,19744,0.6,,,,,,,,
21664,19745,4.275,,,,,,,,
21665,19745,0.6,,,,,,,,
21666,19746,20.541,,,,,,,,
21667,19747,10.715,,,,,,,,
21668,19748,5.836,,,,,,,3.0,5.2
21669,19749,0.79,,,,,,,,
21670,19750,1.565,,,,,,,,
21671,19751,24.794,,,,,,,3.0,5.8
21672,19752,8.282,,,,,,,,
21673,19753,0.6,,,,,,,,
21674,19754,6.584,,,,,,,,
21675,19755,16.282,,,,,,,,
21676,19756,3.517,,,,,,,,
21677,19757,0.698,,,,,,,,
21678,19758,3.216,,,,,,,,
21679,19759,6.355,,,,,,,,
21680,19760,4.344,,,,,,,,
21681,19760,2.94,,,,,,,,
21682,19761,0.6,,,,,,,,
21683,19762,4.931,,,,,,,,
21684,19762,1.4,,,,,,,,
21685,19763,1.4,,,,,,,,
21686,19764,0.6,,,,,,,,
21687,19765,3.084,,,,,,,,
21688,19766,8.426,,,,,,,,
21689,19767,4.439,,,,,,,,
21690,19768,0.683,,,,,,,,
21691,19769,0.6,,,,,,,,
21692,19770,16.206,,,,,,,,
21693,19770,0.6,,,,,,,,
21694,19770,0.6,,,,,,,,
21695,19771,0.6,,,,,,,,
21696,19772,4.555,,,,,,,,
21697,19772,0.6,,,,,,,,
21698,19773,1.347,,,,,,,,
21699,19774,0.6,,,,,,,,
21700,19775,0.899,,,,,,,,
21701,19776,0.6,,,,,,,,
21702,19777,1.382,,,,,,,,
21703,19778,19.296,,,,,,,,
21704,19779,2.545,,,,,,,,
21705,19780,0.6,,,,,,,,
21706,19781,,1.0,0.0,2012,"Silver Linings Playbook walks a tricky thematic tightrope, but David O. Russell's sensitive direction and some sharp work from a talented cast gives it true balance.",Certified-Fresh,92.0,3.0,7.7
21707,19782,0.6,,,,,,,,
21708,19783,0.6,,,,,,,,
21709,19784,0.6,,,,,,,,
21710,19785,0.6,,,,,,,,
21711,19786,0.6,,,,,,,,
21712,19787,1.898,,,,,,,,
21713,19788,2.263,,,,,,,,
21714,19789,6.047,,,,,,,,
21715,19789,0.6,,,,,,,,
21716,19790,2.483,,,,,,,,
21717,19791,0.956,,,,,,,,
21718,19792,1.453,,,,,,,,
21719,19792,0.6,,,,,,,,
21720,19793,,,,,,,,3.0,8.0
21721,19794,0.6,,,,,,,,
21722,19795,1.003,,,,,,,,
21723,19796,1.879,,,,,,,,
21724,19797,0.6,,,,,,,,
21725,19798,0.622,,,,,,,,
21726,19799,1.69,,,,,,,,
21727,19800,0.6,,,,,,,,
21728,19801,0.819,,,,,,,,
21729,19802,0.6,,,,,,,,
21730,19803,,,,,,,,1.0,7.9
21731,19804,3.274,,,,,,,,
21732,19805,,,,,,,,,
21733,19806,0.6,,,,,,,,
21734,19807,0.735,,,,,,,,
21735,19808,0.6,,,,,,,,
21736,19809,0.6,,,,,,,,
21737,19810,0.684,,,,,,,,
21738,19811,0.6,,,,,,,,
21739,19812,0.6,,,,,,,,
21740,19813,65.319,,,,,,,2.0,6.8
21741,19813,3.67,,,,,,,2.0,6.8
21742,19813,2.052,,,,,,,2.0,6.8
21743,19814,31.394,,,,,,,,
21744,19815,12.064,,,,,,,,
21745,19816,6.199,,,,,,,,
21746,19817,1.561,,,,,,,,
21747,19818,0.6,,,,,,,,
21748,19819,0.776,,,,,,,,
21749,19820,0.6,,,,,,,,
21750,19821,0.6,,,,,,,,
21751,19822,1.341,,,,,,,,
21752,19823,0.6,,,,,,,,
21753,19824,0.932,,,,,,,,
21754,19825,0.6,,,,,,,,
21755,19826,1.4,,,,,,,,
21756,19827,0.834,,,,,,,,
21757,19828,0.6,,,,,,,,
21758,19829,0.6,,,,,,,,
21759,19830,0.6,,,,,,,,
21760,19831,0.65,,,,,,,,
21761,19832,18.741,,,,,,,,
21762,19832,5.791,,,,,,,,
21763,19832,1.131,,,,,,,,
21764,19832,0.6,,,,,,,,
21765,19833,2.02,,,,,,,,
21766,19834,1.357,,,,,,,,
21767,19835,0.6,,,,,,,,
21768,19836,16.344,,,,,,,,
21769,19837,0.6,,,,,,,,
21770,19838,1.268,,,,,,,,
21771,19839,0.6,,,,,,,,
21772,19840,0.6,,,,,,,,
21773,19841,0.6,,,,,,,,
21774,19842,1.724,,,,,,,,
21775,19843,0.968,,,,,,,,
21776,19844,9.332,,,,,,,3.0,6.9
21777,19844,9.332,,,,,,,3.0,6.0
21778,19844,5.831,,,,,,,3.0,6.9
21779,19844,5.831,,,,,,,3.0,6.0
21780,19844,2.047,,,,,,,3.0,6.9
21781,19844,2.047,,,,,,,3.0,6.0
21782,19844,0.6,,,,,,,3.0,6.9
21783,19844,0.6,,,,,,,3.0,6.0
21784,19844,0.6,,,,,,,3.0,6.9
21785,19844,0.6,,,,,,,3.0,6.0
21786,19845,2.278,,,,,,,,
21787,19846,1.356,,,,,,,,
21788,19847,1.688,,,,,,,,
21789,19848,0.6,,,,,,,,
21790,19849,0.646,,,,,,,,
21791,19850,0.6,,,,,,,,
21792,19851,1.793,,,,,,,,
21793,19852,0.6,,,,,,,,
21794,19853,0.6,,,,,,,,
21795,19854,1.423,,,,,,,,
21796,19854,0.651,,,,,,,,
21797,19854,0.6,,,,,,,,
21798,19855,0.839,,,,,,,,
21799,19856,0.603,,,,,,,,
21800,19857,0.632,,,,,,,,
21801,19858,0.6,,,,,,,,
21802,19859,0.6,,,,,,,,
21803,19860,0.6,,,,,,,,
21804,19861,0.731,,,,,,,,
21805,19862,0.703,,,,,,,,
21806,19863,0.6,,,,,,,,
21807,19864,0.6,,,,,,,,
21808,19865,3.171,,,,,,,,
21809,19866,0.6,,,,,,,,
21810,19867,2.199,,,,,,,,
21811,19868,1.615,,,,,,,,
21812,19869,1.365,,,,,,,,
21813,19870,1.4,,,,,,,,
21814,19871,3.679,,,,,,,3.0,2.1
21815,19872,1.214,,,,,,,3.0,6.7
21816,19873,1.497,,,,,,,,
21817,19873,1.336,,,,,,,,
21818,19874,1.182,,,,,,,,
21819,19875,0.93,,,,,,,,
21820,19876,2.636,,,,,,,,
21821,19877,0.6,,,,,,,,
21822,19878,0.6,,,,,,,,
21823,19879,0.6,,,,,,,3.0,6.9
21824,19880,0.75,,,,,,,,
21825,19881,0.6,,,,,,,,
21826,19882,1.361,,,,,,,,
21827,19883,0.808,,,,,,,,
21828,19884,0.6,,,,,,,,
21829,19885,0.928,,,,,,,,
21830,19886,0.6,,,,,,,,
21831,19887,5.315,,,,,,,,
21832,19888,0.6,,,,,,,,
21833,19889,0.6,,,,,,,,
21834,19890,0.946,,,,,,,,
21835,19891,0.853,,,,,,,0.0,4.8
21836,19892,0.6,,,,,,,,
21837,19893,1.722,,,,,,,,
21838,19894,0.6,,,,,,,,
21839,19895,1.535,,,,,,,,
21840,19895,1.314,,,,,,,,
21841,19896,5.749,,,,,,,,
21842,19897,3.268,,,,,,,,
21843,19898,0.6,,,,,,,,
21844,19899,10.967,,,,,,,0.0,5.1
21845,19900,1.379,,,,,,,,
21846,19901,13.074,,,,,,,,
21847,19902,0.6,,,,,,,,
21848,19903,1.045,,,,,,,,
21849,19904,2.832,,,,,,,,
21850,19905,0.6,,,,,,,,
21851,19906,2.876,,,,,,,,
21852,19907,1.083,,,,,,,,
21853,19908,0.6,,,,,,,,
21854,19909,2.012,,,,,,,,
21855,19910,0.6,,,,,,,,
21856,19911,2.003,,,,,,,,
21857,19912,1.609,,,,,,,,
21858,19913,3.238,,,,,,,3.0,6.3
21859,19914,28.128,,,,,,,,
21860,19915,,,,,,,,3.0,7.8
21861,19916,2.507,,,,,,,,
21862,19917,1.346,,,,,,,,
21863,19918,0.6,,,,,,,,
21864,19919,8.013,,,,,,,,
21865,19919,2.509,,,,,,,,
21866,19920,2.131,,,,,,,,
21867,19920,0.6,,,,,,,,
21868,19921,1.794,,,,,,,,
21869,19922,0.6,,,,,,,,
21870,19923,0.993,,,,,,,,
21871,19924,0.6,,,,,,,,
21872,19925,0.746,,,,,,,,
21873,19926,9.421,,,,,,,,
21874,19927,0.6,,,,,,,,
21875,19928,0.6,,,,,,,,
21876,19929,0.641,,,,,,,,
21877,19930,1.573,,,,,,,,
21878,19931,1.383,,,,,,,,
21879,19932,3.87,,,,,,,,
21880,19933,1.4,,,,,,,,
21881,19934,0.6,,,,,,,,
21882,19935,3.526,,,,,,,,
21883,19936,4.616,,,,,,,,
21884,19937,1.152,,,,,,,,
21885,19938,1.652,,,,,,,,
21886,19939,3.669,,,,,,,,
21887,19940,0.6,,,,,,,,
21888,19941,1.362,,,,,,,,
21889,19942,0.733,,,,,,,,
21890,19943,0.626,,,,,,,,
21891,19944,1.514,,,,,,,,
21892,19945,0.6,,,,,,,,
21893,19946,8.2,,,,,,,,
21894,19947,4.511,,,,,,,,
21895,19948,0.6,,,,,,,,
21896,19949,0.6,,,,,,,,
21897,19950,1.818,,,,,,,,
21898,19950,0.6,,,,,,,,
21899,19950,0.6,,,,,,,,
21900,19951,1.472,,,,,,,,
21901,19952,2.089,,,,,,,,
21902,19953,0.6,,,,,,,,
21903,19954,2.982,,,,,,,,
21904,19955,0.6,,,,,,,,
21905,19956,2.596,,,,,,,,
21906,19956,0.6,,,,,,,,
21907,19957,0.6,,,,,,,,
21908,19958,1.097,,,,,,,,
21909,19959,0.6,,,,,,,,
21910,19960,10.625,,,,,,,,
21911,19961,5.53,,,,,,,,
21912,19961,0.6,,,,,,,,
21913,19962,2.757,,,,,,,,
21914,19963,15.889,,,,,,,,
21915,19964,1.395,,,,,,,,
21916,19965,1.217,,,,,,,,
21917,19966,0.989,,,,,,,,
21918,19967,16.403,,,,,,,,
21919,19968,1.723,,,,,,,,
21920,19969,7.314,,,,,,,3.0,5.4
21921,19970,2.549,,,,,,,,
21922,19971,3.461,,,,,,,,
21923,19972,0.6,,,,,,,,
21924,19973,0.625,,,,,,,,
21925,19974,2.175,,,,,,,,
21926,19974,0.6,,,,,,,,
21927,19975,0.6,,,,,,,,
21928,19976,2.869,,,,,,,,
21929,19976,0.635,,,,,,,,
21930,19976,0.6,,,,,,,,
21931,19976,0.6,,,,,,,,
21932,19976,0.6,,,,,,,,
21933,19977,0.6,,,,,,,,
21934,19978,2.889,,,,,,,,
21935,19979,2.635,,,,,,,,
21936,19980,0.6,,,,,,,,
21937,19981,0.6,,,,,,,,
21938,19981,0.6,,,,,,,,
21939,19982,20.479,,,,,,,,
21940,19982,0.6,,,,,,,,
21941,19983,11.407,,,,,,,,
21942,19984,9.091,,,,,,,,
21943,19985,6.807,,,,,,,,
21944,19986,2.954,,,,,,,,
21945,19987,1.572,,,,,,,,
21946,19988,1.463,,,,,,,1.0,7.1
21947,19988,0.84,,,,,,,1.0,7.1
21948,19989,,,,,,,,1.0,7.5
21949,19990,0.919,,,,,,,,
21950,19991,6.619,,,,,,,,
21951,19992,1.724,,,,,,,,
21952,19993,0.6,,,,,,,,
21953,19994,1.646,,,,,,,,
21954,19994,1.29,,,,,,,,
21955,19995,0.861,,,,,,,,
21956,19996,0.6,,,,,,,,
21957,19997,0.6,,,,,,,,
21958,19998,1.207,,,,,,,,
21959,19999,3.713,,,,,,,,
21960,20000,2.81,,,,,,,,
21961,20000,2.043,,,,,,,,
21962,20000,1.077,,,,,,,,
21963,20000,0.723,,,,,,,,
21964,20000,0.6,,,,,,,,
21965,20000,0.6,,,,,,,,
21966,20000,0.6,,,,,,,,
21967,20000,0.6,,,,,,,,
21968,20001,20.416,,,,,,,,
21969,20002,0.6,,,,,,,,
21970,20003,50.681,,,,,,,3.0,7.3
21971,20004,0.651,,,,,,,,
21972,20005,1.266,,,,,,,,
21973,20006,0.6,,,,,,,,
21974,20007,0.626,,,,,,,,
21975,20008,0.6,,,,,,,,
21976,20009,30.529,,,,,,,3.0,3.3
21977,20009,0.6,,,,,,,3.0,3.3
21978,20010,,,,,,,,0.0,8.0
21979,20011,6.567,,,,,,,,
21980,20011,0.664,,,,,,,,
21981,20011,0.6,,,,,,,,
21982,20011,0.6,,,,,,,,
21983,20012,3.702,,,,,,,,
21984,20013,0.6,,,,,,,,
21985,20014,1.456,,,,,,,,
21986,20014,0.6,,,,,,,,
21987,20015,2.516,,,,,,,,
21988,20016,0.6,,,,,,,,
21989,20017,1.4,,,,,,,,
21990,20018,1.999,,,,,,,,
21991,20019,1.978,,,,,,,,
21992,20020,0.6,,,,,,,,
21993,20021,1.198,,,,,,,,
21994,20022,,,,,,,,,
21995,20023,1.387,,,,,,,,
21996,20024,0.6,,,,,,,,
21997,20025,0.745,,,,,,,,
21998,20026,0.629,,,,,,,,
21999,20027,1.377,,,,,,,,
22000,20028,0.884,,,,,,,,
22001,20029,0.636,,,,,,,,
22002,20030,22.55,,,,,,,3.0,6.5
22003,20031,0.718,,,,,,,,
22004,20032,0.6,,,,,,,,
22005,20033,0.6,,,,,,,,
22006,20034,0.6,,,,,,,,
22007,20035,3.622,,,,,,,,
22008,20036,0.6,,,,,,,,
22009,20037,0.6,,,,,,,,
22010,20038,0.6,,,,,,,,
22011,20039,7.299,,,,,,,,
22012,20040,16.686,,,,,,,,
22013,20040,0.6,,,,,,,,
22014,20041,5.254,,,,,,,,
22015,20042,6.799,,,,,,,,
22016,20043,5.31,,,,,,,,
22017,20044,0.6,,,,,,,,
22018,20045,0.6,,,,,,,,
22019,20046,0.6,,,,,,,,
22020,20047,,0.0,1.0,2008,"Visually dazzling and emotionally resonant, Slumdog Millionaire is a film that's both entertaining and powerful.",Certified-Fresh,91.0,1.0,8.0
22021,20048,0.6,,,,,,,,
22022,20049,0.6,,,,,,,,
22023,20050,0.686,,,,,,,,
22024,20051,0.6,,,,,,,,
22025,20052,0.6,,,,,,,,
22026,20053,2.535,,,,,,,,
22027,20054,0.6,,,,,,,,
22028,20055,2.655,,,,,,,,
22029,20056,0.6,,,,,,,,
22030,20057,0.6,,,,,,,,
22031,20058,1863.628,,,,,,,3.0,6.5
22032,20058,266.502,,,,,,,3.0,6.5
22033,20058,106.579,,,,,,,3.0,6.5
22034,20058,103.393,,,,,,,3.0,6.5
22035,20058,72.103,,,,,,,3.0,6.5
22036,20058,16.633,,,,,,,3.0,6.5
22037,20058,14.078,,,,,,,3.0,6.5
22038,20058,5.412,,,,,,,3.0,6.5
22039,20059,3.863,,,,,,,,
22040,20060,0.875,,,,,,,,
22041,20061,0.875,,,,,,,,
22042,20062,0.6,,,,,,,,
22043,20063,0.6,,,,,,,,
22044,20064,0.6,,,,,,,,
22045,20065,1.092,,,,,,,,
22046,20066,0.841,,,,,,,,
22047,20067,0.668,,,,,,,,
22048,20068,2.122,,,,,,,,
22049,20069,50.224,,,,,,,3.0,3.3
22050,20070,1.392,,,,,,,3.0,5.8
22051,20071,7.876,,,,,,,,
22052,20072,0.6,,,,,,,,
22053,20073,0.6,,,,,,,,
22054,20074,0.845,,,,,,,,
22055,20075,2.988,,,,,,,,
22056,20076,,,,,,,,,
22057,20077,0.6,,,,,,,,
22058,20078,0.9,,,,,,,,
22059,20079,0.6,,,,,,,,
22060,20080,0.767,,,,,,,,
22061,20081,0.6,,,,,,,,
22062,20082,2.087,,,,,,,,
22063,20083,0.6,,,,,,,,
22064,20084,0.799,,,,,,,,
22065,20085,0.732,,,,,,,,
22066,20086,2.397,,,,,,,,
22067,20087,0.6,,,,,,,,
22068,20088,1.341,,,,,,,,
22069,20089,0.706,,,,,,,,
22070,20090,3.929,,,,,,,,
22071,20091,0.6,,,,,,,,
22072,20092,0.6,,,,,,,,
22073,20093,0.6,,,,,,,,
22074,20094,0.6,,,,,,,,
22075,20095,0.626,,,,,,,,
22076,20096,1.4,,,,,,,,
22077,20097,1.4,,,,,,,,
22078,20098,0.6,,,,,,,,
22079,20099,5.825,,,,,,,,
22080,20100,4.658,,,,,,,,
22081,20101,4.318,,,,,,,,
22082,20102,1.045,,,,,,,,
22083,20103,20.872,,,,,,,3.0,5.5
22084,20104,3.583,,,,,,,,
22085,20105,0.6,,,,,,,,
22086,20106,1.408,,,,,,,,
22087,20107,0.6,,,,,,,,
22088,20108,0.6,,,,,,,,
22089,20109,0.6,,,,,,,,
22090,20110,1.335,,,,,,,,
22091,20111,0.6,,,,,,,,
22092,20112,0.6,,,,,,,,
22093,20113,0.6,,,,,,,,
22094,20114,,,,,,,,,
22095,20115,4.291,,,,,,,3.0,4.7
22096,20116,0.6,,,,,,,,
22097,20117,6.724,,,,,,,,
22098,20118,0.851,,,,,,,,
22099,20119,0.719,,,,,,,,
22100,20120,8.951,,,,,,,,
22101,20121,0.673,,,,,,,,
22102,20122,3.723,,,,,,,,
22103,20123,0.822,,,,,,,,
22104,20124,3.17,,,,,,,,
22105,20125,1.566,,,,,,,,
22106,20126,3.324,,,,,,,,
22107,20127,20.427,,,,,,,3.0,6.1
22108,20128,1.372,,,,,,,,
22109,20129,0.6,,,,,,,,
22110,20130,5.702,,,,,,,,
22111,20131,2.849,,,,,,,,
22112,20132,0.6,,,,,,,,
22113,20133,15.789,,,,,,,,
22114,20134,4.091,,,,,,,,
22115,20134,0.767,,,,,,,,
22116,20135,4.185,,,,,,,,
22117,20136,0.673,,,,,,,,
22118,20137,0.871,,,,,,,,
22119,20138,0.939,,,,,,,,
22120,20139,0.6,,,,,,,,
22121,20140,0.6,,,,,,,,
22122,20141,0.612,,,,,,,,
22123,20142,2.569,,,,,,,,
22124,20143,1.655,,,,,,,,
22125,20144,0.6,,,,,,,,
22126,20145,0.6,,,,,,,,
22127,20146,0.6,,,,,,,,
22128,20147,3.648,,,,,,,,
22129,20148,0.6,,,,,,,,
22130,20149,0.6,,,,,,,,
22131,20150,0.6,,,,,,,,
22132,20151,5.27,,,,,,,,
22133,20152,0.738,,,,,,,,
22134,20153,0.934,,,,,,,,
22135,20154,0.6,,,,,,,,
22136,20155,0.632,,,,,,,,
22137,20156,9.561,,,,,,,,
22138,20157,3.589,,,,,,,,
22139,20158,0.896,,,,,,,,
22140,20159,0.6,,,,,,,,
22141,20160,0.6,,,,,,,,
22142,20161,0.6,,,,,,,,
22143,20162,1.162,,,,,,,,
22144,20163,0.627,,,,,,,,
22145,20164,2.718,,,,,,,,
22146,20165,0.97,,,,,,,,
22147,20166,1.872,,,,,,,,
22148,20167,1.188,,,,,,,,
22149,20168,0.6,,,,,,,,
22150,20169,0.6,,,,,,,,
22151,20170,0.6,,,,,,,,
22152,20171,0.6,,,,,,,,
22153,20172,0.6,,,,,,,,
22154,20173,,,,,,,,1.0,6.2
22155,20174,0.6,,,,,,,,
22156,20175,3.773,,,,,,,,
22157,20176,0.6,,,,,,,,
22158,20177,3.582,,,,,,,,
22159,20178,0.6,,,,,,,,
22160,20179,0.6,,,,,,,,
22161,20180,0.63,,,,,,,,
22162,20181,0.6,,,,,,,,
22163,20182,5.264,,,,,,,,
22164,20182,0.6,,,,,,,,
22165,20183,1.443,,,,,,,,
22166,20184,8.619,,,,,,,,
22167,20184,0.662,,,,,,,,
22168,20185,0.6,,,,,,,,
22169,20186,0.6,,,,,,,,
22170,20187,2.225,,,,,,,,
22171,20188,0.6,,,,,,,,
22172,20189,5.007,,,,,,,,
22173,20190,6.509,,,,,,,,
22174,20191,,,,,,,,3.0,8.2
22175,20192,9.575,,,,,,,,
22176,20193,0.6,,,,,,,,
22177,20194,2.119,,,,,,,,
22178,20195,2.227,,,,,,,,
22179,20196,1.485,,,,,,,,
22180,20197,0.954,,,,,,,,
22181,20198,0.6,,,,,,,,
22182,20199,0.6,,,,,,,,
22183,20200,0.6,,,,,,,,
22184,20201,4.069,,,,,,,,
22185,20202,1.4,,,,,,,,
22186,20203,6.941,,,,,,,,
22187,20204,1.451,,,,,,,,
22188,20205,3.015,,,,,,,,
22189,20206,1.23,,,,,,,,
22190,20207,1.168,,,,,,,,
22191,20208,0.6,,,,,,,,
22192,20209,3.074,,,,,,,,
22193,20210,0.6,,,,,,,,
22194,20211,0.6,,,,,,,,
22195,20212,1.521,,,,,,,,
22196,20213,0.622,,,,,,,,
22197,20214,1.357,,,,,,,,
22198,20215,8.431,,,,,,,,
22199,20215,0.662,,,,,,,,
22200,20216,0.876,,,,,,,,
22201,20217,3.604,,,,,,,,
22202,20218,0.6,,,,,,,,
22203,20219,3.584,,,,,,,,
22204,20220,0.6,,,,,,,,
22205,20221,1.339,,,,,,,,
22206,20222,0.907,,,,,,,,
22207,20223,19.232,,,,,,,,
22208,20224,7.378,,,,,,,,
22209,20225,5.626,,,,,,,,
22210,20226,0.6,,,,,,,,
22211,20227,0.6,,,,,,,,
22212,20228,80.972,,,,,,,,
22213,20229,1.105,,,,,,,,
22214,20230,2.061,,,,,,,,
22215,20231,1.239,,,,,,,,
22216,20232,1.981,,,,,,,,
22217,20233,0.6,,,,,,,,
22218,20234,0.6,,,,,,,,
22219,20235,0.686,,,,,,,,
22220,20236,0.6,,,,,,,,
22221,20237,0.6,,,,,,,,
22222,20238,0.6,,,,,,,,
22223,20239,,,,,,,,3.0,8.0
22224,20240,0.6,,,,,,,,
22225,20241,0.84,,,,,,,,
22226,20242,0.6,,,,,,,,
22227,20243,5.886,,,,,,,,
22228,20244,138.633,,,,,,,,
22229,20245,1.315,,,,,,,,
22230,20246,0.6,,,,,,,,
22231,20247,0.632,,,,,,,,
22232,20248,,,,,,,,,
22233,20249,1.373,,,,,,,,
22234,20250,0.6,,,,,,,,
22235,20251,2.222,,,,,,,3.0,4.4
22236,20251,1.634,,,,,,,3.0,4.4
22237,20252,1.289,,,,,,,,
22238,20253,0.6,,,,,,,,
22239,20254,0.6,,,,,,,,
22240,20255,0.712,,,,,,,,
22241,20256,0.6,,,,,,,,
22242,20257,6.644,,,,,,,,
22243,20258,0.6,,,,,,,,
22244,20259,1.4,,,,,,,,
22245,20260,7.361,,,,,,,,
22246,20261,2.803,,,,,,,,
22247,20262,1.316,,,,,,,,
22248,20263,0.6,,,,,,,,
22249,20264,13.156,,,,,,,3.0,5.1
22250,20265,1.798,,,,,,,,
22251,20266,0.6,,,,,,,,
22252,20267,0.6,,,,,,,,
22253,20268,2.213,,,,,,,,
22254,20269,2.844,,,,,,,,
22255,20270,1.542,,,,,,,,
22256,20271,1.395,,,,,,,,
22257,20272,0.6,,,,,,,,
22258,20273,2.751,,,,,,,,
22259,20274,0.6,,,,,,,,
22260,20275,1.4,,,,,,,3.0,8.0
22261,20275,1.008,,,,,,,3.0,8.0
22262,20276,0.6,,,,,,,,
22263,20277,0.6,,,,,,,,
22264,20278,0.806,,,,,,,,
22265,20279,0.6,,,,,,,,
22266,20279,0.6,,,,,,,,
22267,20280,0.84,,,,,,,,
22268,20281,1.592,,,,,,,,
22269,20282,9.711,,,,,,,,
22270,20283,2.753,,,,,,,,
22271,20284,0.6,,,,,,,,
22272,20285,0.6,,,,,,,,
22273,20286,2.579,,,,,,,,
22274,20287,2.601,,,,,,,,
22275,20288,1.816,,,,,,,,
22276,20289,0.6,,,,,,,,
22277,20290,10.854,,,,,,,,
22278,20291,0.6,,,,,,,,
22279,20292,2.837,,,,,,,,
22280,20293,1.407,,,,,,,,
22281,20293,0.6,,,,,,,,
22282,20294,0.6,,,,,,,,
22283,20295,0.6,,,,,,,,
22284,20296,2.614,,,,,,,,
22285,20297,0.6,,,,,,,,
22286,20298,0.6,,,,,,,,
22287,20299,1.4,,,,,,,,
22288,20300,1.581,,,,,,,,
22289,20301,,,,,,,,1.0,7.7
22290,20302,2.529,,,,,,,,
22291,20303,1.931,,,,,,,,
22292,20304,2.291,,,,,,,,
22293,20305,0.6,,,,,,,,
22294,20306,0.6,,,,,,,,
22295,20307,0.6,,,,,,,,
22296,20308,0.986,,,,,,,,
22297,20309,0.6,,,,,,,,
22298,20310,,,,,,,,,
22299,20311,0.842,,,,,,,,
22300,20312,0.6,,,,,,,,
22301,20313,0.975,,,,,,,,
22302,20314,18.136,,,,,,,,
22303,20315,0.6,,,,,,,0.0,7.1
22304,20316,1.171,,,,,,,,
22305,20317,0.6,,,,,,,,
22306,20318,0.6,,,,,,,,
22307,20319,0.84,,,,,,,,
22308,20320,7.685,,,,,,,,
22309,20321,0.6,,,,,,,,
22310,20322,0.6,,,,,,,,
22311,20323,1.581,,,,,,,,
22312,20324,1.989,,,,,,,,
22313,20325,1.231,,,,,,,,
22314,20326,0.6,,,,,,,,
22315,20327,1.4,,,,,,,,
22316,20328,0.6,,,,,,,,
22317,20329,0.6,,,,,,,,
22318,20330,1.616,,,,,,,,
22319,20331,0.6,,,,,,,,
22320,20332,3.745,,,,,,,,
22321,20333,0.6,,,,,,,,
22322,20334,0.6,,,,,,,,
22323,20335,0.6,,,,,,,,
22324,20336,0.6,,,,,,,,
22325,20337,6.214,,,,,,,,
22326,20338,0.6,,,,,,,,
22327,20339,0.995,,,,,,,,
22328,20340,1.233,,,,,,,0.0,6.7
22329,20341,,,,,,,,2.0,7.9
22330,20342,0.6,,,,,,,,
22331,20343,3.806,,,,,,,,
22332,20344,24.428,,,,,,,3.0,5.2
22333,20345,3.031,,,,,,,,
22334,20346,1.623,,,,,,,,
22335,20347,26.723,,,,,,,,
22336,20347,12.863,,,,,,,,
22337,20348,1.4,,,,,,,,
22338,20349,,,,,,,,,
22339,20350,0.6,,,,,,,,
22340,20351,1.224,,,,,,,,
22341,20352,0.6,,,,,,,,
22342,20352,0.6,,,,,,,,
22343,20353,3.51,,,,,,,,
22344,20354,0.6,,,,,,,,
22345,20355,1.4,,,,,,,,
22346,20356,0.6,,,,,,,,
22347,20357,38.051,,,,,,,3.0,5.9
22348,20358,21.794,,,,,,,3.0,4.5
22349,20359,23.901,,,,,,,,
22350,20360,18.637,,,,,,,,
22351,20361,0.887,,,,,,,,
22352,20362,2.255,,,,,,,,
22353,20363,0.6,,,,,,,,
22354,20364,1.572,,,,,,,,
22355,20365,2.549,,,,,,,1.0,6.8
22356,20365,2.485,,,,,,,1.0,6.8
22357,20366,0.6,,,,,,,,
22358,20367,1.876,,,,,,,,
22359,20368,0.6,,,,,,,,
22360,20369,0.6,,,,,,,3.0,7.3
22361,20370,0.731,,,,,,,,
22362,20371,0.6,,,,,,,,
22363,20372,0.657,,,,,,,,
22364,20373,39.382,,,,,,,,
22365,20373,2.54,,,,,,,,
22366,20374,0.6,,,,,,,,
22367,20375,6.049,,,,,,,,
22368,20376,10.523,,,,,,,3.0,7.5
22369,20376,0.6,,,,,,,3.0,7.5
22370,20377,2.834,,,,,,,,
22371,20378,4.221,,,,,,,,
22372,20379,2.033,,,,,,,3.0,4.1
22373,20380,1.755,,,,,,,2.0,6.8
22374,20381,7.506,,,,,,,,
22375,20382,5.344,,,,,,,,
22376,20383,0.6,,,,,,,,
22377,20384,2.755,,,,,,,,
22378,20385,,,,,,,,,
22379,20386,2.36,,,,,,,3.0,4.2
22380,20387,6.754,,,,,,,,
22381,20388,5.676,,,,,,,,
22382,20389,0.6,,,,,,,,
22383,20390,0.82,,,,,,,,
22384,20390,0.6,,,,,,,,
22385,20391,0.672,,,,,,,,
22386,20392,1.84,,,,,,,,
22387,20393,0.6,,,,,,,,
22388,20394,1.528,,,,,,,,
22389,20395,7.872,,,,,,,3.0,6.1
22390,20395,6.479,,,,,,,3.0,6.1
22391,20395,0.974,,,,,,,3.0,6.1
22392,20396,1.296,,,,,,,,
22393,20397,67.251,,,,,,,3.0,5.2
22394,20398,0.6,,,,,,,,
22395,20399,2.679,,,,,,,,
22396,20399,0.707,,,,,,,,
22397,20399,0.636,,,,,,,,
22398,20399,0.6,,,,,,,,
22399,20400,0.6,,,,,,,,
22400,20401,0.6,,,,,,,,
22401,20402,0.905,,,,,,,,
22402,20403,0.6,,,,,,,,
22403,20404,0.6,,,,,,,,
22404,20405,3.113,,,,,,,,
22405,20406,11.062,,,,,,,,
22406,20407,0.6,,,,,,,,
22407,20408,0.6,,,,,,,,
22408,20409,1.4,,,,,,,,
22409,20410,0.664,,,,,,,,
22410,20411,0.601,,,,,,,,
22411,20412,0.6,,,,,,,,
22412,20413,0.6,,,,,,,,
22413,20414,0.6,,,,,,,,
22414,20415,1.957,,,,,,,,
22415,20416,3.991,,,,,,,,
22416,20417,0.6,,,,,,,,
22417,20418,0.6,,,,,,,,
22418,20419,0.84,,,,,,,,
22419,20420,0.6,,,,,,,,
22420,20421,0.883,,,,,,,,
22421,20422,0.6,,,,,,,,
22422,20423,0.6,,,,,,,,
22423,20424,2.539,,,,,,,,
22424,20425,0.6,,,,,,,,
22425,20426,0.672,,,,,,,,
22426,20427,1.176,,,,,,,,
22427,20428,0.6,,,,,,,,
22428,20429,0.6,,,,,,,,
22429,20430,0.761,,,,,,,,
22430,20431,1.375,,,,,,,,
22431,20432,2.293,,,,,,,,
22432,20432,1.329,,,,,,,,
22433,20432,0.6,,,,,,,,
22434,20432,0.6,,,,,,,,
22435,20433,0.897,,,,,,,,
22436,20434,1.891,,,,,,,,
22437,20435,1.378,,,,,,,,
22438,20436,8.192,,,,,,,,
22439,20437,0.6,,,,,,,,
22440,20438,0.6,,,,,,,,
22441,20439,2.504,,,,,,,,
22442,20440,0.6,,,,,,,,
22443,20441,1.11,,,,,,,,
22444,20442,0.62,,,,,,,,
22445,20443,1.743,,,,,,,,
22446,20444,0.6,,,,,,,,
22447,20445,1.166,,,,,,,,
22448,20445,0.6,,,,,,,,
22449,20446,1.298,,,,,,,,
22450,20447,1.211,,,,,,,,
22451,20448,1.495,,,,,,,,
22452,20449,0.97,,,,,,,,
22453,20449,0.6,,,,,,,,
22454,20450,3.229,,,,,,,,
22455,20451,20.708,,,,,,,,
22456,20452,0.656,,,,,,,,
22457,20453,25.577,,,,,,,3.0,5.8
22458,20454,14.102,,,,,,,,
22459,20454,0.817,,,,,,,,
22460,20455,2.606,,,,,,,,
22461,20456,85.707,,,,,,,3.0,7.3
22462,20457,0.6,,,,,,,,
22463,20458,0.6,,,,,,,,
22464,20459,8.818,,,,,,,0.0,6.0
22465,20460,0.612,,,,,,,,
22466,20461,0.6,,,,,,,,
22467,20462,2.054,,,,,,,,
22468,20463,0.6,,,,,,,,
22469,20464,11.176,,,,,,,,
22470,20465,5.853,,,,,,,,
22471,20466,0.6,,,,,,,,
22472,20467,0.6,,,,,,,,
22473,20468,0.6,,,,,,,,
22474,20469,0.6,,,,,,,,
22475,20470,0.652,,,,,,,,
22476,20470,0.6,,,,,,,,
22477,20470,0.6,,,,,,,,
22478,20471,0.6,,,,,,,,
22479,20472,1.55,,,,,,,,
22480,20473,6.98,,,,,,,,
22481,20474,4.927,,,,,,,,
22482,20475,0.6,,,,,,,,
22483,20476,0.632,,,,,,,,
22484,20477,0.6,,,,,,,,
22485,20478,0.6,,,,,,,,
22486,20479,0.6,,,,,,,,
22487,20480,2.624,,,,,,,,
22488,20481,1.4,,,,,,,,
22489,20481,0.98,,,,,,,,
22490,20482,1.4,,,,,,,,
22491,20483,0.696,,,,,,,,
22492,20484,0.6,,,,,,,,
22493,20485,1.789,,,,,,,,
22494,20486,0.6,,,,,,,,
22495,20487,0.6,,,,,,,,
22496,20488,1.272,,,,,,,,
22497,20489,1.499,,,,,,,,
22498,20490,0.65,,,,,,,,
22499,20491,,,,,,,,1.0,7.7
22500,20492,0.6,,,,,,,,
22501,20493,1.441,,,,,,,,
22502,20494,0.6,,,,,,,,
22503,20495,,0.0,1.0,2015,"Spotlight gracefully handles the lurid details of its fact-based story while resisting the temptation to lionize its heroes, resulting in a drama that honors the audience as well as its real-life subjects.",Certified-Fresh,97.0,1.0,8.1
22504,20496,0.6,,,,,,,,
22505,20497,22.859,,,,,,,3.0,5.9
22506,20497,1.635,,,,,,,3.0,5.9
22507,20498,10.246,,,,,,,0.0,6.7
22508,20499,2.388,,,,,,,,
22509,20500,5.111,,,,,,,,
22510,20501,0.773,,,,,,,,
22511,20502,0.6,,,,,,,,
22512,20503,0.6,,,,,,,,
22513,20504,0.6,,,,,,,,
22514,20505,40.799,,,,,,,0.0,6.4
22515,20506,0.6,,,,,,,,
22516,20507,0.6,,,,,,,,
22517,20508,0.62,,,,,,,,
22518,20509,1.664,,,,,,,,
22519,20510,0.6,,,,,,,,
22520,20511,6.95,,,,,,,,
22521,20511,2.83,,,,,,,,
22522,20511,1.4,,,,,,,,
22523,20512,0.6,,,,,,,,
22524,20513,5.978,,,,,,,,
22525,20514,0.6,,,,,,,,
22526,20515,0.614,,,,,,,,
22527,20516,1.595,,,,,,,,
22528,20517,0.6,,,,,,,,
22529,20518,9.865,,,,,,,,
22530,20519,19.047,,,,,,,,
22531,20520,0.6,,,,,,,,
22532,20521,0.6,,,,,,,,
22533,20522,3.367,,,,,,,,
22534,20523,0.6,,,,,,,,
22535,20524,0.718,,,,,,,,
22536,20525,0.6,,,,,,,,
22537,20525,0.6,,,,,,,,
22538,20526,1.389,,,,,,,,
22539,20527,0.654,,,,,,,,
22540,20528,0.6,,,,,,,,
22541,20529,0.6,,,,,,,,
22542,20530,0.6,,,,,,,,
22543,20531,0.6,,,,,,,,
22544,20532,2.561,,,,,,,,
22545,20533,0.6,,,,,,,,
22546,20534,2.824,,,,,,,,
22547,20535,6.795,,,,,,,,
22548,20536,2.314,,,,,,,,
22549,20537,,1.0,0.0,1937,,Fresh,96.0,3.0,7.8
22550,20538,0.637,,,,,,,,
22551,20539,6.591,,,,,,,3.0,7.0
22552,20539,5.511,,,,,,,3.0,7.0
22553,20539,0.746,,,,,,,3.0,7.0
22554,20539,0.6,,,,,,,3.0,7.0
22555,20540,,1.0,0.0,1939,"Typifying the best that the Western genre has to offer, Stagecoach is a rip-roaring adventure given dramatic heft by John Ford's dynamic direction and John Wayne's mesmerizing star turn.",Certified-Fresh,100.0,3.0,7.9
22556,20541,0.6,,,,,,,,
22557,20542,1.466,,,,,,,,
22558,20543,1.467,,,,,,,,
22559,20544,0.6,,,,,,,,
22560,20545,1.896,,,,,,,,
22561,20545,0.689,,,,,,,,
22562,20545,0.6,,,,,,,,
22563,20546,9.922,,,,,,,1.0,6.4
22564,20547,0.629,,,,,,,,
22565,20548,0.6,,,,,,,,
22566,20549,0.6,,,,,,,,
22567,20550,1.169,,,,,,,,
22568,20551,1.724,,,,,,,,
22569,20552,,,,,,,,0.0,8.0
22570,20553,0.6,,,,,,,,
22571,20554,0.6,,,,,,,,
22572,20555,2.056,,,,,,,,
22573,20555,1.12,,,,,,,,
22574,20555,0.6,,,,,,,,
22575,20556,3.288,,,,,,,1.0,8.1
22576,20556,2.059,,,,,,,1.0,8.1
22577,20556,2.011,,,,,,,1.0,8.1
22578,20556,0.974,,,,,,,1.0,8.1
22579,20556,0.6,,,,,,,1.0,8.1
22580,20556,0.6,,,,,,,1.0,8.1
22581,20556,0.6,,,,,,,1.0,8.1
22582,20556,0.6,,,,,,,1.0,8.1
22583,20557,0.6,,,,,,,,
22584,20558,0.6,,,,,,,,
22585,20559,0.6,,,,,,,,
22586,20560,0.6,,,,,,,,
22587,20561,3.651,,,,,,,,
22588,20562,0.6,,,,,,,,
22589,20563,50.368,,,,,,,,
22590,20564,0.6,,,,,,,,
22591,20565,,,,,,,,,
22592,20566,0.6,,,,,,,,
22593,20567,0.626,,,,,,,,
22594,20568,1.289,,,,,,,,
22595,20569,0.637,,,,,,,,
22596,20570,2.178,,,,,,,,
22597,20571,1.714,,,,,,,,
22598,20572,4.943,,,,,,,,
22599,20573,1.854,,,,,,,,
22600,20574,4.541,,,,,,,,
22601,20575,1.535,,,,,,,,
22602,20576,,,,,,,,3.0,7.9
22603,20577,,,,,,,,,
22604,20578,,,,,,,,1.0,7.7
22605,20579,0.78,,,,,,,,
22606,20580,,,,,,,,1.0,8.6
22607,20581,,,,,,,,0.0,8.7
22608,20582,,,,,,,,1.0,8.3
22609,20583,,,,,,,,,
22610,20584,0.6,,,,,,,,
22611,20585,11.819,,,,,,,,
22612,20586,0.6,,,,,,,,
22613,20587,0.6,,,,,,,,
22614,20588,0.6,,,,,,,,
22615,20589,0.6,,,,,,,,
22616,20590,,,,,,,,3.0,7.6
22617,20591,0.6,,,,,,,,
22618,20592,8.184,,,,,,,,
22619,20593,0.6,,,,,,,,
22620,20594,0.6,,,,,,,,
22621,20595,1.862,,,,,,,,
22622,20596,10.031,,,,,,,,
22623,20597,16.009,,,,,,,,
22624,20598,1.4,,,,,,,,
22625,20599,2.068,,,,,,,,
22626,20600,0.6,,,,,,,,
22627,20601,2.004,,,,,,,,
22628,20602,0.6,,,,,,,,
22629,20603,0.6,,,,,,,,
22630,20604,7.038,,,,,,,,
22631,20604,0.6,,,,,,,,
22632,20604,0.6,,,,,,,,
22633,20605,0.6,,,,,,,,
22634,20606,0.6,,,,,,,,
22635,20607,0.6,,,,,,,,
22636,20608,3.086,,,,,,,,
22637,20609,1.627,,,,,,,1.0,6.7
22638,20609,0.905,,,,,,,1.0,6.7
22639,20609,0.6,,,,,,,1.0,6.7
22640,20609,0.6,,,,,,,1.0,6.7
22641,20610,21.457,,,,,,,,
22642,20611,0.657,,,,,,,,
22643,20612,0.6,,,,,,,,
22644,20613,4.485,,,,,,,,
22645,20614,46.543,,,,,,,,
22646,20615,1.019,,,,,,,,
22647,20616,0.6,,,,,,,,
22648,20617,0.6,,,,,,,,
22649,20618,0.63,,,,,,,,
22650,20619,0.6,,,,,,,,
22651,20620,0.6,,,,,,,,
22652,20621,0.62,,,,,,,,
22653,20622,0.6,,,,,,,3.0,5.3
22654,20623,1.895,,,,,,,,
22655,20624,0.6,,,,,,,,
22656,20625,3.76,,,,,,,,
22657,20626,3.103,,,,,,,,
22658,20627,0.6,,,,,,,,
22659,20628,0.6,,,,,,,,
22660,20629,1.525,,,,,,,,
22661,20630,1.542,,,,,,,,
22662,20631,10.433,,,,,,,,
22663,20632,6.134,,,,,,,,
22664,20633,12.173,,,,,,,3.0,5.8
22665,20633,0.6,,,,,,,3.0,5.8
22666,20634,2.279,,,,,,,,
22667,20635,1.19,,,,,,,,
22668,20636,3.074,,,,,,,,
22669,20637,0.6,,,,,,,,
22670,20638,0.6,,,,,,,,
22671,20639,0.6,,,,,,,,
22672,20640,0.6,,,,,,,,
22673,20641,0.6,,,,,,,,
22674,20642,0.6,,,,,,,,
22675,20643,0.6,,,,,,,,
22676,20644,1.934,,,,,,,,
22677,20645,11.46,,,,,,,,
22678,20646,0.6,,,,,,,,
22679,20647,0.6,,,,,,,,
22680,20647,0.6,,,,,,,,
22681,20648,0.977,,,,,,,,
22682,20649,0.6,,,,,,,,
22683,20650,0.966,,,,,,,,
22684,20650,0.908,,,,,,,,
22685,20650,0.6,,,,,,,,
22686,20651,25.137,,,,,,,3.0,6.2
22687,20652,3.006,,,,,,,,
22688,20653,0.6,,,,,,,,
22689,20654,1.859,,,,,,,,
22690,20654,1.538,,,,,,,,
22691,20654,0.6,,,,,,,,
22692,20654,0.6,,,,,,,,
22693,20654,0.6,,,,,,,,
22694,20655,3.027,,,,,,,,
22695,20656,0.6,,,,,,,,
22696,20657,1.845,,,,,,,1.0,7.4
22697,20657,1.342,,,,,,,1.0,7.4
22698,20657,0.6,,,,,,,1.0,7.4
22699,20658,0.628,,,,,,,,
22700,20659,1.143,,,,,,,,
22701,20660,8.755,,,,,,,,
22702,20661,0.6,,,,,,,,
22703,20662,1.559,,,,,,,,
22704,20663,1.144,,,,,,,,
22705,20664,0.6,,,,,,,,
22706,20665,0.691,,,,,,,,
22707,20666,0.697,,,,,,,,
22708,20667,0.6,,,,,,,,
22709,20668,0.874,,,,,,,,
22710,20669,0.6,,,,,,,,
22711,20670,3.079,,,,,,,,
22712,20671,0.6,,,,,,,,
22713,20672,11.572,,,,,,,,
22714,20673,4.365,,,,,,,,
22715,20674,0.6,,,,,,,,
22716,20675,19.926,,,,,,,,
22717,20675,1.426,,,,,,,,
22718,20675,0.683,,,,,,,,
22719,20676,0.878,,,,,,,,
22720,20677,17.041,,,,,,,3.0,6.7
22721,20678,2.611,,,,,,,,
22722,20679,0.6,,,,,,,,
22723,20680,0.6,,,,,,,,
22724,20681,1.262,,,,,,,,
22725,20682,1.515,,,,,,,,
22726,20683,0.6,,,,,,,,
22727,20684,1.083,,,,,,,,
22728,20685,0.6,,,,,,,,
22729,20686,0.649,,,,,,,,
22730,20687,0.6,,,,,,,,
22731,20688,0.6,,,,,,,,
22732,20689,0.6,,,,,,,,
22733,20690,1.329,,,,,,,,
22734,20691,0.6,,,,,,,,
22735,20692,0.6,,,,,,,,
22736,20693,0.6,,,,,,,,
22737,20694,9.22,,,,,,,,
22738,20695,0.6,,,,,,,,
22739,20696,0.6,,,,,,,,
22740,20697,1.721,,,,,,,,
22741,20698,0.6,,,,,,,,
22742,20699,0.6,,,,,,,,
22743,20700,0.6,,,,,,,,
22744,20701,0.6,,,,,,,,
22745,20702,7.342,,,,,,,,
22746,20703,8.645,,,,,,,,
22747,20704,0.6,,,,,,,,
22748,20705,2.311,,,,,,,,
22749,20706,1.029,,,,,,,,
22750,20707,0.6,,,,,,,,
22751,20708,0.6,,,,,,,,
22752,20709,2.667,,,,,,,,
22753,20710,0.6,,,,,,,,
22754,20711,1.245,,,,,,,,
22755,20712,0.6,,,,,,,,
22756,20713,0.6,,,,,,,,
22757,20714,0.932,,,,,,,,
22758,20715,0.6,,,,,,,,
22759,20716,2.344,,,,,,,,
22760,20717,,,,,,,,1.0,7.8
22761,20718,103.618,,,,,,,,
22762,20719,1.41,,,,,,,,
22763,20720,5.034,,,,,,,,
22764,20721,12.2,,,,,,,3.0,5.3
22765,20721,3.18,,,,,,,3.0,5.3
22766,20722,1.526,,,,,,,,
22767,20723,0.6,,,,,,,,
22768,20724,14.864,,,,,,,,
22769,20725,4.321,,,,,,,,
22770,20726,11.119,,,,,,,,
22771,20727,2.399,,,,,,,,
22772,20728,1.706,,,,,,,,
22773,20729,0.6,,,,,,,,
22774,20730,0.628,,,,,,,,
22775,20731,1.992,,,,,,,,
22776,20732,0.917,,,,,,,,
22777,20733,7.777,,,,,,,,
22778,20734,0.6,,,,,,,,
22779,20735,1.498,,,,,,,,
22780,20736,6.976,,,,,,,,
22781,20737,0.6,,,,,,,,
22782,20738,0.6,,,,,,,,
22783,20739,1.149,,,,,,,,
22784,20740,0.6,,,,,,,,
22785,20741,1.129,,,,,,,,
22786,20742,0.6,,,,,,,,
22787,20743,0.6,,,,,,,,
22788,20744,7.256,,,,,,,,
22789,20745,0.6,,,,,,,,
22790,20746,0.6,,,,,,,,
22791,20747,0.6,,,,,,,,
22792,20748,6.222,,,,,,,,
22793,20749,1.4,,,,,,,,
22794,20750,0.8,,,,,,,,
22795,20751,0.6,,,,,,,,
22796,20751,0.6,,,,,,,,
22797,20752,,,,,,,,2.0,7.9
22798,20753,0.911,,,,,,,,
22799,20754,1.09,,,,,,,,
22800,20755,0.6,,,,,,,,
22801,20756,0.6,,,,,,,,
22802,20757,0.6,,,,,,,,
22803,20758,0.6,,,,,,,,
22804,20759,0.6,,,,,,,,
22805,20760,3.494,,,,,,,,
22806,20761,0.6,,,,,,,,
22807,20762,0.84,,,,,,,,
22808,20763,2.437,,,,,,,,
22809,20764,1.343,,,,,,,,
22810,20765,0.6,,,,,,,,
22811,20766,1.139,,,,,,,,
22812,20767,2.473,,,,,,,3.0,4.8
22813,20768,0.6,,,,,,,,
22814,20769,0.601,,,,,,,,
22815,20769,0.6,,,,,,,,
22816,20769,0.6,,,,,,,,
22817,20770,1.032,,,,,,,,
22818,20771,2.62,,,,,,,,
22819,20772,1.0,,,,,,,,
22820,20772,0.6,,,,,,,,
22821,20773,0.6,,,,,,,,
22822,20774,7.87,,,,,,,,
22823,20775,0.6,,,,,,,,
22824,20776,3.798,,,,,,,,
22825,20777,1.219,,,,,,,,
22826,20778,0.897,,,,,,,,
22827,20779,8.553,,,,,,,,
22828,20779,0.6,,,,,,,,
22829,20780,1.123,,,,,,,,
22830,20781,0.727,,,,,,,,
22831,20782,1.404,,,,,,,,
22832,20782,0.6,,,,,,,,
22833,20783,2.995,,,,,,,,
22834,20784,1.09,,,,,,,,
22835,20785,0.6,,,,,,,3.0,6.6
22836,20786,1.236,,,,,,,,
22837,20787,0.6,,,,,,,,
22838,20788,3.075,,,,,,,,
22839,20789,1.547,,,,,,,,
22840,20790,0.6,,,,,,,,
22841,20791,1.471,,,,,,,,
22842,20792,4.525,,,,,,,,
22843,20793,0.955,,,,,,,,
22844,20794,5.628,,,,,,,,
22845,20795,2.878,,,,,,,,
22846,20796,5.897,,,,,,,,
22847,20797,5.612,,,,,,,,
22848,20798,0.624,,,,,,,,
22849,20799,0.6,,,,,,,,
22850,20800,0.627,,,,,,,,
22851,20801,0.6,,,,,,,,
22852,20802,4.436,,,,,,,,
22853,20803,17.842,,,,,,,,
22854,20803,2.549,,,,,,,,
22855,20804,0.6,,,,,,,,
22856,20805,0.6,,,,,,,,
22857,20806,7.178,,,,,,,,
22858,20807,3.554,,,,,,,,
22859,20808,0.6,,,,,,,,
22860,20809,227.919,,,,,,,,
22861,20809,1.137,,,,,,,,
22862,20810,0.6,,,,,,,,
22863,20811,0.726,,,,,,,,
22864,20812,0.6,,,,,,,,
22865,20812,0.6,,,,,,,,
22866,20813,0.6,,,,,,,,
22867,20814,1.201,,,,,,,,
22868,20815,8.903,,,,,,,,
22869,20816,0.653,,,,,,,,
22870,20817,0.606,,,,,,,,
22871,20818,0.6,,,,,,,,
22872,20819,3.503,,,,,,,,
22873,20820,0.6,,,,,,,,
22874,20821,0.6,,,,,,,,
22875,20822,0.6,,,,,,,,
22876,20823,0.683,,,,,,,,
22877,20824,6.307,,,,,,,,
22878,20825,1.342,,,,,,,,
22879,20826,0.6,,,,,,,,
22880,20827,1.784,,,,,,,,
22881,20828,1.264,,,,,,,,
22882,20828,0.6,,,,,,,,
22883,20829,8.813,,,,,,,,
22884,20830,0.623,,,,,,,,
22885,20831,0.6,,,,,,,,
22886,20832,1.4,,,,,,,,
22887,20832,0.6,,,,,,,,
22888,20833,0.6,,,,,,,,
22889,20834,1.428,,,,,,,,
22890,20835,0.6,,,,,,,,
22891,20836,7.328,,,,,,,,
22892,20837,3.816,,,,,,,,
22893,20838,0.652,,,,,,,,
22894,20839,0.6,,,,,,,,
22895,20840,7.516,,,,,,,,
22896,20841,0.706,,,,,,,,
22897,20842,2.07,,,,,,,,
22898,20843,5.329,,,,,,,,
22899,20844,2.898,,,,,,,,
22900,20844,0.6,,,,,,,,
22901,20844,0.6,,,,,,,,
22902,20845,4.535,,,,,,,,
22903,20846,1.332,,,,,,,,
22904,20847,0.6,,,,,,,,
22905,20848,8.37,,,,,,,1.0,6.0
22906,20849,1.4,,,,,,,,
22907,20850,2.018,,,,,,,,
22908,20850,0.798,,,,,,,,
22909,20851,2.0,,,,,,,,
22910,20852,0.6,,,,,,,,
22911,20853,0.6,,,,,,,,
22912,20854,2.289,,,,,,,,
22913,20855,0.6,,,,,,,,
22914,20855,0.6,,,,,,,,
22915,20856,0.686,,,,,,,,
22916,20857,0.6,,,,,,,,
22917,20858,0.633,,,,,,,,
22918,20859,2.468,,,,,,,,
22919,20860,2.862,,,,,,,,
22920,20861,1.223,,,,,,,,
22921,20862,0.64,,,,,,,,
22922,20863,0.6,,,,,,,,
22923,20864,1.171,,,,,,,,
22924,20865,8.412,,,,,,,3.0,6.5
22925,20866,0.652,,,,,,,,
22926,20867,1.371,,,,,,,,
22927,20868,32.327,,,,,,,,
22928,20869,0.6,,,,,,,,
22929,20870,0.6,,,,,,,,
22930,20871,2.962,,,,,,,,
22931,20872,2.387,,,,,,,,
22932,20873,0.622,,,,,,,,
22933,20874,1.161,,,,,,,,
22934,20875,1.768,,,,,,,,
22935,20876,0.6,,,,,,,,
22936,20877,2.138,,,,,,,,
22937,20878,1.373,,,,,,,,
22938,20879,0.6,,,,,,,,
22939,20880,0.6,,,,,,,,
22940,20881,0.633,,,,,,,,
22941,20882,11.682,,,,,,,,
22942,20883,0.6,,,,,,,,
22943,20884,0.6,,,,,,,,
22944,20885,1.527,,,,,,,,
22945,20886,2.956,,,,,,,,
22946,20887,1.674,,,,,,,,
22947,20888,24.257,,,,,,,,
22948,20889,3.033,,,,,,,,
22949,20890,0.745,,,,,,,,
22950,20891,0.6,,,,,,,,
22951,20892,1.802,,,,,,,,
22952,20893,0.6,,,,,,,,
22953,20894,0.6,,,,,,,,
22954,20895,0.6,,,,,,,,
22955,20896,8.835,,,,,,,,
22956,20897,0.972,,,,,,,,
22957,20898,0.6,,,,,,,,
22958,20899,0.6,,,,,,,,
22959,20900,3.052,,,,,,,3.0,7.1
22960,20900,3.052,,,,,,,3.0,6.4
22961,20901,0.648,,,,,,,,
22962,20902,3.815,,,,,,,,
22963,20902,0.6,,,,,,,,
22964,20903,3.666,,,,,,,,
22965,20904,0.6,,,,,,,,
22966,20905,0.6,,,,,,,,
22967,20906,0.6,,,,,,,,
22968,20907,0.6,,,,,,,,
22969,20908,0.626,,,,,,,,
22970,20909,0.6,,,,,,,,
22971,20910,3.349,,,,,,,,
22972,20911,0.6,,,,,,,,
22973,20912,0.6,,,,,,,,
22974,20913,1.101,,,,,,,,
22975,20914,1.279,,,,,,,,
22976,20915,0.6,,,,,,,,
22977,20916,7.187,,,,,,,,
22978,20917,0.6,,,,,,,,
22979,20918,0.866,,,,,,,,
22980,20919,0.6,,,,,,,,
22981,20920,0.6,,,,,,,,
22982,20921,1.366,,,,,,,,
22983,20922,0.6,,,,,,,,
22984,20923,,,,,,,,2.0,8.1
22985,20924,0.6,,,,,,,,
22986,20925,0.6,,,,,,,,
22987,20926,,,,,,,,3.0,8.4
22988,20927,,1.0,0.0,1950,"Arguably the greatest movie about Hollywood, Billy Wilder's masterpiece Sunset Boulevard is a tremendously entertaining combination of noir, black comedy, and character study.",Certified-Fresh,99.0,,8.4
22989,20928,0.89,,,,,,,,
22990,20929,0.991,,,,,,,,
22991,20930,18.165,,,,,,,1.0,7.2
22992,20931,0.714,,,,,,,,
22993,20932,0.696,,,,,,,,
22994,20933,0.6,,,,,,,,
22995,20934,1.226,,,,,,,,
22996,20935,1.191,,,,,,,,
22997,20936,0.64,,,,,,,,
22998,20937,0.736,,,,,,,,
22999,20938,1.315,,,,,,,,
23000,20939,7.794,,,,,,,,
23001,20940,1.749,,,,,,,,
23002,20941,0.6,,,,,,,,
23003,20942,0.6,,,,,,,,
23004,20943,0.6,,,,,,,,
23005,20944,0.6,,,,,,,,
23006,20945,0.6,,,,,,,,
23007,20946,1.412,,,,,,,,
23008,20947,1.94,,,,,,,,
23009,20948,3.364,,,,,,,,
23010,20949,6.693,,,,,,,,
23011,20950,4.041,,,,,,,,
23012,20950,2.121,,,,,,,,
23013,20951,0.6,,,,,,,,
23014,20952,0.6,,,,,,,,
23015,20953,13.251,,,,,,,3.0,4.8
23016,20953,13.251,,,,,,,2.0,6.9
23017,20954,0.776,,,,,,,,
23018,20955,0.976,,,,,,,,
23019,20956,5.116,,,,,,,,
23020,20956,1.715,,,,,,,,
23021,20957,0.753,,,,,,,,
23022,20958,0.6,,,,,,,,
23023,20959,0.6,,,,,,,,
23024,20960,0.6,,,,,,,,
23025,20961,0.6,,,,,,,,
23026,20962,0.6,,,,,,,,
23027,20963,5.935,,,,,,,,
23028,20964,0.6,,,,,,,,
23029,20965,0.6,,,,,,,,
23030,20966,0.654,,,,,,,,
23031,20967,0.6,,,,,,,,
23032,20968,2.173,,,,,,,,
23033,20969,0.6,,,,,,,,
23034,20970,2.426,,,,,,,,
23035,20971,0.6,,,,,,,,
23036,20972,1.4,,,,,,,,
23037,20973,0.6,,,,,,,,
23038,20974,7.951,,,,,,,,
23039,20974,1.952,,,,,,,,
23040,20975,0.627,,,,,,,,
23041,20976,1.074,,,,,,,,
23042,20977,0.6,,,,,,,,
23043,20978,0.65,,,,,,,,
23044,20979,1.29,,,,,,,,
23045,20980,0.916,,,,,,,,
23046,20981,1.428,,,,,,,,
23047,20982,17.627,,,,,,,1.0,4.8
23048,20983,0.663,,,,,,,,
23049,20984,0.994,,,,,,,,
23050,20985,0.6,,,,,,,,
23051,20986,0.6,,,,,,,,
23052,20987,2.3,,,,,,,,
23053,20988,0.6,,,,,,,,
23054,20989,1.537,,,,,,,,
23055,20990,0.6,,,,,,,,
23056,20991,4.709,,,,,,,3.0,4.2
23057,20992,0.878,,,,,,,,
23058,20993,1.03,,,,,,,3.0,5.6
23059,20994,1.402,,,,,,,,
23060,20995,0.6,,,,,,,,
23061,20996,0.918,,,,,,,,
23062,20997,0.6,,,,,,,,
23063,20998,0.6,,,,,,,,
23064,20999,0.6,,,,,,,,
23065,21000,1.647,,,,,,,,
23066,21001,0.92,,,,,,,,
23067,21002,2.511,,,,,,,,
23068,21003,0.6,,,,,,,,
23069,21004,2.487,,,,,,,,
23070,21005,0.6,,,,,,,,
23071,21006,1.575,,,,,,,,
23072,21007,,1.0,0.0,1941,"Not even notorious studio meddling can diminish the craft and tantalizing suspense of Suspicion, a sly showcase for Joan Fontaine's nervy prowess and Alfred Hitchcock's flair for disquiet.",Fresh,97.0,3.0,7.4
23073,21008,0.87,,,,,,,,
23074,21009,0.6,,,,,,,,
23075,21010,34.891,,,,,,,3.0,7.3
23076,21010,34.891,,,,,,,3.0,6.7
23077,21010,26.178,,,,,,,3.0,7.3
23078,21010,26.178,,,,,,,3.0,6.7
23079,21011,0.6,,,,,,,,
23080,21012,0.6,,,,,,,,
23081,21013,0.6,,,,,,,,
23082,21014,0.6,,,,,,,,
23083,21015,0.6,,,,,,,,
23084,21016,0.703,,,,,,,,
23085,21017,0.6,,,,,,,,
23086,21018,0.6,,,,,,,,
23087,21019,0.6,,,,,,,,
23088,21020,3.47,,,,,,,,
23089,21021,0.6,,,,,,,,
23090,21022,0.6,,,,,,,,
23091,21023,0.6,,,,,,,,
23092,21024,4.293,,,,,,,,
23093,21025,0.697,,,,,,,,
23094,21026,0.6,,,,,,,,
23095,21027,,,,,,,,,
23096,21028,9.576,,,,,,,,
23097,21028,0.6,,,,,,,,
23098,21029,1.573,,,,,,,,
23099,21029,0.6,,,,,,,,
23100,21030,0.6,,,,,,,,
23101,21031,1.47,,,,,,,,
23102,21032,3.535,,,,,,,,
23103,21033,1.463,,,,,,,,
23104,21034,11.992,,,,,,,,
23105,21035,0.6,,,,,,,,
23106,21036,18.641,,,,,,,2.0,5.3
23107,21037,0.6,,,,,,,,
23108,21038,2.247,,,,,,,,
23109,21039,2.569,,,,,,,,
23110,21040,1.975,,,,,,,,
23111,21041,0.6,,,,,,,,
23112,21042,1.773,,,,,,,,
23113,21043,0.6,,,,,,,,
23114,21044,0.6,,,,,,,,
23115,21045,0.6,,,,,,,,
23116,21046,2.313,,,,,,,,
23117,21047,7.046,,,,,,,,
23118,21048,2.591,,,,,,,,
23119,21049,0.6,,,,,,,,
23120,21050,0.6,,,,,,,,
23121,21051,7.568,,,,,,,,
23122,21052,25.646,,,,,,,1.0,7.3
23123,21052,4.437,,,,,,,1.0,7.3
23124,21052,2.099,,,,,,,1.0,7.3
23125,21053,2.263,,,,,,,,
23126,21054,0.6,,,,,,,,
23127,21055,1.4,,,,,,,,
23128,21056,0.6,,,,,,,,
23129,21057,0.764,,,,,,,,
23130,21058,0.908,,,,,,,3.0,7.0
23131,21058,0.6,,,,,,,3.0,7.0
23132,21058,0.6,,,,,,,3.0,7.0
23133,21058,0.6,,,,,,,3.0,7.0
23134,21059,1.662,,,,,,,,
23135,21060,0.6,,,,,,,,
23136,21061,5.323,,,,,,,,
23137,21061,2.706,,,,,,,,
23138,21061,0.6,,,,,,,,
23139,21062,0.6,,,,,,,,
23140,21063,1.905,,,,,,,,
23141,21064,1.085,,,,,,,,
23142,21065,0.6,,,,,,,,
23143,21066,0.6,,,,,,,,
23144,21067,2.524,,,,,,,,
23145,21068,3.749,,,,,,,0.0,7.4
23146,21069,,,,,,,,1.0,8.0
23147,21070,0.727,,,,,,,,
23148,21071,4.109,,,,,,,,
23149,21071,0.6,,,,,,,,
23150,21071,0.6,,,,,,,,
23151,21072,0.62,,,,,,,,
23152,21073,0.6,,,,,,,,
23153,21074,3.749,,,,,,,,
23154,21075,0.863,,,,,,,,
23155,21076,0.6,,,,,,,,
23156,21077,12.452,,,,,,,3.0,6.4
23157,21078,0.6,,,,,,,,
23158,21079,2.549,,,,,,,,
23159,21080,0.6,,,,,,,,
23160,21081,89.783,,,,,,,,
23161,21082,0.6,,,,,,,,
23162,21083,0.762,,,,,,,,
23163,21084,0.6,,,,,,,,
23164,21085,0.6,,,,,,,,
23165,21085,0.6,,,,,,,,
23166,21086,0.916,,,,,,,,
23167,21087,1.4,,,,,,,,
23168,21088,0.815,,,,,,,2.0,2.2
23169,21088,0.6,,,,,,,2.0,2.2
23170,21089,0.6,,,,,,,,
23171,21090,1.237,,,,,,,,
23172,21091,0.6,,,,,,,,
23173,21092,2.674,,,,,,,,
23174,21093,1.4,,,,,,,,
23175,21094,4.164,,,,,,,,
23176,21095,0.6,,,,,,,,
23177,21096,6.368,,,,,,,,
23178,21097,0.756,,,,,,,,
23179,21098,0.6,,,,,,,,
23180,21099,0.6,,,,,,,,
23181,21100,0.6,,,,,,,,
23182,21101,0.6,,,,,,,,
23183,21102,0.6,,,,,,,,
23184,21103,3.224,,,,,,,,
23185,21104,17.415,,,,,,,,
23186,21105,,,,,,,,3.0,7.5
23187,21106,0.937,,,,,,,,
23188,21107,0.77,,,,,,,,
23189,21108,1.745,,,,,,,,
23190,21109,1.032,,,,,,,,
23191,21110,0.6,,,,,,,,
23192,21111,2.692,,,,,,,,
23193,21112,3.817,,,,,,,,
23194,21112,2.438,,,,,,,,
23195,21112,0.6,,,,,,,,
23196,21113,0.6,,,,,,,,
23197,21114,0.6,,,,,,,,
23198,21115,0.6,,,,,,,,
23199,21116,0.6,,,,,,,,
23200,21117,0.6,,,,,,,,
23201,21118,0.6,,,,,,,,
23202,21119,0.6,,,,,,,,
23203,21120,0.773,,,,,,,,
23204,21121,1.083,,,,,,,,
23205,21122,0.637,,,,,,,,
23206,21123,0.6,,,,,,,,
23207,21124,0.656,,,,,,,,
23208,21125,1.107,,,,,,,,
23209,21126,0.6,,,,,,,,
23210,21127,0.6,,,,,,,,
23211,21128,0.6,,,,,,,,
23212,21129,0.6,,,,,,,,
23213,21130,0.6,,,,,,,,
23214,21131,0.6,,,,,,,,
23215,21132,1.243,,,,,,,,
23216,21133,0.6,,,,,,,,
23217,21134,0.6,,,,,,,,
23218,21135,0.6,,,,,,,,
23219,21136,4.291,,,,,,,,
23220,21137,0.6,,,,,,,,
23221,21138,0.6,,,,,,,,
23222,21139,2.688,,,,,,,,
23223,21140,0.6,,,,,,,,
23224,21141,0.6,,,,,,,,
23225,21142,0.6,,,,,,,,
23226,21143,,,,,,,,,
23227,21144,0.6,,,,,,,,
23228,21145,1.796,,,,,,,,
23229,21146,0.6,,,,,,,,
23230,21147,0.6,,,,,,,,
23231,21148,0.6,,,,,,,,
23232,21149,0.6,,,,,,,,
23233,21150,0.698,,,,,,,,
23234,21151,5.391,,,,,,,,
23235,21152,0.685,,,,,,,,
23236,21153,0.6,,,,,,,,
23237,21154,,,,,,,,,
23238,21155,2.363,,,,,,,,
23239,21156,12.055,,,,,,,3.0,6.5
23240,21157,0.6,,,,,,,,
23241,21158,0.6,,,,,,,,
23242,21159,1.165,,,,,,,,
23243,21159,0.6,,,,,,,,
23244,21160,2.084,,,,,,,,
23245,21161,9.216,,,,,,,,
23246,21162,0.6,,,,,,,,
23247,21163,0.6,,,,,,,,
23248,21163,0.6,,,,,,,,
23249,21164,0.6,,,,,,,,
23250,21165,0.713,,,,,,,,
23251,21166,0.6,,,,,,,,
23252,21167,0.6,,,,,,,,
23253,21168,0.6,,,,,,,,
23254,21169,0.6,,,,,,,,
23255,21170,3.748,,,,,,,,
23256,21171,0.6,,,,,,,,
23257,21172,2.747,,,,,,,,
23258,21173,0.651,,,,,,,,
23259,21174,0.6,,,,,,,,
23260,21175,11.555,,,,,,,3.0,7.3
23261,21176,1.4,,,,,,,,
23262,21176,0.645,,,,,,,,
23263,21177,0.6,,,,,,,,
23264,21178,,,,,,,,3.0,7.7
23265,21179,0.662,,,,,,,,
23266,21180,0.851,,,,,,,,
23267,21181,0.6,,,,,,,,
23268,21182,0.6,,,,,,,,
23269,21183,0.6,,,,,,,,
23270,21184,0.6,,,,,,,,
23271,21185,0.6,,,,,,,,
23272,21186,1.814,,,,,,,,
23273,21187,0.6,,,,,,,,
23274,21188,15.329,,,,,,,,
23275,21189,13.971,,,,,,,,
23276,21190,0.6,,,,,,,,
23277,21191,5.605,,,,,,,,
23278,21192,0.6,,,,,,,,
23279,21193,0.6,,,,,,,,
23280,21194,0.65,,,,,,,,
23281,21195,0.6,,,,,,,,
23282,21196,1.968,,,,,,,,
23283,21197,2.949,,,,,,,,
23284,21198,0.6,,,,,,,,
23285,21199,0.6,,,,,,,,
23286,21200,5.968,,,,,,,,
23287,21201,0.6,,,,,,,,
23288,21202,0.6,,,,,,,,
23289,21203,0.6,,,,,,,,
23290,21204,0.6,,,,,,,,
23291,21205,0.77,,,,,,,,
23292,21206,0.6,,,,,,,,
23293,21207,3.256,,,,,,,,
23294,21208,16.665,,,,,,,,
23295,21209,11.97,,,,,,,,
23296,21210,0.775,,,,,,,,
23297,21211,0.6,,,,,,,,
23298,21212,12.967,,,,,,,,
23299,21213,0.6,,,,,,,,
23300,21214,0.6,,,,,,,,
23301,21215,2.963,,,,,,,,
23302,21216,2.117,,,,,,,,
23303,21217,0.6,,,,,,,,
23304,21218,10.53,,,,,,,,
23305,21219,3.874,,,,,,,,
23306,21220,4.662,,,,,,,,
23307,21221,2.998,,,,,,,,
23308,21222,1.623,,,,,,,,
23309,21223,3.275,,,,,,,,
23310,21224,1.286,,,,,,,,
23311,21225,0.6,,,,,,,,
23312,21226,0.6,,,,,,,,
23313,21227,1.718,,,,,,,,
23314,21228,1.826,,,,,,,,
23315,21228,1.174,,,,,,,,
23316,21229,12.815,,,,,,,,
23317,21230,0.6,,,,,,,,
23318,21231,0.6,,,,,,,,
23319,21232,0.6,,,,,,,,
23320,21233,0.6,,,,,,,,
23321,21234,0.6,,,,,,,,
23322,21235,0.6,,,,,,,,
23323,21236,1.924,,,,,,,,
23324,21237,7.092,,,,,,,,
23325,21238,0.6,,,,,,,,
23326,21239,0.6,,,,,,,,
23327,21240,1.795,,,,,,,,
23328,21241,1.444,,,,,,,,
23329,21242,0.6,,,,,,,,
23330,21243,0.916,,,,,,,,
23331,21244,0.6,,,,,,,,
23332,21245,0.6,,,,,,,,
23333,21246,2.761,,,,,,,,
23334,21247,0.849,,,,,,,,
23335,21248,0.841,,,,,,,,
23336,21249,0.6,,,,,,,,
23337,21250,0.877,,,,,,,,
23338,21251,0.6,,,,,,,,
23339,21252,0.6,,,,,,,,
23340,21253,1.107,,,,,,,,
23341,21254,0.6,,,,,,,,
23342,21255,0.6,,,,,,,,
23343,21256,0.679,,,,,,,,
23344,21257,1.351,,,,,,,,
23345,21258,3.035,,,,,,,,
23346,21259,7.695,,,,,,,,
23347,21260,0.682,,,,,,,,
23348,21261,1.217,,,,,,,,
23349,21261,0.6,,,,,,,,
23350,21262,2.099,,,,,,,,
23351,21262,0.6,,,,,,,,
23352,21263,1.854,,,,,,,,
23353,21264,0.84,,,,,,,,
23354,21265,0.6,,,,,,,,
23355,21266,0.6,,,,,,,,
23356,21267,0.6,,,,,,,,
23357,21268,0.6,,,,,,,,
23358,21269,0.6,,,,,,,,
23359,21270,0.714,,,,,,,,
23360,21271,3.599,,,,,,,,
23361,21271,0.6,,,,,,,,
23362,21272,1.4,,,,,,,,
23363,21273,0.6,,,,,,,,
23364,21274,0.6,,,,,,,,
23365,21275,0.6,,,,,,,,
23366,21276,2.758,,,,,,,,
23367,21277,0.816,,,,,,,,
23368,21278,5.348,,,,,,,,
23369,21279,,,,,,,,,
23370,21280,1.025,,,,,,,,
23371,21281,0.6,,,,,,,,
23372,21282,7.94,,,,,,,,
23373,21283,0.6,,,,,,,,
23374,21284,7.58,,,,,,,,
23375,21285,0.6,,,,,,,,
23376,21286,0.6,,,,,,,,
23377,21287,,,,,,,,3.0,7.7
23378,21288,0.6,,,,,,,1.0,7.0
23379,21289,5.638,,,,,,,,
23380,21290,0.6,,,,,,,,
23381,21291,0.6,,,,,,,,
23382,21292,0.615,,,,,,,,
23383,21293,0.6,,,,,,,,
23384,21294,0.6,,,,,,,,
23385,21295,0.6,,,,,,,,
23386,21295,0.6,,,,,,,,
23387,21296,0.6,,,,,,,,
23388,21297,5.087,,,,,,,,
23389,21298,0.623,,,,,,,,
23390,21299,1.441,,,,,,,,
23391,21300,0.6,,,,,,,,
23392,21301,0.6,,,,,,,,
23393,21302,0.6,,,,,,,,
23394,21303,2.125,,,,,,,3.0,7.4
23395,21304,0.6,,,,,,,,
23396,21305,0.673,,,,,,,,
23397,21306,10.225,,,,,,,0.0,6.4
23398,21307,3.509,,,,,,,,
23399,21308,0.6,,,,,,,,
23400,21309,3.387,,,,,,,,
23401,21310,1.713,,,,,,,,
23402,21311,1.039,,,,,,,,
23403,21312,0.6,,,,,,,,
23404,21313,0.613,,,,,,,,
23405,21314,1.888,,,,,,,,
23406,21315,0.6,,,,,,,,
23407,21316,1.276,,,,,,,,
23408,21316,0.6,,,,,,,,
23409,21316,0.6,,,,,,,,
23410,21317,0.6,,,,,,,,
23411,21318,0.6,,,,,,,,
23412,21319,1.036,,,,,,,,
23413,21319,0.6,,,,,,,,
23414,21320,137.971,,,,,,,,
23415,21321,0.6,,,,,,,,
23416,21322,0.6,,,,,,,,
23417,21323,4.41,,,,,,,,
23418,21324,0.844,,,,,,,,
23419,21325,0.6,,,,,,,,
23420,21326,0.6,,,,,,,,
23421,21327,6.458,,,,,,,,
23422,21328,7.878,,,,,,,3.0,6.3
23423,21329,2.019,,,,,,,,
23424,21330,0.6,,,,,,,,
23425,21331,21.966,,,,,,,3.0,5.8
23426,21332,1.242,,,,,,,,
23427,21333,0.905,,,,,,,,
23428,21334,0.6,,,,,,,1.0,7.0
23429,21334,0.6,,,,,,,3.0,4.5
23430,21334,0.6,,,,,,,3.0,7.3
23431,21335,,1.0,0.0,1976,"A must-see film for movie lovers, this Martin Scorsese masterpiece is as hard-hitting as it is compelling, with Robert De Niro at his best.",Certified-Fresh,96.0,1.0,8.2
23432,21336,0.6,,,,,,,,
23433,21337,0.6,,,,,,,,
23434,21338,11.241,,,,,,,,
23435,21339,3.412,,,,,,,,
23436,21340,0.6,,,,,,,,
23437,21341,0.6,,,,,,,,
23438,21341,0.6,,,,,,,,
23439,21342,1.852,,,,,,,,
23440,21343,4.815,,,,,,,,
23441,21344,8.599,,,,,,,3.0,5.3
23442,21345,3.112,,,,,,,,
23443,21346,0.6,,,,,,,,
23444,21347,0.84,,,,,,,,
23445,21348,3.374,,,,,,,,
23446,21349,0.847,,,,,,,,
23447,21350,0.6,,,,,,,,
23448,21351,0.6,,,,,,,,
23449,21352,23.585,,,,,,,,
23450,21353,7.728,,,,,,,,
23451,21354,1.247,,,,,,,,
23452,21355,0.6,,,,,,,,
23453,21356,0.6,,,,,,,,
23454,21357,0.6,,,,,,,,
23455,21358,0.6,,,,,,,,
23456,21359,1.176,,,,,,,,
23457,21360,0.6,,,,,,,,
23458,21361,0.6,,,,,,,,
23459,21362,5.297,,,,,,,,
23460,21363,0.6,,,,,,,,
23461,21364,1.126,,,,,,,,
23462,21365,1.181,,,,,,,,
23463,21366,0.609,,,,,,,,
23464,21367,0.6,,,,,,,,
23465,21368,0.663,,,,,,,,
23466,21369,5.927,,,,,,,,
23467,21370,1.526,,,,,,,,
23468,21371,1.731,,,,,,,,
23469,21372,1.135,,,,,,,,
23470,21373,0.6,,,,,,,,
23471,21374,1.358,,,,,,,,
23472,21375,1.246,,,,,,,,
23473,21376,1.45,,,,,,,,
23474,21377,0.6,,,,,,,,
23475,21378,2.653,,,,,,,,
23476,21379,0.6,,,,,,,,
23477,21380,0.6,,,,,,,,
23478,21381,20.36,,,,,,,3.0,5.4
23479,21381,1.049,,,,,,,3.0,5.4
23480,21382,1.754,,,,,,,,
23481,21383,0.711,,,,,,,,
23482,21384,0.6,,,,,,,,
23483,21385,0.6,,,,,,,,
23484,21386,7.882,,,,,,,,
23485,21387,5.479,,,,,,,,
23486,21388,0.6,,,,,,,,
23487,21389,1.183,,,,,,,,
23488,21390,0.6,,,,,,,,
23489,21391,1.863,,,,,,,,
23490,21392,0.6,,,,,,,,
23491,21393,7.756,,,,,,,,
23492,21394,5.508,,,,,,,,
23493,21395,0.6,,,,,,,,
23494,21396,0.6,,,,,,,,
23495,21397,8.103,,,,,,,,
23496,21398,0.6,,,,,,,,
23497,21399,0.6,,,,,,,,
23498,21400,0.665,,,,,,,,
23499,21401,0.6,,,,,,,,
23500,21402,8.509,,,,,,,,
23501,21403,0.6,,,,,,,,
23502,21404,0.6,,,,,,,,
23503,21405,1.546,,,,,,,,
23504,21406,1.193,,,,,,,,
23505,21407,0.6,,,,,,,,
23506,21408,18.916,,,,,,,,
23507,21409,1.805,,,,,,,3.0,7.4
23508,21410,1.543,,,,,,,,
23509,21411,2.295,,,,,,,,
23510,21412,0.6,,,,,,,,
23511,21413,3.782,,,,,,,,
23512,21414,0.952,,,,,,,,
23513,21415,1.886,,,,,,,,
23514,21416,0.739,,,,,,,,
23515,21417,,1.0,0.0,1983,"Anchored by a deftly understated performance from Robert Duvall, Tender Mercies is a quiet character study that leaves a lasting emotional impact.",Fresh,84.0,,7.4
23516,21418,0.6,,,,,,,,
23517,21418,0.6,,,,,,,,
23518,21419,3.787,,,,,,,,
23519,21420,11.539,,,,,,,2.0,7.0
23520,21421,0.6,,,,,,,,
23521,21422,,,,,,,,,
23522,21423,1.4,,,,,,,,
23523,21424,,,,,,,,,
23524,21425,0.6,,,,,,,,
23525,21426,0.6,,,,,,,,
23526,21427,0.648,,,,,,,,
23527,21428,78.121,,,,,,,,
23528,21428,8.693,,,,,,,,
23529,21429,0.6,,,,,,,,
23530,21430,1.204,,,,,,,,
23531,21431,0.6,,,,,,,,
23532,21432,0.6,,,,,,,,
23533,21433,1.448,,,,,,,,
23534,21434,0.966,,,,,,,,
23535,21435,4.207,,,,,,,,
23536,21436,0.887,,,,,,,,
23537,21437,1.782,,,,,,,,
23538,21438,,,,,,,,,
23539,21439,0.6,,,,,,,,
23540,21440,,0.0,1.0,1983,"A classic tearjerker, Terms of Endearment isn't shy about reaching for the heartstrings -- but is so well-acted and smartly scripted that it's almost impossible to resist.",Certified-Fresh,78.0,1.0,7.4
23541,21440,,0.0,1.0,1983,"A classic tearjerker, Terms of Endearment isn't shy about reaching for the heartstrings -- but is so well-acted and smartly scripted that it's almost impossible to resist.",Certified-Fresh,78.0,3.0,7.4
23542,21441,0.6,,,,,,,,
23543,21442,0.6,,,,,,,,
23544,21443,0.6,,,,,,,,
23545,21444,10.239,,,,,,,,
23546,21445,0.6,,,,,,,,
23547,21446,0.6,,,,,,,,
23548,21447,0.63,,,,,,,,
23549,21448,0.6,,,,,,,,
23550,21449,0.6,,,,,,,,
23551,21450,23.422,,,,,,,,
23552,21450,2.972,,,,,,,,
23553,21450,0.951,,,,,,,,
23554,21451,0.657,,,,,,,,
23555,21452,60.726,,,,,,,3.0,5.6
23556,21452,31.973,,,,,,,3.0,5.6
23557,21453,109.994,,,,,,,3.0,6.1
23558,21454,1.037,,,,,,,,
23559,21455,1.087,,,,,,,,
23560,21456,3.977,,,,,,,,
23561,21457,0.6,,,,,,,,
23562,21458,3.577,,,,,,,,
23563,21458,0.6,,,,,,,,
23564,21458,0.6,,,,,,,,
23565,21459,3.132,,,,,,,,
23566,21460,2.247,,,,,,,,
23567,21461,2.108,,,,,,,,
23568,21462,4.371,,,,,,,,
23569,21463,0.916,,,,,,,,
23570,21464,5.901,,,,,,,3.0,6.1
23571,21465,1.217,,,,,,,,
23572,21466,0.984,,,,,,,,
23573,21467,0.6,,,,,,,,
23574,21468,1.427,,,,,,,,
23575,21469,0.6,,,,,,,,
23576,21470,0.6,,,,,,,,
23577,21471,2.853,,,,,,,,
23578,21472,0.6,,,,,,,,
23579,21473,0.6,,,,,,,,
23580,21474,0.6,,,,,,,,
23581,21475,0.6,,,,,,,,
23582,21476,0.6,,,,,,,,
23583,21477,2.36,,,,,,,,
23584,21478,0.6,,,,,,,,
23585,21479,0.895,,,,,,,,
23586,21480,1.797,,,,,,,,
23587,21480,0.6,,,,,,,,
23588,21481,1.4,,,,,,,,
23589,21482,1.341,,,,,,,,
23590,21483,2.03,,,,,,,,
23591,21484,1.693,,,,,,,,
23592,21485,1.516,,,,,,,,
23593,21486,5.457,,,,,,,,
23594,21487,6.228,,,,,,,,
23595,21488,7.682,,,,,,,,
23596,21489,0.6,,,,,,,,
23597,21490,3.206,,,,,,,,
23598,21491,0.971,,,,,,,,
23599,21492,0.841,,,,,,,,
23600,21493,0.6,,,,,,,,
23601,21494,0.6,,,,,,,,
23602,21495,1.141,,,,,,,,
23603,21496,1.727,,,,,,,,
23604,21497,1.176,,,,,,,,
23605,21498,1.527,,,,,,,,
23606,21499,0.6,,,,,,,,
23607,21500,1.985,,,,,,,,
23608,21501,0.6,,,,,,,,
23609,21502,0.6,,,,,,,,
23610,21503,1.219,,,,,,,,
23611,21504,0.6,,,,,,,,
23612,21505,1.993,,,,,,,,
23613,21506,6.67,,,,,,,,
23614,21507,0.6,,,,,,,,
23615,21508,0.6,,,,,,,,
23616,21509,0.6,,,,,,,,
23617,21510,1.069,,,,,,,,
23618,21511,0.6,,,,,,,,
23619,21512,3.495,,,,,,,,
23620,21513,0.6,,,,,,,,
23621,21514,1.823,,,,,,,,
23622,21515,0.6,,,,,,,,
23623,21516,0.877,,,,,,,,
23624,21517,0.684,,,,,,,,
23625,21518,0.6,,,,,,,,
23626,21519,0.6,,,,,,,,
23627,21520,1.373,,,,,,,,
23628,21521,8.01,,,,,,,,
23629,21522,1.4,,,,,,,,
23630,21523,3.386,,,,,,,,
23631,21524,1.873,,,,,,,,
23632,21525,1.876,,,,,,,,
23633,21526,0.6,,,,,,,,
23634,21527,0.859,,,,,,,,
23635,21528,0.6,,,,,,,,
23636,21529,,1.0,0.0,1980,"A reverent adaptation of Thomas Hardy's novel, Tess marries painterly cinematography and unhurried pacing to create an epic ode to perseverance.",Fresh,81.0,,7.3
23637,21530,0.6,,,,,,,,
23638,21531,0.6,,,,,,,,
23639,21532,0.6,,,,,,,,
23640,21533,0.6,,,,,,,,
23641,21534,2.868,,,,,,,,
23642,21535,6.839,,,,,,,,
23643,21536,5.726,,,,,,,,
23644,21537,8.516,,,,,,,,
23645,21538,55.817,,,,,,,3.0,4.8
23646,21539,1.51,,,,,,,,
23647,21540,293.443,,,,,,,3.0,4.7
23648,21541,1.228,,,,,,,,
23649,21542,0.747,,,,,,,,
23650,21543,0.6,,,,,,,,
23651,21544,0.6,,,,,,,,
23652,21545,1.4,,,,,,,,
23653,21546,0.684,,,,,,,,
23654,21547,1.741,,,,,,,,
23655,21548,0.6,,,,,,,,
23656,21549,1.487,,,,,,,,
23657,21550,13.818,,,,,,,,
23658,21551,0.785,,,,,,,,
23659,21552,0.6,,,,,,,,
23660,21553,7.32,,,,,,,,
23661,21554,0.6,,,,,,,,
23662,21555,0.796,,,,,,,,
23663,21556,0.6,,,,,,,,
23664,21557,0.6,,,,,,,,
23665,21558,5.303,,,,,,,,
23666,21559,3.322,,,,,,,,
23667,21560,0.876,,,,,,,,
23668,21561,2.075,,,,,,,,
23669,21561,0.665,,,,,,,,
23670,21562,0.6,,,,,,,,
23671,21563,0.601,,,,,,,,
23672,21564,0.6,,,,,,,,
23673,21565,1.137,,,,,,,,
23674,21566,0.765,,,,,,,,
23675,21567,0.674,,,,,,,,
23676,21568,0.6,,,,,,,,
23677,21569,1.4,,,,,,,,
23678,21570,0.6,,,,,,,,
23679,21571,0.6,,,,,,,,
23680,21572,0.6,,,,,,,,
23681,21573,0.6,,,,,,,,
23682,21574,0.6,,,,,,,,
23683,21575,0.6,,,,,,,,
23684,21576,0.6,,,,,,,,
23685,21577,0.6,,,,,,,,
23686,21578,0.6,,,,,,,,
23687,21579,0.6,,,,,,,,
23688,21580,0.6,,,,,,,,
23689,21581,14.73,,,,,,,,
23690,21582,1.379,,,,,,,,
23691,21583,1.212,,,,,,,,
23692,21584,1.192,,,,,,,,
23693,21585,0.6,,,,,,,,
23694,21586,0.6,,,,,,,,
23695,21587,1.914,,,,,,,,
23696,21588,3.223,,,,,,,,
23697,21589,0.886,,,,,,,,
23698,21590,1.733,,,,,,,,
23699,21591,12.19,,,,,,,,
23700,21592,0.6,,,,,,,,
23701,21593,0.6,,,,,,,,
23702,21594,0.84,,,,,,,,
23703,21595,0.6,,,,,,,,
23704,21596,,,,,,,,,
23705,21597,0.918,,,,,,,,
23706,21598,7.31,,,,,,,,
23707,21599,7.897,,,,,,,,
23708,21600,0.67,,,,,,,,
23709,21601,0.6,,,,,,,,
23710,21602,0.6,,,,,,,,
23711,21603,1.11,,,,,,,,
23712,21604,7.529,,,,,,,,
23713,21605,5.806,,,,,,,,
23714,21606,2.052,,,,,,,,
23715,21607,0.6,,,,,,,,
23716,21608,2.244,,,,,,,,
23717,21609,2.402,,,,,,,,
23718,21610,0.6,,,,,,,,
23719,21611,1.078,,,,,,,,
23720,21612,2.243,,,,,,,,
23721,21613,1.272,,,,,,,,
23722,21614,32.439,,,,,,,,
23723,21615,2.308,,,,,,,,
23724,21616,0.6,,,,,,,,
23725,21617,2.902,,,,,,,,
23726,21618,0.6,,,,,,,,
23727,21619,10.088,,,,,,,,
23728,21620,0.6,,,,,,,,
23729,21621,0.715,,,,,,,,
23730,21622,8.097,,,,,,,,
23731,21622,6.198,,,,,,,,
23732,21623,0.6,,,,,,,,
23733,21624,1.882,,,,,,,,
23734,21625,7.587,,,,,,,,
23735,21626,5.964,,,,,,,,
23736,21626,0.6,,,,,,,,
23737,21627,1.306,,,,,,,,
23738,21628,0.674,,,,,,,,
23739,21629,0.6,,,,,,,,
23740,21630,1.444,,,,,,,,
23741,21631,0.6,,,,,,,,
23742,21632,0.6,,,,,,,,
23743,21633,0.6,,,,,,,,
23744,21634,,1.0,0.0,1988,"Generous with its characters' foibles and virtues, The Accidental Tourist is a thoughtful drama vested with insight into the complications of relationships.",Fresh,81.0,,6.8
23745,21635,5.073,,,,,,,,
23746,21636,0.765,,,,,,,,
23747,21637,1.027,,,,,,,,
23748,21638,0.6,,,,,,,,
23749,21639,116.021,,,,,,,,
23750,21640,241.156,,,,,,,,
23751,21641,0.998,,,,,,,,
23752,21642,8.42,,,,,,,,
23753,21643,0.6,,,,,,,,
23754,21644,1.369,,,,,,,,
23755,21645,8.934,,,,,,,,
23756,21646,2.263,,,,,,,,
23757,21647,0.606,,,,,,,,
23758,21648,0.6,,,,,,,,
23759,21649,0.6,,,,,,,,
23760,21650,,1.0,0.0,1938,"Errol Flynn thrills as the legendary title character, and the film embodies the type of imaginative family adventure tailor-made for the silver screen.",Certified-Fresh,100.0,,7.9
23761,21651,1.701,,,,,,,,
23762,21652,1.4,,,,,,,,
23763,21653,3.781,,,,,,,,
23764,21654,,,,,,,,,
23765,21655,1.097,,,,,,,,
23766,21656,3.795,,,,,,,,
23767,21657,0.6,,,,,,,,
23768,21658,0.6,,,,,,,,
23769,21659,0.966,,,,,,,,
23770,21660,0.6,,,,,,,,
23771,21661,,1.0,0.0,1960,"John Wayne proves to be less compelling behind the camera than he is before it in The Alamo, a blustery dramatization of the fort's last stand that feels more like a first draft.",Rotten,52.0,,6.8
23772,21662,1.358,,,,,,,,
23773,21663,3.353,,,,,,,,
23774,21664,0.6,,,,,,,,
23775,21665,0.956,,,,,,,,
23776,21666,0.6,,,,,,,,
23777,21667,0.6,,,,,,,,
23778,21668,0.9,,,,,,,,
23779,21669,1.228,,,,,,,,
23780,21670,2.041,,,,,,,,
23781,21671,2.142,,,,,,,,
23782,21672,1.285,,,,,,,,
23783,21672,0.92,,,,,,,,
23784,21673,0.6,,,,,,,,
23785,21674,4.349,,,,,,,,
23786,21675,0.6,,,,,,,,
23787,21676,1.325,,,,,,,,
23788,21677,5.424,,,,,,,,
23789,21678,0.6,,,,,,,,
23790,21679,0.633,,,,,,,,
23791,21680,1.204,,,,,,,,
23792,21681,2.239,,,,,,,,
23793,21682,0.676,,,,,,,,
23794,21683,3.818,,,,,,,,
23795,21684,0.941,,,,,,,,
23796,21685,0.6,,,,,,,,
23797,21686,0.6,,,,,,,,
23798,21687,2.797,,,,,,,,
23799,21688,1.4,,,,,,,,
23800,21689,0.6,,,,,,,,
23801,21690,4.294,,,,,,,,
23802,21691,7.459,,,,,,,,
23803,21692,39.521,,,,,,,,
23804,21693,5.408,,,,,,,,
23805,21694,39.997,,,,,,,,
23806,21694,23.878,,,,,,,,
23807,21695,2.481,,,,,,,,
23808,21696,10.677,,,,,,,,
23809,21697,4.882,,,,,,,,
23810,21698,1.066,,,,,,,,
23811,21699,4.388,,,,,,,,
23812,21700,0.879,,,,,,,,
23813,21701,6.123,,,,,,,,
23814,21702,0.6,,,,,,,,
23815,21703,1.201,,,,,,,,
23816,21704,1.487,,,,,,,,
23817,21705,2.633,,,,,,,,
23818,21706,0.686,,,,,,,,
23819,21707,0.84,,,,,,,,
23820,21708,0.839,,,,,,,,
23821,21709,5.212,,,,,,,,
23822,21710,0.6,,,,,,,,
23823,21711,0.6,,,,,,,,
23824,21712,0.6,,,,,,,,
23825,21713,0.6,,,,,,,,
23826,21714,0.6,,,,,,,,
23827,21715,0.6,,,,,,,,
23828,21716,0.626,,,,,,,,
23829,21716,0.6,,,,,,,,
23830,21717,0.6,,,,,,,,
23831,21718,1.289,,,,,,,,
23832,21719,0.6,,,,,,,,
23833,21720,1.005,,,,,,,,
23834,21721,5.415,,,,,,,,
23835,21721,0.6,,,,,,,,
23836,21722,1.132,,,,,,,,
23837,21723,0.84,,,,,,,,
23838,21724,0.888,,,,,,,,
23839,21725,1.16,,,,,,,,
23840,21726,0.6,0.0,1.0,1960,"Director Billy Wilder's customary cynicism is leavened here by tender humor, romance, and genuine pathos.",Certified-Fresh,93.0,,8.3
23841,21727,0.6,,,,,,,,
23842,21728,0.6,,,,,,,,
23843,21729,2.029,,,,,,,,
23844,21730,1.136,,,,,,,,
23845,21731,12.635,,,,,,,,
23846,21731,0.629,,,,,,,,
23847,21732,0.6,,,,,,,,
23848,21733,3.923,,,,,,,,
23849,21734,2.088,,,,,,,,
23850,21735,3.182,,,,,,,,
23851,21736,2.881,,,,,,,,
23852,21736,0.6,,,,,,,,
23853,21737,0.6,,,,,,,,
23854,21738,2.239,,,,,,,,
23855,21739,0.6,,,,,,,,
23856,21740,0.6,,,,,,,,
23857,21741,0.6,,,,,,,,
23858,21742,1.819,,,,,,,,
23859,21743,0.7,,,,,,,,
23860,21744,1.39,,,,,,,,
23861,21744,0.6,,,,,,,,
23862,21745,1.226,,,,,,,,
23863,21746,0.6,,,,,,,,
23864,21747,0.6,,,,,,,,
23865,21748,0.6,0.0,1.0,2011,"A crowd-pleasing tribute to the magic of silent cinema, The Artist is a clever, joyous film with delightful performances and visual style to spare.",Certified-Fresh,95.0,,7.9
23866,21749,0.67,,,,,,,,
23867,21750,2.451,,,,,,,,
23868,21750,0.6,,,,,,,,
23869,21751,0.912,,,,,,,,
23870,21752,0.6,,,,,,,,
23871,21753,2.689,,,,,,,,
23872,21754,7.117,,,,,,,,
23873,21755,0.6,,,,,,,,
23874,21756,1.951,,,,,,,,
23875,21757,2.251,,,,,,,,
23876,21758,3.625,,,,,,,,
23877,21759,1.418,,,,,,,,
23878,21760,0.659,,,,,,,,
23879,21761,0.6,,,,,,,,
23880,21762,0.6,,,,,,,,
23881,21763,7.51,,,,,,,,
23882,21764,1.535,,,,,,,,
23883,21765,0.6,,,,,,,,
23884,21766,1.4,,,,,,,,
23885,21767,5.514,,,,,,,,
23886,21767,2.08,,,,,,,,
23887,21767,1.378,,,,,,,,
23888,21768,3.879,,,,,,,,
23889,21769,10.352,,,,,,,,
23890,21770,0.6,,,,,,,,
23891,21771,0.6,,,,,,,,
23892,21771,0.6,,,,,,,,
23893,21772,0.713,,,,,,,,
23894,21773,0.6,,,,,,,,
23895,21774,0.6,,,,,,,,
23896,21775,63.234,,,,,,,,
23897,21776,,,,,,,,,
23898,21777,,1.0,0.0,2004,"With a rich sense of period detail, The Aviator succeeds thanks to typically assured direction from Martin Scorsese and a strong performance from Leonardo DiCaprio, who charts Howard Hughes' descent from eccentric billionaire to reclusive madman.",Certified-Fresh,86.0,,7.5
23899,21778,0.919,,,,,,,,
23900,21779,16.328,,,,,,,,
23901,21779,5.592,,,,,,,,
23902,21780,0.6,,,,,,,,
23903,21781,0.925,,,,,,,,
23904,21782,1.769,,,,,,,,
23905,21783,,1.0,0.0,1937,Great comic direction by Leo McCarrey and memorable onscreen chemistry from stars Cary Grant and Irene Dunne make this screwball comedy a charmer.,Fresh,93.0,,7.7
23906,21784,7.526,,,,,,,,
23907,21785,2.398,,,,,,,,
23908,21786,1.445,,,,,,,,
23909,21787,1.14,,,,,,,,
23910,21788,33.958,,,,,,,,
23911,21789,3.464,,,,,,,,
23912,21790,0.6,,,,,,,,
23913,21791,0.635,,,,,,,,
23914,21792,0.6,,,,,,,,
23915,21793,7.898,,,,,,,,
23916,21794,35.85,,,,,,,,
23917,21794,0.609,,,,,,,,
23918,21794,0.6,,,,,,,,
23919,21795,50.778,,,,,,,,
23920,21796,2.552,,,,,,,,
23921,21797,1.718,,,,,,,,
23922,21798,1.736,,,,,,,,
23923,21799,5.87,,,,,,,,
23924,21800,22.996,,,,,,,,
23925,21801,0.6,,,,,,,,
23926,21802,1.096,,,,,,,,
23927,21803,1.388,,,,,,,,
23928,21804,0.843,,,,,,,,
23929,21805,21.172,,,,,,,,
23930,21805,10.144,,,,,,,,
23931,21805,2.057,,,,,,,,
23932,21806,12.847,,,,,,,,
23933,21807,0.6,,,,,,,,
23934,21808,1.505,,,,,,,,
23935,21809,0.6,,,,,,,,
23936,21810,0.6,,,,,,,,
23937,21811,0.6,,,,,,,,
23938,21812,1.408,,,,,,,,
23939,21813,1.774,,,,,,,,
23940,21814,1.92,,,,,,,,
23941,21815,7.238,,,,,,,,
23942,21816,14.616,,,,,,,,
23943,21817,0.6,,,,,,,,
23944,21818,1.832,,,,,,,,
23945,21819,49.121,,,,,,,,
23946,21819,0.671,,,,,,,,
23947,21820,3.647,,,,,,,,
23948,21821,22.662,,,,,,,,
23949,21822,2.261,,,,,,,,
23950,21822,0.6,,,,,,,,
23951,21823,0.6,,,,,,,,
23952,21824,1.136,,,,,,,,
23953,21825,1.696,,,,,,,,
23954,21826,2.025,,,,,,,,
23955,21827,0.6,,,,,,,,
23956,21828,4.522,,,,,,,,
23957,21828,1.33,,,,,,,,
23958,21829,0.6,,,,,,,,
23959,21829,0.6,,,,,,,,
23960,21830,0.6,,,,,,,,
23961,21831,6.833,,,,,,,,
23962,21832,,1.0,0.0,1934,,Fresh,78.0,,7.0
23963,21833,4.297,,,,,,,,
23964,21833,3.356,,,,,,,,
23965,21833,1.273,,,,,,,,
23966,21833,1.187,,,,,,,,
23967,21833,0.6,,,,,,,,
23968,21834,7.07,,,,,,,,
23969,21835,3.03,,,,,,,,
23970,21836,0.6,,,,,,,,
23971,21837,8.706,,,,,,,,
23972,21838,3.268,,,,,,,,
23973,21839,13.919,,,,,,,,
23974,21840,0.6,,,,,,,,
23975,21841,17.517,,,,,,,,
23976,21842,3.892,,,,,,,,
23977,21843,0.6,,,,,,,,
23978,21844,16.079,,,,,,,,
23979,21844,1.181,,,,,,,,
23980,21844,0.874,,,,,,,,
23981,21844,0.604,,,,,,,,
23982,21845,0.6,,,,,,,,
23983,21846,0.6,,,,,,,,
23984,21847,5.845,,,,,,,,
23985,21848,1.84,,,,,,,,
23986,21849,0.6,,,,,,,,
23987,21850,6.545,,,,,,,,
23988,21851,1.447,,,,,,,,
23989,21852,7.758,,,,,,,,
23990,21853,0.6,,,,,,,,
23991,21854,0.6,,,,,,,,
23992,21855,6.538,,,,,,,,
23993,21856,1.728,,,,,,,,
23994,21857,0.861,,,,,,,,
23995,21858,3.092,,,,,,,,
23996,21859,5.394,,,,,,,,
23997,21860,4.685,,,,,,,,
23998,21861,2.993,,,,,,,,
23999,21862,2.434,,,,,,,,
24000,21863,2.672,,,,,,,,
24001,21864,2.125,,,,,,,,
24002,21865,0.6,,,,,,,,
24003,21866,1.035,,,,,,,,
24004,21867,0.6,,,,,,,,
24005,21868,0.6,,,,,,,,
24006,21869,2.987,,,,,,,,
24007,21870,0.6,,,,,,,,
24008,21871,1.101,,,,,,,,
24009,21872,3.815,,,,,,,,
24010,21873,0.6,,,,,,,,
24011,21874,1.244,,,,,,,,
24012,21875,0.6,,,,,,,,
24013,21876,0.6,,,,,,,,
24014,21877,2.774,,,,,,,,
24015,21878,1.701,,,,,,,,
24016,21879,7.507,,,,,,,,
24017,21880,15.069,,,,,,,,
24018,21881,5.132,,,,,,,,
24019,21882,0.6,,,,,,,,
24020,21883,0.6,,,,,,,,
24021,21884,0.6,,,,,,,,
24022,21885,5.853,,,,,,,,
24023,21886,0.6,,,,,,,,
24024,21887,,0.0,1.0,1946,"An engrossing look at the triumphs and travails of war veterans, The Best Years of Our Lives is concerned specifically with the aftermath of World War II, but its messages speak to the overall American experience.",Certified-Fresh,97.0,,8.1
24025,21888,0.6,,,,,,,,
24026,21889,0.6,,,,,,,,
24027,21890,5.85,,,,,,,,
24028,21891,0.6,,,,,,,,
24029,21892,8.952,,,,,,,,
24030,21893,0.6,,,,,,,,
24031,21894,1.026,,,,,,,,
24032,21895,,1.0,0.0,1983,"The Big Chill captures a generation's growing ennui with a terrific cast, a handful of perceptive insights, and one of the decade's best film soundtracks.",Fresh,68.0,,7.2
24033,21896,1.163,,,,,,,,
24034,21897,0.6,,,,,,,,
24035,21898,0.6,,,,,,,,
24036,21899,,1.0,0.0,1929/30,,Fresh,75.0,,7.1
24037,21900,,,,,,,,,
24038,21901,0.6,,,,,,,,
24039,21902,3.744,,,,,,,,
24040,21903,4.219,,,,,,,,
24041,21904,,1.0,0.0,2015,"The Big Short approaches a serious, complicated subject with an impressive attention to detail -- and manages to deliver a well-acted, scathingly funny indictment of its real-life villains in the bargain.",Certified-Fresh,88.0,,7.8
24042,21905,0.6,,,,,,,,
24043,21906,,,,,,,,,
24044,21907,0.6,,,,,,,,
24045,21908,0.6,,,,,,,,
24046,21909,28.175,,,,,,,,
24047,21909,3.204,,,,,,,,
24048,21910,0.6,,,,,,,,
24049,21911,2.456,,,,,,,,
24050,21912,1.4,,,,,,,,
24051,21913,14.151,,,,,,,,
24052,21914,30.096,,,,,,,,
24053,21915,3.721,,,,,,,,
24054,21916,0.6,,,,,,,,
24055,21917,0.6,,,,,,,,
24056,21918,0.6,,,,,,,,
24057,21919,1.319,,,,,,,,
24058,21919,0.6,,,,,,,,
24059,21920,0.6,,,,,,,,
24060,21921,0.6,,,,,,,,
24061,21922,0.6,,,,,,,,
24062,21923,0.6,,,,,,,,
24063,21924,0.665,,,,,,,,
24064,21925,0.664,,,,,,,,
24065,21925,0.6,,,,,,,,
24066,21925,0.6,,,,,,,,
24067,21926,1.001,,,,,,,,
24068,21927,5.406,,,,,,,,
24069,21928,1.767,,,,,,,,
24070,21929,0.6,,,,,,,,
24071,21930,2.876,,,,,,,,
24072,21931,7.402,,,,,,,,
24073,21931,2.358,,,,,,,,
24074,21931,2.342,,,,,,,,
24075,21931,0.93,,,,,,,,
24076,21931,0.673,,,,,,,,
24077,21932,3.587,,,,,,,,
24078,21933,2.322,,,,,,,,
24079,21934,4.601,,,,,,,,
24080,21935,0.6,,,,,,,,
24081,21936,1.529,,,,,,,,
24082,21937,1.598,,,,,,,,
24083,21938,2.155,,,,,,,,
24084,21939,0.6,,,,,,,,
24085,21940,2.548,,,,,,,,
24086,21941,1.042,,,,,,,,
24087,21942,0.6,,,,,,,,
24088,21943,0.6,,,,,,,,
24089,21944,1.48,,,,,,,,
24090,21945,0.6,,,,,,,,
24091,21946,3.224,,,,,,,,
24092,21947,1071.398,,,,,,,,
24093,21948,14.702,,,,,,,,
24094,21948,2.291,,,,,,,,
24095,21949,5.492,,,,,,,,
24096,21950,0.6,,,,,,,,
24097,21951,2.583,,,,,,,,
24098,21952,0.6,,,,,,,,
24099,21953,7.625,,,,,,,,
24100,21954,1.534,,,,,,,,
24101,21955,0.7,,,,,,,,
24102,21956,3.877,,,,,,,,
24103,21957,2.979,,,,,,,,
24104,21958,0.651,,,,,,,,
24105,21959,1.046,,,,,,,,
24106,21960,12.672,,,,,,,,
24107,21961,1.145,,,,,,,,
24108,21962,2.412,,,,,,,,
24109,21963,3.038,,,,,,,,
24110,21964,5.328,,,,,,,,
24111,21965,3.17,,,,,,,,
24112,21966,0.6,,,,,,,,
24113,21967,3.847,,,,,,,,
24114,21968,1.683,,,,,,,,
24115,21969,2.726,,,,,,,,
24116,21970,3.836,,,,,,,,
24117,21971,3.297,,,,,,,,
24118,21972,2.91,,,,,,,,
24119,21973,0.868,,,,,,,,
24120,21974,1.111,,,,,,,,
24121,21975,1.726,,,,,,,,
24122,21976,1.322,,,,,,,,
24123,21977,46.286,,,,,,,,
24124,21978,0.6,,,,,,,,
24125,21979,1.743,,,,,,,,
24126,21980,0.6,,,,,,,,
24127,21981,3.27,,,,,,,,
24128,21981,0.676,,,,,,,,
24129,21982,0.6,,,,,,,,
24130,21983,1.96,,,,,,,,
24131,21984,4.488,,,,,,,,
24132,21985,1.278,,,,,,,,
24133,21986,3.137,,,,,,,,
24134,21987,0.6,,,,,,,,
24135,21988,0.6,,,,,,,,
24136,21989,,1.0,0.0,2009,"It might strike some viewers as a little too pat, but The Blind Side has the benefit of strong source material and a strong performance from Sandra Bullock.",Fresh,66.0,,7.6
24137,21990,19.514,,,,,,,,
24138,21990,14.249,,,,,,,,
24139,21991,6.286,,,,,,,,
24140,21992,2.575,,,,,,,,
24141,21993,2.703,,,,,,,,
24142,21994,0.6,,,,,,,,
24143,21995,1.751,,,,,,,,
24144,21996,0.6,,,,,,,,
24145,21997,2.894,,,,,,,,
24146,21998,0.632,,,,,,,,
24147,21999,5.989,,,,,,,,
24148,22000,0.651,,,,,,,,
24149,22001,0.6,,,,,,,,
24150,22002,2.829,,,,,,,,
24151,22003,0.6,,,,,,,,
24152,22004,0.6,,,,,,,,
24153,22005,1.285,,,,,,,,
24154,22006,0.6,,,,,,,,
24155,22007,7.048,,,,,,,,
24156,22008,0.956,,,,,,,,
24157,22009,0.992,,,,,,,,
24158,22010,3.415,,,,,,,,
24159,22011,1.223,,,,,,,,
24160,22012,0.6,,,,,,,,
24161,22013,3.329,,,,,,,,
24162,22014,0.905,,,,,,,,
24163,22015,2.407,,,,,,,,
24164,22016,2.22,,,,,,,,
24165,22017,0.6,,,,,,,,
24166,22018,0.631,,,,,,,,
24167,22019,0.6,,,,,,,,
24168,22020,0.6,,,,,,,,
24169,22021,1.504,,,,,,,,
24170,22022,1.272,,,,,,,,
24171,22023,8.543,,,,,,,,
24172,22024,0.71,,,,,,,,
24173,22025,1.641,,,,,,,,
24174,22026,1.4,,,,,,,,
24175,22027,0.6,,,,,,,,
24176,22028,0.6,,,,,,,,
24177,22029,1.043,,,,,,,,
24178,22030,0.6,,,,,,,,
24179,22031,0.949,,,,,,,,
24180,22032,1.494,,,,,,,,
24181,22032,0.6,,,,,,,,
24182,22033,1.197,,,,,,,,
24183,22034,0.6,,,,,,,,
24184,22035,,,,,,,,,
24185,22036,0.6,,,,,,,,
24186,22037,6.489,,,,,,,,
24187,22038,8.263,,,,,,,,
24188,22038,0.654,,,,,,,,
24189,22039,1.374,,,,,,,,
24190,22040,0.6,,,,,,,,
24191,22041,0.6,,,,,,,,
24192,22042,0.908,,,,,,,,
24193,22043,2.17,,,,,,,,
24194,22044,2.815,,,,,,,,
24195,22045,0.701,,,,,,,,
24196,22046,6.997,,,,,,,,
24197,22047,1.149,,,,,,,,
24198,22048,0.668,,,,,,,,
24199,22049,0.6,,,,,,,,
24200,22050,6.002,,,,,,,,
24201,22051,3.097,,,,,,,,
24202,22052,0.6,,,,,,,,
24203,22053,0.6,,,,,,,,
24204,22054,1.4,,,,,,,,
24205,22055,2.614,,,,,,,,
24206,22056,6.853,,,,,,,,
24207,22057,1.22,,,,,,,,
24208,22057,0.6,,,,,,,,
24209,22058,1.24,,,,,,,,
24210,22059,4.03,,,,,,,,
24211,22060,0.6,,,,,,,,
24212,22061,0.6,,,,,,,,
24213,22062,0.6,,,,,,,,
24214,22063,3.786,,,,,,,,
24215,22064,0.77,,,,,,,,
24216,22065,,,,,,,,,
24217,22066,1.043,,,,,,,,
24218,22067,0.676,,,,,,,,
24219,22068,8.363,,,,,,,,
24220,22069,0.6,,,,,,,,
24221,22070,5.374,,,,,,,,
24222,22071,7.934,,,,,,,,
24223,22072,1.095,,,,,,,,
24224,22073,,,,,,,,,
24225,22074,,,,,,,,,
24226,22075,,,,,,,,,
24227,22076,1.539,,,,,,,,
24228,22077,1.043,,,,,,,,
24229,22077,0.636,,,,,,,,
24230,22077,0.6,,,,,,,,
24231,22077,0.6,,,,,,,,
24232,22077,0.6,,,,,,,,
24233,22078,2.723,,,,,,,,
24234,22079,38.999,,,,,,,,
24235,22079,7.807,,,,,,,,
24236,22080,18.3,,,,,,,,
24237,22081,3.029,,,,,,,,
24238,22082,1.257,,,,,,,,
24239,22083,0.6,,,,,,,,
24240,22084,1.136,,,,,,,,
24241,22084,0.743,,,,,,,,
24242,22085,,,,,,,,,
24243,22086,0.6,,,,,,,,
24244,22087,0.6,,,,,,,,
24245,22088,7.391,,,,,,,,
24246,22088,1.062,,,,,,,,
24247,22089,2.501,,,,,,,,
24248,22090,0.6,,,,,,,,
24249,22091,1.341,,,,,,,,
24250,22092,6.13,,,,,,,,
24251,22093,2.36,,,,,,,,
24252,22094,0.6,,,,,,,,
24253,22095,1.53,,,,,,,,
24254,22096,0.942,,,,,,,,
24255,22097,0.6,,,,,,,,
24256,22098,1.789,,,,,,,,
24257,22099,1.609,,,,,,,,
24258,22100,2.694,,,,,,,,
24259,22101,0.6,,,,,,,,
24260,22102,0.886,,,,,,,,
24261,22103,,,,,,,,,
24262,22104,0.6,,,,,,,,
24263,22105,9.666,,,,,,,,
24264,22105,6.262,,,,,,,,
24265,22106,0.6,,,,,,,,
24266,22107,10.314,,,,,,,,
24267,22107,8.549,,,,,,,,
24268,22107,3.188,,,,,,,,
24269,22107,0.727,,,,,,,,
24270,22107,0.6,,,,,,,,
24271,22108,0.777,,,,,,,,
24272,22109,0.681,,,,,,,,
24273,22110,0.6,,,,,,,,
24274,22111,0.6,,,,,,,,
24275,22112,1.051,,,,,,,,
24276,22113,0.6,,,,,,,,
24277,22114,0.841,,,,,,,,
24278,22115,1.167,,,,,,,,
24279,22116,0.6,,,,,,,,
24280,22117,0.6,,,,,,,,
24281,22118,0.6,,,,,,,,
24282,22119,0.6,,,,,,,,
24283,22120,1.02,,,,,,,,
24284,22121,8.297,,,,,,,,
24285,22122,4.669,,,,,,,,
24286,22123,2.861,,,,,,,,
24287,22124,0.786,,,,,,,,
24288,22124,0.6,,,,,,,,
24289,22125,25.721,,,,,,,,
24290,22126,,0.0,1.0,1957,"This complex war epic asks hard questions, resists easy answers, and boasts career-defining work from star Alec Guinness and director David Lean.",Certified-Fresh,95.0,,8.1
24291,22127,,,,,,,,,
24292,22128,0.634,,,,,,,,
24293,22129,0.921,,,,,,,,
24294,22130,0.6,,,,,,,,
24295,22131,,0.0,1.0,1928/29,"The Broadway Melody is interesting as an example of an early Hollywood musical, but otherwise, it's essentially bereft of appeal for modern audiences.",Rotten,33.0,,5.7
24296,22132,7.813,,,,,,,,
24297,22133,,,,,,,,,
24298,22134,0.6,,,,,,,,
24299,22135,12.154,,,,,,,,
24300,22136,3.562,,,,,,,,
24301,22137,3.775,,,,,,,,
24302,22138,2.794,,,,,,,,
24303,22139,4.179,,,,,,,,
24304,22140,3.501,,,,,,,,
24305,22141,1.442,,,,,,,,
24306,22142,3.281,,,,,,,,
24307,22143,1.364,,,,,,,,
24308,22144,2.843,,,,,,,,
24309,22145,0.6,,,,,,,,
24310,22145,0.6,,,,,,,,
24311,22146,0.6,,,,,,,,
24312,22147,5.142,,,,,,,,
24313,22147,3.105,,,,,,,,
24314,22147,0.6,,,,,,,,
24315,22148,9.306,,,,,,,,
24316,22149,6.899,,,,,,,,
24317,22150,5.576,,,,,,,,
24318,22151,0.886,,,,,,,,
24319,22152,0.6,,,,,,,,
24320,22153,1.769,,,,,,,,
24321,22154,9.597,,,,,,,,
24322,22155,0.6,,,,,,,,
24323,22156,0.69,,,,,,,,
24324,22157,0.84,,,,,,,,
24325,22158,4.327,,,,,,,,
24326,22159,1.429,,,,,,,,
24327,22160,1.758,,,,,,,,
24328,22161,1.292,,,,,,,,
24329,22162,1.007,,,,,,,,
24330,22163,0.6,,,,,,,,
24331,22164,8.42,,,,,,,,
24332,22165,0.731,,,,,,,,
24333,22166,3.636,,,,,,,,
24334,22166,2.493,,,,,,,,
24335,22166,1.889,,,,,,,,
24336,22166,1.4,,,,,,,,
24337,22166,1.259,,,,,,,,
24338,22166,0.6,,,,,,,,
24339,22167,0.6,,,,,,,,
24340,22168,1.092,,,,,,,,
24341,22169,0.6,,,,,,,,
24342,22170,0.6,,,,,,,,
24343,22171,,,,,,,,,
24344,22172,2.527,,,,,,,,
24345,22173,11.287,,,,,,,,
24346,22174,24.11,,,,,,,,
24347,22175,3.117,,,,,,,,
24348,22175,0.72,,,,,,,,
24349,22176,0.6,,,,,,,,
24350,22177,57.429,,,,,,,,
24351,22178,0.6,,,,,,,,
24352,22179,0.6,,,,,,,,
24353,22179,0.6,,,,,,,,
24354,22180,5.11,,,,,,,,
24355,22181,0.934,,,,,,,,
24356,22182,0.6,,,,,,,,
24357,22183,1.575,,,,,,,,
24358,22184,0.6,,,,,,,,
24359,22185,,1.0,0.0,1954,"Humphrey Bogart is superb as a domineering captain with brittle composure in The Caine Mutiny, an inquisitive courtroom drama teeming with memorable performances.",Fresh,92.0,,7.7
24360,22186,1.758,,,,,,,,
24361,22187,12.188,,,,,,,,
24362,22187,1.448,,,,,,,,
24363,22188,0.6,,,,,,,,
24364,22189,0.775,,,,,,,,
24365,22190,5.892,,,,,,,,
24366,22191,13.915,,,,,,,,
24367,22191,2.153,,,,,,,,
24368,22192,4.521,,,,,,,,
24369,22192,1.011,,,,,,,,
24370,22193,0.6,,,,,,,,
24371,22194,0.6,,,,,,,,
24372,22195,0.6,,,,,,,,
24373,22196,3.045,,,,,,,,
24374,22197,0.6,,,,,,,,
24375,22198,8.382,,,,,,,,
24376,22199,2.478,,,,,,,,
24377,22199,0.6,,,,,,,,
24378,22200,0.6,,,,,,,,
24379,22201,1.027,,,,,,,,
24380,22202,0.6,,,,,,,,
24381,22203,19.328,,,,,,,,
24382,22204,3.844,,,,,,,,
24383,22205,69.461,,,,,,,,
24384,22206,5.634,,,,,,,,
24385,22207,1.068,,,,,,,,
24386,22208,0.6,,,,,,,,
24387,22209,1.068,,,,,,,,
24388,22210,1.4,,,,,,,,
24389,22211,9.884,,,,,,,,
24390,22212,1.301,,,,,,,,
24391,22213,15.925,,,,,,,,
24392,22214,6.125,,,,,,,,
24393,22215,1.0,,,,,,,,
24394,22216,1.025,,,,,,,,
24395,22217,1.894,,,,,,,,
24396,22217,1.875,,,,,,,,
24397,22217,1.4,,,,,,,,
24398,22217,1.301,,,,,,,,
24399,22217,0.6,,,,,,,,
24400,22218,0.663,,,,,,,,
24401,22219,9.392,,,,,,,,
24402,22220,1.42,,,,,,,,
24403,22221,0.6,,,,,,,,
24404,22222,0.6,,,,,,,,
24405,22223,1.899,,,,,,,,
24406,22224,0.6,,,,,,,,
24407,22225,0.6,,,,,,,,
24408,22226,1.213,,,,,,,,
24409,22227,0.6,,,,,,,,
24410,22228,0.6,,,,,,,,
24411,22229,0.763,,,,,,,,
24412,22230,2.029,,,,,,,,
24413,22231,6.268,,,,,,,,
24414,22232,0.6,,,,,,,,
24415,22233,0.6,,,,,,,,
24416,22234,0.6,,,,,,,,
24417,22235,1.241,,,,,,,,
24418,22236,5.547,,,,,,,,
24419,22237,3.06,,,,,,,,
24420,22238,0.644,,,,,,,,
24421,22239,1.104,,,,,,,,
24422,22240,1.69,,,,,,,,
24423,22241,0.6,,,,,,,,
24424,22242,0.6,,,,,,,,
24425,22243,0.6,,,,,,,,
24426,22244,0.665,,,,,,,,
24427,22244,0.6,,,,,,,,
24428,22245,0.6,,,,,,,,
24429,22246,4.099,,,,,,,,
24430,22247,0.703,,,,,,,,
24431,22248,2.019,,,,,,,,
24432,22249,0.6,,,,,,,,
24433,22250,0.6,,,,,,,,
24434,22251,5.889,,,,,,,,
24435,22251,1.406,,,,,,,,
24436,22251,0.6,,,,,,,,
24437,22252,2.305,,,,,,,,
24438,22253,4.206,,,,,,,,
24439,22254,12.019,,,,,,,,
24440,22255,2.799,,,,,,,,
24441,22256,1.526,,,,,,,,
24442,22257,0.6,,,,,,,,
24443,22258,0.6,,,,,,,,
24444,22259,20.815,,,,,,,,
24445,22260,0.913,,,,,,,,
24446,22261,15.71,,,,,,,,
24447,22261,0.6,,,,,,,,
24448,22262,6.089,,,,,,,,
24449,22263,513.757,,,,,,,,
24450,22263,5.619,,,,,,,,
24451,22263,0.6,,,,,,,,
24452,22263,0.6,,,,,,,,
24453,22264,2.74,,,,,,,,
24454,22265,2.155,,,,,,,,
24455,22266,0.6,,,,,,,,
24456,22267,0.6,,,,,,,,
24457,22268,0.6,,,,,,,,
24458,22268,0.6,,,,,,,,
24459,22269,0.6,,,,,,,,
24460,22270,0.6,,,,,,,,
24461,22271,0.6,,,,,,,,
24462,22272,1.993,,,,,,,,
24463,22272,1.952,,,,,,,,
24464,22272,1.144,,,,,,,,
24465,22272,0.6,,,,,,,,
24466,22273,0.6,,,,,,,,
24467,22274,3.245,,,,,,,,
24468,22275,0.6,,,,,,,,
24469,22276,0.6,,,,,,,,
24470,22277,,1.0,0.0,1931/32,,Fresh,90.0,,7.3
24471,22278,0.842,,,,,,,,
24472,22279,1.4,,,,,,,,
24473,22280,10.14,,,,,,,,
24474,22280,0.6,,,,,,,,
24475,22281,4.353,,,,,,,,
24476,22282,0.664,,,,,,,,
24477,22283,2.503,,,,,,,,
24478,22284,0.6,,,,,,,,
24479,22285,1.066,,,,,,,,
24480,22286,0.823,,,,,,,,
24481,22287,0.946,,,,,,,,
24482,22288,0.6,,,,,,,,
24483,22289,3.109,,,,,,,,
24484,22290,2.544,,,,,,,,
24485,22291,0.989,,,,,,,,
24486,22292,1.406,,,,,,,,
24487,22293,1.008,,,,,,,,
24488,22294,0.709,,,,,,,,
24489,22295,0.6,,,,,,,,
24490,22295,0.6,,,,,,,,
24491,22296,0.6,,,,,,,,
24492,22297,0.6,,,,,,,,
24493,22298,0.6,,,,,,,,
24494,22299,0.6,,,,,,,,
24495,22300,1.511,,,,,,,,
24496,22301,0.744,,,,,,,,
24497,22302,2.61,,,,,,,,
24498,22303,0.6,,,,,,,,
24499,22304,3.242,,,,,,,,
24500,22305,0.6,,,,,,,,
24501,22306,1.626,,,,,,,,
24502,22307,0.6,,,,,,,,
24503,22308,14.413,,,,,,,,
24504,22308,3.939,,,,,,,,
24505,22308,0.6,,,,,,,,
24506,22309,0.6,,,,,,,,
24507,22310,1.246,,,,,,,,
24508,22311,0.843,,,,,,,,
24509,22312,1.465,,,,,,,,
24510,22313,0.6,,,,,,,,
24511,22314,1.033,,,,,,,,
24512,22315,0.6,,,,,,,,
24513,22316,0.6,,,,,,,,
24514,22317,0.778,,,,,,,,
24515,22318,0.6,,,,,,,,
24516,22319,1.737,,,,,,,,
24517,22320,3.883,,,,,,,,
24518,22321,1.4,,,,,,,,
24519,22321,1.249,,,,,,,,
24520,22321,0.673,,,,,,,,
24521,22322,1.539,,,,,,,,
24522,22323,1.042,,,,,,,,
24523,22324,0.976,,,,,,,,
24524,22324,0.73,,,,,,,,
24525,22325,0.6,,,,,,,,
24526,22326,7.225,,,,,,,,
24527,22326,1.956,,,,,,,,
24528,22327,0.6,,,,,,,,
24529,22328,,1.0,0.0,1999,"The Cider House Rules derives affecting drama from wonderful performances, lovely visuals, and an old-fashioned feel.",Fresh,71.0,,7.4
24530,22329,1.461,,,,,,,,
24531,22329,0.924,,,,,,,,
24532,22330,,,,,,,,,
24533,22331,,1.0,0.0,1938,,Fresh,89.0,,7.1
24534,22332,7.582,,,,,,,,
24535,22333,3.48,,,,,,,,
24536,22334,0.848,,,,,,,,
24537,22334,0.6,,,,,,,,
24538,22335,0.6,,,,,,,,
24539,22336,6.055,,,,,,,,
24540,22336,1.096,,,,,,,,
24541,22337,6.833,,,,,,,,
24542,22337,0.602,,,,,,,,
24543,22338,1.49,,,,,,,,
24544,22339,13.097,,,,,,,,
24545,22340,4.813,,,,,,,,
24546,22341,6.507,,,,,,,,
24547,22342,0.6,,,,,,,,
24548,22343,0.6,,,,,,,,
24549,22344,0.6,,,,,,,,
24550,22345,0.6,,,,,,,,
24551,22346,0.6,,,,,,,,
24552,22347,0.6,,,,,,,,
24553,22348,1.4,,,,,,,,
24554,22349,16.757,,,,,,,,
24555,22349,0.6,,,,,,,,
24556,22349,0.6,,,,,,,,
24557,22350,0.6,,,,,,,,
24558,22351,0.6,,,,,,,,
24559,22352,3.794,,,,,,,,
24560,22353,0.6,,,,,,,,
24561,22354,0.6,,,,,,,,
24562,22355,23.516,,,,,,,,
24563,22356,0.6,,,,,,,,
24564,22356,0.6,,,,,,,,
24565,22357,0.6,,,,,,,,
24566,22358,3.232,,,,,,,,
24567,22359,0.6,,,,,,,,
24568,22360,2.484,,,,,,,,
24569,22361,0.6,,,,,,,,
24570,22362,1.494,,,,,,,,
24571,22363,0.6,,,,,,,,
24572,22364,0.6,,,,,,,,
24573,22365,5.205,,,,,,,,
24574,22366,1.343,,,,,,,,
24575,22366,0.6,,,,,,,,
24576,22367,1.321,,,,,,,,
24577,22368,1.752,,,,,,,,
24578,22369,0.6,,,,,,,,
24579,22370,0.6,,,,,,,,
24580,22371,0.6,,,,,,,,
24581,22372,2.154,,,,,,,,
24582,22373,23.464,,,,,,,,
24583,22374,27.476,,,,,,,,
24584,22374,0.6,,,,,,,,
24585,22375,0.84,,,,,,,,
24586,22376,0.6,,,,,,,,
24587,22377,3.992,,,,,,,,
24588,22378,0.6,,,,,,,,
24589,22379,2.869,,,,,,,,
24590,22380,,1.0,0.0,1985,"It might have been better served by a filmmaker with a deeper connection to the source material, but The Color Purple remains a worthy, well-acted adaptation of Alice Walker's classic novel.",Fresh,81.0,,7.8
24591,22381,0.6,,,,,,,,
24592,22382,2.812,,,,,,,,
24593,22383,0.6,,,,,,,,
24594,22384,0.807,,,,,,,,
24595,22385,0.6,,,,,,,,
24596,22386,0.6,,,,,,,,
24597,22387,2.626,,,,,,,,
24598,22388,2.208,,,,,,,,
24599,22389,5.76,,,,,,,,
24600,22390,0.986,,,,,,,,
24601,22391,1.765,,,,,,,,
24602,22392,8.635,,,,,,,,
24603,22393,3.484,,,,,,,,
24604,22394,1.944,,,,,,,,
24605,22394,0.6,,,,,,,,
24606,22395,1.033,,,,,,,,
24607,22396,1.23,,,,,,,,
24608,22397,0.6,,,,,,,,
24609,22398,173.527,,,,,,,,
24610,22399,137.18,,,,,,,,
24611,22400,246.13,,,,,,,,
24612,22401,7.309,,,,,,,,
24613,22402,0.607,,,,,,,,
24614,22403,1.621,,,,,,,,
24615,22404,14.105,,,,,,,,
24616,22404,4.985,,,,,,,,
24617,22405,0.6,,,,,,,,
24618,22406,,1.0,0.0,1974,"This tense, paranoid thriller presents Francis Ford Coppola at his finest -- and makes some remarkably advanced arguments about technology's role in society that still resonate today.",Certified-Fresh,96.0,,7.8
24619,22407,0.6,,,,,,,,
24620,22408,2.914,,,,,,,,
24621,22409,0.6,,,,,,,,
24622,22410,0.617,,,,,,,,
24623,22411,1.503,,,,,,,,
24624,22412,0.65,,,,,,,,
24625,22413,0.6,,,,,,,,
24626,22414,1.062,,,,,,,,
24627,22415,0.667,,,,,,,,
24628,22416,3.719,,,,,,,,
24629,22417,1.082,,,,,,,,
24630,22418,1.828,,,,,,,,
24631,22419,0.6,,,,,,,,
24632,22420,3.038,,,,,,,,
24633,22421,2.566,,,,,,,,
24634,22422,2.171,,,,,,,,
24635,22423,3.353,,,,,,,,
24636,22424,0.6,,,,,,,,
24637,22425,0.6,,,,,,,,
24638,22426,7.249,,,,,,,,
24639,22427,,,,,,,,,
24640,22428,0.6,,,,,,,,
24641,22428,0.6,,,,,,,,
24642,22429,0.6,,,,,,,,
24643,22430,,1.0,0.0,1954,,Fresh,86.0,,7.3
24644,22431,0.785,,,,,,,,
24645,22432,1.828,,,,,,,,
24646,22433,1.445,,,,,,,,
24647,22433,0.97,,,,,,,,
24648,22434,18.391,,,,,,,,
24649,22434,4.77,,,,,,,,
24650,22435,1.4,,,,,,,,
24651,22436,0.947,,,,,,,,
24652,22437,0.6,,,,,,,,
24653,22438,3.331,,,,,,,,
24654,22439,1.207,,,,,,,,
24655,22440,0.957,,,,,,,,
24656,22441,35.18,,,,,,,,
24657,22442,71.202,,,,,,,,
24658,22443,3.857,,,,,,,,
24659,22444,0.6,,,,,,,,
24660,22445,0.856,,,,,,,,
24661,22445,0.802,,,,,,,,
24662,22446,3.941,,,,,,,,
24663,22447,0.6,,,,,,,,
24664,22448,5.447,,,,,,,,
24665,22449,1.342,,,,,,,,
24666,22450,24.487,,,,,,,,
24667,22450,7.855,,,,,,,,
24668,22451,4.49,,,,,,,,
24669,22452,4.428,,,,,,,,
24670,22453,0.6,,,,,,,,
24671,22454,0.661,,,,,,,,
24672,22454,0.6,,,,,,,,
24673,22455,1.147,,,,,,,,
24674,22456,5.234,,,,,,,,
24675,22457,0.6,,,,,,,,
24676,22458,3.528,,,,,,,,
24677,22459,2.554,,,,,,,,
24678,22460,1.068,,,,,,,,
24679,22461,7.552,,,,,,,,
24680,22462,2.335,,,,,,,,
24681,22463,0.6,,,,,,,,
24682,22464,0.6,,,,,,,,
24683,22465,0.6,,,,,,,,
24684,22466,1.288,,,,,,,,
24685,22467,2.086,,,,,,,,
24686,22468,0.85,,,,,,,,
24687,22469,0.6,,,,,,,,
24688,22470,0.6,,,,,,,,
24689,22471,0.6,,,,,,,,
24690,22472,0.652,,,,,,,,
24691,22472,0.6,,,,,,,,
24692,22473,9.36,,,,,,,,
24693,22474,0.689,,,,,,,,
24694,22475,0.774,,,,,,,,
24695,22476,2.446,,,,,,,,
24696,22477,0.6,,,,,,,,
24697,22477,0.6,,,,,,,,
24698,22478,0.6,,,,,,,,
24699,22479,0.843,,,,,,,,
24700,22480,16.866,,,,,,,,
24701,22481,12.858,,,,,,,,
24702,22482,0.609,,,,,,,,
24703,22483,0.6,,,,,,,,
24704,22484,0.6,,,,,,,,
24705,22485,16.194,,,,,,,,
24706,22486,0.6,,,,,,,,
24707,22487,0.6,,,,,,,,
24708,22488,0.6,,,,,,,,
24709,22489,1.36,,,,,,,,
24710,22490,1.168,,,,,,,,
24711,22491,2.12,,,,,,,,
24712,22492,0.6,,,,,,,,
24713,22493,2.435,,,,,,,,
24714,22494,,1.0,0.0,1992,"The Crying Game is famous for its shocking twist, but this thoughtful, haunting mystery grips the viewer from start to finish.",Certified-Fresh,94.0,,7.3
24715,22495,2.823,,,,,,,,
24716,22495,1.486,,,,,,,,
24717,22495,0.6,,,,,,,,
24718,22496,3.241,,,,,,,,
24719,22497,1.725,,,,,,,,
24720,22498,0.662,,,,,,,,
24721,22499,0.6,,,,,,,,
24722,22500,8.445,,,,,,,,
24723,22501,1.02,,,,,,,,
24724,22502,11.18,,,,,,,,
24725,22503,,1.0,0.0,2008,Curious Case of Benjamin Button is an epic fantasy tale with rich storytelling backed by fantastic performances.,Certified-Fresh,72.0,,7.8
24726,22504,2.098,,,,,,,,
24727,22505,0.6,,,,,,,,
24728,22506,10.756,,,,,,,,
24729,22507,8.2,,,,,,,,
24730,22507,1.539,,,,,,,,
24731,22507,0.838,,,,,,,,
24732,22507,0.694,,,,,,,,
24733,22507,0.6,,,,,,,,
24734,22508,0.905,,,,,,,,
24735,22509,2.71,,,,,,,,
24736,22510,0.6,,,,,,,,
24737,22511,0.6,,,,,,,,
24738,22512,31.919,,,,,,,,
24739,22513,0.6,,,,,,,,
24740,22514,0.6,,,,,,,,
24741,22515,4.54,,,,,,,,
24742,22516,1.969,,,,,,,,
24743,22517,9.196,,,,,,,,
24744,22518,5.521,,,,,,,,
24745,22519,0.6,,,,,,,,
24746,22520,2.485,,,,,,,,
24747,22521,1.438,,,,,,,,
24748,22522,4.77,,,,,,,,
24749,22523,6.822,,,,,,,,
24750,22523,1.229,,,,,,,,
24751,22524,90.991,,,,,,,,
24752,22525,3.897,,,,,,,,
24753,22526,2.101,,,,,,,,
24754,22527,1.309,,,,,,,,
24755,22528,1.344,,,,,,,,
24756,22529,0.6,,,,,,,,
24757,22530,1.4,,,,,,,,
24758,22531,0.6,,,,,,,,
24759,22532,0.6,,,,,,,,
24760,22533,7.572,,,,,,,,
24761,22534,0.6,,,,,,,,
24762,22535,11.435,,,,,,,,
24763,22536,2.594,,,,,,,,
24764,22537,0.931,,,,,,,,
24765,22538,0.6,,,,,,,,
24766,22539,1.646,,,,,,,,
24767,22540,1.036,,,,,,,,
24768,22541,0.6,,,,,,,,
24769,22542,3.94,,,,,,,,
24770,22543,1.187,,,,,,,,
24771,22544,1.181,,,,,,,,
24772,22545,6.065,,,,,,,,
24773,22546,1.32,,,,,,,,
24774,22547,5.37,,,,,,,,
24775,22548,0.6,,,,,,,,
24776,22549,10.147,,,,,,,,
24777,22550,22.148,,,,,,,,
24778,22550,5.769,,,,,,,,
24779,22550,0.84,,,,,,,,
24780,22550,0.6,,,,,,,,
24781,22551,0.6,,,,,,,,
24782,22552,0.6,,,,,,,,
24783,22553,3.07,,,,,,,,
24784,22554,0.6,,,,,,,,
24785,22555,0.914,,,,,,,,
24786,22556,0.6,,,,,,,,
24787,22557,17.394,,,,,,,,
24788,22558,0.6,,,,,,,,
24789,22559,1.366,,,,,,,,
24790,22559,0.6,,,,,,,,
24791,22560,2.472,,,,,,,,
24792,22561,0.6,,,,,,,,
24793,22562,0.6,,,,,,,,
24794,22563,1.333,,,,,,,,
24795,22564,0.6,,,,,,,,
24796,22565,4.039,,,,,,,,
24797,22566,0.6,,,,,,,,
24798,22567,5.422,,,,,,,,
24799,22567,4.439,,,,,,,,
24800,22567,1.4,,,,,,,,
24801,22567,0.6,,,,,,,,
24802,22568,0.6,,,,,,,,
24803,22569,1.743,,,,,,,,
24804,22570,2.838,,,,,,,,
24805,22570,2.098,,,,,,,,
24806,22570,0.6,,,,,,,,
24807,22571,0.873,,,,,,,,
24808,22572,8.151,,,,,,,,
24809,22573,11.054,,,,,,,,
24810,22573,8.212,,,,,,,,
24811,22573,2.309,,,,,,,,
24812,22573,1.967,,,,,,,,
24813,22573,0.6,,,,,,,,
24814,22573,0.6,,,,,,,,
24815,22574,0.739,,,,,,,,
24816,22575,0.6,,,,,,,,
24817,22576,0.6,,,,,,,,
24818,22577,1.136,,,,,,,,
24819,22578,0.6,,,,,,,,
24820,22579,0.6,,,,,,,,
24821,22580,9.139,,,,,,,,
24822,22581,2.854,,,,,,,,
24823,22582,5.085,,,,,,,,
24824,22583,1.821,,,,,,,,
24825,22584,0.6,,,,,,,,
24826,22585,0.6,,,,,,,,
24827,22586,,,,,,,,,
24828,22587,,,,,,,,,
24829,22588,4.07,,,,,,,,
24830,22589,1.086,,,,,,,,
24831,22590,0.662,,,,,,,,
24832,22591,0.702,,,,,,,,
24833,22592,1.355,,,,,,,,
24834,22593,2.582,,,,,,,,
24835,22594,1.131,,,,,,,,
24836,22594,0.6,,,,,,,,
24837,22595,0.857,,,,,,,,
24838,22596,0.6,,,,,,,,
24839,22597,0.6,,,,,,,,
24840,22598,3.955,,,,,,,,
24841,22599,1.528,,,,,,,,
24842,22600,1.191,,,,,,,,
24843,22601,2.829,,,,,,,,
24844,22602,4.748,,,,,,,,
24845,22603,0.6,,,,,,,,
24846,22604,0.993,,,,,,,,
24847,22605,13.269,,,,,,,,
24848,22606,0.6,,,,,,,,
24849,22607,0.6,,,,,,,,
24850,22607,0.6,,,,,,,,
24851,22607,0.6,,,,,,,,
24852,22608,0.6,,,,,,,,
24853,22609,0.6,,,,,,,,
24854,22610,15.358,,,,,,,,
24855,22610,0.651,,,,,,,,
24856,22611,0.6,,,,,,,,
24857,22612,0.6,,,,,,,,
24858,22613,1.4,,,,,,,,
24859,22614,1.4,,,,,,,,
24860,22615,11.849,,,,,,,,
24861,22615,0.959,,,,,,,,
24862,22615,0.6,,,,,,,,
24863,22616,0.6,,,,,,,,
24864,22617,1.418,,,,,,,,
24865,22618,0.6,,,,,,,,
24866,22619,0.6,,,,,,,,
24867,22620,1.599,,,,,,,,
24868,22621,0.668,,,,,,,,
24869,22622,0.6,,,,,,,,
24870,22622,0.6,,,,,,,,
24871,22623,0.6,,,,,,,,
24872,22624,4.919,,,,,,,,
24873,22624,0.876,,,,,,,,
24874,22625,28.446,,,,,,,,
24875,22625,0.6,,,,,,,,
24876,22626,1.391,,,,,,,,
24877,22627,0.6,,,,,,,,
24878,22628,0.6,,,,,,,,
24879,22629,0.632,,,,,,,,
24880,22630,4.255,,,,,,,,
24881,22631,0.6,,,,,,,,
24882,22632,10.801,,,,,,,,
24883,22633,1.699,,,,,,,,
24884,22634,,,,,,,,,
24885,22635,2.545,,,,,,,,
24886,22636,11.934,,,,,,,,
24887,22637,0.656,,,,,,,,
24888,22638,,,,,,,,,
24889,22639,6.107,,,,,,,,
24890,22640,7.32,,,,,,,,
24891,22641,3.575,,,,,,,,
24892,22642,3.881,,,,,,,,
24893,22643,0.6,,,,,,,,
24894,22644,1.827,,,,,,,,
24895,22645,1.186,,,,,,,,
24896,22646,3.843,,,,,,,,
24897,22647,0.647,,,,,,,,
24898,22648,14.863,,,,,,,,
24899,22648,1.539,,,,,,,,
24900,22649,0.6,,,,,,,,
24901,22650,0.717,,,,,,,,
24902,22651,0.6,,,,,,,,
24903,22652,0.6,,,,,,,,
24904,22653,0.6,,,,,,,,
24905,22654,4.079,,,,,,,,
24906,22655,0.6,,,,,,,,
24907,22656,5.223,,,,,,,,
24908,22657,2.259,,,,,,,,
24909,22657,1.857,,,,,,,,
24910,22658,0.6,,,,,,,,
24911,22659,3.275,,,,,,,,
24912,22660,4.088,,,,,,,,
24913,22661,0.6,,,,,,,,
24914,22662,2.498,,,,,,,,
24915,22662,0.876,,,,,,,,
24916,22663,1.52,,,,,,,,
24917,22663,0.6,,,,,,,,
24918,22664,2.143,,,,,,,,
24919,22665,5.013,,,,,,,,
24920,22666,5.566,,,,,,,,
24921,22666,1.543,,,,,,,,
24922,22667,0.658,,,,,,,,
24923,22668,1.235,,,,,,,,
24924,22669,0.6,,,,,,,,
24925,22670,2.484,,,,,,,,
24926,22671,1.504,,,,,,,,
24927,22672,3.293,,,,,,,,
24928,22673,0.6,,,,,,,,
24929,22674,10.584,,,,,,,,
24930,22675,2.322,,,,,,,,
24931,22676,0.757,,,,,,,,
24932,22677,1.316,,,,,,,,
24933,22678,0.621,,,,,,,,
24934,22679,2.15,,,,,,,,
24935,22680,0.6,,,,,,,,
24936,22681,0.6,,,,,,,,
24937,22682,0.6,,,,,,,,
24938,22683,3.238,,,,,,,,
24939,22684,1.18,,,,,,,,
24940,22685,0.6,,,,,,,,
24941,22686,0.6,,,,,,,,
24942,22687,1.047,,,,,,,,
24943,22688,6.116,,,,,,,,
24944,22689,1.581,,,,,,,,
24945,22690,6.074,,,,,,,,
24946,22691,1.301,,,,,,,,
24947,22692,0.6,,,,,,,,
24948,22693,0.6,,,,,,,,
24949,22694,0.701,,,,,,,,
24950,22695,1.754,,,,,,,,
24951,22696,0.6,,,,,,,,
24952,22697,6.025,,,,,,,,
24953,22698,0.6,,,,,,,,
24954,22699,0.6,,,,,,,,
24955,22700,0.6,,,,,,,,
24956,22701,0.6,,,,,,,,
24957,22702,1.875,,,,,,,,
24958,22703,0.861,,,,,,,,
24959,22704,0.6,,,,,,,,
24960,22705,0.6,,,,,,,,
24961,22706,0.719,,,,,,,,
24962,22707,0.9,,,,,,,,
24963,22708,6.727,,,,,,,,
24964,22709,0.6,,,,,,,,
24965,22710,0.6,,,,,,,,
24966,22711,0.6,,,,,,,,
24967,22712,0.6,,,,,,,,
24968,22713,0.6,,,,,,,,
24969,22714,115.268,,,,,,,,
24970,22715,3.052,,,,,,,,
24971,22716,0.628,,,,,,,,
24972,22717,4.163,,,,,,,,
24973,22718,0.6,,,,,,,,
24974,22719,,0.0,1.0,1978,"Its greatness is blunted by its length and one-sided point of view, but the film's weaknesses are overpowered by Michael Cimino's sympathetic direction and a series of heartbreaking performances from Robert De Niro, Meryl Streep, and Christopher Walken.",Certified-Fresh,93.0,,8.1
24975,22720,,1.0,0.0,1958,,Fresh,83.0,,7.6
24976,22721,0.6,,,,,,,,
24977,22722,0.65,,,,,,,,
24978,22723,0.6,,,,,,,,
24979,22724,5.33,,,,,,,,
24980,22725,0.6,,,,,,,,
24981,22726,0.76,,,,,,,,
24982,22726,0.6,,,,,,,,
24983,22727,7.43,,,,,,,,
24984,22728,0.6,,,,,,,,
24985,22729,2.194,,,,,,,,
24986,22730,2.567,,,,,,,,
24987,22731,2.731,,,,,,,,
24988,22731,2.25,,,,,,,,
24989,22731,0.82,,,,,,,,
24990,22731,0.6,,,,,,,,
24991,22731,0.6,,,,,,,,
24992,22732,0.6,,,,,,,,
24993,22733,1.642,,,,,,,,
24994,22734,0.6,,,,,,,,
24995,22735,1.35,,,,,,,,
24996,22736,1.4,,,,,,,,
24997,22737,0.6,,,,,,,,
24998,22738,1.905,,,,,,,,
24999,22739,1.457,,,,,,,,
25000,22740,1.843,,,,,,,,
25001,22741,1.913,,,,,,,,
25002,22742,0.6,,,,,,,,
25003,22743,5.418,,,,,,,,
25004,22744,0.695,,,,,,,,
25005,22745,0.6,,,,,,,,
25006,22746,1.646,,,,,,,,
25007,22747,2.179,,,,,,,,
25008,22748,0.6,,,,,,,,
25009,22749,3.889,,,,,,,,
25010,22750,0.6,,,,,,,,
25011,22751,0.68,,,,,,,,
25012,22752,1.17,,,,,,,,
25013,22753,9.694,,,,,,,,
25014,22754,9.468,,,,,,,,
25015,22755,7.952,,,,,,,,
25016,22756,,0.0,1.0,2006,"Featuring outstanding work from an excellent cast, The Departed is a thoroughly engrossing gangster drama with the gritty authenticity and soupy morality we come to expect from Martin Scorsese.",Certified-Fresh,91.0,,8.5
25017,22757,0.6,,,,,,,,
25018,22758,0.6,,,,,,,,
25019,22759,,1.0,0.0,2011,"Funny, moving, and beautifully acted, The Descendants captures the unpredictable messiness of life with eloquence and uncommon grace.",Certified-Fresh,88.0,,7.3
25020,22760,40.383,,,,,,,,
25021,22761,38.029,,,,,,,,
25022,22762,0.6,,,,,,,,
25023,22763,0.6,,,,,,,,
25024,22764,0.603,,,,,,,,
25025,22765,0.6,,,,,,,,
25026,22766,0.665,,,,,,,,
25027,22767,0.6,,,,,,,,
25028,22768,0.6,,,,,,,,
25029,22769,0.6,,,,,,,,
25030,22770,0.6,,,,,,,,
25031,22771,3.652,,,,,,,,
25032,22772,2.949,,,,,,,,
25033,22772,0.84,,,,,,,,
25034,22772,0.6,,,,,,,,
25035,22773,0.6,,,,,,,,
25036,22774,10.934,,,,,,,,
25037,22775,0.6,,,,,,,,
25038,22776,4.141,,,,,,,,
25039,22777,0.6,,,,,,,,
25040,22778,0.6,,,,,,,,
25041,22779,21.514,,,,,,,,
25042,22780,0.6,,,,,,,,
25043,22781,0.624,,,,,,,,
25044,22782,0.6,,,,,,,,
25045,22783,0.825,,,,,,,,
25046,22783,0.6,,,,,,,,
25047,22784,7.122,,,,,,,,
25048,22785,0.6,,,,,,,,
25049,22786,1.997,,,,,,,,
25050,22787,5.13,,,,,,,,
25051,22788,6.053,,,,,,,,
25052,22789,0.602,,,,,,,,
25053,22790,0.6,,,,,,,,
25054,22791,0.6,,,,,,,,
25055,22792,0.6,,,,,,,,
25056,22793,0.773,,,,,,,,
25057,22794,0.6,,,,,,,,
25058,22795,1.434,,,,,,,,
25059,22796,0.6,,,,,,,,
25060,22797,0.6,,,,,,,,
25061,22798,35.073,,,,,,,,
25062,22799,0.6,,,,,,,,
25063,22800,16.774,,,,,,,,
25064,22801,0.6,,,,,,,,
25065,22802,1.4,,,,,,,,
25066,22803,1.304,,,,,,,,
25067,22804,3.263,,,,,,,,
25068,22805,0.6,,,,,,,,
25069,22806,8.581,,,,,,,,
25070,22807,5.414,,,,,,,,
25071,22808,4.842,,,,,,,,
25072,22809,4.009,,,,,,,,
25073,22809,2.154,,,,,,,,
25074,22810,0.6,,,,,,,,
25075,22811,2.685,,,,,,,,
25076,22812,1.4,,,,,,,,
25077,22813,6.192,,,,,,,,
25078,22814,2.296,,,,,,,,
25079,22815,0.6,,,,,,,,
25080,22816,1.531,,,,,,,,
25081,22817,1.681,,,,,,,,
25082,22818,0.6,,,,,,,,
25083,22819,0.834,,,,,,,,
25084,22820,1.123,,,,,,,,
25085,22821,3.505,,,,,,,,
25086,22822,7.79,,,,,,,,
25087,22822,1.975,,,,,,,,
25088,22823,1.355,,,,,,,,
25089,22824,6.63,,,,,,,,
25090,22825,0.6,,,,,,,,
25091,22826,0.84,,,,,,,,
25092,22827,1.439,,,,,,,,
25093,22828,0.6,,,,,,,,
25094,22829,0.955,,,,,,,,
25095,22830,0.864,,,,,,,,
25096,22831,2.29,,,,,,,,
25097,22832,8.583,,,,,,,,
25098,22833,1.976,,,,,,,,
25099,22834,2.386,,,,,,,,
25100,22835,1.382,,,,,,,,
25101,22836,0.941,,,,,,,,
25102,22837,1.091,,,,,,,,
25103,22838,0.6,,,,,,,,
25104,22839,1.399,,,,,,,,
25105,22840,4.302,,,,,,,,
25106,22841,0.6,,,,,,,,
25107,22842,0.6,,,,,,,,
25108,22843,0.6,,,,,,,,
25109,22844,0.6,,,,,,,,
25110,22845,0.6,,,,,,,,
25111,22846,2.431,,,,,,,,
25112,22847,6.308,,,,,,,,
25113,22848,16.424,,,,,,,,
25114,22849,2.106,,,,,,,,
25115,22850,7.114,,,,,,,,
25116,22851,0.6,,,,,,,,
25117,22852,0.6,,,,,,,,
25118,22853,0.741,,,,,,,,
25119,22854,0.6,,,,,,,,
25120,22855,2.533,,,,,,,,
25121,22856,2.356,,,,,,,,
25122,22857,10.384,,,,,,,,
25123,22858,1.988,,,,,,,,
25124,22859,0.716,,,,,,,,
25125,22860,2.957,,,,,,,,
25126,22861,1.565,,,,,,,,
25127,22862,0.752,,,,,,,,
25128,22863,0.6,,,,,,,,
25129,22864,0.822,,,,,,,,
25130,22865,0.6,,,,,,,,
25131,22866,0.6,,,,,,,,
25132,22867,3.433,,,,,,,,
25133,22868,1.85,,,,,,,,
25134,22869,7.127,,,,,,,,
25135,22869,0.906,,,,,,,,
25136,22870,1.147,,,,,,,,
25137,22871,4.355,,,,,,,,
25138,22872,,1.0,0.0,1959,,Fresh,79.0,,7.4
25139,22873,5.786,,,,,,,,
25140,22874,0.6,,,,,,,,
25141,22875,0.6,,,,,,,,
25142,22876,1.481,,,,,,,,
25143,22877,4.672,,,,,,,,
25144,22878,47.421,,,,,,,,
25145,22879,0.631,,,,,,,,
25146,22880,,,,,,,,,
25147,22881,0.6,,,,,,,,
25148,22882,0.6,,,,,,,,
25149,22883,0.6,,,,,,,,
25150,22884,1.332,,,,,,,,
25151,22885,3.975,,,,,,,,
25152,22885,1.656,,,,,,,,
25153,22885,0.6,,,,,,,,
25154,22886,11.596,,,,,,,,
25155,22887,1.541,,,,,,,,
25156,22888,0.818,,,,,,,,
25157,22889,0.827,,,,,,,,
25158,22890,0.6,,,,,,,,
25159,22891,0.6,,,,,,,,
25160,22892,0.6,,,,,,,,
25161,22893,0.6,,,,,,,,
25162,22894,0.6,,,,,,,,
25163,22894,0.6,,,,,,,,
25164,22895,0.6,,,,,,,,
25165,22896,14.143,,,,,,,,
25166,22897,23.732,,,,,,,,
25167,22898,1.314,,,,,,,,
25168,22899,0.6,,,,,,,,
25169,22900,8.255,,,,,,,,
25170,22901,3.034,,,,,,,,
25171,22902,2.397,,,,,,,,
25172,22903,0.6,,,,,,,,
25173,22904,3.793,,,,,,,,
25174,22905,0.6,,,,,,,,
25175,22906,5.12,,,,,,,,
25176,22906,1.576,,,,,,,,
25177,22906,1.151,,,,,,,,
25178,22906,0.6,,,,,,,,
25179,22907,3.901,,,,,,,,
25180,22908,2.792,,,,,,,,
25181,22909,0.6,,,,,,,,
25182,22910,3.807,,,,,,,,
25183,22911,1.952,,,,,,,,
25184,22912,0.6,,,,,,,,
25185,22913,0.961,,,,,,,,
25186,22913,0.875,,,,,,,,
25187,22913,0.6,,,,,,,,
25188,22914,2.121,,,,,,,,
25189,22915,1.75,,,,,,,,
25190,22916,0.6,,,,,,,,
25191,22917,16.565,,,,,,,,
25192,22918,1.286,,,,,,,,
25193,22919,0.6,,,,,,,,
25194,22920,3.089,,,,,,,,
25195,22921,1.547,,,,,,,,
25196,22921,0.875,,,,,,,,
25197,22921,0.6,,,,,,,,
25198,22921,0.6,,,,,,,,
25199,22921,0.6,,,,,,,,
25200,22921,0.6,,,,,,,,
25201,22921,0.6,,,,,,,,
25202,22922,0.6,,,,,,,,
25203,22923,2.031,,,,,,,,
25204,22924,0.725,,,,,,,,
25205,22925,0.6,,,,,,,,
25206,22926,0.6,,,,,,,,
25207,22927,0.6,,,,,,,,
25208,22928,0.6,,,,,,,,
25209,22929,3.922,,,,,,,,
25210,22930,2.623,,,,,,,,
25211,22931,0.884,,,,,,,,
25212,22932,2.056,,,,,,,,
25213,22933,0.6,,,,,,,,
25214,22934,0.6,,,,,,,,
25215,22935,0.6,,,,,,,,
25216,22936,0.6,,,,,,,,
25217,22937,1.645,,,,,,,,
25218,22938,0.6,,,,,,,,
25219,22939,0.6,,,,,,,,
25220,22940,0.6,,,,,,,,
25221,22941,9.063,,,,,,,,
25222,22942,0.6,,,,,,,,
25223,22943,0.6,,,,,,,,
25224,22944,0.6,,,,,,,,
25225,22945,0.84,,,,,,,,
25226,22946,0.6,,,,,,,,
25227,22947,0.6,,,,,,,,
25228,22948,,1.0,0.0,1983,,Fresh,100.0,,7.6
25229,22949,2.724,,,,,,,,
25230,22950,0.6,,,,,,,,
25231,22951,1.104,,,,,,,,
25232,22952,2.133,,,,,,,,
25233,22953,12.579,,,,,,,,
25234,22954,8.271,,,,,,,,
25235,22955,0.6,,,,,,,,
25236,22956,2.311,,,,,,,,
25237,22957,3.942,,,,,,,,
25238,22958,0.6,,,,,,,,
25239,22959,0.612,,,,,,,,
25240,22960,0.6,,,,,,,,
25241,22961,0.636,,,,,,,,
25242,22962,0.6,,,,,,,,
25243,22963,1.214,,,,,,,,
25244,22964,2.448,,,,,,,,
25245,22965,4.145,,,,,,,,
25246,22966,0.876,,,,,,,,
25247,22967,6.026,,,,,,,,
25248,22967,3.648,,,,,,,,
25249,22968,0.877,,,,,,,,
25250,22969,0.67,,,,,,,,
25251,22970,0.846,,,,,,,,
25252,22971,2.21,,,,,,,,
25253,22972,0.6,,,,,,,,
25254,22973,1.562,,,,,,,,
25255,22974,1.884,,,,,,,,
25256,22975,0.6,,,,,,,,
25257,22976,0.6,,,,,,,,
25258,22977,0.6,,,,,,,,
25259,22978,2.866,,,,,,,,
25260,22979,11.772,,,,,,,,
25261,22979,1.483,,,,,,,,
25262,22980,0.6,,,,,,,,
25263,22981,4.516,,,,,,,,
25264,22982,0.74,,,,,,,,
25265,22983,1.487,,,,,,,,
25266,22984,0.6,,,,,,,,
25267,22985,7.152,,,,,,,,
25268,22986,1.132,,,,,,,,
25269,22987,0.901,,,,,,,,
25270,22988,0.6,,,,,,,,
25271,22989,0.6,,,,,,,,
25272,22990,2.032,,,,,,,,
25273,22991,4.891,,,,,,,,
25274,22992,0.6,,,,,,,,
25275,22993,0.6,,,,,,,,
25276,22994,0.6,,,,,,,,
25277,22995,,1.0,0.0,1980,"David Lynch's relatively straight second feature finds an admirable synthesis of compassion and restraint in treating its subject, and features outstanding performances by John Hurt and Anthony Hopkins.",Certified-Fresh,92.0,,8.1
25278,22996,0.6,,,,,,,,
25279,22996,0.6,,,,,,,,
25280,22997,2.631,,,,,,,,
25281,22998,0.6,,,,,,,,
25282,22999,0.743,,,,,,,,
25283,23000,1.194,,,,,,,,
25284,23001,1.179,,,,,,,,
25285,23002,1.921,,,,,,,,
25286,23003,1.34,,,,,,,,
25287,23004,0.6,,,,,,,,
25288,23005,2.495,,,,,,,,
25289,23006,1.017,,,,,,,,
25290,23007,1.926,,,,,,,,
25291,23008,33.239,,,,,,,,
25292,23009,0.6,,,,,,,,
25293,23010,0.6,,,,,,,,
25294,23011,0.6,,,,,,,,
25295,23012,37.25,,,,,,,,
25296,23013,0.737,,,,,,,,
25297,23014,0.7,,,,,,,,
25298,23015,1.807,,,,,,,,
25299,23016,0.6,,,,,,,,
25300,23017,3.235,,,,,,,,
25301,23018,0.6,,,,,,,,
25302,23019,0.905,,,,,,,,
25303,23020,0.6,,,,,,,,
25304,23021,0.6,,,,,,,,
25305,23022,1.497,,,,,,,,
25306,23023,0.6,,,,,,,,
25307,23024,0.6,,,,,,,,
25308,23025,0.6,,,,,,,,
25309,23026,7.633,,,,,,,,
25310,23027,17.941,,,,,,,,
25311,23028,1.986,,,,,,,,
25312,23028,0.6,,,,,,,,
25313,23029,1.264,,,,,,,,
25314,23030,,0.0,1.0,1996,"Though it suffers from excessive length and ambition, director Minghella's adaptation of the Michael Ondaatje novel is complex, powerful, and moving.",Certified-Fresh,85.0,,7.4
25315,23031,0.6,,,,,,,,
25316,23032,0.626,,,,,,,,
25317,23033,13.169,,,,,,,,
25318,23033,2.88,,,,,,,,
25319,23034,2.121,,,,,,,,
25320,23035,2.255,,,,,,,,
25321,23036,0.6,,,,,,,,
25322,23037,4.653,,,,,,,,
25323,23038,0.84,,,,,,,,
25324,23039,0.6,,,,,,,,
25325,23040,3.886,,,,,,,,
25326,23041,3.882,,,,,,,,
25327,23042,1.994,,,,,,,,
25328,23043,1.107,,,,,,,,
25329,23044,2.144,,,,,,,,
25330,23045,1.171,,,,,,,,
25331,23046,0.6,,,,,,,,
25332,23047,0.6,,,,,,,,
25333,23048,1.793,,,,,,,,
25334,23049,1.295,,,,,,,,
25335,23050,3.68,,,,,,,,
25336,23050,0.6,,,,,,,,
25337,23051,0.6,,,,,,,,
25338,23052,5.536,,,,,,,,
25339,23053,0.6,,,,,,,,
25340,23054,0.6,,,,,,,,
25341,23055,2.386,,,,,,,,
25342,23056,1.01,,,,,,,,
25343,23056,0.6,,,,,,,,
25344,23057,2.362,,,,,,,,
25345,23058,4.703,,,,,,,,
25346,23058,0.6,,,,,,,,
25347,23059,1.792,,,,,,,,
25348,23060,0.6,,,,,,,,
25349,23061,1.5,,,,,,,,
25350,23062,0.6,,,,,,,,
25351,23063,46.079,,,,,,,,
25352,23064,0.647,,,,,,,,
25353,23065,1.617,,,,,,,,
25354,23066,1.893,,,,,,,,
25355,23067,0.6,,,,,,,,
25356,23068,0.6,,,,,,,,
25357,23069,1.478,,,,,,,,
25358,23070,0.6,,,,,,,,
25359,23071,0.6,,,,,,,,
25360,23072,0.852,,,,,,,,
25361,23073,0.6,,,,,,,,
25362,23074,0.627,,,,,,,,
25363,23075,2.673,,,,,,,,
25364,23076,6.4,,,,,,,,
25365,23076,0.6,,,,,,,,
25366,23077,0.6,,,,,,,,
25367,23078,1.895,,,,,,,,
25368,23079,8.264,,,,,,,,
25369,23080,0.6,,,,,,,,
25370,23081,0.6,,,,,,,,
25371,23082,5.586,,,,,,,,
25372,23083,0.848,,,,,,,,
25373,23084,0.6,,,,,,,,
25374,23085,0.6,,,,,,,,
25375,23086,20.13,,,,,,,,
25376,23087,0.6,,,,,,,,
25377,23088,0.6,,,,,,,,
25378,23088,0.6,,,,,,,,
25379,23089,0.6,,,,,,,,
25380,23090,3.668,,,,,,,,
25381,23091,0.6,,,,,,,,
25382,23092,2.698,,,,,,,,
25383,23093,0.6,,,,,,,,
25384,23094,0.6,,,,,,,,
25385,23095,14.001,,,,,,,,
25386,23096,86.707,,,,,,,,
25387,23097,52.675,,,,,,,,
25388,23098,537.252,,,,,,,,
25389,23099,1.422,,,,,,,,
25390,23100,17.97,,,,,,,,
25391,23101,101.991,1.0,0.0,1973,"The Exorcist rides its supernatural theme to magical effect, with remarkable special effects and an eerie atmosphere, resulting in one of the scariest films of all time.",Certified-Fresh,83.0,,8.0
25392,23102,37.903,,,,,,,,
25393,23103,0.836,,,,,,,,
25394,23104,0.768,,,,,,,,
25395,23105,0.6,,,,,,,,
25396,23106,1.262,,,,,,,,
25397,23107,0.6,,,,,,,,
25398,23108,0.644,,,,,,,,
25399,23109,21.115,,,,,,,,
25400,23109,10.319,,,,,,,,
25401,23109,0.739,,,,,,,,
25402,23110,10.44,,,,,,,,
25403,23111,8.842,,,,,,,,
25404,23112,2.152,,,,,,,,
25405,23113,0.6,,,,,,,,
25406,23114,0.833,,,,,,,,
25407,23115,0.6,,,,,,,,
25408,23116,0.6,,,,,,,,
25409,23117,10.396,,,,,,,,
25410,23118,0.6,,,,,,,,
25411,23119,1.126,,,,,,,,
25412,23120,0.951,,,,,,,,
25413,23121,1.4,,,,,,,,
25414,23121,0.69,,,,,,,,
25415,23122,0.6,,,,,,,,
25416,23123,1.36,,,,,,,,
25417,23124,3.623,,,,,,,,
25418,23125,1.138,,,,,,,,
25419,23126,0.6,,,,,,,,
25420,23127,3.146,,,,,,,,
25421,23128,0.6,,,,,,,,
25422,23129,0.6,,,,,,,,
25423,23130,17.951,,,,,,,,
25424,23131,0.6,,,,,,,,
25425,23132,4.185,,,,,,,,
25426,23133,0.6,,,,,,,,
25427,23134,1.27,,,,,,,,
25428,23135,1.499,,,,,,,,
25429,23136,2.131,,,,,,,,
25430,23137,0.622,,,,,,,,
25431,23138,0.6,,,,,,,,
25432,23139,1.776,,,,,,,,
25433,23140,1.387,,,,,,,,
25434,23140,0.97,,,,,,,,
25435,23140,0.661,,,,,,,,
25436,23140,0.6,,,,,,,,
25437,23141,0.6,,,,,,,,
25438,23142,4.446,,,,,,,,
25439,23143,2.635,,,,,,,,
25440,23144,1.017,,,,,,,,
25441,23144,0.6,,,,,,,,
25442,23145,0.6,,,,,,,,
25443,23146,0.6,,,,,,,,
25444,23147,2.975,,,,,,,,
25445,23147,1.11,,,,,,,,
25446,23148,8.105,,,,,,,,
25447,23148,2.977,,,,,,,,
25448,23149,0.6,,,,,,,,
25449,23150,1.4,,,,,,,,
25450,23151,0.86,,,,,,,,
25451,23152,0.6,,,,,,,,
25452,23153,1.389,,,,,,,,
25453,23154,0.6,,,,,,,,
25454,23155,3.588,,,,,,,,
25455,23155,1.116,,,,,,,,
25456,23156,18.139,,,,,,,,
25457,23156,0.6,,,,,,,,
25458,23156,0.6,,,,,,,,
25459,23156,0.6,,,,,,,,
25460,23157,0.849,,,,,,,,
25461,23158,0.6,,,,,,,,
25462,23159,1.025,,,,,,,,
25463,23160,0.946,,,,,,,,
25464,23161,0.679,,,,,,,,
25465,23162,0.6,,,,,,,,
25466,23163,0.613,,,,,,,,
25467,23164,,,,,,,,,
25468,23165,,1.0,0.0,2018,"The Favourite sees Yorgos Lanthimos balancing a period setting against rich, timely subtext - and getting roundly stellar performances from his well-chosen stars.",Certified-Fresh,93.0,,7.5
25469,23166,3.234,,,,,,,,
25470,23167,3.256,,,,,,,,
25471,23168,2.695,,,,,,,,
25472,23169,2.496,,,,,,,,
25473,23170,1.984,,,,,,,,
25474,23171,0.6,,,,,,,,
25475,23172,3.317,,,,,,,,
25476,23173,0.716,,,,,,,,
25477,23174,4.027,,,,,,,,
25478,23175,12.053,,,,,,,,
25479,23176,0.696,,,,,,,,
25480,23177,0.765,,,,,,,,
25481,23178,0.622,,,,,,,,
25482,23179,3.729,,,,,,,,
25483,23179,2.267,,,,,,,,
25484,23180,0.6,,,,,,,,
25485,23181,0.745,,,,,,,,
25486,23182,1.5,,,,,,,,
25487,23183,0.6,,,,,,,,
25488,23184,1.314,,,,,,,,
25489,23185,0.6,,,,,,,,
25490,23186,0.6,,,,,,,,
25491,23187,1.177,,,,,,,,
25492,23188,3.196,,,,,,,,
25493,23188,1.261,,,,,,,,
25494,23189,0.6,,,,,,,,
25495,23190,0.6,,,,,,,,
25496,23191,0.6,,,,,,,,
25497,23192,7.437,,,,,,,,
25498,23193,2.74,,,,,,,,
25499,23194,2.24,,,,,,,,
25500,23195,3.364,,,,,,,,
25501,23196,0.6,,,,,,,,
25502,23197,5.148,,,,,,,,
25503,23198,,,,,,,,,
25504,23199,1.675,,,,,,,,
25505,23200,0.6,,,,,,,,
25506,23201,0.6,,,,,,,,
25507,23202,,1.0,0.0,2010,"Led by a trio of captivating performances from Mark Wahlberg, Christian Bale, and Amy Adams, The Fighter is a solidly entertaining, albeit predictable, entry in the boxing drama genre.",Certified-Fresh,90.0,,7.8
25508,23203,0.6,,,,,,,,
25509,23204,2.159,,,,,,,,
25510,23205,19.573,,,,,,,,
25511,23206,53.023,,,,,,,,
25512,23207,0.849,,,,,,,,
25513,23208,0.6,,,,,,,,
25514,23209,14.058,,,,,,,,
25515,23210,0.601,,,,,,,,
25516,23211,0.6,,,,,,,,
25517,23212,2.674,,,,,,,,
25518,23213,0.6,,,,,,,,
25519,23214,0.718,,,,,,,,
25520,23215,0.6,,,,,,,,
25521,23216,2.098,,,,,,,,
25522,23217,2.911,,,,,,,,
25523,23217,0.974,,,,,,,,
25524,23218,2.58,,,,,,,,
25525,23219,4.542,,,,,,,,
25526,23220,0.6,,,,,,,,
25527,23221,17.056,,,,,,,,
25528,23222,1.176,,,,,,,,
25529,23223,0.877,,,,,,,,
25530,23224,0.633,,,,,,,,
25531,23225,6.447,,,,,,,,
25532,23226,108.11,,,,,,,,
25533,23227,0.6,,,,,,,,
25534,23228,0.6,,,,,,,,
25535,23229,0.84,,,,,,,,
25536,23230,0.775,,,,,,,,
25537,23231,0.6,,,,,,,,
25538,23232,1.01,,,,,,,,
25539,23233,1.496,,,,,,,,
25540,23234,4.089,,,,,,,,
25541,23235,0.6,,,,,,,,
25542,23236,0.6,,,,,,,,
25543,23237,0.6,,,,,,,,
25544,23238,0.6,,,,,,,,
25545,23239,2.236,,,,,,,,
25546,23240,0.6,,,,,,,,
25547,23241,2.411,,,,,,,,
25548,23242,2.737,,,,,,,,
25549,23243,0.602,,,,,,,,
25550,23244,0.6,,,,,,,,
25551,23245,5.317,,,,,,,,
25552,23246,0.808,,,,,,,,
25553,23247,0.859,,,,,,,,
25554,23248,,,,,,,,,
25555,23249,1.209,,,,,,,,
25556,23250,1.09,,,,,,,,
25557,23251,24.061,,,,,,,,
25558,23251,14.889,,,,,,,,
25559,23252,15.288,,,,,,,,
25560,23253,0.6,,,,,,,,
25561,23254,0.6,,,,,,,,
25562,23255,0.904,,,,,,,,
25563,23256,26.999,,,,,,,,
25564,23256,21.112,,,,,,,,
25565,23257,1.4,,,,,,,,
25566,23258,0.6,,,,,,,,
25567,23259,25.835,,,,,,,,
25568,23260,1.043,,,,,,,,
25569,23260,0.6,,,,,,,,
25570,23260,0.6,,,,,,,,
25571,23261,5.139,,,,,,,,
25572,23262,1.06,,,,,,,,
25573,23263,3.895,,,,,,,,
25574,23264,3.039,,,,,,,,
25575,23265,0.6,,,,,,,,
25576,23266,1.691,,,,,,,,
25577,23267,0.6,,,,,,,,
25578,23268,1.444,,,,,,,,
25579,23269,22.17,,,,,,,,
25580,23269,3.496,,,,,,,,
25581,23269,1.4,,,,,,,,
25582,23269,1.142,,,,,,,,
25583,23269,0.624,,,,,,,,
25584,23269,0.6,,,,,,,,
25585,23270,0.6,,,,,,,,
25586,23271,0.6,,,,,,,,
25587,23272,1.963,,,,,,,,
25588,23273,0.775,,,,,,,,
25589,23274,198.269,,,,,,,,
25590,23275,0.782,,,,,,,,
25591,23276,3.167,,,,,,,,
25592,23276,0.6,,,,,,,,
25593,23276,0.6,,,,,,,,
25594,23277,0.6,,,,,,,,
25595,23278,9.665,,,,,,,,
25596,23279,0.6,,,,,,,,
25597,23280,1.697,,,,,,,,
25598,23281,9.502,,,,,,,,
25599,23281,0.606,,,,,,,,
25600,23282,0.6,,,,,,,,
25601,23283,0.6,,,,,,,,
25602,23284,0.784,,,,,,,,
25603,23285,1.339,,,,,,,,
25604,23286,1.492,,,,,,,,
25605,23287,0.6,,,,,,,,
25606,23288,0.99,,,,,,,,
25607,23288,0.6,,,,,,,,
25608,23289,0.675,,,,,,,,
25609,23290,0.643,,,,,,,,
25610,23291,0.6,,,,,,,,
25611,23292,1.43,,,,,,,,
25612,23293,0.6,,,,,,,,
25613,23294,3.265,,,,,,,,
25614,23295,3.533,,,,,,,,
25615,23296,0.6,,,,,,,,
25616,23297,0.889,,,,,,,,
25617,23298,2.683,,,,,,,,
25618,23299,3.927,,,,,,,,
25619,23300,1.354,,,,,,,,
25620,23301,0.6,,,,,,,,
25621,23302,,0.0,1.0,1971,"Realistic, fast-paced and uncommonly smart, The French Connection is bolstered by stellar performances by Gene Hackman and Roy Scheider, not to mention William Friedkin's thrilling production.",Certified-Fresh,98.0,,7.7
25622,23303,0.6,,,,,,,,
25623,23304,4.542,,,,,,,,
25624,23305,1.386,,,,,,,,
25625,23306,0.6,,,,,,,,
25626,23306,0.6,,,,,,,,
25627,23307,0.6,,,,,,,,
25628,23308,0.673,,,,,,,,
25629,23309,0.6,,,,,,,,
25630,23310,19.365,,,,,,,,
25631,23311,2.867,,,,,,,,
25632,23312,0.6,,,,,,,,
25633,23313,3.678,,,,,,,,
25634,23314,2.791,,,,,,,,
25635,23315,0.6,,,,,,,,
25636,23316,,1.0,0.0,1993,"Exhilarating and intense, this high-impact chase thriller is a model of taut and efficient formula filmmaking, and it features Harrison Ford at his frantic best.",Certified-Fresh,96.0,,7.8
25637,23317,0.6,,,,,,,,
25638,23318,,1.0,0.0,1997,"Cheeky and infectiously good-natured, The Full Monty bares its big beating heart with a sly dose of ribald comedy.",Certified-Fresh,96.0,,7.2
25639,23319,1.294,,,,,,,,
25640,23320,1.4,,,,,,,,
25641,23321,56.856,,,,,,,,
25642,23322,0.6,,,,,,,,
25643,23323,12.639,,,,,,,,
25644,23324,6.844,,,,,,,,
25645,23325,0.6,,,,,,,,
25646,23326,16.232,,,,,,,,
25647,23326,0.876,,,,,,,,
25648,23327,1.433,,,,,,,,
25649,23328,12.011,,,,,,,,
25650,23329,0.912,,,,,,,,
25651,23330,2.02,,,,,,,,
25652,23331,0.951,,,,,,,,
25653,23332,3.085,,,,,,,,
25654,23333,0.6,,,,,,,,
25655,23334,0.85,,,,,,,,
25656,23335,0.6,,,,,,,,
25657,23336,2.232,,,,,,,,
25658,23337,18.548,,,,,,,,
25659,23338,8.799,,,,,,,,
25660,23339,2.253,,,,,,,,
25661,23339,0.71,,,,,,,,
25662,23340,0.6,,,,,,,,
25663,23341,0.6,,,,,,,,
25664,23342,0.6,,,,,,,,
25665,23343,0.6,,,,,,,,
25666,23344,1.493,,,,,,,,
25667,23345,1.365,,,,,,,,
25668,23346,0.6,,,,,,,,
25669,23347,3.907,,,,,,,,
25670,23348,0.845,,,,,,,,
25671,23349,0.6,,,,,,,,
25672,23350,2.282,,,,,,,,
25673,23350,0.6,,,,,,,,
25674,23350,0.6,,,,,,,,
25675,23350,0.6,,,,,,,,
25676,23350,0.6,,,,,,,,
25677,23351,0.901,,,,,,,,
25678,23351,0.664,,,,,,,,
25679,23352,1.956,,,,,,,,
25680,23353,1.132,,,,,,,,
25681,23354,10.085,,,,,,,,
25682,23355,0.6,,,,,,,,
25683,23356,2.298,,,,,,,,
25684,23357,0.6,,,,,,,,
25685,23358,0.6,,,,,,,,
25686,23359,0.6,,,,,,,,
25687,23360,0.772,,,,,,,,
25688,23361,6.857,,,,,,,,
25689,23361,0.6,,,,,,,,
25690,23361,0.6,,,,,,,,
25691,23362,4.299,,,,,,,,
25692,23363,1.686,,,,,,,,
25693,23364,,1.0,0.0,1934,,Fresh,93.0,,7.5
25694,23365,0.728,,,,,,,,
25695,23365,0.6,,,,,,,,
25696,23365,0.6,,,,,,,,
25697,23366,0.654,,,,,,,,
25698,23367,,,,,,,,,
25699,23368,,,,,,,,,
25700,23369,2.471,,,,,,,,
25701,23370,1.05,,,,,,,,
25702,23370,0.6,,,,,,,,
25703,23371,1.313,,,,,,,,
25704,23372,3.543,,,,,,,,
25705,23372,1.471,,,,,,,,
25706,23372,0.6,,,,,,,,
25707,23372,0.6,,,,,,,,
25708,23373,3.005,,,,,,,,
25709,23374,1.273,,,,,,,,
25710,23375,1.21,,,,,,,,
25711,23376,0.6,,,,,,,,
25712,23377,1.641,,,,,,,,
25713,23378,0.6,,,,,,,,
25714,23379,0.6,,,,,,,,
25715,23380,0.6,,,,,,,,
25716,23381,3.86,,,,,,,,
25717,23382,1.1,,,,,,,,
25718,23383,0.6,,,,,,,,
25719,23384,0.6,,,,,,,,
25720,23385,2.041,,,,,,,,
25721,23386,0.6,,,,,,,,
25722,23387,0.94,,,,,,,,
25723,23388,1.237,,,,,,,,
25724,23389,0.904,,,,,,,,
25725,23390,1.076,,,,,,,,
25726,23391,1.0,,,,,,,,
25727,23391,0.6,,,,,,,,
25728,23392,0.986,,,,,,,,
25729,23393,0.645,,,,,,,,
25730,23394,0.771,,,,,,,,
25731,23395,23.769,,,,,,,,
25732,23396,0.6,,,,,,,,
25733,23397,0.6,,,,,,,,
25734,23398,2.199,,,,,,,,
25735,23399,0.6,,,,,,,,
25736,23400,0.6,,,,,,,,
25737,23401,0.6,,,,,,,,
25738,23402,0.84,,,,,,,,
25739,23403,0.6,,,,,,,,
25740,23404,2.223,,,,,,,,
25741,23405,3.246,,,,,,,,
25742,23406,2.466,,,,,,,,
25743,23407,0.6,,,,,,,,
25744,23408,0.6,,,,,,,,
25745,23409,0.624,,,,,,,,
25746,23410,0.6,,,,,,,,
25747,23410,0.6,,,,,,,,
25748,23411,0.6,,,,,,,,
25749,23412,0.6,,,,,,,,
25750,23413,0.6,,,,,,,,
25751,23414,0.6,,,,,,,,
25752,23415,5.444,,,,,,,,
25753,23416,0.6,,,,,,,,
25754,23417,0.649,,,,,,,,
25755,23418,0.873,,,,,,,,
25756,23419,0.6,,,,,,,,
25757,23420,3.732,,,,,,,,
25758,23421,1.228,,,,,,,,
25759,23422,1.734,,,,,,,,
25760,23423,0.626,,,,,,,,
25761,23424,1.679,,,,,,,,
25762,23425,0.6,,,,,,,,
25763,23426,1.663,,,,,,,,
25764,23427,2.128,,,,,,,,
25765,23428,0.6,,,,,,,,
25766,23429,5.163,,,,,,,,
25767,23430,4.896,,,,,,,,
25768,23431,3.89,,,,,,,,
25769,23432,0.6,,,,,,,,
25770,23433,0.6,,,,,,,,
25771,23434,1.184,,,,,,,,
25772,23435,8.957,,,,,,,,
25773,23436,16.743,,,,,,,,
25774,23436,0.6,,,,,,,,
25775,23437,0.6,,,,,,,,
25776,23438,1.4,,,,,,,,
25777,23439,0.6,,,,,,,,
25778,23440,6.33,,,,,,,,
25779,23441,0.843,,,,,,,,
25780,23442,0.6,,,,,,,,
25781,23443,12.616,,,,,,,,
25782,23444,0.698,,,,,,,,
25783,23445,6.783,,,,,,,,
25784,23446,8.162,,,,,,,,
25785,23447,0.6,,,,,,,,
25786,23448,2.609,,,,,,,,
25787,23448,0.713,,,,,,,,
25788,23449,0.787,,,,,,,,
25789,23450,1.683,,,,,,,,
25790,23451,1.519,,,,,,,,
25791,23452,1.642,,,,,,,,
25792,23453,0.6,,,,,,,,
25793,23454,6.777,,,,,,,,
25794,23455,1.702,,,,,,,,
25795,23455,0.6,,,,,,,,
25796,23456,28.45,,,,,,,,
25797,23457,0.979,,,,,,,,
25798,23458,1.4,,,,,,,,
25799,23459,0.6,,,,,,,,
25800,23460,0.6,,,,,,,,
25801,23461,,,,,,,,,
25802,23462,1.338,,,,,,,,
25803,23463,0.6,,,,,,,,
25804,23464,0.6,,,,,,,,
25805,23465,1.075,,,,,,,,
25806,23466,0.6,,,,,,,,
25807,23467,0.6,,,,,,,,
25808,23468,0.6,,,,,,,,
25809,23469,2.143,,,,,,,,
25810,23470,0.6,,,,,,,,
25811,23471,0.6,,,,,,,,
25812,23472,1.737,,,,,,,,
25813,23473,0.768,,,,,,,,
25814,23474,0.6,,,,,,,,
25815,23475,1.561,,,,,,,,
25816,23476,,0.0,1.0,1972,"One of Hollywood's greatest critical and commercial successes, The Godfather gets everything right; not only did the movie transcend expectations, it established new benchmarks for American cinema.",Certified-Fresh,98.0,,9.2
25817,23477,,,,,,,,,
25818,23478,,,,,,,,,
25819,23479,1.537,,,,,,,,
25820,23480,0.6,,,,,,,,
25821,23481,2.753,,,,,,,,
25822,23482,,,,,,,,,
25823,23483,0.84,,,,,,,,
25824,23484,0.6,,,,,,,,
25825,23485,17.391,,,,,,,,
25826,23486,0.841,,,,,,,,
25827,23487,1.259,,,,,,,,
25828,23488,0.986,,,,,,,,
25829,23489,13.913,,,,,,,,
25830,23490,10.105,,,,,,,,
25831,23491,1.295,,,,,,,,
25832,23492,0.6,,,,,,,,
25833,23493,,1.0,0.0,1937,,Fresh,95.0,,7.5
25834,23494,0.979,,,,,,,,
25835,23495,10.501,,,,,,,,
25836,23496,0.6,,,,,,,,
25837,23496,0.6,,,,,,,,
25838,23497,1.742,,,,,,,,
25839,23498,13.144,,,,,,,,
25840,23499,0.886,,,,,,,,
25841,23500,,1.0,0.0,1977,,Fresh,84.0,,7.4
25842,23501,,,,,,,,,
25843,23502,3.917,,,,,,,,
25844,23503,9.478,,,,,,,,
25845,23504,1.176,,,,,,,,
25846,23505,0.6,,,,,,,,
25847,23506,6.124,,,,,,,,
25848,23507,,1.0,0.0,1967,"The music, the performances, the precision in capturing the post-college malaise -- The Graduate's coming-of-age story is indeed one for the ages.",Certified-Fresh,87.0,,8.0
25849,23508,,1.0,0.0,2014,"Typically stylish but deceptively thoughtful, The Grand Budapest Hotel finds Wes Anderson once again using ornate visual environments to explore deeply emotional ideas.",Certified-Fresh,91.0,,8.1
25850,23509,0.6,,,,,,,,
25851,23510,381.305,,,,,,,,
25852,23510,6.625,,,,,,,,
25853,23510,0.6,,,,,,,,
25854,23511,2.84,,,,,,,,
25855,23512,1.372,,,,,,,,
25856,23513,4.27,,,,,,,,
25857,23514,,1.0,0.0,1940,"A potent drama that is as socially important today as when it was made, The Grapes of Wrath is affecting, moving, and deservedly considered an American classic.",Certified-Fresh,100.0,,8.1
25858,23515,0.6,,,,,,,,
25859,23516,0.884,,,,,,,,
25860,23517,0.6,,,,,,,,
25861,23518,1.4,,,,,,,,
25862,23519,9.173,,,,,,,,
25863,23520,0.607,,,,,,,,
25864,23520,0.6,,,,,,,,
25865,23520,0.6,,,,,,,,
25866,23521,3.393,,,,,,,,
25867,23522,1.467,,,,,,,,
25868,23523,0.6,,,,,,,,
25869,23524,0.696,,,,,,,,
25870,23525,0.6,,,,,,,,
25871,23526,7.265,,,,,,,,
25872,23527,0.873,,,,,,,,
25873,23528,6.479,,,,,,,,
25874,23529,2.943,,,,,,,,
25875,23530,0.6,,,,,,,,
25876,23531,0.609,,,,,,,,
25877,23532,0.6,,,,,,,,
25878,23533,1.815,,,,,,,,
25879,23534,0.6,,,,,,,,
25880,23535,,1.0,0.0,1940,"Charlie Chaplin demonstrates that his comedic voice is undiminished by dialogue in this rousing satire of tyranny, which may be more distinguished by its uplifting humanism than its gags.",Certified-Fresh,93.0,,8.4
25881,23536,,,,,,,,,
25882,23537,0.6,,,,,,,,
25883,23538,4.803,,,,,,,,
25884,23539,2.392,,,,,,,,
25885,23540,0.6,,,,,,,,
25886,23541,0.6,,,,,,,,
25887,23542,0.876,,,,,,,,
25888,23543,,0.0,1.0,1936,"This biopic is undeniably stylish, but loses points for excessive length, an overreliance on clichés, and historical inaccuracies.",Fresh,62.0,,6.7
25889,23544,2.089,,,,,,,,
25890,23545,0.6,,,,,,,,
25891,23546,,0.0,1.0,1952,"The Greatest Show on Earth is melodramatic, short on plot, excessively lengthy and bogged down with clichés, but not without a certain innocent charm.",Rotten,42.0,,6.6
25892,23547,0.6,,,,,,,,
25893,23548,3.081,,,,,,,,
25894,23549,0.6,,,,,,,,
25895,23550,36.108,,,,,,,,
25896,23551,0.6,,,,,,,,
25897,23552,,1.0,0.0,1999,"Though The Green Mile is long, critics say it's an absorbing, emotionally powerful experience.",Certified-Fresh,78.0,,8.6
25898,23553,0.666,,,,,,,,
25899,23554,0.6,,,,,,,,
25900,23555,4.193,,,,,,,,
25901,23556,0.6,,,,,,,,
25902,23557,0.73,,,,,,,,
25903,23557,0.6,,,,,,,,
25904,23558,0.6,,,,,,,,
25905,23559,3.791,,,,,,,,
25906,23560,0.6,,,,,,,,
25907,23561,0.6,,,,,,,,
25908,23562,0.6,,,,,,,,
25909,23563,0.6,,,,,,,,
25910,23564,0.6,,,,,,,,
25911,23565,0.6,,,,,,,,
25912,23566,0.6,,,,,,,,
25913,23567,0.6,,,,,,,,
25914,23568,2.376,,,,,,,,
25915,23569,0.6,,,,,,,,
25916,23570,0.6,,,,,,,,
25917,23571,0.6,,,,,,,,
25918,23572,0.835,,,,,,,,
25919,23573,1.917,,,,,,,,
25920,23574,0.6,,,,,,,,
25921,23575,44.825,,,,,,,,
25922,23575,19.517,,,,,,,,
25923,23576,0.6,,,,,,,,
25924,23577,22.217,,,,,,,,
25925,23578,18.813,,,,,,,,
25926,23579,1.269,,,,,,,,
25927,23580,0.6,,,,,,,,
25928,23581,1.594,,,,,,,,
25929,23581,0.6,,,,,,,,
25930,23582,3.04,,,,,,,,
25931,23583,1.4,,,,,,,,
25932,23584,7.704,,,,,,,,
25933,23584,1.52,,,,,,,,
25934,23585,0.6,,,,,,,,
25935,23585,0.6,,,,,,,,
25936,23585,0.6,,,,,,,,
25937,23585,0.6,,,,,,,,
25938,23586,4.173,,,,,,,,
25939,23587,,1.0,0.0,1961,"Bolstered by a cast of memorable stars and an impressive sense of scale, The Guns of the Navarone fires with vivid characterization and entertaining spectacle.",Fresh,92.0,,7.5
25940,23588,4.229,,,,,,,,
25941,23589,2.313,,,,,,,,
25942,23590,0.6,,,,,,,,
25943,23591,0.6,,,,,,,,
25944,23592,2.448,,,,,,,,
25945,23593,0.6,,,,,,,,
25946,23594,1.4,,,,,,,,
25947,23595,2.891,,,,,,,,
25948,23596,16.338,,,,,,,,
25949,23597,0.6,,,,,,,,
25950,23598,0.954,,,,,,,,
25951,23599,0.6,,,,,,,,
25952,23600,0.951,,,,,,,,
25953,23601,0.6,,,,,,,,
25954,23602,1.984,,,,,,,,
25955,23603,7.183,,,,,,,,
25956,23604,7.911,,,,,,,,
25957,23604,2.484,,,,,,,,
25958,23604,1.689,,,,,,,,
25959,23604,0.6,,,,,,,,
25960,23605,0.973,,,,,,,,
25961,23606,0.917,,,,,,,,
25962,23607,0.6,,,,,,,,
25963,23608,0.622,,,,,,,,
25964,23609,2.003,,,,,,,,
25965,23610,0.655,,,,,,,,
25966,23611,0.6,,,,,,,,
25967,23612,0.6,,,,,,,,
25968,23613,1.817,,,,,,,,
25969,23614,0.6,,,,,,,,
25970,23614,0.6,,,,,,,,
25971,23615,,,,,,,,,
25972,23616,0.6,,,,,,,,
25973,23617,0.6,,,,,,,,
25974,23618,0.6,,,,,,,,
25975,23619,0.6,,,,,,,,
25976,23620,2.204,,,,,,,,
25977,23621,4.742,,,,,,,,
25978,23622,0.6,,,,,,,,
25979,23623,2.172,,,,,,,,
25980,23624,2.619,,,,,,,,
25981,23625,8.891,,,,,,,,
25982,23625,4.058,,,,,,,,
25983,23626,0.6,,,,,,,,
25984,23627,1.4,,,,,,,,
25985,23628,0.6,,,,,,,,
25986,23629,9.328,,,,,,,,
25987,23630,0.6,,,,,,,,
25988,23631,5.74,,,,,,,,
25989,23632,0.6,,,,,,,,
25990,23633,4.526,,,,,,,,
25991,23634,,,,,,,,,
25992,23635,6.599,,,,,,,,
25993,23635,0.9,,,,,,,,
25994,23636,18.913,,,,,,,,
25995,23636,5.314,,,,,,,,
25996,23637,3.496,,,,,,,,
25997,23638,1.817,,,,,,,,
25998,23639,0.6,,,,,,,,
25999,23640,0.6,,,,,,,,
26000,23641,2.599,,,,,,,,
26001,23642,1.56,,,,,,,,
26002,23643,0.6,,,,,,,,
26003,23644,0.6,,,,,,,,
26004,23645,0.6,,,,,,,,
26005,23646,0.6,,,,,,,,
26006,23647,0.6,,,,,,,,
26007,23647,0.6,,,,,,,,
26008,23648,1.785,,,,,,,,
26009,23649,4.136,,,,,,,,
26010,23650,1.915,,,,,,,,
26011,23651,1.4,,,,,,,,
26012,23652,0.621,,,,,,,,
26013,23653,0.631,,,,,,,,
26014,23654,0.6,,,,,,,,
26015,23655,7.389,,,,,,,,
26016,23656,0.6,,,,,,,,
26017,23657,0.627,,,,,,,,
26018,23658,1.4,,,,,,,,
26019,23659,0.766,,,,,,,,
26020,23660,1.039,,,,,,,,
26021,23661,0.917,,,,,,,,
26022,23662,12.348,,,,,,,,
26023,23663,0.666,,,,,,,,
26024,23664,21.112,,,,,,,,
26025,23664,9.413,,,,,,,,
26026,23664,0.6,,,,,,,,
26027,23665,13.728,,,,,,,,
26028,23666,0.6,,,,,,,,
26029,23667,0.6,,,,,,,,
26030,23668,1.12,,,,,,,,
26031,23669,0.902,,,,,,,,
26032,23670,18.168,,,,,,,,
26033,23671,23.934,,,,,,,,
26034,23672,1.238,,,,,,,,
26035,23673,2.812,,,,,,,,
26036,23674,3.63,,,,,,,,
26037,23675,0.6,,,,,,,,
26038,23676,1.797,,,,,,,,
26039,23677,0.6,,,,,,,,
26040,23678,0.6,,,,,,,,
26041,23679,1.338,,,,,,,,
26042,23680,0.947,,,,,,,,
26043,23681,142.934,,,,,,,,
26044,23682,1.682,,,,,,,,
26045,23683,0.973,,,,,,,,
26046,23684,15.985,,,,,,,,
26047,23685,0.6,,,,,,,,
26048,23686,1.214,,,,,,,,
26049,23687,1.35,,,,,,,,
26050,23688,22.948,,,,,,,,
26051,23689,0.6,,,,,,,,
26052,23690,2.022,,,,,,,,
26053,23691,7.556,,,,,,,,
26054,23692,3.095,,,,,,,,
26055,23693,0.971,,,,,,,,
26056,23694,2.033,,,,,,,,
26057,23695,0.6,,,,,,,,
26058,23696,0.6,,,,,,,,
26059,23697,0.6,,,,,,,,
26060,23698,1.339,,,,,,,,
26061,23699,1.377,,,,,,,,
26062,23700,13.581,,,,,,,,
26063,23701,4.3,,,,,,,,
26064,23702,5.336,,,,,,,,
26065,23703,0.6,,,,,,,,
26066,23704,0.6,,,,,,,,
26067,23705,4.733,,,,,,,,
26068,23706,0.6,,,,,,,,
26069,23707,2.77,,,,,,,,
26070,23708,2.96,,,,,,,,
26071,23708,0.912,,,,,,,,
26072,23709,10.016,,,,,,,,
26073,23710,1.4,,,,,,,,
26074,23711,1.902,,,,,,,,
26075,23712,1.4,,,,,,,,
26076,23713,0.6,,,,,,,,
26077,23714,1.714,,,,,,,,
26078,23715,0.6,,,,,,,,
26079,23716,0.6,,,,,,,,
26080,23717,4.811,,,,,,,,
26081,23718,0.6,,,,,,,,
26082,23719,0.6,,,,,,,,
26083,23720,0.6,,,,,,,,
26084,23721,1.24,,,,,,,,
26085,23721,0.6,,,,,,,,
26086,23722,1.192,,,,,,,,
26087,23723,0.6,,,,,,,,
26088,23724,1.207,,,,,,,,
26089,23725,0.6,,,,,,,,
26090,23726,2.002,,,,,,,,
26091,23727,1.455,,,,,,,,
26092,23728,,1.0,0.0,2011,"Though it fails to fully engage with its racial themes, The Help rises on the strength of its cast -- particularly Viola Davis, whose performance is powerful enough to carry the film on its own.",Certified-Fresh,76.0,,8.0
26093,23729,4.964,,,,,,,,
26094,23730,0.6,,,,,,,,
26095,23731,0.673,,,,,,,,
26096,23732,0.6,,,,,,,,
26097,23733,2.796,,,,,,,,
26098,23733,0.6,,,,,,,,
26099,23734,0.62,,,,,,,,
26100,23735,5.412,,,,,,,,
26101,23736,0.951,,,,,,,,
26102,23737,1.886,,,,,,,,
26103,23738,2.176,,,,,,,,
26104,23739,12.103,,,,,,,,
26105,23739,0.6,,,,,,,,
26106,23740,0.6,,,,,,,,
26107,23741,4.003,,,,,,,,
26108,23742,0.836,,,,,,,,
26109,23743,2.321,,,,,,,,
26110,23744,1.032,,,,,,,,
26111,23745,0.6,,,,,,,,
26112,23746,1.012,,,,,,,,
26113,23747,4.984,,,,,,,,
26114,23747,0.909,,,,,,,,
26115,23748,0.6,,,,,,,,
26116,23748,0.6,,,,,,,,
26117,23749,0.6,,,,,,,,
26118,23750,3.779,,,,,,,,
26119,23750,1.288,,,,,,,,
26120,23751,0.949,,,,,,,,
26121,23752,0.6,,,,,,,,
26122,23753,62.574,,,,,,,,
26123,23753,13.5,,,,,,,,
26124,23754,53.301,,,,,,,,
26125,23755,10.142,,,,,,,,
26126,23756,17.188,,,,,,,,
26127,23757,2.723,,,,,,,,
26128,23758,0.6,,,,,,,,
26129,23759,1.611,,,,,,,,
26130,23760,0.6,,,,,,,,
26131,23761,17.918,,,,,,,,
26132,23761,15.342,,,,,,,,
26133,23762,9.24,,,,,,,,
26134,23763,2.787,,,,,,,,
26135,23763,0.6,,,,,,,,
26136,23763,0.6,,,,,,,,
26137,23764,6.813,,,,,,,,
26138,23764,6.517,,,,,,,,
26139,23765,1.377,,,,,,,,
26140,23766,9.721,,,,,,,,
26141,23766,0.6,,,,,,,,
26142,23767,1.192,,,,,,,,
26143,23768,,,,,,,,,
26144,23769,,,,,,,,,
26145,23770,0.6,,,,,,,,
26146,23771,7.168,,,,,,,,
26147,23771,2.146,,,,,,,,
26148,23772,0.6,,,,,,,,
26149,23773,12.214,,,,,,,,
26150,23774,5.707,,,,,,,,
26151,23774,4.212,,,,,,,,
26152,23775,10.205,,,,,,,,
26153,23776,0.6,,,,,,,,
26154,23777,2.525,,,,,,,,
26155,23778,1.251,,,,,,,,
26156,23779,0.6,,,,,,,,
26157,23780,0.6,,,,,,,,
26158,23781,0.6,,,,,,,,
26159,23782,0.6,,,,,,,,
26160,23783,3.507,,,,,,,,
26161,23784,1.278,,,,,,,,
26162,23785,0.73,,,,,,,,
26163,23786,0.6,,,,,,,,
26164,23787,0.943,,,,,,,,
26165,23788,0.886,,,,,,,,
26166,23789,0.6,,,,,,,,
26167,23790,2.66,,,,,,,,
26168,23791,1.247,,,,,,,,
26169,23792,8.493,,,,,,,,
26170,23792,6.096,,,,,,,,
26171,23793,0.6,,,,,,,,
26172,23794,1.484,,,,,,,,
26173,23795,0.6,,,,,,,,
26174,23796,2.974,,,,,,,,
26175,23797,0.6,,,,,,,,
26176,23798,0.985,,,,,,,,
26177,23799,5.104,,,,,,,,
26178,23800,1.549,,,,,,,,
26179,23801,1.929,,,,,,,,
26180,23802,0.67,,,,,,,,
26181,23803,1.506,,,,,,,,
26182,23804,0.6,,,,,,,,
26183,23805,7.471,,,,,,,,
26184,23805,0.6,,,,,,,,
26185,23806,1.546,,,,,,,,
26186,23807,0.6,,,,,,,,
26187,23808,0.935,,,,,,,,
26188,23809,3.13,,,,,,,,
26189,23810,1.237,,,,,,,,
26190,23811,4.53,,,,,,,,
26191,23812,0.6,,,,,,,,
26192,23813,0.6,,,,,,,,
26193,23814,3.642,,,,,,,,
26194,23815,1.155,,,,,,,,
26195,23816,1.4,,,,,,,,
26196,23817,0.6,,,,,,,,
26197,23818,1.09,,,,,,,,
26198,23819,3.926,,,,,,,,
26199,23820,3.737,,,,,,,,
26200,23821,28.947,,,,,,,,
26201,23822,0.6,,,,,,,,
26202,23823,0.6,,,,,,,,
26203,23823,0.6,,,,,,,,
26204,23824,7.327,,,,,,,,
26205,23824,2.561,,,,,,,,
26206,23824,2.106,,,,,,,,
26207,23824,1.513,,,,,,,,
26208,23825,0.6,,,,,,,,
26209,23826,0.6,,,,,,,,
26210,23827,,1.0,0.0,2002,"The movie may be a downer, but it packs an emotional wallop. Some fine acting on display here.",Certified-Fresh,80.0,,7.5
26211,23828,145.57,,,,,,,,
26212,23828,2.42,,,,,,,,
26213,23828,1.4,,,,,,,,
26214,23828,0.694,,,,,,,,
26215,23828,0.6,,,,,,,,
26216,23828,0.6,,,,,,,,
26217,23829,0.6,,,,,,,,
26218,23830,1.558,,,,,,,,
26219,23831,0.6,,,,,,,,
26220,23832,0.644,,,,,,,,
26221,23833,0.6,,,,,,,,
26222,23834,1.699,,,,,,,,
26223,23835,1.261,,,,,,,,
26224,23836,2.957,,,,,,,,
26225,23837,9.782,,,,,,,,
26226,23838,2.193,,,,,,,,
26227,23839,0.6,,,,,,,,
26228,23840,0.6,,,,,,,,
26229,23841,2.05,,,,,,,,
26230,23842,5.699,,,,,,,,
26231,23843,1.093,,,,,,,,
26232,23844,21.768,,,,,,,,
26233,23844,1.38,,,,,,,,
26234,23845,2.146,,,,,,,,
26235,23846,5.841,,,,,,,,
26236,23846,1.517,,,,,,,,
26237,23847,1.921,,,,,,,,
26238,23848,0.6,,,,,,,,
26239,23849,0.986,,,,,,,,
26240,23850,2.806,,,,,,,,
26241,23851,0.695,,,,,,,,
26242,23852,0.6,,,,,,,,
26243,23853,18.094,,,,,,,,
26244,23854,0.6,,,,,,,,
26245,23855,15.266,,,,,,,,
26246,23856,1.107,,,,,,,,
26247,23857,1.4,,,,,,,,
26248,23858,0.92,,,,,,,,
26249,23859,1.499,,,,,,,,
26250,23860,1.442,,,,,,,,
26251,23861,0.6,,,,,,,,
26252,23862,1.992,,,,,,,,
26253,23863,2.732,,,,,,,,
26254,23864,0.6,,,,,,,,
26255,23865,0.6,,,,,,,,
26256,23866,1.527,,,,,,,,
26257,23867,1.176,,,,,,,,
26258,23868,0.6,,,,,,,,
26259,23869,0.872,,,,,,,,
26260,23870,0.6,,,,,,,,
26261,23871,0.6,,,,,,,,
26262,23872,0.6,,,,,,,,
26263,23873,0.6,,,,,,,,
26264,23874,0.6,,,,,,,,
26265,23875,0.66,,,,,,,,
26266,23876,0.6,,,,,,,,
26267,23877,0.6,,,,,,,,
26268,23878,0.6,,,,,,,,
26269,23879,0.6,,,,,,,,
26270,23880,0.6,,,,,,,,
26271,23881,0.6,,,,,,,,
26272,23882,0.6,,,,,,,,
26273,23883,0.6,,,,,,,,
26274,23884,4.119,,,,,,,,
26275,23885,5.29,,,,,,,,
26276,23886,2.226,,,,,,,,
26277,23886,1.863,,,,,,,,
26278,23887,3.15,,,,,,,,
26279,23888,2.092,,,,,,,,
26280,23889,3.027,,,,,,,,
26281,23890,2.774,,,,,,,,
26282,23891,15.6,,,,,,,,
26283,23892,6.37,,,,,,,,
26284,23893,1.4,,,,,,,,
26285,23894,2.1,,,,,,,,
26286,23895,0.905,,,,,,,,
26287,23896,0.6,,,,,,,,
26288,23897,0.6,,,,,,,,
26289,23898,1.599,,,,,,,,
26290,23899,0.6,,,,,,,,
26291,23900,0.6,,,,,,,,
26292,23901,2.815,,,,,,,,
26293,23902,1.431,,,,,,,,
26294,23903,9.297,,,,,,,,
26295,23904,0.925,,,,,,,,
26296,23905,1.203,,,,,,,,
26297,23906,0.6,,,,,,,,
26298,23907,0.6,,,,,,,,
26299,23908,0.6,,,,,,,,
26300,23909,1.945,,,,,,,,
26301,23910,0.6,,,,,,,,
26302,23911,0.6,,,,,,,,
26303,23912,2.161,,,,,,,,
26304,23913,7.341,,,,,,,,
26305,23913,1.502,,,,,,,,
26306,23914,4.777,,,,,,,,
26307,23915,1.078,,,,,,,,
26308,23915,0.6,,,,,,,,
26309,23916,0.6,,,,,,,,
26310,23917,2.61,,,,,,,,
26311,23918,29.36,,,,,,,,
26312,23918,0.776,,,,,,,,
26313,23918,0.6,,,,,,,,
26314,23919,0.6,,,,,,,,
26315,23920,9.646,,,,,,,,
26316,23921,0.6,,,,,,,,
26317,23922,2.518,,,,,,,,
26318,23923,67.63,,,,,,,,
26319,23924,51.967,,,,,,,,
26320,23925,27.09,,,,,,,,
26321,23926,,1.0,0.0,1943,,Fresh,80.0,,7.0
26322,23927,1.483,,,,,,,,
26323,23928,4.977,,,,,,,,
26324,23929,0.6,,,,,,,,
26325,23930,0.6,,,,,,,,
26326,23931,0.6,,,,,,,,
26327,23932,0.6,,,,,,,,
26328,23933,0.6,,,,,,,,
26329,23934,5.57,,,,,,,,
26330,23935,9.193,,,,,,,,
26331,23935,0.631,,,,,,,,
26332,23936,0.963,,,,,,,,
26333,23937,10.015,,,,,,,,
26334,23938,0.6,,,,,,,,
26335,23939,1.212,,,,,,,,
26336,23940,0.6,,,,,,,,
26337,23941,88.978,,,,,,,,
26338,23941,10.566,,,,,,,,
26339,23941,8.49,,,,,,,,
26340,23941,7.342,,,,,,,,
26341,23941,3.791,,,,,,,,
26342,23941,0.6,,,,,,,,
26343,23941,0.6,,,,,,,,
26344,23941,0.6,,,,,,,,
26345,23942,7.22,,,,,,,,
26346,23943,0.6,,,,,,,,
26347,23944,3.547,,,,,,,,
26348,23945,0.6,,,,,,,,
26349,23946,3.935,,,,,,,,
26350,23947,163.448,,,,,,,,
26351,23948,11.974,,,,,,,,
26352,23949,0.968,,,,,,,,
26353,23950,,,,,,,,,
26354,23951,,1.0,0.0,1961,"Paul Newman and Jackie Gleason give iconic performances in this dark, morally complex tale of redemption.",Certified-Fresh,98.0,,8.0
26355,23952,0.6,,,,,,,,
26356,23953,2.362,,,,,,,,
26357,23954,1.831,,,,,,,,
26358,23955,6.538,,,,,,,,
26359,23956,1.674,,,,,,,,
26360,23957,0.987,,,,,,,,
26361,23957,0.6,,,,,,,,
26362,23958,1.77,,,,,,,,
26363,23959,1.914,,,,,,,,
26364,23960,3.531,,,,,,,,
26365,23961,1.616,,,,,,,,
26366,23962,1.509,,,,,,,,
26367,23963,0.6,,,,,,,,
26368,23964,1.641,,,,,,,,
26369,23965,,,,,,,,,
26370,23966,0.966,,,,,,,,
26371,23966,0.85,,,,,,,,
26372,23967,,1.0,0.0,2014,"With an outstanding starring performance from Benedict Cumberbatch illuminating its fact-based story, The Imitation Game serves as an eminently well-made entry in the ""prestige biopic"" genre.",Certified-Fresh,89.0,,8.0
26373,23968,0.6,,,,,,,,
26374,23969,0.6,,,,,,,,
26375,23970,1.369,,,,,,,,
26376,23971,19.796,,,,,,,,
26377,23971,1.241,,,,,,,,
26378,23972,0.6,,,,,,,,
26379,23973,0.6,,,,,,,,
26380,23974,1.884,,,,,,,,
26381,23975,8.333,,,,,,,,
26382,23975,7.803,,,,,,,,
26383,23976,0.6,,,,,,,,
26384,23977,4.888,,,,,,,,
26385,23978,0.6,,,,,,,,
26386,23979,2.441,,,,,,,,
26387,23980,0.621,,,,,,,,
26388,23981,6.152,,,,,,,,
26389,23982,0.6,,,,,,,,
26390,23983,1.28,,,,,,,,
26391,23984,0.856,,,,,,,,
26392,23985,8.828,,,,,,,,
26393,23986,1.207,,,,,,,,
26394,23987,,,,,,,,,
26395,23988,0.6,,,,,,,,
26396,23989,2.04,,,,,,,,
26397,23990,4.895,,,,,,,,
26398,23991,2.649,,,,,,,,
26399,23992,1.4,,,,,,,,
26400,23993,1.176,,,,,,,,
26401,23994,1.241,,,,,,,,
26402,23995,0.6,,,,,,,,
26403,23996,1.255,,,,,,,,
26404,23997,0.6,,,,,,,,
26405,23998,2.626,,,,,,,,
26406,23999,1.428,,,,,,,,
26407,24000,0.6,,,,,,,,
26408,24001,0.6,,,,,,,,
26409,24002,0.82,,,,,,,,
26410,24003,13.387,,,,,,,,
26411,24004,,1.0,0.0,1935,,Fresh,94.0,,7.4
26412,24005,12.199,,,,,,,,
26413,24006,3.977,,,,,,,,
26414,24007,2.594,,,,,,,,
26415,24007,1.512,,,,,,,,
26416,24008,1.684,,,,,,,,
26417,24009,0.6,,,,,,,,
26418,24010,9.398,,,,,,,,
26419,24011,6.574,,,,,,,,
26420,24011,2.535,,,,,,,,
26421,24012,0.6,,,,,,,,
26422,24013,0.6,,,,,,,,
26423,24014,0.683,,,,,,,,
26424,24015,10.096,,,,,,,,
26425,24016,4.498,,,,,,,,
26426,24016,0.6,,,,,,,,
26427,24016,0.6,,,,,,,,
26428,24017,25.973,,,,,,,,
26429,24017,8.509,,,,,,,,
26430,24017,2.015,,,,,,,,
26431,24018,0.6,,,,,,,,
26432,24019,4.887,,,,,,,,
26433,24020,0.815,,,,,,,,
26434,24020,0.6,,,,,,,,
26435,24021,1.763,,,,,,,,
26436,24022,,1.0,0.0,1999,"Intelligent, compelling, and packed with strong performances, The Insider is a potent corporate thriller.",Certified-Fresh,96.0,,7.8
26437,24023,0.6,,,,,,,,
26438,24024,0.6,,,,,,,,
26439,24025,0.6,,,,,,,,
26440,24026,9.644,,,,,,,,
26441,24026,1.477,,,,,,,,
26442,24027,0.6,,,,,,,,
26443,24028,1.4,,,,,,,,
26444,24029,0.6,,,,,,,,
26445,24030,,,,,,,,,
26446,24031,2.435,,,,,,,,
26447,24031,1.929,,,,,,,,
26448,24031,1.706,,,,,,,,
26449,24031,0.886,,,,,,,,
26450,24031,0.876,,,,,,,,
26451,24031,0.6,,,,,,,,
26452,24032,3.438,,,,,,,,
26453,24033,3.226,,,,,,,,
26454,24034,0.912,,,,,,,,
26455,24035,1.094,,,,,,,,
26456,24036,1.4,,,,,,,,
26457,24037,0.6,,,,,,,,
26458,24038,1.651,,,,,,,,
26459,24039,2.557,,,,,,,,
26460,24040,37.802,,,,,,,,
26461,24040,0.6,,,,,,,,
26462,24041,1.017,,,,,,,,
26463,24042,1.786,,,,,,,,
26464,24043,3.922,,,,,,,,
26465,24044,1.532,,,,,,,,
26466,24045,0.6,,,,,,,,
26467,24046,168.001,,,,,,,,
26468,24046,26.766,,,,,,,,
26469,24046,1.986,,,,,,,,
26470,24046,0.6,,,,,,,,
26471,24047,0.649,,,,,,,,
26472,24048,2.433,,,,,,,,
26473,24049,0.6,,,,,,,,
26474,24050,2.634,,,,,,,,
26475,24051,2.921,,,,,,,,
26476,24052,2.677,,,,,,,,
26477,24053,,1.0,0.0,2019,"An epic gangster drama that earns its extended runtime, The Irishman finds Martin Scorsese revisiting familiar themes to poignant, funny, and profound effect.",Certified-Fresh,96.0,,7.8
26478,24054,,,,,,,,,
26479,24055,0.6,,,,,,,,
26480,24056,4.294,,,,,,,,
26481,24057,0.841,,,,,,,,
26482,24058,0.65,,,,,,,,
26483,24059,3.091,,,,,,,,
26484,24060,5.824,,,,,,,,
26485,24060,0.885,,,,,,,,
26486,24061,0.6,,,,,,,,
26487,24062,11.582,,,,,,,,
26488,24062,8.017,,,,,,,,
26489,24062,0.6,,,,,,,,
26490,24063,47.477,,,,,,,,
26491,24064,6.813,,,,,,,,
26492,24065,0.6,,,,,,,,
26493,24066,0.99,,,,,,,,
26494,24067,0.6,,,,,,,,
26495,24068,51.256,,,,,,,,
26496,24069,527.579,,,,,,,,
26497,24070,1.308,,,,,,,,
26498,24071,8.25,,,,,,,,
26499,24072,1.768,,,,,,,,
26500,24073,0.747,,,,,,,,
26501,24073,0.6,,,,,,,,
26502,24073,0.6,,,,,,,,
26503,24074,2.409,,,,,,,,
26504,24075,0.6,,,,,,,,
26505,24076,0.6,,,,,,,,
26506,24077,1.4,,,,,,,,
26507,24078,0.665,,,,,,,,
26508,24079,0.6,,,,,,,,
26509,24080,0.6,,,,,,,,
26510,24081,2.572,,,,,,,,
26511,24081,0.6,,,,,,,,
26512,24082,0.874,,,,,,,,
26513,24083,1.845,,,,,,,,
26514,24084,0.6,,,,,,,,
26515,24085,0.6,,,,,,,,
26516,24086,1.742,,,,,,,,
26517,24087,0.6,,,,,,,,
26518,24088,0.6,,,,,,,,
26519,24089,22.49,,,,,,,,
26520,24090,1.464,,,,,,,,
26521,24091,21.856,,,,,,,,
26522,24092,2.52,,,,,,,,
26523,24093,1.311,,,,,,,,
26524,24094,3.385,,,,,,,,
26525,24095,,,,,,,,,
26526,24096,2.626,,,,,,,,
26527,24097,20.484,,,,,,,,
26528,24098,2.883,,,,,,,,
26529,24099,0.948,,,,,,,,
26530,24100,10.193,,,,,,,,
26531,24101,0.74,,,,,,,,
26532,24101,0.627,,,,,,,,
26533,24101,0.6,,,,,,,,
26534,24102,0.6,,,,,,,,
26535,24103,0.6,,,,,,,,
26536,24103,0.6,,,,,,,,
26537,24104,0.6,,,,,,,,
26538,24105,,,,,,,,,
26539,24106,,1.0,0.0,2010,"Worthwhile as both a well-acted ensemble piece and as a smart, warm statement on family values, The Kids Are All Right is remarkable.",Certified-Fresh,92.0,,7.0
26540,24107,0.6,,,,,,,,
26541,24108,0.6,,,,,,,,
26542,24109,0.6,,,,,,,,
26543,24110,0.6,,,,,,,,
26544,24111,0.6,,,,,,,,
26545,24112,1.589,,,,,,,,
26546,24113,3.194,,,,,,,,
26547,24114,0.6,,,,,,,,
26548,24115,1.464,,,,,,,,
26549,24116,2.414,,,,,,,,
26550,24117,2.033,,,,,,,,
26551,24118,1.487,,,,,,,,
26552,24119,2.567,,,,,,,,
26553,24120,5.652,,,,,,,,
26554,24121,0.84,,,,,,,,
26555,24122,0.6,,,,,,,,
26556,24123,0.865,,,,,,,,
26557,24124,1.552,,,,,,,,
26558,24125,1.152,,,,,,,,
26559,24126,,,,,,,,,
26560,24127,0.6,,,,,,,,
26561,24128,,1.0,0.0,1984,"Artfully composed, powerfully acted, and fueled by a powerful blend of anger and empathy, The Killing Fields is a career-defining triumph for director Roland Joffé and a masterpiece of American cinema.",Certified-Fresh,93.0,,7.8
26562,24129,5.501,,,,,,,,
26563,24130,0.6,,,,,,,,
26564,24131,0.999,,,,,,,,
26565,24132,2.801,,,,,,,,
26566,24133,0.706,,,,,,,,
26567,24134,3.908,,,,,,,,
26568,24135,1.423,,,,,,,,
26569,24136,0.6,,,,,,,,
26570,24137,1.495,,,,,,,,
26571,24138,1.326,,,,,,,,
26572,24139,0.6,,,,,,,,
26573,24140,0.873,,,,,,,,
26574,24141,0.6,,,,,,,,
26575,24142,0.6,,,,,,,,
26576,24143,6.758,,,,,,,,
26577,24143,3.042,,,,,,,,
26578,24144,0.6,,,,,,,,
26579,24145,0.6,,,,,,,,
26580,24146,,1.0,0.0,1956,,Fresh,96.0,,7.4
26581,24147,0.6,,,,,,,,
26582,24148,,,,,,,,,
26583,24149,,0.0,1.0,2010,"Colin Firth gives a masterful performance in The King's Speech, a predictable but stylishly produced and rousing period drama.",Certified-Fresh,94.0,,8.0
26584,24150,11.521,,,,,,,,
26585,24151,2.618,,,,,,,,
26586,24152,1.128,,,,,,,,
26587,24153,0.6,,,,,,,,
26588,24154,1.943,,,,,,,,
26589,24155,4.379,,,,,,,,
26590,24155,1.544,,,,,,,,
26591,24156,0.84,,,,,,,,
26592,24157,0.914,,,,,,,,
26593,24158,5.299,,,,,,,,
26594,24158,0.6,,,,,,,,
26595,24159,0.6,,,,,,,,
26596,24160,1.414,,,,,,,,
26597,24161,0.6,,,,,,,,
26598,24162,0.6,,,,,,,,
26599,24163,0.6,,,,,,,,
26600,24164,6.079,,,,,,,,
26601,24165,0.6,,,,,,,,
26602,24166,1.627,,,,,,,,
26603,24166,1.243,,,,,,,,
26604,24167,0.6,,,,,,,,
26605,24168,1.107,,,,,,,,
26606,24169,1.043,,,,,,,,
26607,24170,0.6,,,,,,,,
26608,24171,0.6,,,,,,,,
26609,24172,3.543,,,,,,,,
26610,24173,1.132,,,,,,,,
26611,24174,0.6,,,,,,,,
26612,24175,,,,,,,,,
26613,24176,5.312,,,,,,,,
26614,24177,8.95,,,,,,,,
26615,24178,10.046,,,,,,,,
26616,24178,1.522,,,,,,,,
26617,24178,1.399,,,,,,,,
26618,24178,0.698,,,,,,,,
26619,24179,0.683,,,,,,,,
26620,24180,2.609,,,,,,,,
26621,24181,0.6,,,,,,,,
26622,24182,0.6,,,,,,,,
26623,24183,0.6,,,,,,,,
26624,24184,0.6,,,,,,,,
26625,24185,0.6,,,,,,,,
26626,24186,0.6,,,,,,,,
26627,24187,0.6,,,,,,,,
26628,24188,1.341,,,,,,,,
26629,24189,0.6,,,,,,,,
26630,24190,1.648,,,,,,,,
26631,24190,0.6,,,,,,,,
26632,24191,1.522,,,,,,,,
26633,24192,1.745,,,,,,,,
26634,24193,1.169,,,,,,,,
26635,24194,0.6,,,,,,,,
26636,24195,0.6,,,,,,,,
26637,24196,2.007,,,,,,,,
26638,24197,0.6,,,,,,,,
26639,24198,1.516,,,,,,,,
26640,24199,0.623,,,,,,,,
26641,24200,5.837,,,,,,,,
26642,24201,1.502,,,,,,,,
26643,24202,0.6,,,,,,,,
26644,24203,1.694,,,,,,,,
26645,24204,0.6,,,,,,,,
26646,24205,7.349,,,,,,,,
26647,24206,0.6,,,,,,,,
26648,24207,0.6,,,,,,,,
26649,24208,0.6,,,,,,,,
26650,24209,10.74,,,,,,,,
26651,24210,,0.0,1.0,1987,"While decidedly imperfect, Bernardo Bertolucci's epic is still a feast for the eyes.",Certified-Fresh,89.0,,7.7
26652,24211,0.6,,,,,,,,
26653,24212,0.889,,,,,,,,
26654,24213,21.06,,,,,,,,
26655,24214,16.057,,,,,,,,
26656,24215,2.781,,,,,,,,
26657,24216,1.556,,,,,,,,
26658,24217,0.719,,,,,,,,
26659,24218,0.6,,,,,,,,
26660,24219,0.6,,,,,,,,
26661,24220,0.6,,,,,,,,
26662,24221,0.6,,,,,,,,
26663,24222,0.6,,,,,,,,
26664,24222,0.6,,,,,,,,
26665,24223,1.037,,,,,,,,
26666,24224,4.621,,,,,,,,
26667,24225,2.75,,,,,,,,
26668,24226,1.754,,,,,,,,
26669,24227,2.149,,,,,,,,
26670,24228,2.734,,,,,,,,
26671,24229,2.124,,,,,,,,
26672,24230,38.056,,,,,,,,
26673,24230,16.966,,,,,,,,
26674,24231,1.018,,,,,,,,
26675,24232,1.131,,,,,,,,
26676,24233,,,,,,,,,
26677,24234,0.6,,,,,,,,
26678,24235,2.762,,,,,,,,
26679,24236,0.861,,,,,,,,
26680,24237,0.6,,,,,,,,
26681,24238,1.538,,,,,,,,
26682,24239,2.412,,,,,,,,
26683,24240,14.234,,,,,,,,
26684,24241,1.097,,,,,,,,
26685,24242,0.6,,,,,,,,
26686,24243,3.208,,,,,,,,
26687,24244,1.095,,,,,,,,
26688,24245,6.452,,,,,,,,
26689,24246,0.6,,,,,,,,
26690,24247,,1.0,0.0,1971,"Making excellent use of its period and setting, Peter Bogdanovich's small town coming-of-age story is a sad but moving classic filled with impressive performances.",Certified-Fresh,100.0,,8.0
26691,24248,0.6,,,,,,,,
26692,24249,3.077,,,,,,,,
26693,24250,2.375,,,,,,,,
26694,24251,0.621,,,,,,,,
26695,24252,0.6,,,,,,,,
26696,24253,6.928,,,,,,,,
26697,24253,0.6,,,,,,,,
26698,24254,0.6,,,,,,,,
26699,24255,,,,,,,,,
26700,24256,0.6,,,,,,,,
26701,24257,0.6,,,,,,,,
26702,24258,6.486,,,,,,,,
26703,24259,1.06,,,,,,,,
26704,24260,6.102,,,,,,,,
26705,24261,0.601,,,,,,,,
26706,24262,2.433,,,,,,,,
26707,24263,1.285,,,,,,,,
26708,24264,0.6,,,,,,,,
26709,24265,1.028,,,,,,,,
26710,24265,0.655,,,,,,,,
26711,24265,0.6,,,,,,,,
26712,24266,37.163,,,,,,,,
26713,24267,0.6,,,,,,,,
26714,24268,1.137,,,,,,,,
26715,24269,5.106,,,,,,,,
26716,24270,4.174,,,,,,,,
26717,24271,0.6,,,,,,,,
26718,24272,0.609,,,,,,,,
26719,24273,1.416,,,,,,,,
26720,24274,5.453,,,,,,,,
26721,24275,7.174,,,,,,,,
26722,24276,0.6,,,,,,,,
26723,24277,0.6,,,,,,,,
26724,24278,3.613,,,,,,,,
26725,24279,,,,,,,,,
26726,24280,1.451,,,,,,,,
26727,24281,0.6,,,,,,,,
26728,24282,2.459,,,,,,,,
26729,24283,1.87,,,,,,,,
26730,24284,0.6,,,,,,,,
26731,24285,11.382,,,,,,,,
26732,24285,0.6,,,,,,,,
26733,24286,3.994,,,,,,,,
26734,24287,14.05,,,,,,,,
26735,24288,0.6,,,,,,,,
26736,24289,4.508,,,,,,,,
26737,24290,1.176,,,,,,,,
26738,24291,1.085,,,,,,,,
26739,24292,2.226,,,,,,,,
26740,24293,0.6,,,,,,,,
26741,24294,5.361,,,,,,,,
26742,24294,0.6,,,,,,,,
26743,24295,0.968,,,,,,,,
26744,24296,128.64,,,,,,,,
26745,24297,0.6,,,,,,,,
26746,24298,0.841,,,,,,,,
26747,24299,2.347,,,,,,,,
26748,24300,2.324,,,,,,,,
26749,24301,1.134,,,,,,,,
26750,24302,1.423,,,,,,,,
26751,24303,0.632,,,,,,,,
26752,24304,3.621,,,,,,,,
26753,24305,0.6,,,,,,,,
26754,24306,2.329,,,,,,,,
26755,24307,2.387,,,,,,,,
26756,24308,4.14,,,,,,,,
26757,24309,0.6,,,,,,,,
26758,24310,0.6,,,,,,,,
26759,24311,0.6,,,,,,,,
26760,24312,0.6,,,,,,,,
26761,24313,2.424,,,,,,,,
26762,24314,0.6,,,,,,,,
26763,24315,1.438,,,,,,,,
26764,24316,0.621,,,,,,,,
26765,24317,13.974,,,,,,,,
26766,24318,0.672,,,,,,,,
26767,24319,0.6,,,,,,,,
26768,24320,8.557,,,,,,,,
26769,24321,1.171,,,,,,,,
26770,24322,7.924,,,,,,,,
26771,24323,61.125,,,,,,,,
26772,24323,32.519,,,,,,,,
26773,24324,0.6,,,,,,,,
26774,24325,3.243,,,,,,,,
26775,24326,0.6,,,,,,,,
26776,24327,0.6,,,,,,,,
26777,24328,0.6,,,,,,,,
26778,24329,1.3,,,,,,,,
26779,24330,6.663,,,,,,,,
26780,24331,1.585,,,,,,,,
26781,24332,2.48,,,,,,,,
26782,24332,2.208,,,,,,,,
26783,24332,0.74,,,,,,,,
26784,24332,0.6,,,,,,,,
26785,24333,0.6,,,,,,,,
26786,24334,1.078,,,,,,,,
26787,24335,1.176,,,,,,,,
26788,24336,1.217,,,,,,,,
26789,24337,6.302,,,,,,,,
26790,24338,24.942,,,,,,,,
26791,24339,0.6,,,,,,,,
26792,24340,40.963,,,,,,,,
26793,24341,1.654,,,,,,,,
26794,24342,1.752,,,,,,,,
26795,24343,0.6,,,,,,,,
26796,24344,,,,,,,,,
26797,24345,0.6,,,,,,,,
26798,24346,0.997,,,,,,,,
26799,24347,1.996,,,,,,,,
26800,24348,2.147,,,,,,,,
26801,24349,2.782,,,,,,,,
26802,24350,0.6,1.0,0.0,1940,,Fresh,100.0,,7.6
26803,24351,0.952,,,,,,,,
26804,24352,3.523,,,,,,,,
26805,24353,0.888,,,,,,,,
26806,24354,13.105,,,,,,,,
26807,24355,2.455,,,,,,,,
26808,24356,0.6,,,,,,,,
26809,24357,0.6,,,,,,,,
26810,24358,,0.0,1.0,1937,"Well-written, well-meaning and solidly acted, The Life of Emile Zola film may ultimately be more earnest than dramatically engaging.",Fresh,82.0,,7.2
26811,24359,0.6,,,,,,,,
26812,24360,7.619,,,,,,,,
26813,24360,0.6,,,,,,,,
26814,24361,1.035,,,,,,,,
26815,24361,0.726,,,,,,,,
26816,24361,0.6,,,,,,,,
26817,24362,0.6,,,,,,,,
26818,24363,0.6,,,,,,,,
26819,24364,25.082,,,,,,,,
26820,24364,2.762,,,,,,,,
26821,24365,1.768,,,,,,,,
26822,24366,1.135,,,,,,,,
26823,24367,13.449,,,,,,,,
26824,24368,2.619,,,,,,,,
26825,24369,0.6,,,,,,,,
26826,24370,0.6,,,,,,,,
26827,24371,2.194,,,,,,,,
26828,24372,,,,,,,,,
26829,24373,,1.0,0.0,1968,"Sharper and wittier than your average period piece, The Lion in Winter is a tale of palace intrigue bolstered by fantastic performances from Peter O'Toole, Katharine Hepburn, and Anthony Hopkins in his big-screen debut.",Certified-Fresh,90.0,,7.9
26830,24374,0.6,,,,,,,,
26831,24375,0.772,,,,,,,,
26832,24376,0.6,,,,,,,,
26833,24377,1.937,,,,,,,,
26834,24378,0.6,,,,,,,,
26835,24379,0.6,,,,,,,,
26836,24380,,1.0,0.0,1941,,Fresh,100.0,,8.0
26837,24381,2.713,,,,,,,,
26838,24382,0.845,,,,,,,,
26839,24383,1.876,,,,,,,,
26840,24384,0.6,,,,,,,,
26841,24385,0.6,,,,,,,,
26842,24386,0.6,,,,,,,,
26843,24386,0.6,,,,,,,,
26844,24387,7.073,,,,,,,,
26845,24388,11.215,,,,,,,,
26846,24389,0.6,,,,,,,,
26847,24390,0.6,,,,,,,,
26848,24391,,,,,,,,,
26849,24392,0.876,,,,,,,,
26850,24393,0.6,,,,,,,,
26851,24393,0.6,,,,,,,,
26852,24394,0.6,,,,,,,,
26853,24394,0.6,,,,,,,,
26854,24395,4.572,,,,,,,,
26855,24396,11.156,,,,,,,,
26856,24397,1.43,,,,,,,,
26857,24398,0.824,,,,,,,,
26858,24399,0.6,,,,,,,,
26859,24400,0.717,,,,,,,,
26860,24400,0.6,,,,,,,,
26861,24401,2.094,,,,,,,,
26862,24402,0.6,,,,,,,,
26863,24403,4.739,,,,,,,,
26864,24403,1.316,,,,,,,,
26865,24404,0.6,,,,,,,,
26866,24405,3.923,,,,,,,,
26867,24405,1.327,,,,,,,,
26868,24406,0.998,,,,,,,,
26869,24407,1.443,,,,,,,,
26870,24408,0.6,,,,,,,,
26871,24409,3.002,,,,,,,,
26872,24410,1.602,,,,,,,,
26873,24411,1.428,,,,,,,,
26874,24412,25.369,,,,,,,,
26875,24412,3.608,,,,,,,,
26876,24413,10.113,,,,,,,,
26877,24413,0.665,,,,,,,,
26878,24414,18.337,,,,,,,,
26879,24415,0.6,,,,,,,,
26880,24416,0.6,,,,,,,,
26881,24417,0.6,,,,,,,,
26882,24418,0.645,,,,,,,,
26883,24419,0.6,,,,,,,,
26884,24420,0.613,,,,,,,,
26885,24421,0.6,,,,,,,,
26886,24422,0.6,,,,,,,,
26887,24423,0.6,,,,,,,,
26888,24424,,,,,,,,,
26889,24425,2.749,,,,,,,,
26890,24426,0.746,,,,,,,,
26891,24427,4.336,,,,,,,,
26892,24427,0.6,,,,,,,,
26893,24428,0.6,,,,,,,,
26894,24429,3.842,,,,,,,,
26895,24430,0.6,,,,,,,,
26896,24431,,1.0,0.0,1962,,Fresh,87.0,,7.8
26897,24432,0.6,,,,,,,,
26898,24433,0.6,,,,,,,,
26899,24434,0.866,,,,,,,,
26900,24434,0.61,,,,,,,,
26901,24434,0.6,,,,,,,,
26902,24435,,1.0,0.0,2001,"Full of eye-popping special effects, and featuring a pitch-perfect cast, The Lord of the Rings: The Fellowship of the Ring brings J.R.R. Tolkien's classic to vivid life.",Certified-Fresh,91.0,,8.8
26903,24436,,0.0,1.0,2003,"Visually breathtaking and emotionally powerful, The Lord of the Rings - The Return of the King is a moving and satisfying conclusion to a great trilogy.",Certified-Fresh,93.0,,8.9
26904,24437,,1.0,0.0,2002,"The Two Towers balances spectacular action with emotional storytelling, leaving audiences both wholly satisfied and eager for the final chapter.",Certified-Fresh,95.0,,8.7
26905,24438,18.862,,,,,,,,
26906,24439,2.125,,,,,,,,
26907,24440,1.357,,,,,,,,
26908,24441,6.753,,,,,,,,
26909,24441,2.997,,,,,,,,
26910,24442,23.542,,,,,,,,
26911,24443,0.6,,,,,,,,
26912,24444,0.6,,,,,,,,
26913,24445,2.035,,,,,,,,
26914,24446,1.229,,,,,,,,
26915,24447,2.056,,,,,,,,
26916,24448,1.916,,,,,,,,
26917,24449,5.738,,,,,,,,
26918,24450,0.6,,,,,,,,
26919,24451,1.632,,,,,,,,
26920,24452,0.6,,,,,,,,
26921,24453,3.218,,,,,,,,
26922,24454,3.646,,,,,,,,
26923,24455,5.76,,,,,,,,
26924,24455,0.65,,,,,,,,
26925,24456,1.077,,,,,,,,
26926,24457,0.6,,,,,,,,
26927,24458,,0.0,1.0,1945,"Director Billy Wilder's unflinchingly honest look at the effects of alcoholism may have had some of its impact blunted by time, but it remains a powerful and remarkably prescient film.",Fresh,97.0,,7.9
26928,24459,1.682,,,,,,,,
26929,24459,0.6,,,,,,,,
26930,24460,3.686,,,,,,,,
26931,24461,1.49,,,,,,,,
26932,24462,0.6,,,,,,,,
26933,24463,14.668,,,,,,,,
26934,24464,8.898,,,,,,,,
26935,24465,0.6,,,,,,,,
26936,24465,0.6,,,,,,,,
26937,24466,1.31,,,,,,,,
26938,24467,0.6,,,,,,,,
26939,24468,0.6,,,,,,,,
26940,24469,4.498,,,,,,,,
26941,24470,1.007,,,,,,,,
26942,24471,,,,,,,,,
26943,24472,7.543,,,,,,,,
26944,24472,0.865,,,,,,,,
26945,24473,1.873,,,,,,,,
26946,24474,1.13,,,,,,,,
26947,24475,1.309,,,,,,,,
26948,24476,0.6,,,,,,,,
26949,24477,0.805,,,,,,,,
26950,24477,0.6,,,,,,,,
26951,24478,8.406,,,,,,,,
26952,24479,,,,,,,,,
26953,24480,4.902,,,,,,,,
26954,24481,1.68,,,,,,,,
26955,24482,1.131,,,,,,,,
26956,24483,51.424,,,,,,,,
26957,24484,4.101,,,,,,,,
26958,24485,0.6,,,,,,,,
26959,24486,2.052,,,,,,,,
26960,24487,0.6,,,,,,,,
26961,24488,1.561,,,,,,,,
26962,24489,0.917,,,,,,,,
26963,24490,3.131,,,,,,,,
26964,24491,,,,,,,,,
26965,24492,0.6,,,,,,,,
26966,24493,0.6,,,,,,,,
26967,24494,0.6,,,,,,,,
26968,24494,0.6,,,,,,,,
26969,24495,0.6,,,,,,,,
26970,24496,0.6,,,,,,,,
26971,24497,0.6,,,,,,,,
26972,24498,,1.0,0.0,1942,"Assembled with bold visual craft and penetrating insight, The Magnificent Ambersons further establishes writer-director Orson Welles as a generational talent.",Certified-Fresh,89.0,,7.7
26973,24499,0.6,,,,,,,,
26974,24500,,,,,,,,,
26975,24501,0.6,,,,,,,,
26976,24502,11.908,,,,,,,,
26977,24502,2.068,,,,,,,,
26978,24503,0.84,,,,,,,,
26979,24504,0.61,,,,,,,,
26980,24505,0.6,,,,,,,,
26981,24506,2.503,,,,,,,,
26982,24507,0.6,,,,,,,,
26983,24508,0.6,,,,,,,,
26984,24509,1.4,,,,,,,,
26985,24510,0.6,,,,,,,,
26986,24511,0.6,,,,,,,,
26987,24512,1.319,,,,,,,,
26988,24513,1.138,,,,,,,,
26989,24514,0.6,,,,,,,,
26990,24515,0.6,,,,,,,,
26991,24516,0.613,,,,,,,,
26992,24517,,1.0,0.0,1941,"Suspenseful, labyrinthine, and brilliantly cast, The Maltese Falcon is one of the most influential noirs -- as well as a showcase for Humphrey Bogart at his finest.",Certified-Fresh,100.0,,8.0
26993,24518,0.639,,,,,,,,
26994,24519,0.6,,,,,,,,
26995,24520,0.6,,,,,,,,
26996,24521,0.6,,,,,,,,
26997,24522,0.6,,,,,,,,
26998,24523,3.531,,,,,,,,
26999,24524,0.6,,,,,,,,
27000,24525,0.6,,,,,,,,
27001,24526,0.6,,,,,,,,
27002,24527,,,,,,,,,
27003,24528,0.6,,,,,,,,
27004,24529,0.851,,,,,,,,
27005,24530,0.811,,,,,,,,
27006,24531,,,,,,,,,
27007,24532,0.6,,,,,,,,
27008,24533,0.946,,,,,,,,
27009,24534,1.4,,,,,,,,
27010,24534,0.6,,,,,,,,
27011,24535,1.089,,,,,,,,
27012,24536,1.279,,,,,,,,
27013,24537,1.4,,,,,,,,
27014,24538,,,,,,,,,
27015,24539,2.673,,,,,,,,
27016,24540,0.6,,,,,,,,
27017,24541,1.131,,,,,,,,
27018,24542,0.6,,,,,,,,
27019,24543,0.623,,,,,,,,
27020,24544,0.6,,,,,,,,
27021,24545,0.625,,,,,,,,
27022,24546,0.6,,,,,,,,
27023,24547,0.6,,,,,,,,
27024,24548,2.359,,,,,,,,
27025,24549,1.904,,,,,,,,
27026,24550,0.65,,,,,,,,
27027,24551,1.164,,,,,,,,
27028,24552,13.888,,,,,,,,
27029,24553,0.6,,,,,,,,
27030,24554,1.069,,,,,,,,
27031,24555,0.6,,,,,,,,
27032,24556,0.6,,,,,,,,
27033,24557,,,,,,,,,
27034,24558,7.628,,,,,,,,
27035,24559,3.071,,,,,,,,
27036,24560,5.317,,,,,,,,
27037,24561,0.6,,,,,,,,
27038,24562,1.327,,,,,,,,
27039,24563,5.39,,,,,,,,
27040,24564,0.914,,,,,,,,
27041,24564,0.6,,,,,,,,
27042,24564,0.6,,,,,,,,
27043,24564,0.6,,,,,,,,
27044,24565,7.279,,,,,,,,
27045,24565,2.981,,,,,,,,
27046,24565,0.6,,,,,,,,
27047,24566,1.05,,,,,,,,
27048,24567,10.152,,,,,,,,
27049,24568,0.6,,,,,,,,
27050,24569,1.745,,,,,,,,
27051,24570,2.848,,,,,,,,
27052,24571,2.78,,,,,,,,
27053,24572,2.401,,,,,,,,
27054,24573,3.391,,,,,,,,
27055,24574,0.84,,,,,,,,
27056,24575,0.6,,,,,,,,
27057,24575,0.6,,,,,,,,
27058,24575,0.6,,,,,,,,
27059,24576,0.6,,,,,,,,
27060,24577,0.6,,,,,,,,
27061,24578,0.6,,,,,,,,
27062,24579,0.6,,,,,,,,
27063,24580,0.6,,,,,,,,
27064,24581,3.362,,,,,,,,
27065,24582,0.6,,,,,,,,
27066,24583,1.303,,,,,,,,
27067,24584,0.6,,,,,,,,
27068,24585,,1.0,0.0,2015,"Smart, thrilling, and surprisingly funny, The Martian offers a faithful adaptation of the bestselling book that brings out the best in leading man Matt Damon and director Ridley Scott.",Certified-Fresh,91.0,,8.0
27069,24586,2.185,,,,,,,,
27070,24586,0.6,,,,,,,,
27071,24586,0.6,,,,,,,,
27072,24587,0.6,,,,,,,,
27073,24588,0.617,,,,,,,,
27074,24589,3.068,,,,,,,,
27075,24589,0.653,,,,,,,,
27076,24590,0.6,,,,,,,,
27077,24591,7.317,,,,,,,,
27078,24591,1.58,,,,,,,,
27079,24591,0.617,,,,,,,,
27080,24591,0.6,,,,,,,,
27081,24592,0.697,,,,,,,,
27082,24593,1.554,,,,,,,,
27083,24594,,,,,,,,,
27084,24595,0.6,,,,,,,,
27085,24596,7.105,,,,,,,,
27086,24597,0.6,,,,,,,,
27087,24598,4.004,,,,,,,,
27088,24598,3.282,,,,,,,,
27089,24599,3.535,,,,,,,,
27090,24600,1.174,,,,,,,,
27091,24601,2.213,,,,,,,,
27092,24602,0.6,,,,,,,,
27093,24603,69.784,,,,,,,,
27094,24603,2.039,,,,,,,,
27095,24603,1.736,,,,,,,,
27096,24604,8.881,,,,,,,,
27097,24605,116.512,,,,,,,,
27098,24606,1.715,,,,,,,,
27099,24607,0.936,,,,,,,,
27100,24608,0.6,,,,,,,,
27101,24609,1.174,,,,,,,,
27102,24610,0.6,,,,,,,,
27103,24611,21.437,,,,,,,,
27104,24612,4.498,,,,,,,,
27105,24613,0.681,,,,,,,,
27106,24614,15.397,,,,,,,,
27107,24615,2.744,,,,,,,,
27108,24616,0.6,,,,,,,,
27109,24617,1.189,,,,,,,,
27110,24618,2.344,,,,,,,,
27111,24619,25.592,,,,,,,,
27112,24620,0.6,,,,,,,,
27113,24621,1.222,,,,,,,,
27114,24622,0.623,,,,,,,,
27115,24623,1.575,,,,,,,,
27116,24624,5.007,,,,,,,,
27117,24625,0.6,,,,,,,,
27118,24626,14.121,,,,,,,,
27119,24626,3.556,,,,,,,,
27120,24627,16.487,,,,,,,,
27121,24628,0.6,,,,,,,,
27122,24629,2.861,,,,,,,,
27123,24630,0.6,,,,,,,,
27124,24631,1.175,,,,,,,,
27125,24632,0.6,,,,,,,,
27126,24633,1.094,,,,,,,,
27127,24634,6.545,,,,,,,,
27128,24635,2.859,,,,,,,,
27129,24636,0.6,,,,,,,,
27130,24637,0.992,,,,,,,,
27131,24638,1.03,,,,,,,,
27132,24639,2.819,,,,,,,,
27133,24640,0.995,,,,,,,,
27134,24641,1.01,,,,,,,,
27135,24641,0.688,,,,,,,,
27136,24642,13.224,,,,,,,,
27137,24643,0.6,,,,,,,,
27138,24644,0.6,,,,,,,,
27139,24645,8.51,,,,,,,,
27140,24646,0.6,,,,,,,,
27141,24647,0.6,,,,,,,,
27142,24648,3.962,,,,,,,,
27143,24649,1.424,,,,,,,,
27144,24650,0.6,,,,,,,,
27145,24651,0.6,,,,,,,,
27146,24652,4.36,,,,,,,,
27147,24652,0.645,,,,,,,,
27148,24653,0.6,,,,,,,,
27149,24654,0.6,,,,,,,,
27150,24655,0.652,,,,,,,,
27151,24656,0.951,,,,,,,,
27152,24656,0.658,,,,,,,,
27153,24656,0.6,,,,,,,,
27154,24657,0.6,,,,,,,,
27155,24658,,1.0,0.0,1986,"The Mission is a well-meaning epic given delicate heft by its sumptuous visuals and a standout score by Ennio Morricone, but its staid presentation never stirs an emotional investment in its characters.",Fresh,64.0,,7.4
27156,24659,0.6,,,,,,,,
27157,24660,0.6,,,,,,,,
27158,24661,34.23,,,,,,,,
27159,24662,0.6,,,,,,,,
27160,24663,0.6,,,,,,,,
27161,24664,0.795,,,,,,,,
27162,24665,0.6,,,,,,,,
27163,24666,3.001,,,,,,,,
27164,24667,0.6,,,,,,,,
27165,24668,1.215,,,,,,,,
27166,24669,8.991,,,,,,,,
27167,24669,0.873,,,,,,,,
27168,24670,3.718,,,,,,,,
27169,24671,16.323,,,,,,,,
27170,24671,1.58,,,,,,,,
27171,24671,0.6,,,,,,,,
27172,24671,0.6,,,,,,,,
27173,24671,0.6,,,,,,,,
27174,24671,0.6,,,,,,,,
27175,24672,0.6,,,,,,,,
27176,24673,8.091,,,,,,,,
27177,24674,2.045,,,,,,,,
27178,24675,2.384,,,,,,,,
27179,24676,0.6,,,,,,,,
27180,24677,1.501,,,,,,,,
27181,24678,1.474,,,,,,,,
27182,24679,6.448,,,,,,,,
27183,24680,4.466,,,,,,,,
27184,24681,0.6,,,,,,,,
27185,24682,1.03,,,,,,,,
27186,24683,1.731,,,,,,,,
27187,24684,1.092,,,,,,,,
27188,24685,0.6,,,,,,,,
27189,24686,1.329,,,,,,,,
27190,24687,0.721,,,,,,,,
27191,24688,0.779,,,,,,,,
27192,24689,0.6,,,,,,,,
27193,24690,0.633,,,,,,,,
27194,24691,0.6,,,,,,,,
27195,24692,0.6,,,,,,,,
27196,24693,1.195,,,,,,,,
27197,24694,0.6,,,,,,,,
27198,24695,1.797,,,,,,,,
27199,24696,0.6,,,,,,,,
27200,24697,1.268,,,,,,,,
27201,24698,0.6,,,,,,,,
27202,24699,2.019,,,,,,,,
27203,24700,0.6,,,,,,,,
27204,24701,2.349,,,,,,,,
27205,24702,1.022,,,,,,,,
27206,24703,,1.0,0.0,1943,,Fresh,94.0,,7.7
27207,24704,0.6,,,,,,,,
27208,24705,4.838,,,,,,,,
27209,24706,0.965,,,,,,,,
27210,24707,0.6,,,,,,,,
27211,24708,0.6,,,,,,,,
27212,24709,40.917,,,,,,,,
27213,24710,7.328,,,,,,,,
27214,24711,1.301,,,,,,,,
27215,24712,3.958,,,,,,,,
27216,24713,0.6,,,,,,,,
27217,24714,0.6,,,,,,,,
27218,24715,16.178,,,,,,,,
27219,24716,2.89,,,,,,,,
27220,24717,0.6,,,,,,,,
27221,24718,0.6,,,,,,,,
27222,24719,0.6,,,,,,,,
27223,24720,0.6,,,,,,,,
27224,24721,1.999,,,,,,,,
27225,24722,0.6,,,,,,,,
27226,24723,0.6,,,,,,,,
27227,24723,0.6,,,,,,,,
27228,24724,3.525,,,,,,,,
27229,24725,1.4,,,,,,,,
27230,24726,37.742,,,,,,,,
27231,24726,8.007,,,,,,,,
27232,24726,0.6,,,,,,,,
27233,24727,2.137,,,,,,,,
27234,24728,5.249,,,,,,,,
27235,24729,0.6,,,,,,,,
27236,24730,0.6,,,,,,,,
27237,24731,0.6,,,,,,,,
27238,24732,3.477,,,,,,,,
27239,24733,1.649,,,,,,,,
27240,24734,1.904,,,,,,,,
27241,24735,4.049,,,,,,,,
27242,24736,2.216,,,,,,,,
27243,24737,1.691,,,,,,,,
27244,24738,5.078,,,,,,,,
27245,24739,4.2,,,,,,,,
27246,24740,,,,,,,,,
27247,24741,,,,,,,,,
27248,24742,1.408,,,,,,,,
27249,24743,0.6,,,,,,,,
27250,24744,0.6,,,,,,,,
27251,24745,2.153,,,,,,,,
27252,24746,3.669,,,,,,,,
27253,24747,0.661,,,,,,,,
27254,24748,0.766,,,,,,,,
27255,24749,0.6,,,,,,,,
27256,24750,,1.0,0.0,1962,,Fresh,94.0,,7.7
27257,24751,0.669,,,,,,,,
27258,24752,0.6,,,,,,,,
27259,24753,2.022,,,,,,,,
27260,24754,0.6,,,,,,,,
27261,24755,1.375,,,,,,,,
27262,24756,4.803,,,,,,,,
27263,24757,0.774,,,,,,,,
27264,24757,0.6,,,,,,,,
27265,24758,4.982,,,,,,,,
27266,24759,0.6,,,,,,,,
27267,24760,0.6,,,,,,,,
27268,24761,1.454,,,,,,,,
27269,24762,0.6,,,,,,,,
27270,24763,0.956,,,,,,,,
27271,24764,1.011,,,,,,,,
27272,24765,0.6,,,,,,,,
27273,24766,0.6,,,,,,,,
27274,24767,0.65,,,,,,,,
27275,24768,0.898,,,,,,,,
27276,24769,0.6,,,,,,,,
27277,24770,0.6,,,,,,,,
27278,24771,0.6,,,,,,,,
27279,24772,3.139,,,,,,,,
27280,24773,1.339,,,,,,,,
27281,24774,1.4,,,,,,,,
27282,24775,,,,,,,,,
27283,24776,1.19,,,,,,,,
27284,24777,1.476,,,,,,,,
27285,24778,0.874,,,,,,,,
27286,24779,8.326,,,,,,,,
27287,24780,2.618,,,,,,,,
27288,24781,0.6,,,,,,,,
27289,24782,10.218,,,,,,,,
27290,24783,1.957,,,,,,,,
27291,24784,1.255,,,,,,,,
27292,24785,1.4,,,,,,,,
27293,24786,1.662,,,,,,,,
27294,24787,1.356,,,,,,,,
27295,24788,1.559,,,,,,,,
27296,24789,0.6,,,,,,,,
27297,24790,2.087,,,,,,,,
27298,24791,2.206,,,,,,,,
27299,24792,0.6,,,,,,,,
27300,24793,0.815,,,,,,,,
27301,24794,0.6,,,,,,,,
27302,24795,0.6,,,,,,,,
27303,24796,6.92,,,,,,,,
27304,24796,1.553,,,,,,,,
27305,24796,0.6,,,,,,,,
27306,24797,1.184,,,,,,,,
27307,24798,1.694,,,,,,,,
27308,24799,17.514,,,,,,,,
27309,24800,9.286,,,,,,,,
27310,24800,8.831,,,,,,,,
27311,24800,2.716,,,,,,,,
27312,24800,0.6,,,,,,,,
27313,24800,0.6,,,,,,,,
27314,24800,0.6,,,,,,,,
27315,24801,1.12,,,,,,,,
27316,24802,2.361,,,,,,,,
27317,24803,6.902,,,,,,,,
27318,24804,3.031,,,,,,,,
27319,24805,0.6,,,,,,,,
27320,24806,1.248,,,,,,,,
27321,24807,5.72,,,,,,,,
27322,24808,0.6,,,,,,,,
27323,24809,53.323,,,,,,,,
27324,24810,0.6,,,,,,,,
27325,24811,0.6,,,,,,,,
27326,24812,0.87,,,,,,,,
27327,24813,10.393,,,,,,,,
27328,24814,1.862,,,,,,,,
27329,24815,0.6,,,,,,,,
27330,24816,1.449,,,,,,,,
27331,24817,0.918,,,,,,,,
27332,24818,1.101,,,,,,,,
27333,24819,0.6,,,,,,,,
27334,24820,0.6,,,,,,,,
27335,24821,0.762,,,,,,,,
27336,24822,0.6,,,,,,,,
27337,24823,6.016,,,,,,,,
27338,24823,0.6,,,,,,,,
27339,24824,0.6,,,,,,,,
27340,24825,0.6,,,,,,,,
27341,24826,0.6,,,,,,,,
27342,24827,5.871,,,,,,,,
27343,24828,1.477,,,,,,,,
27344,24829,1.543,,,,,,,,
27345,24829,1.385,,,,,,,,
27346,24830,3.897,,,,,,,,
27347,24831,0.6,,,,,,,,
27348,24832,0.6,,,,,,,,
27349,24833,0.6,,,,,,,,
27350,24834,15.435,,,,,,,,
27351,24835,3.469,,,,,,,,
27352,24836,10.492,,,,,,,,
27353,24837,1.4,,,,,,,,
27354,24838,27.185,,,,,,,,
27355,24839,0.6,,,,,,,,
27356,24840,0.6,,,,,,,,
27357,24841,7.529,,,,,,,,
27358,24842,1.255,,,,,,,,
27359,24843,0.6,,,,,,,,
27360,24844,0.6,,,,,,,,
27361,24845,2.634,,,,,,,,
27362,24846,8.496,,,,,,,,
27363,24846,1.883,,,,,,,,
27364,24847,4.833,,,,,,,,
27365,24848,1.529,,,,,,,,
27366,24849,3.346,,,,,,,,
27367,24849,0.906,,,,,,,,
27368,24850,1.85,,,,,,,,
27369,24851,0.694,,,,,,,,
27370,24852,4.119,,,,,,,,
27371,24853,2.411,,,,,,,,
27372,24854,9.55,,,,,,,,
27373,24855,0.6,,,,,,,,
27374,24856,0.741,,,,,,,,
27375,24857,0.6,,,,,,,,
27376,24858,0.6,,,,,,,,
27377,24859,0.6,,,,,,,,
27378,24860,0.6,,,,,,,,
27379,24861,1.598,,,,,,,,
27380,24862,1.058,,,,,,,,
27381,24863,0.6,,,,,,,,
27382,24864,1.726,,,,,,,,
27383,24865,0.6,,,,,,,,
27384,24866,1.644,,,,,,,,
27385,24867,6.448,,,,,,,,
27386,24868,,,,,,,,,
27387,24869,2.275,,,,,,,,
27388,24870,0.6,,,,,,,,
27389,24871,3.035,,,,,,,,
27390,24872,0.6,,,,,,,,
27391,24873,1.06,,,,,,,,
27392,24874,2.841,,,,,,,,
27393,24875,0.6,,,,,,,,
27394,24876,0.6,,,,,,,,
27395,24877,4.974,,,,,,,,
27396,24878,5.948,,,,,,,,
27397,24878,5.313,,,,,,,,
27398,24878,5.309,,,,,,,,
27399,24878,0.703,,,,,,,,
27400,24879,,,,,,,,,
27401,24880,1.383,,,,,,,,
27402,24881,0.6,,,,,,,,
27403,24882,1.848,,,,,,,,
27404,24883,0.6,,,,,,,,
27405,24884,7.977,,,,,,,,
27406,24885,0.6,,,,,,,,
27407,24886,0.686,,,,,,,,
27408,24887,6.993,,,,,,,,
27409,24888,18.175,,,,,,,,
27410,24889,4.253,,,,,,,,
27411,24890,1.719,,,,,,,,
27412,24891,1.428,,,,,,,,
27413,24892,0.84,,,,,,,,
27414,24892,0.6,,,,,,,,
27415,24892,0.6,,,,,,,,
27416,24893,0.6,,,,,,,,
27417,24894,0.82,,,,,,,,
27418,24895,0.6,,,,,,,,
27419,24896,3.585,,,,,,,,
27420,24897,0.6,,,,,,,,
27421,24898,0.6,,,,,,,,
27422,24899,0.6,,,,,,,,
27423,24900,2.117,,,,,,,,
27424,24901,0.6,,,,,,,,
27425,24902,0.6,,,,,,,,
27426,24903,,,,,,,,,
27427,24904,0.973,,,,,,,,
27428,24904,0.6,,,,,,,,
27429,24905,0.6,,,,,,,,
27430,24906,4.273,,,,,,,,
27431,24907,131.032,,,,,,,,
27432,24907,41.512,,,,,,,,
27433,24908,,1.0,0.0,1959,,Fresh,94.0,,7.6
27434,24909,2.324,,,,,,,,
27435,24909,1.031,,,,,,,,
27436,24910,3.448,,,,,,,,
27437,24910,0.6,,,,,,,,
27438,24911,0.6,,,,,,,,
27439,24912,0.6,,,,,,,,
27440,24913,4.844,,,,,,,,
27441,24914,0.6,,,,,,,,
27442,24915,0.6,,,,,,,,
27443,24916,0.6,,,,,,,,
27444,24917,6.904,,,,,,,,
27445,24918,4.917,,,,,,,,
27446,24919,2.144,,,,,,,,
27447,24920,0.76,,,,,,,,
27448,24920,0.6,,,,,,,,
27449,24921,0.628,,,,,,,,
27450,24922,1.465,,,,,,,,
27451,24922,0.82,,,,,,,,
27452,24923,0.611,,,,,,,,
27453,24924,1.743,,,,,,,,
27454,24925,1.299,,,,,,,,
27455,24925,1.256,,,,,,,,
27456,24926,0.6,,,,,,,,
27457,24927,,,,,,,,,
27458,24928,0.6,,,,,,,,
27459,24929,4.268,,,,,,,,
27460,24930,1.393,,,,,,,,
27461,24931,0.6,,,,,,,,
27462,24932,9.558,,,,,,,,
27463,24932,0.6,,,,,,,,
27464,24933,0.6,,,,,,,,
27465,24934,0.6,,,,,,,,
27466,24935,0.6,,,,,,,,
27467,24936,5.481,,,,,,,,
27468,24936,0.6,,,,,,,,
27469,24937,0.733,,,,,,,,
27470,24938,0.6,,,,,,,,
27471,24939,2.45,,,,,,,,
27472,24940,2.556,,,,,,,,
27473,24941,0.6,,,,,,,,
27474,24942,0.6,,,,,,,,
27475,24943,0.6,,,,,,,,
27476,24944,0.6,,,,,,,,
27477,24945,10.294,,,,,,,,
27478,24946,3.373,,,,,,,,
27479,24947,27.545,,,,,,,,
27480,24947,22.728,,,,,,,,
27481,24948,1.159,,,,,,,,
27482,24949,3.298,,,,,,,,
27483,24950,2.534,,,,,,,,
27484,24951,1.347,,,,,,,,
27485,24952,2.327,,,,,,,,
27486,24953,0.6,,,,,,,,
27487,24954,1.176,,,,,,,,
27488,24955,1.033,,,,,,,,
27489,24956,0.6,,,,,,,,
27490,24957,3.406,,,,,,,,
27491,24958,0.661,,,,,,,,
27492,24959,12.942,,,,,,,,
27493,24960,0.6,,,,,,,,
27494,24961,1.05,,,,,,,,
27495,24962,1.913,,,,,,,,
27496,24963,1.229,,,,,,,,
27497,24964,0.6,,,,,,,,
27498,24965,1.4,,,,,,,,
27499,24966,0.6,,,,,,,,
27500,24967,8.778,,,,,,,,
27501,24968,17.233,,,,,,,,
27502,24969,2.159,,,,,,,,
27503,24970,0.6,,,,,,,,
27504,24971,1.134,,,,,,,,
27505,24972,14.993,,,,,,,,
27506,24973,0.6,,,,,,,,
27507,24974,2.728,,,,,,,,
27508,24975,3.386,,,,,,,,
27509,24976,1.174,,,,,,,,
27510,24977,76.355,,,,,,,,
27511,24978,6.15,,,,,,,,
27512,24979,0.764,,,,,,,,
27513,24980,2.531,,,,,,,,
27514,24981,12.533,,,,,,,,
27515,24982,0.6,,,,,,,,
27516,24982,0.6,,,,,,,,
27517,24982,0.6,,,,,,,,
27518,24983,7.535,,,,,,,,
27519,24983,2.954,,,,,,,,
27520,24983,1.336,,,,,,,,
27521,24983,0.919,,,,,,,,
27522,24983,0.875,,,,,,,,
27523,24983,0.6,,,,,,,,
27524,24983,0.6,,,,,,,,
27525,24984,41.736,,,,,,,,
27526,24985,2.807,,,,,,,,
27527,24986,0.6,,,,,,,,
27528,24987,27.543,,,,,,,,
27529,24988,0.6,,,,,,,,
27530,24989,12.632,,,,,,,,
27531,24990,6.456,,,,,,,,
27532,24991,8.106,,,,,,,,
27533,24992,1.929,,,,,,,,
27534,24993,0.6,,,,,,,,
27535,24994,0.6,,,,,,,,
27536,24995,1.13,,,,,,,,
27537,24996,2.208,,,,,,,,
27538,24997,0.6,,,,,,,,
27539,24998,4.4,,,,,,,,
27540,24998,0.6,,,,,,,,
27541,24999,,,,,,,,,
27542,25000,1.646,,,,,,,,
27543,25000,0.93,,,,,,,,
27544,25000,0.6,,,,,,,,
27545,25000,0.6,,,,,,,,
27546,25001,1.599,,,,,,,,
27547,25002,0.84,,,,,,,,
27548,25003,0.6,,,,,,,,
27549,25004,1.897,,,,,,,,
27550,25005,0.6,,,,,,,,
27551,25006,0.872,,,,,,,,
27552,25007,42.352,,,,,,,,
27553,25008,1.545,,,,,,,,
27554,25009,12.766,,,,,,,,
27555,25009,3.699,,,,,,,,
27556,25009,3.276,,,,,,,,
27557,25010,0.6,,,,,,,,
27558,25011,8.457,,,,,,,,
27559,25011,6.771,,,,,,,,
27560,25011,0.602,,,,,,,,
27561,25012,7.844,,,,,,,,
27562,25013,0.6,,,,,,,,
27563,25014,0.6,,,,,,,,
27564,25014,0.6,,,,,,,,
27565,25015,0.6,,,,,,,,
27566,25016,0.6,,,,,,,,
27567,25017,7.383,,,,,,,,
27568,25018,0.6,,,,,,,,
27569,25019,1.819,,,,,,,,
27570,25020,0.617,,,,,,,,
27571,25021,1.373,,,,,,,,
27572,25022,1.633,,,,,,,,
27573,25023,0.715,,,,,,,,
27574,25024,0.6,,,,,,,,
27575,25025,2.762,,,,,,,,
27576,25026,0.6,,,,,,,,
27577,25027,0.6,,,,,,,,
27578,25028,0.946,,,,,,,,
27579,25029,0.6,,,,,,,,
27580,25030,0.626,,,,,,,,
27581,25031,0.822,,,,,,,,
27582,25032,1.225,,,,,,,,
27583,25033,0.6,,,,,,,,
27584,25034,0.699,,,,,,,,
27585,25035,0.6,,,,,,,,
27586,25036,0.6,,,,,,,,
27587,25037,0.6,,,,,,,,
27588,25038,2.828,,,,,,,,
27589,25039,220.766,,,,,,,,
27590,25039,0.6,,,,,,,,
27591,25039,0.6,,,,,,,,
27592,25039,0.6,,,,,,,,
27593,25040,1.889,,,,,,,,
27594,25040,1.031,,,,,,,,
27595,25040,0.685,,,,,,,,
27596,25041,4.495,,,,,,,,
27597,25042,0.6,,,,,,,,
27598,25043,0.6,,,,,,,,
27599,25044,0.709,,,,,,,,
27600,25045,1.642,,,,,,,,
27601,25045,0.6,,,,,,,,
27602,25046,1.019,,,,,,,,
27603,25047,0.6,,,,,,,,
27604,25048,3.641,,,,,,,,
27605,25049,,,,,,,,,
27606,25050,2.691,,,,,,,,
27607,25051,0.788,,,,,,,,
27608,25052,0.6,,,,,,,,
27609,25053,0.971,,,,,,,,
27610,25054,0.6,,,,,,,,
27611,25054,0.6,,,,,,,,
27612,25055,0.6,,,,,,,,
27613,25056,0.6,,,,,,,,
27614,25057,0.6,,,,,,,,
27615,25058,1.744,,,,,,,,
27616,25059,5.016,,,,,,,,
27617,25060,3.083,,,,,,,,
27618,25061,12.226,,,,,,,,
27619,25062,3.224,,,,,,,,
27620,25063,1.103,,,,,,,,
27621,25064,0.6,,,,,,,,
27622,25065,0.6,,,,,,,,
27623,25066,0.687,,,,,,,,
27624,25067,2.347,,,,,,,,
27625,25068,2.646,,,,,,,,
27626,25069,3.623,,,,,,,,
27627,25070,1.478,,,,,,,,
27628,25071,10.304,,,,,,,,
27629,25072,4.712,,,,,,,,
27630,25073,5.928,,,,,,,,
27631,25074,0.6,,,,,,,,
27632,25075,0.6,,,,,,,,
27633,25076,,,,,,,,,
27634,25077,2.841,,,,,,,,
27635,25078,0.628,,,,,,,,
27636,25079,3.801,,,,,,,,
27637,25080,0.6,,,,,,,,
27638,25081,0.6,,,,,,,,
27639,25082,1.4,,,,,,,,
27640,25083,0.6,,,,,,,,
27641,25084,0.654,,,,,,,,
27642,25085,0.726,,,,,,,,
27643,25086,2.278,,,,,,,,
27644,25087,1.357,,,,,,,,
27645,25088,1.379,,,,,,,,
27646,25089,6.484,,,,,,,,
27647,25089,6.365,,,,,,,,
27648,25089,5.278,,,,,,,,
27649,25089,1.154,,,,,,,,
27650,25089,0.62,,,,,,,,
27651,25090,2.14,,,,,,,,
27652,25091,1.694,,,,,,,,
27653,25092,2.908,,,,,,,,
27654,25093,,1.0,0.0,1940,"Offering a wonderfully witty script, spotless direction from George Cukor, and typically excellent lead performances, The Philadelphia Story is an unqualified classic.",Certified-Fresh,100.0,,7.9
27655,25094,0.6,,,,,,,,
27656,25095,0.6,,,,,,,,
27657,25096,5.114,,,,,,,,
27658,25097,2.528,,,,,,,,
27659,25098,0.87,,,,,,,,
27660,25098,0.6,,,,,,,,
27661,25099,0.906,,,,,,,,
27662,25099,0.6,,,,,,,,
27663,25099,0.6,,,,,,,,
27664,25100,0.6,,,,,,,,
27665,25101,,1.0,0.0,2002,"Well-acted and dramatically moving, The Pianist is Polanski's best work in years.",Certified-Fresh,95.0,,8.5
27666,25102,,1.0,0.0,1993,"Powered by Holly Hunter's main performance, The Piano is a truth-seeking romance played in the key of erotic passion.",Certified-Fresh,92.0,,7.6
27667,25103,0.6,,,,,,,,
27668,25104,0.6,,,,,,,,
27669,25105,2.296,,,,,,,,
27670,25105,1.467,,,,,,,,
27671,25105,0.662,,,,,,,,
27672,25105,0.6,,,,,,,,
27673,25106,0.6,,,,,,,,
27674,25106,0.6,,,,,,,,
27675,25107,0.669,,,,,,,,
27676,25108,0.711,,,,,,,,
27677,25109,0.6,,,,,,,,
27678,25110,0.6,,,,,,,,
27679,25111,0.656,,,,,,,,
27680,25112,1.515,,,,,,,,
27681,25113,0.968,,,,,,,,
27682,25114,0.6,,,,,,,,
27683,25115,4.142,,,,,,,,
27684,25116,3.919,,,,,,,,
27685,25116,0.947,,,,,,,,
27686,25116,0.6,,,,,,,,
27687,25116,0.6,,,,,,,,
27688,25116,0.6,,,,,,,,
27689,25117,7.665,,,,,,,,
27690,25117,6.122,,,,,,,,
27691,25117,2.604,,,,,,,,
27692,25117,1.4,,,,,,,,
27693,25118,0.6,,,,,,,,
27694,25119,1.801,,,,,,,,
27695,25120,0.6,,,,,,,,
27696,25121,0.6,,,,,,,,
27697,25122,5.22,,,,,,,,
27698,25122,0.61,,,,,,,,
27699,25122,0.6,,,,,,,,
27700,25123,0.6,,,,,,,,
27701,25124,9.531,,,,,,,,
27702,25125,0.6,,,,,,,,
27703,25126,0.6,,,,,,,,
27704,25127,0.889,,,,,,,,
27705,25128,2.595,,,,,,,,
27706,25128,0.6,,,,,,,,
27707,25129,0.6,,,,,,,,
27708,25130,0.6,,,,,,,,
27709,25131,1.091,,,,,,,,
27710,25132,1.325,,,,,,,,
27711,25133,2.264,,,,,,,,
27712,25134,0.6,,,,,,,,
27713,25135,1.273,,,,,,,,
27714,25136,1.109,,,,,,,,
27715,25137,3.565,,,,,,,,
27716,25138,0.6,,,,,,,,
27717,25138,0.6,,,,,,,,
27718,25139,14.367,,,,,,,,
27719,25139,6.232,,,,,,,,
27720,25139,2.165,,,,,,,,
27721,25140,0.6,,,,,,,,
27722,25141,0.601,,,,,,,,
27723,25142,2.552,,,,,,,,
27724,25142,1.667,,,,,,,,
27725,25143,0.6,,,,,,,,
27726,25144,1.647,,,,,,,,
27727,25144,1.403,,,,,,,,
27728,25144,1.09,,,,,,,,
27729,25144,0.876,,,,,,,,
27730,25144,0.682,,,,,,,,
27731,25144,0.6,,,,,,,,
27732,25144,0.6,,,,,,,,
27733,25144,0.6,,,,,,,,
27734,25145,0.6,,,,,,,,
27735,25146,15.816,,,,,,,,
27736,25147,4.171,,,,,,,,
27737,25148,0.6,,,,,,,,
27738,25149,2.95,,,,,,,,
27739,25150,0.6,,,,,,,,
27740,25151,31.136,,,,,,,,
27741,25152,3.397,,,,,,,,
27742,25153,1.4,,,,,,,,
27743,25154,19.566,,,,,,,,
27744,25155,0.6,,,,,,,,
27745,25156,0.84,,,,,,,,
27746,25157,0.6,,,,,,,,
27747,25158,0.805,,,,,,,,
27748,25159,0.6,,,,,,,,
27749,25160,21.817,,,,,,,,
27750,25161,6.853,,,,,,,,
27751,25161,1.204,,,,,,,,
27752,25161,0.6,,,,,,,,
27753,25162,1.814,,,,,,,,
27754,25163,0.6,,,,,,,,
27755,25164,1.865,,,,,,,,
27756,25165,1.432,,,,,,,,
27757,25166,6.849,,,,,,,,
27758,25167,2.699,,,,,,,,
27759,25167,0.6,,,,,,,,
27760,25168,5.866,,,,,,,,
27761,25168,2.102,,,,,,,,
27762,25168,1.752,,,,,,,,
27763,25168,0.6,,,,,,,,
27764,25169,0.929,,,,,,,,
27765,25169,0.6,,,,,,,,
27766,25169,0.6,,,,,,,,
27767,25170,,,,,,,,,
27768,25171,0.84,,,,,,,,
27769,25172,0.6,,,,,,,,
27770,25173,10.264,,,,,,,,
27771,25173,0.6,,,,,,,,
27772,25173,0.6,,,,,,,,
27773,25174,4.29,,,,,,,,
27774,25175,17.173,,,,,,,,
27775,25176,0.6,,,,,,,,
27776,25177,,1.0,0.0,1942,The equally tragic and heroic story of Yankee's first baseman Lou Gehrig is eloquently told here with an iconic star turn by Gary Cooper.,Fresh,93.0,,7.7
27777,25178,0.912,,,,,,,,
27778,25178,0.6,,,,,,,,
27779,25179,8.023,,,,,,,,
27780,25180,1.08,,,,,,,,
27781,25181,,1.0,0.0,1991,"Although the central romance arguably suffocates the heart of the drama, a moving performance by Nick Nolte and Barbra Streisand's deft direction give The Prince of Tides a soulful edge.",Fresh,69.0,,6.7
27782,25182,0.6,,,,,,,,
27783,25183,,,,,,,,,
27784,25184,0.656,,,,,,,,
27785,25185,3.169,,,,,,,,
27786,25186,,1.0,0.0,1932/33,,Fresh,100.0,,7.1
27787,25187,64.231,,,,,,,,
27788,25188,0.6,,,,,,,,
27789,25189,0.6,,,,,,,,
27790,25190,0.6,,,,,,,,
27791,25191,19.045,,,,,,,,
27792,25192,1.633,,,,,,,,
27793,25193,0.6,,,,,,,,
27794,25194,0.6,,,,,,,,
27795,25195,0.6,,,,,,,,
27796,25195,0.6,,,,,,,,
27797,25196,3.007,,,,,,,,
27798,25197,3.426,,,,,,,,
27799,25198,12.044,,,,,,,,
27800,25199,10.245,,,,,,,,
27801,25200,10.293,,,,,,,,
27802,25201,7.457,,,,,,,,
27803,25202,8.641,,,,,,,,
27804,25203,0.702,,,,,,,,
27805,25204,1.176,,,,,,,,
27806,25205,0.6,,,,,,,,
27807,25206,1.1,,,,,,,,
27808,25207,0.6,,,,,,,,
27809,25208,7.897,,,,,,,,
27810,25209,6.462,,,,,,,,
27811,25209,0.871,,,,,,,,
27812,25210,0.6,,,,,,,,
27813,25211,1.547,,,,,,,,
27814,25212,1.904,,,,,,,,
27815,25213,0.6,,,,,,,,
27816,25214,0.6,,,,,,,,
27817,25215,0.731,,,,,,,,
27818,25216,1.618,,,,,,,,
27819,25217,0.6,,,,,,,,
27820,25218,5.359,,,,,,,,
27821,25219,0.6,,,,,,,,
27822,25220,0.6,,,,,,,,
27823,25221,2.943,,,,,,,,
27824,25221,0.64,,,,,,,,
27825,25222,9.261,,,,,,,,
27826,25223,2.529,,,,,,,,
27827,25224,81.585,,,,,,,,
27828,25225,61.71,,,,,,,,
27829,25226,91.119,,,,,,,,
27830,25227,3.764,,,,,,,,
27831,25228,,,,,,,,,
27832,25229,,,,,,,,,
27833,25230,0.6,,,,,,,,
27834,25231,25.486,,,,,,,,
27835,25231,0.615,,,,,,,,
27836,25231,0.6,,,,,,,,
27837,25232,1.594,,,,,,,,
27838,25233,0.6,,,,,,,,
27839,25234,2.029,,,,,,,,
27840,25235,0.6,,,,,,,,
27841,25236,8.292,,,,,,,,
27842,25237,,1.0,0.0,2006,"Full of wit, humor, and pathos, Stephen Frears' moving portrait looks at life of the British royals during the period after Princess Diana's death.",Certified-Fresh,96.0,,7.3
27843,25238,6.657,,,,,,,,
27844,25238,2.275,,,,,,,,
27845,25239,1.487,,,,,,,,
27846,25240,1.977,,,,,,,,
27847,25241,0.684,,,,,,,,
27848,25241,0.6,,,,,,,,
27849,25242,9.183,,,,,,,,
27850,25243,0.6,,,,,,,,
27851,25244,,1.0,0.0,1952,"Director John Ford and star John Wayne depart the Western for the Irish countryside, and the result is a beautifully photographed, often comedic romance.",Certified-Fresh,91.0,,7.8
27852,25245,8.974,,,,,,,,
27853,25246,1.4,,,,,,,,
27854,25247,0.6,,,,,,,,
27855,25248,0.6,,,,,,,,
27856,25249,0.624,,,,,,,,
27857,25250,4.783,,,,,,,,
27858,25250,0.6,,,,,,,,
27859,25251,12.025,,,,,,,,
27860,25252,2.24,,,,,,,,
27861,25253,4.76,,,,,,,,
27862,25253,0.6,,,,,,,,
27863,25254,1.446,,,,,,,,
27864,25255,3.319,,,,,,,,
27865,25256,4.796,,,,,,,,
27866,25257,0.6,,,,,,,,
27867,25258,1.903,,,,,,,,
27868,25259,0.6,,,,,,,,
27869,25260,0.6,,,,,,,,
27870,25261,0.663,,,,,,,,
27871,25262,6.108,,,,,,,,
27872,25263,1.218,,,,,,,,
27873,25264,0.633,,,,,,,,
27874,25265,0.6,,,,,,,,
27875,25266,8.715,,,,,,,,
27876,25266,2.53,,,,,,,,
27877,25266,0.921,,,,,,,,
27878,25266,0.9,,,,,,,,
27879,25266,0.684,,,,,,,,
27880,25266,0.6,,,,,,,,
27881,25267,1.874,,,,,,,,
27882,25268,9.136,,,,,,,,
27883,25269,,1.0,0.0,1946,,Fresh,71.0,,7.4
27884,25270,,1.0,0.0,2008,"Despite Kate Winslet's superb portrayal, The Reader suggests an emotionally distant, Oscar-baiting historical drama.",Fresh,63.0,,7.6
27885,25271,0.6,,,,,,,,
27886,25272,0.6,,,,,,,,
27887,25273,0.6,,,,,,,,
27888,25274,0.6,,,,,,,,
27889,25275,0.6,,,,,,,,
27890,25276,12.386,,,,,,,,
27891,25277,0.6,,,,,,,,
27892,25278,18.926,,,,,,,,
27893,25279,0.6,,,,,,,,
27894,25280,12.026,,,,,,,,
27895,25280,0.6,,,,,,,,
27896,25281,0.6,,,,,,,,
27897,25282,1.13,,,,,,,,
27898,25283,1.013,,,,,,,,
27899,25284,8.582,,,,,,,,
27900,25285,0.682,,,,,,,,
27901,25286,0.778,,,,,,,,
27902,25287,0.933,,,,,,,,
27903,25288,1.32,,,,,,,,
27904,25289,0.6,,,,,,,,
27905,25290,1.443,,,,,,,,
27906,25291,0.6,,,,,,,,
27907,25292,1.627,,,,,,,,
27908,25293,5.652,,,,,,,,
27909,25294,0.6,,,,,,,,
27910,25295,0.6,,,,,,,,
27911,25296,5.441,1.0,0.0,1948,"The Red Shoes is one of the best-looking movies ever, and blends multiple moods and styles with balletic grace.",Certified-Fresh,97.0,,8.1
27912,25297,0.6,,,,,,,,
27913,25298,1.45,,,,,,,,
27914,25299,3.021,,,,,,,,
27915,25300,0.6,,,,,,,,
27916,25301,2.388,,,,,,,,
27917,25302,0.6,,,,,,,,
27918,25303,3.599,,,,,,,,
27919,25304,4.112,,,,,,,,
27920,25305,11.506,,,,,,,,
27921,25306,15.533,,,,,,,,
27922,25307,1.761,,,,,,,,
27923,25308,7.733,,,,,,,,
27924,25309,0.6,,,,,,,,
27925,25310,0.6,,,,,,,,
27926,25311,2.449,,,,,,,,
27927,25312,0.62,,,,,,,,
27928,25313,0.6,,,,,,,,
27929,25314,0.875,,,,,,,,
27930,25315,4.494,,,,,,,,
27931,25316,1.96,,,,,,,,
27932,25317,2.834,,,,,,,,
27933,25317,1.136,,,,,,,,
27934,25318,12.742,,,,,,,,
27935,25318,0.6,,,,,,,,
27936,25319,106.016,,,,,,,,
27937,25320,7.276,,,,,,,,
27938,25321,,1.0,0.0,1993,"Smart, elegant, and blessed with impeccable performances from Anthony Hopkins and Emma Thompson, The Remains of the Day is a Merchant-Ivory classic.",Certified-Fresh,95.0,,7.8
27939,25322,1.293,,,,,,,,
27940,25323,0.6,,,,,,,,
27941,25324,0.6,,,,,,,,
27942,25325,41.323,,,,,,,,
27943,25325,1.4,,,,,,,,
27944,25326,5.107,,,,,,,,
27945,25327,0.6,,,,,,,,
27946,25328,248.496,,,,,,,,
27947,25329,1.815,,,,,,,,
27948,25330,7.596,,,,,,,,
27949,25331,0.94,,,,,,,,
27950,25331,0.6,,,,,,,,
27951,25331,0.6,,,,,,,,
27952,25332,0.917,,,,,,,,
27953,25333,7.68,,,,,,,,
27954,25334,1.225,,,,,,,,
27955,25335,0.6,,,,,,,,
27956,25336,0.65,,,,,,,,
27957,25337,0.979,,,,,,,,
27958,25338,0.6,,,,,,,,
27959,25339,5.239,,,,,,,,
27960,25340,0.6,,,,,,,,
27961,25341,4.929,,,,,,,,
27962,25341,2.664,,,,,,,,
27963,25341,1.982,,,,,,,,
27964,25341,0.776,,,,,,,,
27965,25341,0.679,,,,,,,,
27966,25342,9.036,,,,,,,,
27967,25342,7.511,,,,,,,,
27968,25342,0.772,,,,,,,,
27969,25343,0.6,,,,,,,,
27970,25344,2.817,,,,,,,,
27971,25345,2.852,,,,,,,,
27972,25346,2.288,,,,,,,,
27973,25347,0.6,,,,,,,,
27974,25348,3.456,,,,,,,,
27975,25349,0.6,,,,,,,,
27976,25350,9.491,,,,,,,,
27977,25351,4.071,,,,,,,,
27978,25352,0.6,,,,,,,,
27979,25353,38.791,,,,,,,,
27980,25354,0.6,,,,,,,,
27981,25355,31.468,,,,,,,,
27982,25356,9.602,,,,,,,,
27983,25356,0.84,,,,,,,,
27984,25357,1.486,,,,,,,,
27985,25357,1.162,,,,,,,,
27986,25357,0.6,,,,,,,,
27987,25357,0.6,,,,,,,,
27988,25358,0.6,,,,,,,,
27989,25359,0.6,,,,,,,,
27990,25360,6.633,1.0,0.0,2015,"As starkly beautiful as it is harshly uncompromising, The Revenant uses Leonardo DiCaprio's committed performance as fuel for an absorbing drama that offers punishing challenges -- and rich rewards.",Certified-Fresh,78.0,,8.0
27991,25361,0.6,,,,,,,,
27992,25362,0.6,,,,,,,,
27993,25363,2.597,,,,,,,,
27994,25364,6.815,,,,,,,,
27995,25365,0.6,,,,,,,,
27996,25366,0.6,,,,,,,,
27997,25367,4.693,,,,,,,,
27998,25368,0.676,,,,,,,,
27999,25369,2.535,,,,,,,,
28000,25370,1.62,,,,,,,,
28001,25371,1.481,,,,,,,,
28002,25372,0.871,,,,,,,,
28003,25373,8.625,,,,,,,,
28004,25374,0.808,,,,,,,,
28005,25375,0.6,,,,,,,,
28006,25376,1.548,,,,,,,,
28007,25377,1.613,,,,,,,,
28008,25378,1.16,,,,,,,,
28009,25379,0.6,,,,,,,,
28010,25380,5.737,,,,,,,,
28011,25380,2.424,,,,,,,,
28012,25380,0.951,,,,,,,,
28013,25381,7.535,,,,,,,,
28014,25382,,,,,,,,,
28015,25383,2.516,,,,,,,,
28016,25384,73.898,,,,,,,,
28017,25385,47.482,,,,,,,,
28018,25386,1.867,,,,,,,,
28019,25387,3.083,,,,,,,,
28020,25388,1.4,,,,,,,,
28021,25389,1.649,,,,,,,,
28022,25389,0.6,,,,,,,,
28023,25389,0.6,,,,,,,,
28024,25390,0.6,,,,,,,,
28025,25391,1.291,,,,,,,,
28026,25392,27.4,,,,,,,,
28027,25393,0.6,,,,,,,,
28028,25394,0.807,,,,,,,,
28029,25395,46.777,,,,,,,,
28030,25395,1.374,,,,,,,,
28031,25396,0.6,,,,,,,,
28032,25397,2.011,,,,,,,,
28033,25398,0.842,,,,,,,,
28034,25399,3.035,,,,,,,,
28035,25400,2.135,,,,,,,,
28036,25401,0.6,,,,,,,,
28037,25402,1.762,,,,,,,,
28038,25402,0.6,,,,,,,,
28039,25403,2.491,,,,,,,,
28040,25404,,1.0,0.0,1953,,Rotten,33.0,,6.8
28041,25405,3.085,,,,,,,,
28042,25406,0.6,,,,,,,,
28043,25407,15.202,,,,,,,,
28044,25408,2.115,,,,,,,,
28045,25409,0.6,,,,,,,,
28046,25410,1.237,,,,,,,,
28047,25411,15.698,,,,,,,,
28048,25411,1.189,,,,,,,,
28049,25411,0.926,,,,,,,,
28050,25411,0.6,,,,,,,,
28051,25411,0.6,,,,,,,,
28052,25411,0.6,,,,,,,,
28053,25412,0.6,,,,,,,,
28054,25413,0.6,,,,,,,,
28055,25414,0.873,,,,,,,,
28056,25415,0.6,,,,,,,,
28057,25416,16.36,,,,,,,,
28058,25416,1.372,,,,,,,,
28059,25416,1.034,,,,,,,,
28060,25417,1.957,,,,,,,,
28061,25418,0.6,,,,,,,,
28062,25419,3.294,,,,,,,,
28063,25420,0.6,,,,,,,,
28064,25421,0.6,,,,,,,,
28065,25422,1.323,,,,,,,,
28066,25423,4.473,,,,,,,,
28067,25424,0.624,,,,,,,,
28068,25425,0.84,,,,,,,,
28069,25426,,1.0,0.0,1955,,Fresh,67.0,,7.0
28070,25427,0.6,,,,,,,,
28071,25428,1.037,,,,,,,,
28072,25429,0.6,,,,,,,,
28073,25430,0.6,,,,,,,,
28074,25431,0.6,,,,,,,,
28075,25432,5.652,,,,,,,,
28076,25433,,,,,,,,,
28077,25434,0.6,,,,,,,,
28078,25435,0.6,,,,,,,,
28079,25436,68.279,,,,,,,,
28080,25437,0.6,,,,,,,,
28081,25438,0.6,,,,,,,,
28082,25439,1.254,,,,,,,,
28083,25440,2.534,,,,,,,,
28084,25441,2.726,,,,,,,,
28085,25442,5.518,,,,,,,,
28086,25443,0.6,,,,,,,,
28087,25444,,1.0,0.0,1966,,Fresh,86.0,,7.0
28088,25445,1.143,,,,,,,,
28089,25446,0.84,,,,,,,,
28090,25446,0.6,,,,,,,,
28091,25447,11.34,,,,,,,,
28092,25448,3.447,,,,,,,,
28093,25448,2.015,,,,,,,,
28094,25449,1.225,,,,,,,,
28095,25450,0.739,,,,,,,,
28096,25451,0.6,,,,,,,,
28097,25452,1.96,,,,,,,,
28098,25453,1.981,,,,,,,,
28099,25453,1.904,,,,,,,,
28100,25453,0.6,,,,,,,,
28101,25454,0.6,,,,,,,,
28102,25455,1.4,,,,,,,,
28103,25456,1.525,,,,,,,,
28104,25457,87.317,,,,,,,,
28105,25457,5.461,,,,,,,,
28106,25458,1.739,,,,,,,,
28107,25458,1.4,,,,,,,,
28108,25458,0.6,,,,,,,,
28109,25459,1.735,,,,,,,,
28110,25460,3.22,,,,,,,,
28111,25461,0.799,,,,,,,,
28112,25462,0.6,,,,,,,,
28113,25463,12.51,,,,,,,,
28114,25464,1.09,,,,,,,,
28115,25465,,1.0,0.0,1966,,Fresh,89.0,,7.6
28116,25466,,,,,,,,,
28117,25467,14.142,,,,,,,,
28118,25467,2.579,,,,,,,,
28119,25467,0.945,,,,,,,,
28120,25467,0.73,,,,,,,,
28121,25468,0.864,,,,,,,,
28122,25469,1.503,,,,,,,,
28123,25470,0.6,,,,,,,,
28124,25471,0.6,,,,,,,,
28125,25472,4.376,,,,,,,,
28126,25473,8.663,,,,,,,,
28127,25474,0.6,,,,,,,,
28128,25475,0.6,,,,,,,,
28129,25476,1.349,,,,,,,,
28130,25477,2.804,,,,,,,,
28131,25478,0.6,,,,,,,,
28132,25479,0.6,,,,,,,,
28133,25479,0.6,,,,,,,,
28134,25480,3.282,,,,,,,,
28135,25481,0.6,,,,,,,,
28136,25482,0.6,,,,,,,,
28137,25483,9.621,,,,,,,,
28138,25484,0.6,,,,,,,,
28139,25485,8.862,,,,,,,,
28140,25486,0.6,,,,,,,,
28141,25487,4.594,,,,,,,,
28142,25488,0.99,,,,,,,,
28143,25489,67.702,,,,,,,,
28144,25490,3.101,,,,,,,,
28145,25491,0.6,,,,,,,,
28146,25492,2.187,,,,,,,,
28147,25493,1.985,,,,,,,,
28148,25494,2.726,,,,,,,,
28149,25495,0.6,,,,,,,,
28150,25496,0.622,,,,,,,,
28151,25497,0.711,,,,,,,,
28152,25498,0.6,,,,,,,,
28153,25499,0.6,,,,,,,,
28154,25500,2.984,,,,,,,,
28155,25500,0.84,,,,,,,,
28156,25501,1.136,,,,,,,,
28157,25502,2.731,,,,,,,,
28158,25503,0.651,,,,,,,,
28159,25504,0.6,,,,,,,,
28160,25505,2.192,,,,,,,,
28161,25506,0.6,,,,,,,,
28162,25507,0.6,,,,,,,,
28163,25508,1.421,,,,,,,,
28164,25509,0.6,,,,,,,,
28165,25510,4.521,,,,,,,,
28166,25511,1.409,,,,,,,,
28167,25512,0.6,,,,,,,,
28168,25513,0.841,,,,,,,,
28169,25514,,,,,,,,,
28170,25515,9.819,,,,,,,,
28171,25516,0.6,,,,,,,,
28172,25517,8.924,,,,,,,,
28173,25518,0.772,,,,,,,,
28174,25519,0.935,,,,,,,,
28175,25520,0.6,,,,,,,,
28176,25521,1.71,,,,,,,,
28177,25522,0.902,,,,,,,,
28178,25523,0.6,,,,,,,,
28179,25524,1.986,,,,,,,,
28180,25525,0.6,,,,,,,,
28181,25526,0.6,,,,,,,,
28182,25527,90.394,,,,,,,,
28183,25528,0.6,,,,,,,,
28184,25529,2.477,,,,,,,,
28185,25530,,,,,,,,,
28186,25531,1.4,,,,,,,,
28187,25532,2.412,,,,,,,,
28188,25533,0.6,,,,,,,,
28189,25534,0.6,,,,,,,,
28190,25535,1.793,,,,,,,,
28191,25536,2.147,,,,,,,,
28192,25537,0.651,,,,,,,,
28193,25538,4.041,,,,,,,,
28194,25539,6.51,,,,,,,,
28195,25540,4.847,,,,,,,,
28196,25540,0.6,,,,,,,,
28197,25541,2.064,,,,,,,,
28198,25542,2.507,,,,,,,,
28199,25543,0.6,,,,,,,,
28200,25544,0.6,,,,,,,,
28201,25545,0.6,,,,,,,,
28202,25546,4.512,,,,,,,,
28203,25547,0.6,,,,,,,,
28204,25548,7.53,,,,,,,,
28205,25549,0.84,,,,,,,,
28206,25550,1.004,,,,,,,,
28207,25551,10.952,,,,,,,,
28208,25552,1.072,,,,,,,,
28209,25553,0.6,,,,,,,,
28210,25554,1.4,,,,,,,,
28211,25555,0.6,,,,,,,,
28212,25556,0.6,,,,,,,,
28213,25557,0.6,,,,,,,,
28214,25558,1.608,,,,,,,,
28215,25559,0.6,,,,,,,,
28216,25560,1.844,,,,,,,,
28217,25561,4.398,,,,,,,,
28218,25562,52.293,,,,,,,,
28219,25563,0.6,,,,,,,,
28220,25564,0.6,,,,,,,,
28221,25565,0.6,,,,,,,,
28222,25566,21.47,,,,,,,,
28223,25567,1.833,,,,,,,,
28224,25568,0.664,,,,,,,,
28225,25569,0.894,,,,,,,,
28226,25570,0.988,,,,,,,,
28227,25571,0.923,,,,,,,,
28228,25572,0.6,,,,,,,,
28229,25573,0.6,,,,,,,,
28230,25573,0.6,,,,,,,,
28231,25574,0.614,,,,,,,,
28232,25574,0.6,,,,,,,,
28233,25574,0.6,,,,,,,,
28234,25574,0.6,,,,,,,,
28235,25574,0.6,,,,,,,,
28236,25575,2.367,,,,,,,,
28237,25576,0.6,,,,,,,,
28238,25577,1.91,,,,,,,,
28239,25578,0.835,,,,,,,,
28240,25579,1.153,,,,,,,,
28241,25580,1.814,,,,,,,,
28242,25581,0.6,,,,,,,,
28243,25582,1.4,,,,,,,,
28244,25583,1.087,,,,,,,,
28245,25584,1.787,,,,,,,,
28246,25585,0.6,,,,,,,,
28247,25586,0.6,,,,,,,,
28248,25587,0.678,,,,,,,,
28249,25588,0.735,,,,,,,,
28250,25588,0.6,,,,,,,,
28251,25589,30.09,,,,,,,,
28252,25589,0.6,,,,,,,,
28253,25590,1.15,,,,,,,,
28254,25590,0.6,,,,,,,,
28255,25591,0.6,,,,,,,,
28256,25592,,0.0,1.0,2017,The Shape of Water finds Guillermo del Toro at his visually distinctive best -- and matched by an emotionally absorbing story brought to life by a stellar Sally Hawkins performance.,Certified-Fresh,92.0,,7.3
28257,25593,0.6,,,,,,,,
28258,25594,0.651,,,,,,,,
28259,25595,0.6,,,,,,,,
28260,25596,,1.0,0.0,1994,"The Shawshank Redemption is an uplifting, deeply satisfying prison drama with sensitive direction and fine performances.",Certified-Fresh,91.0,,9.3
28261,25597,2.878,,,,,,,,
28262,25598,3.568,,,,,,,,
28263,25599,7.655,,,,,,,,
28264,25599,0.6,,,,,,,,
28265,25600,2.023,,,,,,,,
28266,25601,2.656,,,,,,,,
28267,25601,1.179,,,,,,,,
28268,25602,0.6,,,,,,,,
28269,25603,1.642,,,,,,,,
28270,25604,0.704,,,,,,,,
28271,25605,1.386,,,,,,,,
28272,25606,63.472,,,,,,,,
28273,25607,0.706,,,,,,,,
28274,25608,2.079,,,,,,,,
28275,25609,1.386,,,,,,,,
28276,25610,3.703,,,,,,,,
28277,25611,0.6,,,,,,,,
28278,25612,2.955,,,,,,,,
28279,25613,0.6,,,,,,,,
28280,25614,1.048,,,,,,,,
28281,25615,,,,,,,,,
28282,25616,10.444,,,,,,,,
28283,25617,6.228,,,,,,,,
28284,25618,1.402,,,,,,,,
28285,25618,0.6,,,,,,,,
28286,25619,0.6,,,,,,,,
28287,25620,8.182,,,,,,,,
28288,25621,0.6,,,,,,,,
28289,25622,0.6,,,,,,,,
28290,25622,0.6,,,,,,,,
28291,25623,0.6,,,,,,,,
28292,25624,2.229,,,,,,,,
28293,25625,0.626,,,,,,,,
28294,25626,2.49,,,,,,,,
28295,25627,3.359,,,,,,,,
28296,25628,3.03,,,,,,,,
28297,25629,0.6,,,,,,,,
28298,25630,16.776,,,,,,,,
28299,25631,3.814,,,,,,,,
28300,25632,0.6,,,,,,,,
28301,25633,25.889,,,,,,,,
28302,25633,0.6,,,,,,,,
28303,25633,0.6,,,,,,,,
28304,25634,0.6,,,,,,,,
28305,25635,0.6,,,,,,,,
28306,25636,,0.0,1.0,1991,"Director Jonathan Demme's smart, taut thriller teeters on the edge between psychological study and all-out horror, and benefits greatly from stellar performances by Anthony Hopkins and Jodie Foster.",Certified-Fresh,96.0,,8.6
28307,25637,11.427,,,,,,,,
28308,25638,0.6,,,,,,,,
28309,25639,0.6,,,,,,,,
28310,25640,5.888,,,,,,,,
28311,25641,1.019,,,,,,,,
28312,25642,0.6,,,,,,,,
28313,25643,3.803,,,,,,,,
28314,25644,0.6,,,,,,,,
28315,25645,0.659,,,,,,,,
28316,25646,6.143,,,,,,,,
28317,25647,1.875,,,,,,,,
28318,25648,0.6,,,,,,,,
28319,25649,0.8,,,,,,,,
28320,25650,0.832,,,,,,,,
28321,25651,1.006,,,,,,,,
28322,25652,3.097,,,,,,,,
28323,25653,0.708,,,,,,,,
28324,25654,1.632,,,,,,,,
28325,25655,0.6,,,,,,,,
28326,25656,1.167,,,,,,,,
28327,25657,7.356,,,,,,,,
28328,25658,2.566,,,,,,,,
28329,25659,0.961,,,,,,,,
28330,25660,0.6,,,,,,,,
28331,25661,5.289,,,,,,,,
28332,25661,0.6,,,,,,,,
28333,25662,,1.0,0.0,1999,"M Night Shayamalan's The Sixth Sense is a twisty ghost story with all the style of a classical Hollywood picture, but all the chills of a modern horror flick.",Certified-Fresh,86.0,,8.1
28334,25663,23.969,,,,,,,,
28335,25664,3.032,,,,,,,,
28336,25665,7.936,,,,,,,,
28337,25666,0.713,,,,,,,,
28338,25667,29.657,,,,,,,,
28339,25668,1.062,,,,,,,,
28340,25669,0.6,,,,,,,,
28341,25670,5.085,,,,,,,,
28342,25671,0.6,,,,,,,,
28343,25672,0.6,,,,,,,,
28344,25673,0.962,,,,,,,,
28345,25674,0.959,,,,,,,,
28346,25675,0.963,,,,,,,,
28347,25676,1.993,,,,,,,,
28348,25676,0.626,,,,,,,,
28349,25676,0.6,,,,,,,,
28350,25677,1.81,,,,,,,,
28351,25678,2.333,,,,,,,,
28352,25679,1.625,,,,,,,,
28353,25680,0.6,,,,,,,,
28354,25681,1.669,,,,,,,,
28355,25682,3.171,,,,,,,,
28356,25682,1.599,,,,,,,,
28357,25683,0.6,,,,,,,,
28358,25684,0.6,,,,,,,,
28359,25685,3.587,,,,,,,,
28360,25686,0.65,,,,,,,,
28361,25687,0.709,,,,,,,,
28362,25688,0.893,,,,,,,,
28363,25689,3.838,,,,,,,,
28364,25690,2.115,,,,,,,,
28365,25691,0.6,,,,,,,,
28366,25692,1.991,,,,,,,,
28367,25693,0.6,,,,,,,,
28368,25694,1.601,,,,,,,,
28369,25695,1.413,,,,,,,,
28370,25695,0.6,,,,,,,,
28371,25696,0.6,,,,,,,,
28372,25697,0.6,,,,,,,,
28373,25698,0.6,,,,,,,,
28374,25699,0.6,,,,,,,,
28375,25700,1.653,,,,,,,,
28376,25701,0.964,,,,,,,,
28377,25702,0.665,,,,,,,,
28378,25703,1.4,,,,,,,,
28379,25704,1.4,,,,,,,,
28380,25705,0.6,,,,,,,,
28381,25706,6.831,,,,,,,,
28382,25707,1.34,,,,,,,,
28383,25708,5.067,,,,,,,,
28384,25708,0.6,,,,,,,,
28385,25709,0.6,,,,,,,,
28386,25710,0.647,,,,,,,,
28387,25711,0.6,,,,,,,,
28388,25712,0.6,,,,,,,,
28389,25713,1.308,,,,,,,,
28390,25714,1.883,,,,,,,,
28391,25715,1.643,,,,,,,,
28392,25716,0.6,,,,,,,,
28393,25717,0.6,,,,,,,,
28394,25718,0.6,,,,,,,,
28395,25719,,1.0,0.0,1948,,Fresh,100.0,,7.6
28396,25720,0.706,,,,,,,,
28397,25721,1.344,,,,,,,,
28398,25722,1.42,,,,,,,,
28399,25723,0.84,,,,,,,,
28400,25724,1.426,,,,,,,,
28401,25724,0.6,,,,,,,,
28402,25725,5.521,,,,,,,,
28403,25726,1.717,,,,,,,,
28404,25727,3.497,,,,,,,,
28405,25728,1.076,,,,,,,,
28406,25729,0.6,,,,,,,,
28407,25730,1.344,,,,,,,,
28408,25731,16.053,,,,,,,,
28409,25732,0.6,,,,,,,,
28410,25733,,1.0,0.0,2010,"Impeccably scripted, beautifully directed, and filled with fine performances, The Social Network is a riveting, ambitious example of modern filmmaking at its finest.",Certified-Fresh,96.0,,7.7
28411,25734,0.6,,,,,,,,
28412,25735,0.6,,,,,,,,
28413,25736,1.4,,,,,,,,
28414,25737,0.6,,,,,,,,
28415,25738,5.601,,,,,,,,
28416,25739,,1.0,0.0,1943,,Fresh,87.0,,7.6
28417,25740,2.822,,,,,,,,
28418,25741,0.6,,,,,,,,
28419,25742,0.6,,,,,,,,
28420,25743,10.166,,,,,,,,
28421,25744,0.6,,,,,,,,
28422,25745,0.6,,,,,,,,
28423,25746,1.266,,,,,,,,
28424,25747,6.386,,,,,,,,
28425,25747,0.6,,,,,,,,
28426,25747,0.6,,,,,,,,
28427,25748,0.6,,,,,,,,
28428,25749,0.6,,,,,,,,
28429,25750,,0.0,1.0,1965,"Unapologetically sweet and maybe even a little corny, The Sound of Music will win over all but the most cynical filmgoers with its classic songs and irresistible warmth.",Certified-Fresh,83.0,,8.0
28430,25751,0.6,,,,,,,,
28431,25752,1.936,,,,,,,,
28432,25753,1.279,,,,,,,,
28433,25754,0.819,,,,,,,,
28434,25755,0.728,,,,,,,,
28435,25756,1.4,,,,,,,,
28436,25757,0.6,,,,,,,,
28437,25758,2.345,,,,,,,,
28438,25759,13.094,,,,,,,,
28439,25760,0.6,,,,,,,,
28440,25761,0.74,,,,,,,,
28441,25762,1.311,,,,,,,,
28442,25763,0.969,,,,,,,,
28443,25764,2.605,,,,,,,,
28444,25764,1.697,,,,,,,,
28445,25764,1.4,,,,,,,,
28446,25764,0.944,,,,,,,,
28447,25765,3.076,,,,,,,,
28448,25766,0.6,,,,,,,,
28449,25767,0.6,,,,,,,,
28450,25768,15.985,,,,,,,,
28451,25769,0.6,,,,,,,,
28452,25770,2.726,,,,,,,,
28453,25771,0.6,,,,,,,,
28454,25772,6.266,,,,,,,,
28455,25773,0.6,,,,,,,,
28456,25774,0.6,,,,,,,,
28457,25775,0.6,,,,,,,,
28458,25776,3.387,,,,,,,,
28459,25777,1.746,,,,,,,,
28460,25778,0.877,,,,,,,,
28461,25779,0.6,,,,,,,,
28462,25780,1.482,,,,,,,,
28463,25781,0.6,,,,,,,,
28464,25782,1.297,,,,,,,,
28465,25783,0.671,,,,,,,,
28466,25784,1.4,,,,,,,,
28467,25785,0.6,,,,,,,,
28468,25786,0.856,,,,,,,,
28469,25787,0.6,,,,,,,,
28470,25788,15.352,,,,,,,,
28471,25789,2.572,,,,,,,,
28472,25790,3.256,,,,,,,,
28473,25791,3.071,,,,,,,,
28474,25792,11.492,,,,,,,,
28475,25793,1.929,,,,,,,,
28476,25793,0.6,,,,,,,,
28477,25793,0.6,,,,,,,,
28478,25793,0.6,,,,,,,,
28479,25794,0.6,,,,,,,,
28480,25795,0.6,,,,,,,,
28481,25796,0.6,,,,,,,,
28482,25797,0.6,,,,,,,,
28483,25798,0.6,,,,,,,,
28484,25799,1.844,,,,,,,,
28485,25800,0.847,,,,,,,,
28486,25801,,,,,,,,,
28487,25802,1.49,,,,,,,,
28488,25803,6.921,,,,,,,,
28489,25804,2.482,,,,,,,,
28490,25805,17.022,,,,,,,,
28491,25805,16.199,,,,,,,,
28492,25806,2.567,,,,,,,,
28493,25807,1.278,,,,,,,,
28494,25808,14.006,,,,,,,,
28495,25808,13.352,,,,,,,,
28496,25809,0.786,,,,,,,,
28497,25810,0.6,,,,,,,,
28498,25811,,0.0,1.0,1973,"Paul Newman, Robert Redford, and director George Roy Hill prove that charm, humor, and a few slick twists can add up to a great film.",Certified-Fresh,94.0,,8.3
28499,25812,2.008,,,,,,,,
28500,25813,0.6,,,,,,,,
28501,25814,0.6,,,,,,,,
28502,25815,0.6,,,,,,,,
28503,25816,0.6,,,,,,,,
28504,25817,0.6,,,,,,,,
28505,25818,2.814,,,,,,,,
28506,25819,0.6,,,,,,,,
28507,25820,1.341,,,,,,,,
28508,25821,0.6,,,,,,,,
28509,25821,0.6,,,,,,,,
28510,25822,0.6,,,,,,,,
28511,25823,0.6,,,,,,,,
28512,25824,0.6,,,,,,,,
28513,25825,10.923,,,,,,,,
28514,25826,0.652,,,,,,,,
28515,25827,0.6,,,,,,,,
28516,25828,1.4,,,,,,,,
28517,25829,0.6,,,,,,,,
28518,25830,,,,,,,,,
28519,25831,1.822,,,,,,,,
28520,25832,2.045,,,,,,,,
28521,25832,0.6,,,,,,,,
28522,25832,0.6,,,,,,,,
28523,25833,1.4,,,,,,,,
28524,25834,6.146,,,,,,,,
28525,25835,2.57,,,,,,,,
28526,25836,1.176,,,,,,,,
28527,25837,1.5,,,,,,,,
28528,25838,1.4,,,,,,,,
28529,25839,0.6,,,,,,,,
28530,25840,0.6,,,,,,,,
28531,25841,1.688,,,,,,,,
28532,25842,11.761,,,,,,,,
28533,25843,0.951,,,,,,,,
28534,25844,1.4,,,,,,,,
28535,25845,2.19,,,,,,,,
28536,25846,1.503,,,,,,,,
28537,25847,6.512,,,,,,,,
28538,25847,0.6,,,,,,,,
28539,25848,0.867,,,,,,,,
28540,25849,27.332,,,,,,,,
28541,25849,1.0,,,,,,,,
28542,25849,0.783,,,,,,,,
28543,25850,38.516,,,,,,,,
28544,25851,2.334,,,,,,,,
28545,25852,2.423,,,,,,,,
28546,25853,0.724,,,,,,,,
28547,25854,0.6,,,,,,,,
28548,25855,0.6,,,,,,,,
28549,25856,1.2,,,,,,,,
28550,25857,0.754,,,,,,,,
28551,25858,1.4,,,,,,,,
28552,25859,0.6,,,,,,,,
28553,25860,0.6,,,,,,,,
28554,25861,9.111,,,,,,,,
28555,25862,3.968,,,,,,,,
28556,25862,0.727,,,,,,,,
28557,25863,1.4,,,,,,,,
28558,25864,3.424,,,,,,,,
28559,25865,4.827,,,,,,,,
28560,25865,0.6,,,,,,,,
28561,25866,0.93,,,,,,,,
28562,25867,3.096,,,,,,,,
28563,25868,2.439,,,,,,,,
28564,25869,0.6,,,,,,,,
28565,25870,0.975,,,,,,,,
28566,25871,0.6,,,,,,,,
28567,25872,1.4,,,,,,,,
28568,25873,0.6,,,,,,,,
28569,25874,0.6,,,,,,,,
28570,25875,2.266,,,,,,,,
28571,25876,0.6,,,,,,,,
28572,25877,10.636,,,,,,,,
28573,25878,0.6,,,,,,,,
28574,25879,3.06,,,,,,,,
28575,25879,0.6,,,,,,,,
28576,25880,0.6,,,,,,,,
28577,25881,2.182,,,,,,,,
28578,25882,0.6,,,,,,,,
28579,25883,0.947,,,,,,,,
28580,25884,0.892,,,,,,,,
28581,25885,,1.0,0.0,1960,,Fresh,75.0,,7.1
28582,25886,0.6,,,,,,,,
28583,25887,0.6,,,,,,,,
28584,25888,0.6,,,,,,,,
28585,25889,0.6,,,,,,,,
28586,25890,5.974,,,,,,,,
28587,25890,2.446,,,,,,,,
28588,25891,10.392,,,,,,,,
28589,25892,0.6,,,,,,,,
28590,25893,0.6,,,,,,,,
28591,25894,0.6,,,,,,,,
28592,25895,2.16,,,,,,,,
28593,25896,0.6,,,,,,,,
28594,25897,1.21,,,,,,,,
28595,25898,1.96,,,,,,,,
28596,25898,0.6,,,,,,,,
28597,25899,3.31,,,,,,,,
28598,25900,1.997,,,,,,,,
28599,25901,0.915,,,,,,,,
28600,25902,2.358,,,,,,,,
28601,25903,7.182,,,,,,,,
28602,25904,1.13,,,,,,,,
28603,25905,1.637,,,,,,,,
28604,25906,0.6,,,,,,,,
28605,25907,0.6,,,,,,,,
28606,25908,2.719,,,,,,,,
28607,25909,5.807,,,,,,,,
28608,25910,1.978,,,,,,,,
28609,25911,0.6,,,,,,,,
28610,25912,1.105,,,,,,,,
28611,25913,1.149,,,,,,,,
28612,25914,0.6,,,,,,,,
28613,25915,10.063,,,,,,,,
28614,25916,7.101,,,,,,,,
28615,25917,2.629,,,,,,,,
28616,25918,2.735,,,,,,,,
28617,25919,0.6,,,,,,,,
28618,25920,3.343,,,,,,,,
28619,25920,0.841,,,,,,,,
28620,25921,24.686,,,,,,,,
28621,25922,1.046,,,,,,,,
28622,25923,,,,,,,,,
28623,25924,0.6,,,,,,,,
28624,25925,1.348,,,,,,,,
28625,25926,0.6,,,,,,,,
28626,25927,0.93,,,,,,,,
28627,25928,1.517,,,,,,,,
28628,25929,0.6,,,,,,,,
28629,25930,0.955,,,,,,,,
28630,25931,0.603,,,,,,,,
28631,25932,,1.0,0.0,1942,,Fresh,94.0,,7.5
28632,25933,7.804,,,,,,,,
28633,25934,0.6,,,,,,,,
28634,25935,1.718,,,,,,,,
28635,25936,0.6,,,,,,,,
28636,25937,0.6,,,,,,,,
28637,25938,1.596,,,,,,,,
28638,25939,12.924,,,,,,,,
28639,25940,4.656,,,,,,,,
28640,25940,0.601,,,,,,,,
28641,25941,0.6,,,,,,,,
28642,25942,0.686,,,,,,,,
28643,25943,0.6,,,,,,,,
28644,25944,0.6,,,,,,,,
28645,25945,0.6,,,,,,,,
28646,25945,0.6,,,,,,,,
28647,25946,2.683,,,,,,,,
28648,25946,2.455,,,,,,,,
28649,25946,1.546,,,,,,,,
28650,25946,0.628,,,,,,,,
28651,25946,0.622,,,,,,,,
28652,25946,0.6,,,,,,,,
28653,25946,0.6,,,,,,,,
28654,25946,0.6,,,,,,,,
28655,25946,0.6,,,,,,,,
28656,25947,0.6,,,,,,,,
28657,25948,3.015,,,,,,,,
28658,25949,6.596,,,,,,,,
28659,25950,0.909,,,,,,,,
28660,25951,0.6,,,,,,,,
28661,25952,0.6,,,,,,,,
28662,25953,,1.0,0.0,1956,"Bombastic and occasionally silly but extravagantly entertaining, Cecil B. DeMille's all-star spectacular is a muscular retelling of the great Bible story.",Fresh,89.0,,7.9
28663,25954,0.6,,,,,,,,
28664,25955,12.444,,,,,,,,
28665,25955,2.24,,,,,,,,
28666,25955,0.6,,,,,,,,
28667,25956,0.91,,,,,,,,
28668,25957,0.6,,,,,,,,
28669,25958,4.382,,,,,,,,
28670,25959,,,,,,,,,
28671,25960,8.354,,,,,,,,
28672,25961,0.681,,,,,,,,
28673,25962,0.919,,,,,,,,
28674,25963,0.6,,,,,,,,
28675,25964,2.652,,,,,,,,
28676,25965,1.16,,,,,,,,
28677,25966,6.459,,,,,,,,
28678,25967,3.224,,,,,,,,
28679,25968,0.6,,,,,,,,
28680,25969,3.412,,,,,,,,
28681,25970,1.449,,,,,,,,
28682,25971,1.0,,,,,,,,
28683,25972,5.318,,,,,,,,
28684,25973,0.697,,,,,,,,
28685,25973,0.6,,,,,,,,
28686,25974,0.6,,,,,,,,
28687,25975,0.6,,,,,,,,
28688,25976,57.809,,,,,,,,
28689,25977,0.6,,,,,,,,
28690,25978,2.511,,,,,,,,
28691,25979,86.118,,,,,,,,
28692,25980,33.29,,,,,,,,
28693,25981,0.6,,,,,,,,
28694,25982,0.729,,,,,,,,
28695,25983,69.979,,,,,,,,
28696,25984,10.217,,,,,,,,
28697,25985,0.6,,,,,,,,
28698,25986,1.15,,,,,,,,
28699,25987,5.423,,,,,,,,
28700,25988,0.6,,,,,,,,
28701,25989,,1.0,0.0,2014,"Part biopic, part love story, The Theory of Everything rises on James Marsh's polished direction and the strength of its two leads.",Certified-Fresh,80.0,,7.7
28702,25990,1.398,,,,,,,,
28703,25991,0.6,1.0,0.0,1934,"Featuring an involving mystery and sparkling repartee between William Powell and Myrna Loy, The Thin Man is an endlessly charming romp.",Fresh,97.0,,8.0
28704,25992,,1.0,0.0,1998,The Thin Red Line is a daringly philosophical World War II film with an enormous cast of eager stars.,Certified-Fresh,80.0,,7.6
28705,25993,56.545,,,,,,,,
28706,25993,27.719,,,,,,,,
28707,25994,0.6,,,,,,,,
28708,25995,2.624,,,,,,,,
28709,25996,0.6,,,,,,,,
28710,25997,0.6,,,,,,,,
28711,25998,3.089,,,,,,,,
28712,25999,0.6,,,,,,,,
28713,26000,13.084,,,,,,,,
28714,26001,0.6,,,,,,,,
28715,26002,0.6,,,,,,,,
28716,26003,0.743,,,,,,,,
28717,26004,0.6,,,,,,,,
28718,26005,2.142,,,,,,,,
28719,26006,0.632,,,,,,,,
28720,26007,0.6,,,,,,,,
28721,26008,0.6,,,,,,,,
28722,26009,10.937,,,,,,,,
28723,26010,0.6,,,,,,,,
28724,26011,10.394,,,,,,,,
28725,26012,5.872,,,,,,,,
28726,26013,1.214,,,,,,,,
28727,26013,0.842,,,,,,,,
28728,26014,0.6,,,,,,,,
28729,26015,2.044,,,,,,,,
28730,26016,0.6,,,,,,,,
28731,26017,,,,,,,,,
28732,26018,5.911,,,,,,,,
28733,26019,1.018,,,,,,,,
28734,26020,0.6,,,,,,,,
28735,26021,0.6,,,,,,,,
28736,26022,4.419,,,,,,,,
28737,26023,0.945,,,,,,,,
28738,26024,2.394,,,,,,,,
28739,26025,1.516,,,,,,,,
28740,26026,0.84,,,,,,,,
28741,26027,4.811,,,,,,,,
28742,26028,0.6,,,,,,,,
28743,26029,0.6,,,,,,,,
28744,26030,1.206,,,,,,,,
28745,26031,0.823,,,,,,,,
28746,26032,1.559,,,,,,,,
28747,26033,0.6,,,,,,,,
28748,26034,0.6,,,,,,,,
28749,26035,1.421,,,,,,,,
28750,26036,0.603,,,,,,,,
28751,26037,1.477,,,,,,,,
28752,26038,0.6,,,,,,,,
28753,26039,0.6,,,,,,,,
28754,26040,0.6,,,,,,,,
28755,26041,0.6,,,,,,,,
28756,26042,0.686,,,,,,,,
28757,26043,0.6,,,,,,,,
28758,26044,1.118,,,,,,,,
28759,26045,0.6,,,,,,,,
28760,26046,1.248,,,,,,,,
28761,26047,6.107,,,,,,,,
28762,26048,0.6,,,,,,,,
28763,26049,0.6,,,,,,,,
28764,26050,1.183,,,,,,,,
28765,26051,1.476,,,,,,,,
28766,26052,8.652,,,,,,,,
28767,26053,4.603,,,,,,,,
28768,26053,4.121,,,,,,,,
28769,26053,1.755,,,,,,,,
28770,26054,2.301,,,,,,,,
28771,26055,0.841,,,,,,,,
28772,26056,6.931,,,,,,,,
28773,26057,2.034,,,,,,,,
28774,26058,5.35,,,,,,,,
28775,26059,3.911,,,,,,,,
28776,26059,0.6,,,,,,,,
28777,26060,0.6,,,,,,,,
28778,26061,0.686,,,,,,,,
28779,26062,0.6,,,,,,,,
28780,26063,6.46,,,,,,,,
28781,26064,8.719,,,,,,,,
28782,26065,1.809,,,,,,,,
28783,26065,1.651,,,,,,,,
28784,26066,0.914,,,,,,,,
28785,26066,0.6,,,,,,,,
28786,26067,1.016,,,,,,,,
28787,26068,2.594,,,,,,,,
28788,26069,0.6,,,,,,,,
28789,26070,13.152,,,,,,,,
28790,26071,0.623,,,,,,,,
28791,26072,1.197,,,,,,,,
28792,26072,1.14,,,,,,,,
28793,26072,0.954,,,,,,,,
28794,26073,,1.0,0.0,1974,"Although it is not consistently engaging enough to fully justify its towering runtime, The Towering Inferno is a blustery spectacle that executes its disaster premise with flair.",Fresh,69.0,,7.0
28795,26074,6.692,,,,,,,,
28796,26075,0.6,,,,,,,,
28797,26076,16.546,,,,,,,,
28798,26077,10.214,,,,,,,,
28799,26078,8.226,,,,,,,,
28800,26079,6.947,,,,,,,,
28801,26080,0.6,,,,,,,,
28802,26081,0.6,,,,,,,,
28803,26082,0.6,,,,,,,,
28804,26083,1.834,,,,,,,,
28805,26083,1.607,,,,,,,,
28806,26084,6.626,,,,,,,,
28807,26084,0.675,,,,,,,,
28808,26085,4.057,,,,,,,,
28809,26086,1.846,,,,,,,,
28810,26087,0.6,,,,,,,,
28811,26088,1.4,,,,,,,,
28812,26089,0.6,,,,,,,,
28813,26090,0.6,,,,,,,,
28814,26091,0.964,,,,,,,,
28815,26092,0.6,,,,,,,,
28816,26093,0.6,,,,,,,,
28817,26094,8.365,,,,,,,,
28818,26095,0.6,,,,,,,,
28819,26096,7.747,,,,,,,,
28820,26097,3.934,,,,,,,,
28821,26097,0.6,,,,,,,,
28822,26097,0.6,,,,,,,,
28823,26098,0.658,,,,,,,,
28824,26099,6.661,,,,,,,,
28825,26099,0.897,,,,,,,,
28826,26100,0.6,,,,,,,,
28827,26101,1.627,,,,,,,,
28828,26102,1.158,,,,,,,,
28829,26103,1.513,,,,,,,,
28830,26104,,1.0,0.0,1948,"Remade but never duplicated, this darkly humorous morality tale represents John Huston at his finest.",Certified-Fresh,100.0,,8.2
28831,26105,0.6,,,,,,,,
28832,26106,0.6,,,,,,,,
28833,26107,,1.0,0.0,2011,"Terrence Malick's singularly deliberate style may prove unrewarding for some, but for patient viewers, Tree of Life is an emotional as well as visual treat.",Certified-Fresh,85.0,,6.8
28834,26108,1.292,,,,,,,,
28835,26109,0.6,,,,,,,,
28836,26110,3.531,,,,,,,,
28837,26110,1.552,,,,,,,,
28838,26111,0.6,,,,,,,,
28839,26112,0.6,,,,,,,,
28840,26113,,,,,,,,,
28841,26114,2.016,,,,,,,,
28842,26115,0.664,,,,,,,,
28843,26116,0.6,,,,,,,,
28844,26117,0.6,,,,,,,,
28845,26118,1.174,,,,,,,,
28846,26119,0.6,,,,,,,,
28847,26120,0.6,,,,,,,,
28848,26121,39.424,,,,,,,,
28849,26121,0.6,,,,,,,,
28850,26122,6.119,,,,,,,,
28851,26123,0.6,,,,,,,,
28852,26124,1.2,,,,,,,,
28853,26125,0.66,,,,,,,,
28854,26126,3.755,,,,,,,,
28855,26127,,,,,,,,,
28856,26128,0.6,,,,,,,,
28857,26129,0.96,,,,,,,,
28858,26130,0.6,,,,,,,,
28859,26131,1.546,,,,,,,,
28860,26132,0.6,,,,,,,,
28861,26133,0.6,,,,,,,,
28862,26134,0.6,,,,,,,,
28863,26135,13.569,,,,,,,,
28864,26135,2.999,,,,,,,,
28865,26135,1.276,,,,,,,,
28866,26135,0.6,,,,,,,,
28867,26136,1.219,,,,,,,,
28868,26137,4.848,,,,,,,,
28869,26137,2.891,,,,,,,,
28870,26137,1.4,,,,,,,,
28871,26137,1.237,,,,,,,,
28872,26137,1.221,,,,,,,,
28873,26137,0.881,,,,,,,,
28874,26137,0.6,,,,,,,,
28875,26138,29.345,,,,,,,,
28876,26139,1.38,,,,,,,,
28877,26140,0.6,,,,,,,,
28878,26141,1.116,,,,,,,,
28879,26142,1.53,,,,,,,,
28880,26143,17.295,,,,,,,,
28881,26144,11.4,,,,,,,,
28882,26145,0.6,,,,,,,,
28883,26146,8.953,,,,,,,,
28884,26147,0.6,,,,,,,,
28885,26148,0.6,,,,,,,,
28886,26149,2.808,,,,,,,,
28887,26150,1.095,,,,,,,,
28888,26151,1.32,,,,,,,,
28889,26152,2.095,,,,,,,,
28890,26153,1.4,,,,,,,,
28891,26154,0.6,,,,,,,,
28892,26155,0.6,,,,,,,,
28893,26156,0.6,,,,,,,,
28894,26157,0.624,,,,,,,,
28895,26158,4.171,,,,,,,,
28896,26159,37.529,,,,,,,,
28897,26159,3.431,,,,,,,,
28898,26159,3.115,,,,,,,,
28899,26159,1.32,,,,,,,,
28900,26160,2.488,,,,,,,,
28901,26161,2.189,,,,,,,,
28902,26162,1.223,,,,,,,,
28903,26163,6.477,,,,,,,,
28904,26164,0.84,,,,,,,,
28905,26165,0.6,,,,,,,,
28906,26166,3.695,,,,,,,,
28907,26167,0.6,,,,,,,,
28908,26168,2.352,,,,,,,,
28909,26169,0.6,,,,,,,,
28910,26170,0.6,,,,,,,,
28911,26171,0.6,,,,,,,,
28912,26172,2.195,,,,,,,,
28913,26173,2.392,,,,,,,,
28914,26174,1.766,,,,,,,,
28915,26175,0.6,,,,,,,,
28916,26176,0.6,,,,,,,,
28917,26177,0.608,,,,,,,,
28918,26178,31.223,,,,,,,,
28919,26179,2.818,,,,,,,,
28920,26180,1.822,,,,,,,,
28921,26181,2.718,,,,,,,,
28922,26182,0.607,,,,,,,,
28923,26183,7.369,,,,,,,,
28924,26184,207.113,,,,,,,,
28925,26184,3.897,,,,,,,,
28926,26185,21.284,,,,,,,,
28927,26185,3.096,,,,,,,,
28928,26185,1.444,,,,,,,,
28929,26186,4.412,,,,,,,,
28930,26187,2.011,,,,,,,,
28931,26188,0.6,,,,,,,,
28932,26189,2.255,,,,,,,,
28933,26190,1.872,,,,,,,,
28934,26191,1.173,,,,,,,,
28935,26191,1.091,,,,,,,,
28936,26191,0.6,,,,,,,,
28937,26192,1.781,,,,,,,,
28938,26193,1.509,,,,,,,,
28939,26194,1.513,,,,,,,,
28940,26195,0.833,,,,,,,,
28941,26196,3.888,,,,,,,,
28942,26197,3.133,,,,,,,,
28943,26198,0.826,,,,,,,,
28944,26199,2.57,,,,,,,,
28945,26200,3.711,,,,,,,,
28946,26201,4.111,,,,,,,,
28947,26201,3.699,,,,,,,,
28948,26201,2.416,,,,,,,,
28949,26201,1.379,,,,,,,,
28950,26201,0.6,,,,,,,,
28951,26202,0.6,,,,,,,,
28952,26203,0.726,,,,,,,,
28953,26204,11.825,,,,,,,,
28954,26205,7.725,,,,,,,,
28955,26206,0.6,,,,,,,,
28956,26207,6.152,,,,,,,,
28957,26208,,,,,,,,,
28958,26209,0.6,,,,,,,,
28959,26210,3.509,,,,,,,,
28960,26211,2.083,,,,,,,,
28961,26212,0.6,,,,,,,,
28962,26213,0.6,,,,,,,,
28963,26214,1.4,,,,,,,,
28964,26215,0.6,,,,,,,,
28965,26216,0.9,,,,,,,,
28966,26217,,,,,,,,,
28967,26218,4.135,,,,,,,,
28968,26219,4.436,,,,,,,,
28969,26220,0.6,,,,,,,,
28970,26221,0.6,,,,,,,,
28971,26222,0.6,,,,,,,,
28972,26223,5.149,,,,,,,,
28973,26224,3.721,,,,,,,,
28974,26225,4.615,,,,,,,,
28975,26226,3.413,,,,,,,,
28976,26226,1.629,,,,,,,,
28977,26226,0.6,,,,,,,,
28978,26227,0.6,,,,,,,,
28979,26228,0.84,,,,,,,,
28980,26229,0.6,,,,,,,,
28981,26229,0.6,,,,,,,,
28982,26230,3.461,,,,,,,,
28983,26231,0.6,,,,,,,,
28984,26232,0.6,,,,,,,,
28985,26233,0.845,,,,,,,,
28986,26234,0.6,,,,,,,,
28987,26235,1.877,,,,,,,,
28988,26236,1.15,,,,,,,,
28989,26237,0.6,,,,,,,,
28990,26238,8.065,,,,,,,,
28991,26239,0.931,,,,,,,,
28992,26240,0.652,,,,,,,,
28993,26241,0.901,,,,,,,,
28994,26242,2.3,,,,,,,,
28995,26243,1.261,,,,,,,,
28996,26244,1.681,,,,,,,,
28997,26245,0.88,,,,,,,,
28998,26246,0.6,,,,,,,,
28999,26247,1.352,,,,,,,,
29000,26248,1.976,,,,,,,,
29001,26249,0.6,,,,,,,,
29002,26250,0.6,,,,,,,,
29003,26251,1.144,,,,,,,,
29004,26252,0.6,,,,,,,,
29005,26253,1.228,,,,,,,,
29006,26254,0.6,,,,,,,,
29007,26255,1.662,,,,,,,,
29008,26256,0.6,,,,,,,,
29009,26257,4.445,,,,,,,,
29010,26258,1.96,,,,,,,,
29011,26259,11.891,,,,,,,,
29012,26260,4.08,,,,,,,,
29013,26261,27.874,,,,,,,,
29014,26262,13.173,,,,,,,,
29015,26262,1.009,,,,,,,,
29016,26262,0.888,,,,,,,,
29017,26262,0.6,,,,,,,,
29018,26263,7.053,,,,,,,,
29019,26264,0.6,,,,,,,,
29020,26265,0.621,,,,,,,,
29021,26266,0.6,,,,,,,,
29022,26267,8.853,,,,,,,,
29023,26267,0.6,,,,,,,,
29024,26267,0.6,,,,,,,,
29025,26268,0.632,,,,,,,,
29026,26269,1.549,,,,,,,,
29027,26270,9.018,,,,,,,,
29028,26271,2.697,,,,,,,,
29029,26272,0.706,,,,,,,,
29030,26273,3.181,,,,,,,,
29031,26274,1.254,,,,,,,,
29032,26275,0.856,,,,,,,,
29033,26276,0.6,,,,,,,,
29034,26277,0.903,,,,,,,,
29035,26278,,1.0,0.0,1982,"Paul Newman is at the peak of his powers as an attorney who never lived up to his potential in The Verdict, supported by David Mamet's crackling script and Sidney Lumet's confident direction.",Fresh,88.0,,7.7
29036,26279,0.6,,,,,,,,
29037,26280,0.6,,,,,,,,
29038,26281,0.674,,,,,,,,
29039,26282,0.748,,,,,,,,
29040,26283,4.62,,,,,,,,
29041,26283,3.123,,,,,,,,
29042,26283,1.661,,,,,,,,
29043,26284,1.227,,,,,,,,
29044,26285,0.6,,,,,,,,
29045,26286,5.506,,,,,,,,
29046,26287,0.6,,,,,,,,
29047,26288,0.6,,,,,,,,
29048,26289,7.586,,,,,,,,
29049,26290,1.943,,,,,,,,
29050,26291,1.456,,,,,,,,
29051,26292,4.368,,,,,,,,
29052,26293,2.52,,,,,,,,
29053,26294,0.6,,,,,,,,
29054,26295,0.6,,,,,,,,
29055,26296,4.111,,,,,,,,
29056,26296,1.769,,,,,,,,
29057,26297,0.6,,,,,,,,
29058,26298,0.6,,,,,,,,
29059,26299,0.6,,,,,,,,
29060,26300,0.711,,,,,,,,
29061,26301,1.104,,,,,,,,
29062,26302,27.653,,,,,,,,
29063,26302,0.6,,,,,,,,
29064,26302,0.6,,,,,,,,
29065,26303,1.509,,,,,,,,
29066,26303,0.619,,,,,,,,
29067,26303,0.6,,,,,,,,
29068,26304,5.503,,,,,,,,
29069,26305,0.6,,,,,,,,
29070,26306,40.296,,,,,,,,
29071,26306,5.975,,,,,,,,
29072,26306,1.282,,,,,,,,
29073,26306,0.6,,,,,,,,
29074,26306,0.6,,,,,,,,
29075,26307,1.485,,,,,,,,
29076,26308,0.6,,,,,,,,
29077,26308,0.6,,,,,,,,
29078,26309,0.6,,,,,,,,
29079,26310,0.6,,,,,,,,
29080,26311,12.963,,,,,,,,
29081,26311,12.116,,,,,,,,
29082,26312,19.684,,,,,,,,
29083,26312,1.652,,,,,,,,
29084,26313,1.235,,,,,,,,
29085,26314,1.061,,,,,,,,
29086,26315,0.6,,,,,,,,
29087,26316,0.6,,,,,,,,
29088,26317,39.32,,,,,,,,
29089,26318,16.157,,,,,,,,
29090,26319,7.308,,,,,,,,
29091,26320,20.26,,,,,,,,
29092,26321,0.6,,,,,,,,
29093,26322,3.259,,,,,,,,
29094,26322,0.6,,,,,,,,
29095,26323,0.6,,,,,,,,
29096,26324,13.655,,,,,,,,
29097,26325,0.881,,,,,,,,
29098,26326,0.6,,,,,,,,
29099,26327,0.6,,,,,,,,
29100,26328,0.6,,,,,,,,
29101,26329,0.712,,,,,,,,
29102,26330,0.6,,,,,,,,
29103,26331,5.284,,,,,,,,
29104,26332,0.6,,,,,,,,
29105,26333,16.629,,,,,,,,
29106,26334,0.6,,,,,,,,
29107,26335,0.6,,,,,,,,
29108,26336,2.223,,,,,,,,
29109,26336,0.677,,,,,,,,
29110,26337,0.981,,,,,,,,
29111,26338,,,,,,,,,
29112,26339,2.889,,,,,,,,
29113,26340,2.217,,,,,,,,
29114,26341,5.303,,,,,,,,
29115,26341,2.633,,,,,,,,
29116,26342,9.755,,,,,,,,
29117,26343,4.326,,,,,,,,
29118,26344,11.425,,,,,,,,
29119,26344,1.935,,,,,,,,
29120,26345,10.367,,,,,,,,
29121,26345,5.216,,,,,,,,
29122,26346,0.84,,,,,,,,
29123,26347,0.6,,,,,,,,
29124,26348,0.6,,,,,,,,
29125,26349,0.6,,,,,,,,
29126,26350,0.6,,,,,,,,
29127,26351,4.257,,,,,,,,
29128,26352,0.6,,,,,,,,
29129,26353,3.724,,,,,,,,
29130,26354,0.6,,,,,,,,
29131,26355,0.6,,,,,,,,
29132,26356,0.6,,,,,,,,
29133,26357,0.863,,,,,,,,
29134,26358,1.011,,,,,,,,
29135,26359,2.513,,,,,,,,
29136,26360,0.6,,,,,,,,
29137,26361,0.612,,,,,,,,
29138,26362,1.891,,,,,,,,
29139,26363,0.6,,,,,,,,
29140,26364,0.6,,,,,,,,
29141,26365,0.6,,,,,,,,
29142,26366,2.703,,,,,,,,
29143,26367,0.6,,,,,,,,
29144,26368,0.6,,,,,,,,
29145,26369,5.101,,,,,,,,
29146,26370,0.6,,,,,,,,
29147,26371,0.668,,,,,,,,
29148,26372,0.6,,,,,,,,
29149,26373,0.6,,,,,,,,
29150,26374,0.631,,,,,,,,
29151,26375,0.6,,,,,,,,
29152,26376,3.305,,,,,,,,
29153,26377,0.6,,,,,,,,
29154,26378,1.4,,,,,,,,
29155,26379,1.4,,,,,,,,
29156,26380,1.732,,,,,,,,
29157,26381,2.181,,,,,,,,
29158,26382,2.048,,,,,,,,
29159,26383,0.704,,,,,,,,
29160,26384,0.6,,,,,,,,
29161,26385,0.949,,,,,,,,
29162,26386,3.23,,,,,,,,
29163,26387,2.422,,,,,,,,
29164,26388,1.729,,,,,,,,
29165,26389,0.6,,,,,,,,
29166,26390,0.6,,,,,,,,
29167,26391,1.83,,,,,,,,
29168,26392,0.6,,,,,,,,
29169,26393,0.6,,,,,,,,
29170,26393,0.6,,,,,,,,
29171,26394,0.6,,,,,,,,
29172,26395,10.699,,,,,,,,
29173,26396,0.6,,,,,,,,
29174,26397,1.4,,,,,,,,
29175,26398,1.176,,,,,,,,
29176,26399,4.193,,,,,,,,
29177,26400,2.653,,,,,,,,
29178,26400,1.4,,,,,,,,
29179,26401,0.6,,,,,,,,
29180,26402,0.697,,,,,,,,
29181,26403,0.6,,,,,,,,
29182,26403,0.6,,,,,,,,
29183,26404,11.402,,,,,,,,
29184,26405,9.223,,,,,,,,
29185,26406,0.6,,,,,,,,
29186,26407,2.814,,,,,,,,
29187,26408,0.6,,,,,,,,
29188,26409,0.6,,,,,,,,
29189,26410,0.6,,,,,,,,
29190,26411,0.6,,,,,,,,
29191,26412,2.224,,,,,,,,
29192,26413,0.6,,,,,,,,
29193,26414,1.082,,,,,,,,
29194,26415,92.637,,,,,,,,
29195,26416,1.939,,,,,,,,
29196,26417,5.555,,,,,,,,
29197,26417,1.13,,,,,,,,
29198,26417,0.706,,,,,,,,
29199,26417,0.6,,,,,,,,
29200,26418,5.339,,,,,,,,
29201,26419,2.646,,,,,,,,
29202,26420,1.858,,,,,,,,
29203,26421,0.6,,,,,,,,
29204,26422,3.237,,,,,,,,
29205,26423,0.6,,,,,,,,
29206,26424,0.6,,,,,,,,
29207,26425,4.174,,,,,,,,
29208,26426,0.773,,,,,,,,
29209,26427,18.481,,,,,,,,
29210,26427,9.989,,,,,,,,
29211,26428,5.263,,,,,,,,
29212,26429,2.268,,,,,,,,
29213,26430,8.179,,,,,,,,
29214,26431,0.922,,,,,,,,
29215,26432,4.567,,,,,,,,
29216,26433,,,,,,,,,
29217,26434,1.325,,,,,,,,
29218,26435,1.882,,,,,,,,
29219,26436,9.165,,,,,,,,
29220,26437,6.388,,,,,,,,
29221,26438,13.077,,,,,,,,
29222,26438,3.208,,,,,,,,
29223,26438,1.467,,,,,,,,
29224,26438,0.6,,,,,,,,
29225,26439,0.6,,,,,,,,
29226,26440,2.486,,,,,,,,
29227,26441,0.6,,,,,,,,
29228,26442,7.381,,,,,,,,
29229,26443,0.6,,,,,,,,
29230,26444,0.6,,,,,,,,
29231,26445,2.454,,,,,,,,
29232,26446,7.267,,,,,,,,
29233,26447,0.6,,,,,,,,
29234,26448,2.76,,,,,,,,
29235,26449,69.655,,,,,,,,
29236,26449,7.042,,,,,,,,
29237,26449,3.089,,,,,,,,
29238,26449,1.812,,,,,,,,
29239,26449,0.841,,,,,,,,
29240,26449,0.799,,,,,,,,
29241,26450,0.6,,,,,,,,
29242,26451,0.6,,,,,,,,
29243,26452,0.6,,,,,,,,
29244,26453,3.97,,,,,,,,
29245,26454,0.6,,,,,,,,
29246,26454,0.6,,,,,,,,
29247,26455,3.373,,,,,,,,
29248,26456,9.365,,,,,,,,
29249,26457,0.6,,,,,,,,
29250,26458,0.99,,,,,,,,
29251,26459,0.6,,,,,,,,
29252,26460,1.592,,,,,,,,
29253,26461,2.344,,,,,,,,
29254,26462,27.034,,,,,,,,
29255,26462,5.837,,,,,,,,
29256,26462,3.886,,,,,,,,
29257,26463,1.837,,,,,,,,
29258,26464,2.974,,,,,,,,
29259,26465,3.137,,,,,,,,
29260,26466,17.352,,,,,,,,
29261,26467,0.6,,,,,,,,
29262,26468,0.6,,,,,,,,
29263,26469,1.305,,,,,,,,
29264,26470,2.628,,,,,,,,
29265,26471,3.721,,,,,,,,
29266,26471,1.74,,,,,,,,
29267,26471,0.6,,,,,,,,
29268,26472,0.6,,,,,,,,
29269,26472,0.6,,,,,,,,
29270,26473,2.368,,,,,,,,
29271,26474,0.6,,,,,,,,
29272,26475,1.379,,,,,,,,
29273,26476,5.483,,,,,,,,
29274,26476,5.33,,,,,,,,
29275,26477,1.657,,,,,,,,
29276,26478,,1.0,0.0,1939,"An absolute masterpiece whose groundbreaking visuals and deft storytelling are still every bit as resonant, The Wizard of Oz is a must-see film for young and old.",Certified-Fresh,98.0,,8.0
29277,26479,0.6,,,,,,,,
29278,26480,0.6,,,,,,,,
29279,26481,12.321,,,,,,,,
29280,26482,0.6,,,,,,,,
29281,26483,0.6,,,,,,,,
29282,26484,43.833,,,,,,,,
29283,26485,,1.0,0.0,2013,"Funny, self-referential, and irreverent to a fault, The Wolf of Wall Street finds Martin Scorsese and Leonardo DiCaprio at their most infectiously dynamic.",Certified-Fresh,80.0,,8.2
29284,26486,36.648,,,,,,,,
29285,26487,11.627,,,,,,,,
29286,26488,1.823,,,,,,,,
29287,26489,0.655,,,,,,,,
29288,26490,0.6,,,,,,,,
29289,26491,3.153,,,,,,,,
29290,26492,1.606,,,,,,,,
29291,26493,0.6,,,,,,,,
29292,26494,22.819,,,,,,,,
29293,26494,6.733,,,,,,,,
29294,26495,27.191,,,,,,,,
29295,26496,0.6,,,,,,,,
29296,26497,0.6,,,,,,,,
29297,26498,0.6,,,,,,,,
29298,26499,0.6,,,,,,,,
29299,26500,0.6,,,,,,,,
29300,26501,0.6,,,,,,,,
29301,26502,1.4,,,,,,,,
29302,26503,9.344,,,,,,,,
29303,26503,0.658,,,,,,,,
29304,26503,0.637,,,,,,,,
29305,26503,0.6,,,,,,,,
29306,26503,0.6,,,,,,,,
29307,26503,0.6,,,,,,,,
29308,26503,0.6,,,,,,,,
29309,26504,2.857,,,,,,,,
29310,26505,0.942,,,,,,,,
29311,26506,0.6,,,,,,,,
29312,26507,0.6,,,,,,,,
29313,26508,1.92,,,,,,,,
29314,26508,0.798,,,,,,,,
29315,26509,1.505,,,,,,,,
29316,26510,1.715,,,,,,,,
29317,26511,0.6,,,,,,,,
29318,26512,1.315,,,,,,,,
29319,26513,0.87,,,,,,,,
29320,26514,0.844,,,,,,,,
29321,26515,0.6,,,,,,,,
29322,26516,0.6,,,,,,,,
29323,26517,0.6,,,,,,,,
29324,26518,0.973,,,,,,,,
29325,26519,1.446,,,,,,,,
29326,26520,,,,,,,,,
29327,26521,1.4,,,,,,,,
29328,26522,1.717,,,,,,,,
29329,26523,0.983,,,,,,,,
29330,26524,1.335,,,,,,,,
29331,26525,0.806,,,,,,,,
29332,26526,1.8,,,,,,,,
29333,26526,0.6,,,,,,,,
29334,26527,8.4,,,,,,,,
29335,26528,,,,,,,,,
29336,26529,2.518,,,,,,,,
29337,26530,23.713,,,,,,,,
29338,26531,0.6,,,,,,,,
29339,26532,0.6,,,,,,,,
29340,26533,1.044,,,,,,,,
29341,26534,0.6,,,,,,,,
29342,26535,1.182,,,,,,,,
29343,26536,0.6,,,,,,,,
29344,26537,0.6,,,,,,,,
29345,26538,0.6,,,,,,,,
29346,26539,0.6,,,,,,,,
29347,26540,2.616,,,,,,,,
29348,26541,3.672,,,,,,,,
29349,26542,1.611,,,,,,,,
29350,26543,1.287,,,,,,,,
29351,26544,,1.0,0.0,1946,,Fresh,100.0,,7.2
29352,26545,1.483,,,,,,,,
29353,26546,0.6,,,,,,,,
29354,26547,0.6,,,,,,,,
29355,26548,0.849,,,,,,,,
29356,26549,0.6,,,,,,,,
29357,26550,3.724,,,,,,,,
29358,26550,1.342,,,,,,,,
29359,26550,0.96,,,,,,,,
29360,26550,0.6,,,,,,,,
29361,26551,0.6,,,,,,,,
29362,26552,2.376,,,,,,,,
29363,26553,0.6,,,,,,,,
29364,26554,0.6,,,,,,,,
29365,26555,0.835,,,,,,,,
29366,26556,0.6,,,,,,,,
29367,26557,0.6,,,,,,,,
29368,26558,1.576,,,,,,,,
29369,26559,3.203,,,,,,,,
29370,26560,8.358,,,,,,,,
29371,26561,3.205,,,,,,,,
29372,26562,0.6,,,,,,,,
29373,26562,0.6,,,,,,,,
29374,26563,5.699,,,,,,,,
29375,26564,0.671,,,,,,,,
29376,26565,6.905,,,,,,,,
29377,26566,5.621,,,,,,,,
29378,26567,0.6,,,,,,,,
29379,26568,2.523,,,,,,,,
29380,26569,3.111,,,,,,,,
29381,26570,1.599,,,,,,,,
29382,26571,0.6,,,,,,,,
29383,26572,0.6,,,,,,,,
29384,26573,0.6,,,,,,,,
29385,26574,0.6,,,,,,,,
29386,26575,0.623,,,,,,,,
29387,26576,0.6,,,,,,,,
29388,26577,0.6,,,,,,,,
29389,26578,1.215,,,,,,,,
29390,26579,0.6,,,,,,,,
29391,26580,0.6,,,,,,,,
29392,26581,0.6,,,,,,,,
29393,26582,10.919,,,,,,,,
29394,26583,0.6,,,,,,,,
29395,26584,0.6,,,,,,,,
29396,26585,0.6,,,,,,,,
29397,26586,0.6,,,,,,,,
29398,26587,0.6,,,,,,,,
29399,26588,0.6,,,,,,,,
29400,26589,0.6,,,,,,,,
29401,26590,6.744,,,,,,,,
29402,26591,1.817,,,,,,,,
29403,26592,2.471,,,,,,,,
29404,26593,0.6,,,,,,,,
29405,26594,0.944,,,,,,,,
29406,26595,8.485,,,,,,,,
29407,26596,0.6,,,,,,,,
29408,26597,11.244,,,,,,,1.0,7.2
29409,26598,0.6,,,,,,,,
29410,26599,0.6,,,,,,,,
29411,26600,0.6,,,,,,,,
29412,26601,0.915,,,,,,,,
29413,26602,2.708,,,,,,,,
29414,26603,0.9,,,,,,,,
29415,26604,0.6,,,,,,,,
29416,26605,1.714,,,,,,,,
29417,26606,0.6,,,,,,,,
29418,26607,0.6,,,,,,,,
29419,26608,0.6,,,,,,,,
29420,26609,0.6,,,,,,,,
29421,26610,0.6,,,,,,,,
29422,26611,2.712,,,,,,,,
29423,26612,,1.0,0.0,2007,"Widely touted as a masterpiece, this sparse and sprawling epic about the underhanded ""heroes"" of capitalism boasts incredible performances by leads Daniel Day-Lewis and Paul Dano, and is director Paul Thomas Anderson's best work to date.",Certified-Fresh,92.0,0.0,8.2
29424,26613,3.746,,,,,,,,
29425,26614,0.63,,,,,,,,
29426,26615,2.02,,,,,,,,
29427,26616,6.98,,,,,,,,
29428,26617,0.6,,,,,,,,
29429,26618,52.537,,,,,,,,
29430,26619,0.6,,,,,,,,
29431,26620,0.6,,,,,,,,
29432,26621,0.6,,,,,,,,
29433,26622,1.905,,,,,,,,
29434,26623,0.6,,,,,,,,
29435,26624,1.027,,,,,,,,
29436,26625,0.895,,,,,,,,
29437,26626,0.6,,,,,,,,
29438,26627,0.6,,,,,,,,
29439,26628,3.328,,,,,,,,
29440,26629,1.119,,,,,,,,
29441,26630,0.6,,,,,,,,
29442,26631,1.754,,,,,,,,
29443,26632,0.6,,,,,,,,
29444,26633,12.164,,,,,,,,
29445,26634,0.6,,,,,,,,
29446,26635,9.802,,,,,,,3.0,4.8
29447,26635,0.84,,,,,,,3.0,4.8
29448,26636,0.6,,,,,,,,
29449,26637,1.222,,,,,,,,
29450,26638,0.655,,,,,,,,
29451,26639,0.633,,,,,,,,
29452,26640,0.675,,,,,,,,
29453,26641,0.6,,,,,,,,
29454,26642,4.149,,,,,,,,
29455,26643,1.061,,,,,,,,
29456,26643,0.978,,,,,,,,
29457,26644,0.875,,,,,,,,
29458,26645,1.379,,,,,,,,
29459,26646,6.517,,,,,,,,
29460,26647,4.899,,,,,,,,
29461,26648,11.466,,,,,,,,
29462,26649,0.6,,,,,,,,
29463,26650,0.6,,,,,,,,
29464,26651,0.845,,,,,,,,
29465,26652,0.6,,,,,,,,
29466,26653,6.06,,,,,,,,
29467,26654,1.228,,,,,,,,
29468,26655,0.6,,,,,,,,
29469,26656,30.945,,,,,,,,
29470,26657,3.067,,,,,,,,
29471,26658,5.355,,,,,,,,
29472,26659,0.6,,,,,,,,
29473,26660,1.588,,,,,,,,
29474,26661,5.486,,,,,,,,
29475,26662,14.257,,,,,,,,
29476,26663,5.034,,,,,,,,
29477,26664,1.115,,,,,,,,
29478,26665,1.197,,,,,,,,
29479,26666,1.634,,,,,,,,
29480,26667,3.243,,,,,,,,
29481,26668,1.201,,,,,,,,
29482,26669,1.195,,,,,,,,
29483,26670,1.171,,,,,,,,
29484,26671,0.6,,,,,,,,
29485,26672,0.6,,,,,,,,
29486,26673,0.72,,,,,,,,
29487,26674,2.078,,,,,,,,
29488,26675,0.6,,,,,,,,
29489,26676,1.096,,,,,,,,
29490,26677,13.661,,,,,,,,
29491,26678,6.386,,,,,,,,
29492,26679,1.279,,,,,,,,
29493,26680,249.32,,,,,,,,
29494,26681,0.6,,,,,,,,
29495,26682,0.6,,,,,,,,
29496,26683,0.6,,,,,,,,
29497,26684,0.6,,,,,,,,
29498,26685,1.534,,,,,,,,
29499,26685,1.015,,,,,,,,
29500,26686,1.598,,,,,,,,
29501,26687,1.814,,,,,,,,
29502,26688,9.072,,,,,,,,
29503,26689,0.6,,,,,,,,
29504,26690,0.655,,,,,,,,
29505,26691,0.6,,,,,,,,
29506,26692,0.6,,,,,,,,
29507,26693,0.6,,,,,,,,
29508,26694,0.6,,,,,,,,
29509,26695,18.872,,,,,,,,
29510,26696,0.6,,,,,,,,
29511,26697,52.197,,,,,,,1.0,5.6
29512,26698,1.371,,,,,,,,
29513,26699,0.6,,,,,,,,
29514,26700,0.6,,,,,,,,
29515,26701,11.497,,,,,,,,
29516,26701,2.784,,,,,,,,
29517,26701,2.155,,,,,,,,
29518,26701,0.66,,,,,,,,
29519,26701,0.62,,,,,,,,
29520,26701,0.6,,,,,,,,
29521,26702,0.6,,,,,,,,
29522,26703,0.851,,,,,,,,
29523,26704,0.6,,,,,,,,
29524,26705,0.985,,,,,,,,
29525,26706,0.6,,,,,,,,
29526,26707,0.6,,,,,,,,
29527,26708,2.365,,,,,,,,
29528,26709,0.6,,,,,,,,
29529,26710,0.882,,,,,,,,
29530,26711,0.6,,,,,,,,
29531,26712,0.6,,,,,,,,
29532,26713,0.6,,,,,,,,
29533,26714,0.6,,,,,,,,
29534,26715,1.587,,,,,,,,
29535,26716,1.124,,,,,,,,
29536,26717,0.6,,,,,,,,
29537,26718,1.188,,,,,,,,
29538,26719,2.291,,,,,,,,
29539,26720,,,,,,,,,
29540,26721,0.6,,,,,,,,
29541,26722,0.6,,,,,,,,
29542,26723,0.6,,,,,,,,
29543,26724,1.081,,,,,,,,
29544,26724,0.6,,,,,,,,
29545,26725,,,,,,,,1.0,7.9
29546,26726,6.78,,,,,,,0.0,5.9
29547,26727,0.957,,,,,,,,
29548,26727,0.6,,,,,,,,
29549,26728,0.6,,,,,,,,
29550,26729,1.515,,,,,,,,
29551,26730,0.756,,,,,,,,
29552,26731,1.579,,,,,,,,
29553,26732,0.6,,,,,,,,
29554,26733,0.6,,,,,,,,
29555,26734,0.6,,,,,,,,
29556,26735,,,,,,,,1.0,7.9
29557,26736,0.656,,,,,,,,
29558,26737,0.6,,,,,,,,
29559,26738,0.6,,,,,,,,
29560,26739,0.917,,,,,,,,
29561,26740,0.988,,,,,,,,
29562,26741,0.6,,,,,,,,
29563,26742,0.805,,,,,,,,
29564,26743,1.325,,,,,,,,
29565,26744,1.484,,,,,,,,
29566,26745,0.6,,,,,,,,
29567,26746,2.196,,,,,,,,
29568,26747,2.297,,,,,,,,
29569,26748,2.673,,,,,,,,
29570,26749,0.623,,,,,,,,
29571,26750,0.6,,,,,,,,
29572,26751,1.197,,,,,,,,
29573,26752,5.857,,,,,,,,
29574,26753,2.48,,,,,,,,
29575,26754,0.6,,,,,,,,
29576,26755,0.6,,,,,,,,
29577,26756,2.486,,,,,,,,
29578,26756,0.6,,,,,,,,
29579,26756,0.6,,,,,,,,
29580,26757,,1.0,0.0,2017,"Three Billboards Outside Ebbing, Missouri deftly balances black comedy against searing drama -- and draws unforgettable performances from its veteran cast along the way.",Certified-Fresh,90.0,3.0,8.1
29581,26758,1.673,,,,,,,,
29582,26759,,1.0,0.0,1954,,Fresh,60.0,3.0,6.3
29583,26760,1.376,,,,,,,,
29584,26761,0.6,,,,,,,,
29585,26762,0.726,,,,,,,,
29586,26763,0.6,,,,,,,,
29587,26764,0.6,,,,,,,,
29588,26765,1.267,,,,,,,,
29589,26766,0.6,,,,,,,,
29590,26767,1.48,,,,,,,,
29591,26768,0.827,,,,,,,,
29592,26769,0.862,,,,,,,,
29593,26770,0.6,,,,,,,,
29594,26771,0.6,,,,,,,,
29595,26772,0.6,,,,,,,,
29596,26773,,1.0,0.0,1936,,Fresh,86.0,,6.7
29597,26774,0.6,,,,,,,,
29598,26775,1.341,,,,,,,,
29599,26776,0.6,,,,,,,,
29600,26777,0.6,,,,,,,,
29601,26778,0.6,,,,,,,,
29602,26779,0.6,,,,,,,,
29603,26780,3.093,,,,,,,,
29604,26781,1.216,,,,,,,,
29605,26782,0.6,,,,,,,,
29606,26783,0.6,,,,,,,,
29607,26784,1.555,,,,,,,,
29608,26785,9.952,,,,,,,,
29609,26786,0.6,,,,,,,,
29610,26787,1.263,,,,,,,,
29611,26787,0.83,,,,,,,,
29612,26787,0.6,,,,,,,,
29613,26787,0.6,,,,,,,,
29614,26788,0.6,,,,,,,,
29615,26789,0.6,,,,,,,,
29616,26790,0.6,,,,,,,,
29617,26791,2.803,,,,,,,,
29618,26791,0.6,,,,,,,,
29619,26792,1.226,,,,,,,,
29620,26793,0.6,,,,,,,,
29621,26794,1.641,,,,,,,,
29622,26795,0.6,,,,,,,,
29623,26796,1.145,,,,,,,,
29624,26797,3.165,,,,,,,,
29625,26798,0.6,,,,,,,,
29626,26799,0.6,,,,,,,,
29627,26800,1.056,,,,,,,,
29628,26801,0.6,,,,,,,,
29629,26802,1.093,,,,,,,,
29630,26803,2.039,,,,,,,,
29631,26804,0.6,,,,,,,,
29632,26805,1.987,,,,,,,,
29633,26806,0.6,,,,,,,,
29634,26807,1.47,,,,,,,,
29635,26808,0.6,,,,,,,,
29636,26809,0.6,,,,,,,,
29637,26810,0.6,,,,,,,,
29638,26811,0.624,,,,,,,,
29639,26812,2.312,,,,,,,,
29640,26813,0.6,,,,,,,,
29641,26814,9.875,,,,,,,,
29642,26814,4.397,,,,,,,,
29643,26814,0.6,,,,,,,,
29644,26815,0.6,,,,,,,,
29645,26816,0.67,,,,,,,,
29646,26817,0.6,,,,,,,,
29647,26818,1.272,,,,,,,,
29648,26819,9.381,,,,,,,0.0,6.9
29649,26820,0.6,,,,,,,,
29650,26821,0.6,,,,,,,,
29651,26822,0.6,,,,,,,,
29652,26823,1.492,,,,,,,,
29653,26824,0.6,,,,,,,,
29654,26825,0.6,,,,,,,,
29655,26825,0.6,,,,,,,,
29656,26826,0.6,,,,,,,,
29657,26827,0.6,,,,,,,,
29658,26828,0.6,,,,,,,,
29659,26829,0.6,,,,,,,,
29660,26830,22.651,,,,,,,0.0,5.9
29661,26830,0.675,,,,,,,0.0,5.9
29662,26830,0.6,,,,,,,0.0,5.9
29663,26831,1.018,,,,,,,,
29664,26832,1.207,,,,,,,,
29665,26832,0.973,,,,,,,,
29666,26832,0.835,,,,,,,,
29667,26833,0.988,,,,,,,,
29668,26834,0.72,,,,,,,,
29669,26835,0.6,,,,,,,,
29670,26836,0.746,,,,,,,,
29671,26837,2.628,,,,,,,,
29672,26838,8.354,,,,,,,,
29673,26839,0.6,,,,,,,,
29674,26840,0.6,,,,,,,,
29675,26841,1.4,,,,,,,,
29676,26842,0.6,,,,,,,,
29677,26843,0.6,,,,,,,,
29678,26844,0.6,,,,,,,,
29679,26845,4.56,,,,,,,,
29680,26846,3.221,,,,,,,,
29681,26847,1.268,,,,,,,,
29682,26848,1.415,,,,,,,,
29683,26849,0.6,,,,,,,,
29684,26850,1.337,,,,,,,,
29685,26850,0.84,,,,,,,,
29686,26851,0.6,,,,,,,,
29687,26852,0.6,,,,,,,,
29688,26853,0.6,,,,,,,,
29689,26854,0.6,,,,,,,,
29690,26855,1.192,,,,,,,,
29691,26856,0.6,,,,,,,,
29692,26857,1.094,,,,,,,,
29693,26858,0.6,,,,,,,,
29694,26859,4.833,,,,,,,,
29695,26860,0.82,,,,,,,,
29696,26861,0.633,,,,,,,,
29697,26862,0.6,,,,,,,,
29698,26863,0.6,,,,,,,,
29699,26864,1.878,,,,,,,,
29700,26865,3.535,,,,,,,,
29701,26866,0.6,,,,,,,,
29702,26867,3.845,,,,,,,,
29703,26868,0.6,,,,,,,,
29704,26869,0.6,,,,,,,,
29705,26870,96.198,,,,,,,2.0,6.5
29706,26871,,0.0,1.0,1997,"A mostly unqualified triumph for James Cameron, who offers a dizzying blend of spectacular visuals and old-fashioned melodrama.",Certified-Fresh,89.0,3.0,7.8
29707,26872,8.075,,,,,,,,
29708,26873,372.136,,,,,,,,
29709,26874,0.6,,,,,,,,
29710,26875,0.6,,,,,,,,
29711,26876,0.6,,,,,,,,
29712,26877,0.806,,,,,,,,
29713,26878,0.661,,,,,,,,
29714,26879,1.376,,,,,,,,
29715,26880,2.806,,,,,,,,
29716,26881,0.6,,,,,,,,
29717,26882,,,,,,,,0.0,8.1
29718,26883,0.6,,,,,,,,
29719,26884,0.6,,,,,,,,
29720,26885,1.968,,,,,,,,
29721,26886,1.87,,,,,,,,
29722,26887,0.6,,,,,,,,
29723,26888,0.665,,,,,,,,
29724,26889,0.6,,,,,,,,
29725,26890,,,,,,,,3.0,7.8
29726,26891,0.669,,,,,,,3.0,5.5
29727,26892,1.4,,,,,,,,
29728,26893,0.6,,,,,,,,
29729,26894,1.921,,,,,,,,
29730,26895,0.764,,,,,,,,
29731,26896,,,,,,,,3.0,8.3
29732,26897,3.765,,,,,,,,
29733,26898,0.644,,,,,,,,
29734,26899,0.706,,,,,,,,
29735,26900,0.6,,,,,,,,
29736,26901,0.6,,,,,,,,
29737,26902,0.6,,,,,,,,
29738,26903,0.638,,,,,,,,
29739,26904,0.923,,,,,,,,
29740,26905,1.36,,,,,,,,
29741,26906,0.6,,,,,,,,
29742,26907,3.75,,,,,,,,
29743,26908,0.6,,,,,,,,
29744,26909,7.044,,,,,,,,
29745,26910,1.4,,,,,,,,
29746,26911,0.6,,,,,,,,
29747,26912,3.019,,,,,,,,
29748,26913,0.6,,,,,,,,
29749,26914,0.6,,,,,,,,
29750,26915,1.139,,,,,,,,
29751,26916,0.6,,,,,,,,
29752,26917,0.6,,,,,,,,
29753,26918,1.4,,,,,,,,
29754,26919,5.458,,,,,,,,
29755,26920,4.061,,,,,,,,
29756,26921,6.002,,,,,,,,
29757,26922,2.641,,,,,,,,
29758,26923,0.6,,,,,,,,
29759,26924,,,,,,,,,
29760,26925,0.6,,,,,,,,
29761,26926,0.6,,,,,,,,
29762,26927,0.6,,,,,,,,
29763,26928,0.701,,,,,,,,
29764,26929,0.918,,,,,,,3.0,7.4
29765,26929,0.6,,,,,,,3.0,7.4
29766,26929,0.6,,,,,,,3.0,7.4
29767,26930,0.6,,,,,,,,
29768,26931,,,,,,,,,
29769,26932,0.6,,,,,,,,
29770,26933,1.273,,,,,,,,
29771,26934,0.6,,,,,,,,
29772,26935,0.841,,,,,,,,
29773,26936,0.6,,,,,,,,
29774,26937,0.6,,,,,,,,
29775,26938,,,,,,,,,
29776,26939,0.633,,,,,,,,
29777,26940,0.6,,,,,,,,
29778,26941,0.62,,,,,,,,
29779,26942,18.238,,,,,,,,
29780,26943,10.499,,,,,,,,
29781,26944,8.608,,,,,,,,
29782,26945,11.52,,,,,,,,
29783,26946,1.801,,,,,,,,
29784,26947,0.6,,,,,,,,
29785,26948,0.6,,,,,,,,
29786,26949,0.65,,,,,,,,
29787,26950,4.654,,,,,,,,
29788,26951,0.6,,,,,,,,
29789,26952,1.4,,,,,,,,
29790,26953,2.495,,,,,,,,
29791,26954,2.312,,,,,,,,
29792,26955,2.368,,,,,,,,
29793,26956,1.961,,,,,,,,
29794,26957,0.6,,,,,,,,
29795,26958,0.6,,,,,,,,
29796,26959,0.6,,,,,,,,
29797,26960,0.6,,,,,,,,
29798,26961,0.6,,,,,,,,
29799,26962,0.6,,,,,,,,
29800,26963,0.6,,,,,,,,
29801,26964,0.6,,,,,,,,
29802,26965,0.6,,,,,,,,
29803,26966,0.6,,,,,,,,
29804,26967,0.6,,,,,,,,
29805,26968,0.6,,,,,,,,
29806,26969,0.6,,,,,,,,
29807,26970,0.6,,,,,,,,
29808,26971,0.6,,,,,,,,
29809,26972,0.6,,,,,,,,
29810,26973,0.6,,,,,,,,
29811,26974,3.242,,,,,,,,
29812,26975,2.252,,,,,,,,
29813,26976,1.179,,,,,,,,
29814,26977,0.6,,,,,,,,
29815,26978,0.84,,,,,,,,
29816,26979,1.545,,,,,,,,
29817,26980,3.303,,,,,,,,
29818,26981,,0.0,1.0,1963,"A frantic, irreverent adaptation of the novel, bolstered by Albert Finney's courageous performance and arresting visuals.",Fresh,82.0,3.0,6.5
29819,26982,0.6,,,,,,,,
29820,26983,0.658,,,,,,,,
29821,26984,0.6,,,,,,,,
29822,26985,0.6,,,,,,,,
29823,26986,2.574,,,,,,,,
29824,26987,1.036,,,,,,,,
29825,26988,6.341,,,,,,,,
29826,26989,,,,,,,,3.0,7.8
29827,26990,0.6,,,,,,,,
29828,26991,1.569,,,,,,,,
29829,26992,4.038,,,,,,,3.0,5.2
29830,26993,1.911,,,,,,,,
29831,26994,1.409,,,,,,,,
29832,26995,2.254,,,,,,,,
29833,26996,3.637,,,,,,,,
29834,26997,4.022,,,,,,,3.0,5.4
29835,26998,1.975,,,,,,,3.0,5.3
29836,26999,2.185,,,,,,,,
29837,27000,3.884,,,,,,,,
29838,27001,0.873,,,,,,,,
29839,27002,0.6,,,,,,,,
29840,27003,0.6,,,,,,,,
29841,27004,,,,,,,,3.0,8.1
29842,27005,5.029,,,,,,,,
29843,27006,0.6,,,,,,,,
29844,27007,1.347,,,,,,,,
29845,27008,3.408,,,,,,,,
29846,27009,0.6,,,,,,,,
29847,27010,0.6,,,,,,,,
29848,27011,0.6,,,,,,,,
29849,27012,5.153,,,,,,,,
29850,27013,3.077,,,,,,,,
29851,27014,0.6,,,,,,,,
29852,27015,0.6,,,,,,,,
29853,27016,0.6,,,,,,,,
29854,27017,1.501,,,,,,,,
29855,27018,6.473,,,,,,,,
29856,27019,4.178,,,,,,,,
29857,27020,0.6,,,,,,,,
29858,27021,2.542,,,,,,,,
29859,27022,7.603,,,,,,,,
29860,27023,0.619,,,,,,,,
29861,27024,4.935,,,,,,,,
29862,27024,3.165,,,,,,,,
29863,27024,0.6,,,,,,,,
29864,27025,2.254,,,,,,,,
29865,27026,3.68,,,,,,,,
29866,27027,4.479,,,,,,,,
29867,27028,0.6,,,,,,,,
29868,27029,0.6,,,,,,,,
29869,27030,,1.0,0.0,1982,Tootsie doesn't squander its high-concept comedy premise with fine dialogue and sympathetic treatment of the characters.,Certified-Fresh,90.0,1.0,7.4
29870,27031,,1.0,0.0,1935,"A glamorous and enthralling Depression-era diversion, Top Hat is nearly flawless, with acrobatics by Fred Astaire and Ginger Rogers that make the hardest physical stunts seem light as air.",Certified-Fresh,100.0,2.0,7.8
29871,27032,1.036,,,,,,,,
29872,27033,1.5,,,,,,,,
29873,27034,0.84,,,,,,,,
29874,27035,0.824,,,,,,,,
29875,27036,1.424,,,,,,,,
29876,27037,0.6,,,,,,,,
29877,27038,0.6,,,,,,,,
29878,27039,0.6,,,,,,,,
29879,27040,1.256,,,,,,,,
29880,27041,1.4,,,,,,,,
29881,27042,0.84,,,,,,,,
29882,27043,0.6,,,,,,,,
29883,27044,6.13,,,,,,,0.0,7.3
29884,27044,1.798,,,,,,,0.0,7.3
29885,27044,1.61,,,,,,,0.0,7.3
29886,27044,1.4,,,,,,,0.0,7.3
29887,27044,0.6,,,,,,,0.0,7.3
29888,27044,0.6,,,,,,,0.0,7.3
29889,27045,9.346,,,,,,,,
29890,27045,3.601,,,,,,,,
29891,27045,2.381,,,,,,,,
29892,27046,525.876,,,,,,,,
29893,27047,0.6,,,,,,,,
29894,27048,0.6,,,,,,,,
29895,27049,6.406,,,,,,,,
29896,27050,3.291,,,,,,,,
29897,27051,0.646,,,,,,,,
29898,27052,4.815,,,,,,,,
29899,27053,0.6,,,,,,,,
29900,27054,2.744,,,,,,,,
29901,27055,0.902,,,,,,,,
29902,27056,0.6,,,,,,,,
29903,27057,0.6,,,,,,,,
29904,27058,0.6,,,,,,,,
29905,27059,0.6,,,,,,,,
29906,27060,0.6,,,,,,,,
29907,27061,2.22,,,,,,,,
29908,27062,0.6,,,,,,,,
29909,27063,0.6,,,,,,,,
29910,27064,0.6,,,,,,,,
29911,27065,0.6,,,,,,,,
29912,27066,2.469,,,,,,,,
29913,27067,8.072,,,,,,,,
29914,27067,2.872,,,,,,,,
29915,27067,0.887,,,,,,,,
29916,27068,1.4,,,,,,,,
29917,27069,3.952,,,,,,,,
29918,27070,3.72,,,,,,,1.0,8.0
29919,27071,0.6,,,,,,,,
29920,27072,0.6,,,,,,,,
29921,27073,0.877,,,,,,,,
29922,27074,7.39,,,,,,,3.0,6.1
29923,27075,0.6,,,,,,,,
29924,27076,2.896,,,,,,,,
29925,27077,1.228,,,,,,,,
29926,27078,3.635,,,,,,,,
29927,27079,3.919,,,,,,,,
29928,27080,8.992,,,,,,,,
29929,27081,0.707,,,,,,,,
29930,27082,0.779,,,,,,,,
29931,27083,0.6,,,,,,,,
29932,27084,0.6,,,,,,,,
29933,27085,0.6,,,,,,,,
29934,27086,11.649,,,,,,,,
29935,27087,0.6,,,,,,,,
29936,27088,1.68,,,,,,,,
29937,27089,4.337,,,,,,,,
29938,27089,2.67,,,,,,,,
29939,27090,13.71,,,,,,,,
29940,27091,,,,,,,,1.0,8.3
29941,27092,,,,,,,,1.0,7.9
29942,27093,,1.0,0.0,2010,"Deftly blending comedy, adventure, and honest emotion, Toy Story 3 is a rare second sequel that really works.",Certified-Fresh,98.0,3.0,8.2
29943,27094,,,,,,,,3.0,7.7
29944,27095,0.6,,,,,,,,
29945,27096,0.6,,,,,,,3.0,5.1
29946,27097,34.393,,,,,,,,
29947,27098,2.786,,,,,,,,
29948,27099,0.883,,,,,,,,
29949,27100,1.05,,,,,,,,
29950,27101,1.08,,,,,,,,
29951,27102,1.387,,,,,,,,
29952,27103,0.6,,,,,,,,
29953,27104,4.041,,,,,,,,
29954,27105,2.71,,,,,,,,
29955,27106,0.6,,,,,,,3.0,7.1
29956,27107,0.6,,,,,,,,
29957,27108,0.6,,,,,,,,
29958,27109,,1.0,0.0,2000,"Soderbergh successfully pulls off the highly ambitious Traffic, a movie with three different stories and a very large cast. The issues of ethics are gray rather than black-and-white, with no clear-cut good guys. Terrific acting all around.",Certified-Fresh,93.0,3.0,7.6
29959,27110,23.723,,,,,,,,
29960,27111,0.6,,,,,,,,
29961,27112,0.6,,,,,,,,
29962,27113,10.22,,,,,,,3.0,6.0
29963,27114,2.277,,,,,,,,
29964,27115,0.6,,,,,,,,
29965,27116,0.6,,,,,,,,
29966,27117,0.7,,,,,,,,
29967,27118,0.6,,,,,,,,
29968,27119,0.735,,,,,,,,
29969,27120,2.351,,,,,,,,
29970,27121,5.213,,,,,,,,
29971,27122,0.6,,,,,,,,
29972,27123,8.073,,,,,,,,
29973,27124,2.255,,,,,,,,
29974,27125,94.624,,,,,,,,
29975,27126,,,,,,,,1.0,7.7
29976,27127,,,,,,,,2.0,8.1
29977,27128,0.6,,,,,,,,
29978,27129,0.6,,,,,,,,
29979,27130,0.68,,,,,,,,
29980,27131,1.732,,,,,,,0.0,6.9
29981,27131,0.946,,,,,,,0.0,6.9
29982,27132,0.6,,,,,,,,
29983,27133,0.964,,,,,,,,
29984,27134,0.6,,,,,,,,
29985,27135,1.538,,,,,,,,
29986,27136,0.6,,,,,,,,
29987,27137,0.73,,,,,,,,
29988,27138,0.6,,,,,,,,
29989,27139,3.049,,,,,,,,
29990,27139,0.6,,,,,,,,
29991,27140,0.6,,,,,,,,
29992,27141,1.457,,,,,,,,
29993,27142,0.622,,,,,,,,
29994,27143,0.6,,,,,,,,
29995,27143,0.6,,,,,,,,
29996,27144,0.6,,,,,,,,
29997,27145,0.6,,,,,,,,
29998,27146,0.998,,,,,,,,
29999,27147,0.6,,,,,,,,
30000,27148,5.666,,,,,,,,
30001,27149,6.476,,,,,,,,
30002,27149,4.343,,,,,,,,
30003,27150,2.35,,,,,,,,
30004,27151,0.6,,,,,,,,
30005,27152,0.6,,,,,,,,
30006,27153,0.915,,,,,,,,
30007,27154,1.899,,,,,,,,
30008,27154,1.627,,,,,,,,
30009,27155,1.259,,,,,,,,
30010,27156,3.586,,,,,,,,
30011,27157,0.6,,,,,,,,
30012,27158,0.6,,,,,,,,
30013,27159,0.6,,,,,,,,
30014,27160,0.6,,,,,,,,
30015,27161,0.6,,,,,,,,
30016,27162,0.827,,,,,,,,
30017,27163,0.6,,,,,,,1.0,7.1
30018,27164,0.6,,,,,,,,
30019,27165,0.6,,,,,,,,
30020,27166,0.6,,,,,,,,
30021,27167,0.6,,,,,,,,
30022,27168,7.643,,,,,,,,
30023,27169,7.266,,,,,,,,
30024,27170,0.6,,,,,,,,
30025,27171,3.929,,,,,,,,
30026,27172,0.6,,,,,,,,
30027,27173,0.6,,,,,,,,
30028,27174,0.6,,,,,,,,
30029,27175,16.227,,,,,,,,
30030,27175,12.054,,,,,,,,
30031,27175,6.514,,,,,,,,
30032,27175,3.072,,,,,,,,
30033,27175,2.556,,,,,,,,
30034,27175,0.615,,,,,,,,
30035,27176,0.877,,,,,,,,
30036,27177,0.6,,,,,,,,
30037,27178,0.721,,,,,,,,
30038,27179,0.6,,,,,,,,
30039,27180,0.6,,,,,,,,
30040,27181,0.609,,,,,,,,
30041,27182,0.6,,,,,,,,
30042,27183,0.6,,,,,,,,
30043,27184,0.6,,,,,,,,
30044,27185,0.939,,,,,,,,
30045,27186,0.6,,,,,,,,
30046,27187,8.692,,,,,,,3.0,3.8
30047,27187,4.035,,,,,,,3.0,3.8
30048,27188,0.6,,,,,,,,
30049,27188,0.6,,,,,,,,
30050,27189,0.6,,,,,,,,
30051,27190,0.6,,,,,,,,
30052,27191,2.252,,,,,,,,
30053,27192,0.6,,,,,,,,
30054,27193,40.012,,,,,,,3.0,7.1
30055,27194,25.188,,,,,,,,
30056,27195,22.373,,,,,,,,
30057,27196,18.695,,,,,,,,
30058,27197,29.357,,,,,,,,
30059,27198,26.682,,,,,,,,
30060,27199,12.03,,,,,,,,
30061,27200,7.351,,,,,,,,
30062,27201,0.6,,,,,,,,
30063,27202,12.637,,,,,,,,
30064,27202,2.104,,,,,,,,
30065,27203,2.153,,,,,,,,
30066,27203,0.6,,,,,,,,
30067,27204,0.6,,,,,,,,
30068,27205,0.6,,,,,,,,
30069,27206,27.252,,,,,,,3.0,6.9
30070,27206,0.616,,,,,,,3.0,6.9
30071,27207,0.6,,,,,,,,
30072,27208,6.895,,,,,,,,
30073,27209,4.596,,,,,,,,
30074,27210,6.661,,,,,,,,
30075,27211,8.446,,,,,,,3.0,7.2
30076,27211,1.386,,,,,,,3.0,7.2
30077,27212,70.923,,,,,,,,
30078,27213,1.136,,,,,,,,
30079,27214,0.6,,,,,,,,
30080,27215,11.055,,,,,,,,
30081,27215,0.6,,,,,,,,
30082,27216,1.295,,,,,,,,
30083,27217,4.406,,,,,,,,
30084,27218,1.917,,,,,,,,
30085,27219,1.316,,,,,,,,
30086,27220,8.506,,,,,,,,
30087,27221,4.993,,,,,,,,
30088,27221,1.4,,,,,,,,
30089,27222,0.6,,,,,,,,
30090,27223,1.4,,,,,,,,
30091,27224,7.79,,,,,,,,
30092,27224,0.707,,,,,,,,
30093,27225,5.044,,,,,,,,
30094,27226,3.444,,,,,,,,
30095,27227,0.6,,,,,,,,
30096,27228,1.067,,,,,,,,
30097,27228,0.852,,,,,,,,
30098,27228,0.6,,,,,,,,
30099,27229,1.245,,,,,,,,
30100,27230,0.633,,,,,,,,
30101,27231,0.84,,,,,,,,
30102,27232,0.6,,,,,,,,
30103,27233,0.6,,,,,,,,
30104,27234,2.809,,,,,,,,
30105,27235,,,,,,,,,
30106,27236,,,,,,,,,
30107,27237,,,,,,,,,
30108,27238,9.774,,,,,,,,
30109,27239,8.933,,,,,,,3.0,3.0
30110,27240,20.083,,,,,,,,
30111,27241,1.382,,,,,,,,
30112,27242,6.905,,,,,,,,
30113,27243,,,,,,,,3.0,8.0
30114,27244,,,,,,,,,
30115,27245,6.035,,,,,,,,
30116,27246,1.444,,,,,,,,
30117,27247,1.4,,,,,,,,
30118,27248,0.84,,,,,,,,
30119,27248,0.6,,,,,,,,
30120,27249,10.977,,,,,,,1.0,5.9
30121,27250,1.875,,,,,,,,
30122,27251,0.68,,,,,,,,
30123,27252,0.6,,,,,,,,
30124,27253,1.217,,,,,,,,
30125,27254,0.6,,,,,,,,
30126,27255,0.651,,,,,,,,
30127,27256,1.4,,,,,,,,
30128,27257,0.961,,,,,,,,
30129,27258,1.264,,,,,,,,
30130,27259,1.165,,,,,,,,
30131,27260,1.215,,,,,,,,
30132,27261,2.894,,,,,,,,
30133,27262,1.233,,,,,,,,
30134,27263,5.612,,,,,,,,
30135,27264,1.074,,,,,,,,
30136,27265,2.687,,,,,,,,
30137,27266,0.6,,,,,,,,
30138,27267,0.662,,,,,,,,
30139,27268,0.6,,,,,,,1.0,7.3
30140,27269,0.6,,,,,,,,
30141,27270,6.582,,,,,,,,
30142,27271,0.6,,,,,,,,
30143,27272,0.6,,,,,,,,
30144,27273,2.293,,,,,,,,
30145,27274,1.3,,,,,,,,
30146,27275,,1.0,0.0,2010,"Girded by strong performances from Jeff Bridges, Matt Damon, and newcomer Hailee Steinfeld, and lifted by some of the Coens' most finely tuned, unaffected work, True Grit is a worthy companion to the Charles Portis book.",Certified-Fresh,96.0,3.0,7.6
30147,27275,,1.0,0.0,2010,"Girded by strong performances from Jeff Bridges, Matt Damon, and newcomer Hailee Steinfeld, and lifted by some of the Coens' most finely tuned, unaffected work, True Grit is a worthy companion to the Charles Portis book.",Certified-Fresh,96.0,3.0,7.6
30148,27276,0.6,,,,,,,,
30149,27277,0.6,,,,,,,,
30150,27278,0.623,,,,,,,,
30151,27279,,,,,,,,1.0,7.9
30152,27280,0.6,,,,,,,,
30153,27281,1.296,,,,,,,,
30154,27282,0.6,,,,,,,,
30155,27283,1.4,,,,,,,,
30156,27283,1.201,,,,,,,,
30157,27284,0.6,,,,,,,,
30158,27285,2.001,,,,,,,,
30159,27286,15.715,,,,,,,,
30160,27287,0.6,,,,,,,,
30161,27288,1.504,,,,,,,,
30162,27289,0.625,,,,,,,,
30163,27290,63.521,,,,,,,3.0,5.2
30164,27290,10.55,,,,,,,3.0,5.2
30165,27290,10.0,,,,,,,3.0,5.2
30166,27290,2.185,,,,,,,3.0,5.2
30167,27290,0.6,,,,,,,3.0,5.2
30168,27291,1.848,,,,,,,,
30169,27292,0.741,,,,,,,,
30170,27293,0.6,,,,,,,,
30171,27294,0.6,,,,,,,,
30172,27295,0.6,,,,,,,,
30173,27296,0.6,,,,,,,,
30174,27297,0.709,,,,,,,,
30175,27298,0.773,,,,,,,,
30176,27299,1.152,,,,,,,,
30177,27300,16.95,,,,,,,,
30178,27301,0.6,,,,,,,,
30179,27302,0.6,,,,,,,,
30180,27303,0.6,,,,,,,,
30181,27304,0.6,,,,,,,,
30182,27305,1.34,,,,,,,,
30183,27306,0.6,,,,,,,,
30184,27307,0.6,,,,,,,,
30185,27308,1.004,,,,,,,,
30186,27309,4.177,,,,,,,,
30187,27310,1.316,,,,,,,,
30188,27311,1.96,,,,,,,,
30189,27312,0.6,,,,,,,,
30190,27313,1.101,,,,,,,,
30191,27314,9.147,,,,,,,,
30192,27315,0.666,,,,,,,,
30193,27316,0.6,,,,,,,,
30194,27317,0.6,,,,,,,,
30195,27318,0.6,,,,,,,,
30196,27319,0.6,,,,,,,,
30197,27320,0.625,,,,,,,,
30198,27321,0.6,,,,,,,,
30199,27322,1.183,,,,,,,,
30200,27323,13.093,,,,,,,1.0,6.7
30201,27324,0.6,,,,,,,,
30202,27325,0.6,,,,,,,,
30203,27326,0.6,,,,,,,,
30204,27327,14.473,,,,,,,,
30205,27328,6.836,,,,,,,,
30206,27329,0.6,,,,,,,,
30207,27330,0.6,,,,,,,,
30208,27331,0.6,,,,,,,,
30209,27332,0.6,,,,,,,,
30210,27333,0.6,,,,,,,,
30211,27334,0.6,,,,,,,,
30212,27335,0.6,,,,,,,,
30213,27336,1.42,,,,,,,,
30214,27337,0.6,,,,,,,,
30215,27338,0.646,,,,,,,,
30216,27338,0.6,,,,,,,,
30217,27339,0.936,,,,,,,,
30218,27339,0.6,,,,,,,,
30219,27340,0.6,,,,,,,,
30220,27341,1.219,,,,,,,,
30221,27342,1.4,,,,,,,,
30222,27343,19.296,,,,,,,0.0,5.3
30223,27344,1.018,,,,,,,,
30224,27345,0.632,,,,,,,,
30225,27346,0.6,,,,,,,,
30226,27347,0.6,,,,,,,,
30227,27348,0.6,,,,,,,,
30228,27349,0.6,,,,,,,,
30229,27350,,,,,,,,1.0,8.0
30230,27351,,1.0,0.0,1949,"Twelve O'Clock High is a high-stakes, high-tension war drama powered by great, well-written characters.",Fresh,96.0,,7.7
30231,27352,2.976,,,,,,,,
30232,27353,4.465,,,,,,,,
30233,27354,0.6,,,,,,,,
30234,27355,1.09,,,,,,,,
30235,27356,1.294,,,,,,,,
30236,27357,0.6,,,,,,,,
30237,27358,0.6,,,,,,,,
30238,27359,0.682,,,,,,,,
30239,27360,2.211,,,,,,,,
30240,27361,1.595,,,,,,,,
30241,27362,1.176,,,,,,,,
30242,27363,3.672,,,,,,,,
30243,27364,16.087,,,,,,,,
30244,27365,4.568,,,,,,,,
30245,27366,26.068,,,,,,,,
30246,27367,0.702,,,,,,,,
30247,27368,0.6,,,,,,,,
30248,27369,0.788,,,,,,,,
30249,27370,9.579,,,,,,,,
30250,27371,1.977,,,,,,,,
30251,27372,1.024,,,,,,,,
30252,27372,0.6,,,,,,,,
30253,27373,0.6,,,,,,,,
30254,27374,0.6,,,,,,,,
30255,27375,0.68,,,,,,,,
30256,27376,4.241,,,,,,,,
30257,27377,1.414,,,,,,,,
30258,27378,1.571,,,,,,,,
30259,27379,0.6,,,,,,,,
30260,27380,0.6,,,,,,,,
30261,27381,1.4,,,,,,,,
30262,27382,0.6,,,,,,,,
30263,27383,8.875,,,,,,,,
30264,27384,127.062,,,,,,,,
30265,27385,0.718,,,,,,,,
30266,27386,0.703,,,,,,,,
30267,27387,1.917,,,,,,,,
30268,27388,0.6,,,,,,,,
30269,27389,7.994,,,,,,,,
30270,27390,2.958,,,,,,,,
30271,27391,2.505,,,,,,,,
30272,27392,1.139,,,,,,,,
30273,27393,0.6,,,,,,,,
30274,27394,0.663,,,,,,,,
30275,27395,4.205,,,,,,,,
30276,27396,1.175,,,,,,,,
30277,27397,7.532,,,,,,,,
30278,27398,0.657,,,,,,,,
30279,27399,0.6,,,,,,,,
30280,27399,0.6,,,,,,,,
30281,27400,5.195,,,,,,,,
30282,27401,7.326,,,,,,,,
30283,27402,0.6,,,,,,,,
30284,27403,0.6,,,,,,,,
30285,27404,3.089,,,,,,,,
30286,27405,2.716,,,,,,,,
30287,27406,0.6,,,,,,,,
30288,27407,0.84,,,,,,,,
30289,27408,0.6,,,,,,,,
30290,27409,0.6,,,,,,,,
30291,27410,0.6,,,,,,,,
30292,27411,0.6,,,,,,,,
30293,27412,1.22,,,,,,,,
30294,27413,,,,,,,,,
30295,27414,,,,,,,,,
30296,27415,0.6,,,,,,,,
30297,27416,0.6,,,,,,,,
30298,27417,0.6,,,,,,,,
30299,27418,0.6,,,,,,,,
30300,27419,3.013,,,,,,,,
30301,27419,2.562,,,,,,,,
30302,27420,1.2,,,,,,,,
30303,27421,0.626,,,,,,,,
30304,27422,0.6,,,,,,,,
30305,27423,0.84,,,,,,,,
30306,27424,0.6,,,,,,,,
30307,27425,0.6,,,,,,,,
30308,27426,2.132,,,,,,,,
30309,27427,1.844,,,,,,,,
30310,27428,0.6,,,,,,,,
30311,27429,0.6,,,,,,,,
30312,27430,0.77,,,,,,,,
30313,27431,0.6,,,,,,,,
30314,27432,0.6,,,,,,,,
30315,27433,1.989,,,,,,,,
30316,27434,0.6,,,,,,,,
30317,27435,,,,,,,,,
30318,27436,,,,,,,,,
30319,27437,0.6,,,,,,,,
30320,27438,0.6,,,,,,,,
30321,27439,0.6,,,,,,,,
30322,27440,0.6,,,,,,,,
30323,27441,0.6,,,,,,,,
30324,27442,0.6,,,,,,,,
30325,27443,0.6,,,,,,,,
30326,27444,0.63,,,,,,,,
30327,27445,0.6,,,,,,,,
30328,27446,1.4,,,,,,,,
30329,27447,0.6,,,,,,,,
30330,27448,0.6,,,,,,,,
30331,27449,0.781,,,,,,,,
30332,27450,0.6,,,,,,,,
30333,27451,74.957,,,,,,,3.0,4.7
30334,27452,0.6,,,,,,,,
30335,27453,0.6,,,,,,,,
30336,27454,,,,,,,,,
30337,27455,0.6,,,,,,,,
30338,27456,,,,,,,,,
30339,27457,1.4,,,,,,,,
30340,27458,1.168,,,,,,,,
30341,27459,1.723,,,,,,,,
30342,27460,0.6,,,,,,,,
30343,27461,0.6,,,,,,,,
30344,27462,1.11,,,,,,,,
30345,27463,2.058,,,,,,,,
30346,27464,0.634,,,,,,,,
30347,27465,1.575,,,,,,,,
30348,27466,2.957,,,,,,,,
30349,27467,0.6,,,,,,,,
30350,27468,0.6,,,,,,,,
30351,27469,0.6,,,,,,,,
30352,27470,0.6,,,,,,,,
30353,27471,2.028,,,,,,,,
30354,27472,1.786,,,,,,,,
30355,27473,0.6,,,,,,,,
30356,27474,1.19,,,,,,,,
30357,27475,1.946,,,,,,,,
30358,27476,0.6,,,,,,,,
30359,27477,0.767,,,,,,,,
30360,27478,3.302,,,,,,,,
30361,27479,12.569,,,,,,,,
30362,27480,0.6,,,,,,,,
30363,27481,4.928,,,,,,,2.0,6.3
30364,27482,0.6,,,,,,,,
30365,27483,1.363,,,,,,,,
30366,27484,0.951,,,,,,,,
30367,27485,0.6,,,,,,,,
30368,27486,5.436,,,,,,,,
30369,27487,6.65,,,,,,,,
30370,27488,0.6,,,,,,,,
30371,27489,0.616,,,,,,,,
30372,27490,0.6,,,,,,,,
30373,27491,0.883,,,,,,,,
30374,27492,8.362,,,,,,,3.0,5.4
30375,27493,0.6,,,,,,,,
30376,27494,3.553,,,,,,,,
30377,27495,0.708,,,,,,,,
30378,27496,1.751,,,,,,,,
30379,27497,0.6,,,,,,,,
30380,27498,0.6,,,,,,,,
30381,27499,0.6,,,,,,,,
30382,27500,0.6,,,,,,,,
30383,27501,0.6,,,,,,,,
30384,27502,0.933,,,,,,,,
30385,27503,0.6,,,,,,,,
30386,27504,5.732,,,,,,,,
30387,27505,4.159,,,,,,,,
30388,27506,,,,,,,,,
30389,27507,0.6,,,,,,,,
30390,27508,6.796,,,,,,,,
30391,27508,0.6,,,,,,,,
30392,27508,0.6,,,,,,,,
30393,27509,1.447,,,,,,,,
30394,27510,0.6,,,,,,,,
30395,27511,0.84,,,,,,,,
30396,27512,0.6,,,,,,,,
30397,27513,0.84,,,,,,,,
30398,27514,2.811,,,,,,,,
30399,27515,1.649,,,,,,,,
30400,27516,11.694,,,,,,,,
30401,27517,0.6,,,,,,,,
30402,27518,0.6,,,,,,,,
30403,27519,0.834,,,,,,,,
30404,27520,2.502,,,,,,,1.0,8.0
30405,27521,1.4,,,,,,,,
30406,27522,0.6,,,,,,,,
30407,27523,0.6,,,,,,,,
30408,27524,0.6,,,,,,,,
30409,27525,0.666,,,,,,,,
30410,27526,0.6,,,,,,,,
30411,27527,35.67,,,,,,,3.0,5.9
30412,27528,1.134,,,,,,,,
30413,27529,1.982,,,,,,,3.0,7.0
30414,27530,67.467,,,,,,,3.0,6.3
30415,27531,63.45,,,,,,,2.0,5.7
30416,27532,1.4,,,,,,,,
30417,27533,3.719,,,,,,,,
30418,27534,0.6,,,,,,,,
30419,27535,0.6,,,,,,,,
30420,27536,0.6,,,,,,,,
30421,27537,0.6,,,,,,,,
30422,27538,3.645,,,,,,,,
30423,27539,4.943,,,,,,,,
30424,27539,1.852,,,,,,,,
30425,27540,0.6,,,,,,,,
30426,27541,0.616,,,,,,,,
30427,27542,1.574,,,,,,,,
30428,27543,0.609,,,,,,,,
30429,27544,0.6,,,,,,,,
30430,27545,0.935,,,,,,,2.0,5.4
30431,27546,0.606,,,,,,,,
30432,27547,,0.0,1.0,1992,"As both director and star, Clint Eastwood strips away decades of Hollywood varnish applied to the Wild West, and emerges with a series of harshly eloquent statements about the nature of violence.",Certified-Fresh,96.0,3.0,8.2
30433,27548,0.623,,,,,,,,
30434,27549,1.015,,,,,,,,
30435,27550,26.72,,,,,,,3.0,5.6
30436,27551,24.191,,,,,,,,
30437,27552,0.761,,,,,,,,
30438,27553,0.6,,,,,,,,
30439,27554,3.485,,,,,,,,
30440,27555,1.942,,,,,,,,
30441,27556,4.825,,,,,,,3.0,6.0
30442,27556,2.566,,,,,,,3.0,6.0
30443,27556,0.881,,,,,,,3.0,6.0
30444,27557,3.318,,,,,,,,
30445,27557,1.313,,,,,,,,
30446,27558,1.016,,,,,,,,
30447,27559,4.583,,,,,,,,
30448,27560,56.0,,,,,,,,
30449,27560,0.651,,,,,,,,
30450,27561,1.703,,,,,,,,
30451,27562,0.6,,,,,,,,
30452,27563,0.977,,,,,,,,
30453,27564,1.606,,,,,,,,
30454,27565,1.225,,,,,,,,
30455,27566,1.171,,,,,,,,
30456,27567,2.95,,,,,,,,
30457,27568,4.784,,,,,,,,
30458,27568,1.988,,,,,,,,
30459,27569,1.989,,,,,,,,
30460,27570,0.6,,,,,,,,
30461,27571,0.6,,,,,,,,
30462,27572,0.6,,,,,,,,
30463,27573,1.375,,,,,,,,
30464,27574,0.905,,,,,,,,
30465,27575,0.6,,,,,,,,
30466,27576,0.641,,,,,,,,
30467,27577,1.079,,,,,,,,
30468,27578,0.6,,,,,,,,
30469,27579,0.645,,,,,,,3.0,6.3
30470,27580,0.6,,,,,,,,
30471,27581,3.779,,,,,,,,
30472,27582,0.6,,,,,,,,
30473,27583,2.197,,,,,,,,
30474,27584,0.6,,,,,,,,
30475,27585,5.447,,,,,,,,
30476,27586,0.6,,,,,,,,
30477,27587,0.6,,,,,,,,
30478,27588,0.927,,,,,,,,
30479,27589,1.22,,,,,,,,
30480,27590,8.156,,,,,,,,
30481,27591,0.6,,,,,,,,
30482,27592,13.178,,,,,,,,
30483,27593,0.6,,,,,,,,
30484,27594,0.6,,,,,,,,
30485,27594,0.6,,,,,,,,
30486,27595,1.403,,,,,,,,
30487,27596,1.553,,,,,,,,
30488,27597,0.6,,,,,,,,
30489,27598,0.6,,,,,,,,
30490,27599,0.6,,,,,,,,
30491,27600,0.6,,,,,,,,
30492,27601,3.946,,,,,,,,
30493,27601,0.634,,,,,,,,
30494,27602,0.6,,,,,,,,
30495,27603,0.6,,,,,,,,
30496,27604,1.114,,,,,,,,
30497,27605,0.6,,,,,,,,
30498,27606,1.192,,,,,,,,
30499,27606,0.6,,,,,,,,
30500,27607,1.066,,,,,,,,
30501,27607,0.6,,,,,,,,
30502,27607,0.6,,,,,,,,
30503,27608,0.6,,,,,,,,
30504,27609,0.6,,,,,,,,
30505,27610,7.221,,,,,,,,
30506,27611,0.858,,,,,,,,
30507,27612,0.6,,,,,,,,
30508,27613,0.6,,,,,,,,
30509,27614,0.948,,,,,,,,
30510,27615,1.098,,,,,,,,
30511,27616,1.37,,,,,,,,
30512,27617,0.6,,,,,,,,
30513,27618,0.898,,,,,,,,
30514,27619,,1.0,0.0,2009,"An exciting, funny, and poignant adventure, Up offers an impeccably crafted story told with wit and arranged with depth, as well as yet another visual Pixar treat.",Certified-Fresh,98.0,1.0,8.2
30515,27620,0.6,,,,,,,,
30516,27621,0.6,,,,,,,,
30517,27622,1.599,,,,,,,,
30518,27623,,1.0,0.0,2009,"Led by charismatic performances by its three leads, director Jason Reitman delivers a smart blend of humor and emotion with just enough edge for mainstream audiences.",Certified-Fresh,91.0,2.0,7.4
30519,27624,3.779,,,,,,,,
30520,27625,0.6,,,,,,,,
30521,27626,0.6,,,,,,,,
30522,27627,0.902,,,,,,,,
30523,27628,0.874,,,,,,,,
30524,27628,0.6,,,,,,,,
30525,27628,0.6,,,,,,,,
30526,27629,0.716,,,,,,,,
30527,27630,0.6,,,,,,,,
30528,27631,0.6,,,,,,,,
30529,27632,1.96,,,,,,,,
30530,27633,8.901,,,,,,,,
30531,27634,0.636,,,,,,,,
30532,27635,1.597,,,,,,,,
30533,27636,0.647,,,,,,,,
30534,27637,1.96,,,,,,,,
30535,27638,14.192,,,,,,,3.0,5.6
30536,27639,0.6,,,,,,,,
30537,27640,0.6,,,,,,,,
30538,27641,15.84,,,,,,,,
30539,27642,21.559,,,,,,,,
30540,27643,0.6,,,,,,,,
30541,27644,2.425,,,,,,,,
30542,27645,0.6,,,,,,,,
30543,27646,1.191,,,,,,,,
30544,27647,0.6,,,,,,,,
30545,27648,0.6,,,,,,,,
30546,27649,,,,,,,,,
30547,27650,0.6,,,,,,,,
30548,27651,0.6,,,,,,,,
30549,27652,5.877,,,,,,,,
30550,27653,5.456,,,,,,,,
30551,27654,4.9,,,,,,,,
30552,27655,2.741,,,,,,,,
30553,27656,10.294,,,,,,,,
30554,27657,1.827,,,,,,,,
30555,27658,0.878,,,,,,,,
30556,27659,0.6,,,,,,,,
30557,27660,0.6,,,,,,,,
30558,27661,0.6,,,,,,,,
30559,27662,41.601,,,,,,,3.0,6.8
30560,27663,0.6,,,,,,,,
30561,27664,0.6,,,,,,,,
30562,27665,0.6,,,,,,,,
30563,27666,1.979,,,,,,,,
30564,27667,0.6,,,,,,,,
30565,27668,0.743,,,,,,,,
30566,27669,0.6,,,,,,,,
30567,27670,0.6,,,,,,,,
30568,27671,0.692,,,,,,,,
30569,27672,0.6,,,,,,,,
30570,27673,0.6,,,,,,,,
30571,27674,6.912,,,,,,,,
30572,27675,0.6,,,,,,,,
30573,27676,,,,,,,,3.0,8.2
30574,27677,185.965,,,,,,,,
30575,27678,0.6,,,,,,,,
30576,27679,0.6,,,,,,,,
30577,27680,0.621,,,,,,,,
30578,27681,23.35,,,,,,,1.0,5.8
30579,27682,19.644,,,,,,,3.0,6.0
30580,27683,23.043,,,,,,,,
30581,27684,11.243,,,,,,,,
30582,27685,16.663,,,,,,,,
30583,27686,0.6,,,,,,,,
30584,27687,4.735,,,,,,,1.0,5.1
30585,27688,0.6,,,,,,,,
30586,27689,10.043,,,,,,,,
30587,27690,3.37,,,,,,,,
30588,27691,1.331,,,,,,,,
30589,27692,0.652,,,,,,,,
30590,27693,0.6,,,,,,,,
30591,27694,0.6,,,,,,,,
30592,27695,1.05,,,,,,,,
30593,27696,1.691,,,,,,,,
30594,27697,0.6,,,,,,,,
30595,27698,0.6,,,,,,,,
30596,27699,1.74,,,,,,,,
30597,27700,1.417,,,,,,,,
30598,27701,22.325,,,,,,,0.0,6.2
30599,27701,0.6,,,,,,,0.0,6.2
30600,27702,11.571,,,,,,,,
30601,27703,1.89,,,,,,,,
30602,27704,0.6,,,,,,,,
30603,27705,9.727,,,,,,,,
30604,27706,5.083,,,,,,,,
30605,27707,0.6,,,,,,,,
30606,27708,0.6,,,,,,,,
30607,27709,3.064,,,,,,,,
30608,27710,0.6,,,,,,,,
30609,27711,0.84,,,,,,,,
30610,27712,12.855,,,,,,,2.0,4.9
30611,27713,0.6,,,,,,,,
30612,27714,0.665,,,,,,,,
30613,27715,0.6,,,,,,,,
30614,27716,0.6,,,,,,,,
30615,27717,0.6,,,,,,,,
30616,27718,0.6,,,,,,,,
30617,27718,0.6,,,,,,,,
30618,27719,3.884,,,,,,,,
30619,27720,2.51,,,,,,,,
30620,27721,2.205,,,,,,,,
30621,27722,276.369,,,,,,,,
30622,27723,0.6,,,,,,,,
30623,27724,1.677,,,,,,,,
30624,27725,7.719,,,,,,,,
30625,27725,1.204,,,,,,,,
30626,27725,0.6,,,,,,,,
30627,27726,0.6,,,,,,,,
30628,27727,0.6,,,,,,,,
30629,27728,4.828,,,,,,,,
30630,27729,1.309,,,,,,,,
30631,27730,0.6,,,,,,,,
30632,27731,1.071,,,,,,,,
30633,27732,0.935,,,,,,,,
30634,27733,1.828,,,,,,,,
30635,27734,3.941,,,,,,,,
30636,27734,0.6,,,,,,,,
30637,27735,1.188,,,,,,,,
30638,27736,4.893,,,,,,,,
30639,27736,3.03,,,,,,,,
30640,27736,0.6,,,,,,,,
30641,27736,0.6,,,,,,,,
30642,27736,0.6,,,,,,,,
30643,27736,0.6,,,,,,,,
30644,27736,0.6,,,,,,,,
30645,27737,1.312,,,,,,,,
30646,27738,6.28,,,,,,,3.0,4.2
30647,27739,0.6,,,,,,,,
30648,27740,2.164,,,,,,,,
30649,27741,0.6,,,,,,,,
30650,27742,3.423,,,,,,,,
30651,27743,2.972,,,,,,,,
30652,27744,0.6,,,,,,,,
30653,27745,0.65,,,,,,,,
30654,27746,1.273,,,,,,,,
30655,27747,0.6,,,,,,,,
30656,27748,1.4,,,,,,,,
30657,27749,0.6,,,,,,,,
30658,27750,1.341,,,,,,,,
30659,27751,1.342,,,,,,,,
30660,27752,10.012,,,,,,,,
30661,27753,0.6,,,,,,,,
30662,27754,0.6,,,,,,,,
30663,27755,4.016,,,,,,,,
30664,27756,1.915,,,,,,,,
30665,27757,4.704,,,,,,,,
30666,27758,0.6,,,,,,,,
30667,27759,0.627,,,,,,,,
30668,27760,1.308,,,,,,,,
30669,27761,2.119,,,,,,,,
30670,27762,0.6,,,,,,,,
30671,27763,0.6,,,,,,,,
30672,27764,2.816,,,,,,,,
30673,27765,0.6,,,,,,,,
30674,27766,0.6,,,,,,,,
30675,27767,5.971,,,,,,,,
30676,27768,1.84,,,,,,,,
30677,27769,0.6,,,,,,,,
30678,27770,0.6,,,,,,,,
30679,27771,2.6,,,,,,,,
30680,27772,0.84,,,,,,,,
30681,27773,18.575,,,,,,,,
30682,27774,18.001,,,,,,,,
30683,27775,2.622,,,,,,,,
30684,27776,2.973,,,,,,,,
30685,27777,2.168,,,,,,,,
30686,27778,1.083,,,,,,,,
30687,27779,0.99,,,,,,,,
30688,27780,1.278,,,,,,,,
30689,27781,1.302,,,,,,,,
30690,27782,0.6,,,,,,,,
30691,27783,0.6,,,,,,,,
30692,27784,0.6,,,,,,,,
30693,27785,1.039,,,,,,,,
30694,27786,1.944,,,,,,,,
30695,27787,1.178,,,,,,,,
30696,27788,0.621,,,,,,,,
30697,27789,1.367,,,,,,,,
30698,27790,1.257,,,,,,,,
30699,27791,0.961,,,,,,,,
30700,27792,0.6,,,,,,,,
30701,27793,0.6,,,,,,,,
30702,27794,0.6,,,,,,,,
30703,27795,0.6,,,,,,,,
30704,27796,0.622,,,,,,,,
30705,27797,0.6,,,,,,,,
30706,27798,0.6,,,,,,,,
30707,27799,4.207,,,,,,,,
30708,27800,1.181,,,,,,,,
30709,27801,1.176,,,,,,,,
30710,27802,3.38,,,,,,,,
30711,27803,1.25,,,,,,,,
30712,27804,2.045,,,,,,,,
30713,27805,0.6,,,,,,,,
30714,27806,0.6,,,,,,,,
30715,27806,0.6,,,,,,,,
30716,27807,1.109,,,,,,,,
30717,27808,0.6,,,,,,,,
30718,27809,10.96,,,,,,,,
30719,27810,0.6,,,,,,,,
30720,27811,5.721,,,,,,,,
30721,27812,0.6,,,,,,,,
30722,27813,0.6,,,,,,,,
30723,27814,1.96,,,,,,,,
30724,27815,0.6,,,,,,,,
30725,27816,0.6,,,,,,,,
30726,27817,8.615,,,,,,,,
30727,27818,0.6,,,,,,,,
30728,27819,0.6,,,,,,,,
30729,27820,2.339,,,,,,,,
30730,27821,5.176,,,,,,,,
30731,27822,16.921,,,,,,,,
30732,27822,1.067,,,,,,,,
30733,27822,1.035,,,,,,,,
30734,27822,0.86,,,,,,,,
30735,27823,0.6,,,,,,,,
30736,27824,0.6,,,,,,,,
30737,27825,0.6,,,,,,,,
30738,27826,2.545,,,,,,,,
30739,27827,1.301,,,,,,,,
30740,27828,0.6,,,,,,,,
30741,27829,1.479,,,,,,,,
30742,27830,12.313,,,,,,,,
30743,27831,2.308,,,,,,,,
30744,27832,16.191,,,,,,,,
30745,27833,2.746,,,,,,,,
30746,27834,7.461,,,,,,,,
30747,27835,1.4,,,,,,,,
30748,27836,0.6,,,,,,,,
30749,27837,0.84,,,,,,,,
30750,27838,1.644,,,,,,,,
30751,27839,1.409,,,,,,,,
30752,27840,0.68,,,,,,,,
30753,27841,0.708,,,,,,,,
30754,27842,1.015,,,,,,,,
30755,27843,0.6,,,,,,,,
30756,27844,1.789,,,,,,,,
30757,27845,19.664,,,,,,,3.0,5.3
30758,27845,9.886,,,,,,,3.0,5.3
30759,27846,1.843,,,,,,,,
30760,27847,0.6,,,,,,,,
30761,27848,0.6,,,,,,,,
30762,27849,0.84,,,,,,,,
30763,27850,2.335,,,,,,,,
30764,27851,0.6,,,,,,,,
30765,27852,0.622,,,,,,,,
30766,27853,9.64,,,,,,,3.0,6.1
30767,27853,9.64,,,,,,,3.0,3.2
30768,27853,4.648,,,,,,,3.0,6.1
30769,27853,4.648,,,,,,,3.0,3.2
30770,27854,14.319,,,,,,,3.0,5.4
30771,27854,0.6,,,,,,,3.0,5.4
30772,27855,0.681,,,,,,,,
30773,27856,1.666,,,,,,,,
30774,27857,0.6,,,,,,,,
30775,27858,50.495,,,,,,,3.0,6.1
30776,27859,0.903,,,,,,,,
30777,27860,24.355,,,,,,,,
30778,27861,0.6,,,,,,,,
30779,27862,0.6,,,,,,,,
30780,27863,0.6,,,,,,,,
30781,27864,0.6,,,,,,,,
30782,27865,0.6,,,,,,,,
30783,27866,0.6,,,,,,,,
30784,27867,1.436,,,,,,,,
30785,27867,0.6,,,,,,,,
30786,27868,0.773,,,,,,,,
30787,27869,10.403,,,,,,,1.0,4.9
30788,27870,0.6,,,,,,,,
30789,27871,0.6,,,,,,,,
30790,27872,3.277,,,,,,,,
30791,27873,3.703,,,,,,,,
30792,27874,0.6,,,,,,,,
30793,27875,1.343,,,,,,,,
30794,27876,0.654,,,,,,,,
30795,27877,1.167,,,,,,,,
30796,27878,0.6,,,,,,,,
30797,27879,0.6,,,,,,,,
30798,27880,3.013,,,,,,,,
30799,27881,1.204,,,,,,,,
30800,27882,0.966,,,,,,,,
30801,27883,1.478,,,,,,,,
30802,27884,0.6,,,,,,,,
30803,27885,0.6,,,,,,,,
30804,27886,0.84,,,,,,,,
30805,27887,0.75,,,,,,,,
30806,27888,0.6,,,,,,,,
30807,27889,1.09,,,,,,,,
30808,27890,,,,,,,,3.0,7.8
30809,27891,3.161,,,,,,,,
30810,27892,1.891,,,,,,,,
30811,27893,1.094,,,,,,,,
30812,27894,0.84,,,,,,,,
30813,27895,2.096,,,,,,,,
30814,27896,0.6,,,,,,,,
30815,27897,0.6,,,,,,,,
30816,27898,0.6,,,,,,,,
30817,27899,1.4,,,,,,,,
30818,27900,1.471,,,,,,,,
30819,27901,11.789,,,,,,,,
30820,27902,0.6,,,,,,,,
30821,27903,0.6,,,,,,,1.0,6.1
30822,27904,302.239,,,,,,,,
30823,27905,0.6,,,,,,,,
30824,27906,1.607,,,,,,,,
30825,27906,0.84,,,,,,,,
30826,27906,0.6,,,,,,,,
30827,27907,1.643,,,,,,,,
30828,27908,3.669,,,,,,,,
30829,27909,0.715,,,,,,,,
30830,27910,0.6,,,,,,,,
30831,27911,0.6,,,,,,,,
30832,27912,0.629,,,,,,,,
30833,27913,14.031,,,,,,,1.0,6.6
30834,27913,8.161,,,,,,,1.0,6.6
30835,27913,3.685,,,,,,,1.0,6.6
30836,27914,1.586,,,,,,,,
30837,27915,5.099,,,,,,,,
30838,27916,0.6,,,,,,,,
30839,27917,7.37,,,,,,,3.0,7.1
30840,27918,0.6,,,,,,,,
30841,27919,5.398,,,,,,,,
30842,27920,1.097,,,,,,,,
30843,27920,0.664,,,,,,,,
30844,27920,0.6,,,,,,,,
30845,27921,0.6,,,,,,,,
30846,27922,0.6,,,,,,,3.0,7.5
30847,27923,0.6,,,,,,,,
30848,27924,0.6,,,,,,,,
30849,27925,56.39,,,,,,,,
30850,27926,6.149,,,,,,,,
30851,27927,0.6,,,,,,,,
30852,27928,0.6,,,,,,,,
30853,27929,6.779,,,,,,,,
30854,27930,0.6,,,,,,,,
30855,27931,,,,,,,,1.0,8.3
30856,27932,1.369,,,,,,,,
30857,27932,0.808,,,,,,,,
30858,27933,0.6,,,,,,,,
30859,27934,0.6,,,,,,,,
30860,27935,0.6,,,,,,,,
30861,27936,0.6,,,,,,,,
30862,27937,0.6,,,,,,,,
30863,27938,1.444,,,,,,,,
30864,27939,,1.0,0.0,2018,"Vice takes scattershot aim at its targets, but writer-director Adam McKay hits some satisfying bullseyes -- and Christian Bale's transformation is a sight to behold.",Fresh,65.0,3.0,7.2
30865,27939,,1.0,0.0,2018,"Vice takes scattershot aim at its targets, but writer-director Adam McKay hits some satisfying bullseyes -- and Christian Bale's transformation is a sight to behold.",Fresh,65.0,2.0,7.2
30866,27940,1.664,,,,,,,,
30867,27940,1.288,,,,,,,,
30868,27941,5.276,,,,,,,,
30869,27942,0.881,,,,,,,,
30870,27943,3.822,,,,,,,,
30871,27944,0.6,,,,,,,,
30872,27945,0.6,,,,,,,,
30873,27946,,,,,,,,,
30874,27947,4.555,,,,,,,1.0,7.7
30875,27947,1.402,,,,,,,1.0,7.7
30876,27947,0.6,,,,,,,1.0,7.7
30877,27948,0.6,,,,,,,,
30878,27949,0.715,,,,,,,,
30879,27950,0.87,,,,,,,,
30880,27950,0.6,,,,,,,,
30881,27950,0.6,,,,,,,,
30882,27951,0.912,,,,,,,,
30883,27952,11.152,,,,,,,,
30884,27953,0.6,,,,,,,,
30885,27954,0.6,,,,,,,0.0,7.6
30886,27955,0.638,,,,,,,,
30887,27956,0.6,,,,,,,,
30888,27957,1.095,,,,,,,,
30889,27958,0.6,,,,,,,,
30890,27959,0.622,,,,,,,,
30891,27960,0.708,,,,,,,,
30892,27961,0.6,,,,,,,,
30893,27962,1.162,,,,,,,,
30894,27963,0.6,,,,,,,,
30895,27964,0.6,,,,,,,,
30896,27965,1.131,,,,,,,,
30897,27966,0.674,,,,,,,,
30898,27967,0.6,,,,,,,,
30899,27968,1.093,,,,,,,,
30900,27969,0.6,,,,,,,,
30901,27970,0.6,,,,,,,,
30902,27971,1.757,,,,,,,,
30903,27972,1.4,,,,,,,,
30904,27973,0.6,,,,,,,,
30905,27974,1.155,,,,,,,,
30906,27975,17.735,,,,,,,2.0,7.2
30907,27976,0.6,,,,,,,,
30908,27977,1.4,,,,,,,,
30909,27978,0.6,,,,,,,,
30910,27979,1.637,,,,,,,,
30911,27980,0.6,,,,,,,,
30912,27981,0.6,,,,,,,,
30913,27982,0.6,,,,,,,,
30914,27983,1.591,,,,,,,,
30915,27984,0.6,,,,,,,,
30916,27985,0.6,,,,,,,,
30917,27986,0.967,,,,,,,,
30918,27987,0.657,,,,,,,,
30919,27988,2.929,,,,,,,,
30920,27989,,,,,,,,,
30921,27990,0.695,,,,,,,,
30922,27991,8.951,,,,,,,,
30923,27992,0.6,,,,,,,,
30924,27993,0.6,,,,,,,,
30925,27994,0.6,,,,,,,,
30926,27995,0.628,,,,,,,,
30927,27996,0.955,,,,,,,,
30928,27997,0.6,,,,,,,,
30929,27998,3.935,,,,,,,,
30930,27999,0.6,,,,,,,,
30931,28000,3.686,,,,,,,,
30932,28001,1.693,,,,,,,,
30933,28002,20.256,,,,,,,3.0,5.6
30934,28002,15.516,,,,,,,3.0,5.6
30935,28003,0.6,,,,,,,,
30936,28004,11.132,,,,,,,,
30937,28005,0.6,,,,,,,,
30938,28006,0.834,,,,,,,,
30939,28007,0.6,,,,,,,,
30940,28008,0.6,,,,,,,,
30941,28009,0.6,,,,,,,,
30942,28010,0.6,,,,,,,,
30943,28011,8.44,,,,,,,,
30944,28012,0.6,,,,,,,,
30945,28013,0.837,,,,,,,,
30946,28014,0.6,,,,,,,,
30947,28015,0.6,,,,,,,,
30948,28016,2.989,,,,,,,,
30949,28017,0.6,,,,,,,,
30950,28018,6.279,,,,,,,,
30951,28019,0.6,,,,,,,,
30952,28020,0.658,,,,,,,,
30953,28021,1.917,,,,,,,,
30954,28022,1.336,,,,,,,,
30955,28023,2.387,,,,,,,,
30956,28024,3.28,,,,,,,,
30957,28025,0.6,,,,,,,,
30958,28026,0.6,,,,,,,,
30959,28027,0.74,,,,,,,,
30960,28028,9.501,,,,,,,,
30961,28029,0.6,,,,,,,,
30962,28030,0.805,,,,,,,,
30963,28031,0.6,,,,,,,,
30964,28032,1.51,,,,,,,,
30965,28033,2.775,,,,,,,,
30966,28034,1.317,,,,,,,,
30967,28035,0.624,,,,,,,,
30968,28036,2.471,,,,,,,,
30969,28037,1.96,,,,,,,,
30970,28038,1.797,,,,,,,,
30971,28039,1.345,,,,,,,,
30972,28039,0.6,,,,,,,,
30973,28040,0.6,,,,,,,,
30974,28041,0.6,,,,,,,,
30975,28042,0.6,,,,,,,,
30976,28043,0.657,,,,,,,,
30977,28044,4.347,,,,,,,,
30978,28045,15.024,,,,,,,,
30979,28045,4.331,,,,,,,,
30980,28045,0.973,,,,,,,,
30981,28045,0.724,,,,,,,,
30982,28045,0.6,,,,,,,,
30983,28046,0.6,,,,,,,,
30984,28047,0.6,,,,,,,,
30985,28048,0.84,,,,,,,,
30986,28049,0.6,,,,,,,,
30987,28050,0.6,,,,,,,,
30988,28051,2.098,,,,,,,,
30989,28052,0.6,,,,,,,,
30990,28053,0.6,,,,,,,,
30991,28054,0.706,,,,,,,,
30992,28055,0.6,,,,,,,,
30993,28056,3.529,,,,,,,,
30994,28057,0.843,,,,,,,,
30995,28058,0.6,,,,,,,,
30996,28059,0.671,,,,,,,,
30997,28060,0.6,,,,,,,,
30998,28061,3.393,,,,,,,,
30999,28062,0.6,,,,,,,,
31000,28063,14.519,,,,,,,3.0,5.0
31001,28063,9.077,,,,,,,3.0,5.0
31002,28063,0.652,,,,,,,3.0,5.0
31003,28064,3.919,,,,,,,,
31004,28065,1.748,,,,,,,,
31005,28066,4.188,,,,,,,,
31006,28067,3.359,,,,,,,,
31007,28068,1.4,,,,,,,,
31008,28069,198.632,,,,,,,,
31009,28070,0.929,,,,,,,,
31010,28071,0.979,,,,,,,,
31011,28072,1.562,,,,,,,,
31012,28073,2.14,,,,,,,,
31013,28074,2.131,,,,,,,,
31014,28075,2.744,,,,,,,,
31015,28076,9.795,,,,,,,,
31016,28076,0.6,,,,,,,,
31017,28076,0.6,,,,,,,,
31018,28076,0.6,,,,,,,,
31019,28077,0.6,,,,,,,,
31020,28078,1.779,,,,,,,,
31021,28079,1.531,,,,,,,,
31022,28080,0.6,,,,,,,,
31023,28081,0.6,,,,,,,,
31024,28082,1.017,,,,,,,,
31025,28083,0.6,,,,,,,,
31026,28084,0.6,,,,,,,,
31027,28085,0.6,,,,,,,,
31028,28086,0.6,,,,,,,,
31029,28087,0.6,,,,,,,,
31030,28088,6.27,,,,,,,,
31031,28089,358.179,,,,,,,,
31032,28090,10.163,,,,,,,1.0,6.5
31033,28091,0.6,,,,,,,,
31034,28092,7.561,,,,,,,,
31035,28092,5.625,,,,,,,,
31036,28092,0.6,,,,,,,,
31037,28093,1.954,,,,,,,,
31038,28094,0.6,,,,,,,,
31039,28095,,,,,,,,,
31040,28096,3.795,,,,,,,,
31041,28097,0.6,,,,,,,,
31042,28098,46.777,,,,,,,3.0,5.9
31043,28099,,,,,,,,,
31044,28100,0.897,,,,,,,,
31045,28101,7.144,,,,,,,,
31046,28102,0.6,,,,,,,,
31047,28103,,,,,,,,,
31048,28104,3.499,,,,,,,,
31049,28105,0.6,,,,,,,,
31050,28106,0.6,,,,,,,,
31051,28107,1.474,,,,,,,,
31052,28108,0.974,,,,,,,,
31053,28109,0.6,,,,,,,,
31054,28110,6.402,,,,,,,,
31055,28110,0.6,,,,,,,,
31056,28111,3.728,,,,,,,,
31057,28111,3.442,,,,,,,,
31058,28111,1.428,,,,,,,,
31059,28111,0.66,,,,,,,,
31060,28111,0.6,,,,,,,,
31061,28112,1.798,,,,,,,,
31062,28113,0.93,,,,,,,,
31063,28114,2.071,,,,,,,,
31064,28114,0.6,,,,,,,,
31065,28115,1.4,,,,,,,,
31066,28116,0.6,,,,,,,,
31067,28117,0.6,,,,,,,,
31068,28118,0.6,,,,,,,,
31069,28119,1.525,,,,,,,,
31070,28120,0.925,,,,,,,,
31071,28121,0.6,,,,,,,,
31072,28122,1.975,,,,,,,,
31073,28123,1.261,,,,,,,,
31074,28123,0.6,,,,,,,,
31075,28124,2.696,,,,,,,,
31076,28125,1.863,,,,,,,,
31077,28126,0.6,,,,,,,,
31078,28127,1.013,,,,,,,,
31079,28128,0.6,,,,,,,,
31080,28129,1.738,,,,,,,,
31081,28130,0.6,,,,,,,,
31082,28131,0.764,,,,,,,,
31083,28132,2.269,,,,,,,,
31084,28133,0.6,,,,,,,,
31085,28134,3.1,,,,,,,,
31086,28135,1.791,,,,,,,,
31087,28136,2.344,,,,,,,,
31088,28137,3.135,,,,,,,,
31089,28138,1.081,,,,,,,,
31090,28139,2.195,,,,,,,,
31091,28140,0.6,,,,,,,,
31092,28141,1.411,,,,,,,,
31093,28142,0.6,,,,,,,,
31094,28143,0.6,,,,,,,,
31095,28144,0.6,,,,,,,,
31096,28145,0.6,,,,,,,,
31097,28146,1.801,,,,,,,,
31098,28146,0.866,,,,,,,,
31099,28146,0.606,,,,,,,,
31100,28147,1.236,,,,,,,,
31101,28148,1.4,,,,,,,,
31102,28149,0.932,,,,,,,,
31103,28150,0.6,,,,,,,,
31104,28151,0.841,,,,,,,,
31105,28152,1.088,,,,,,,,
31106,28153,,,,,,,,,
31107,28154,0.6,,,,,,,,
31108,28155,3.296,,,,,,,,
31109,28156,0.694,,,,,,,,
31110,28157,0.6,,,,,,,,
31111,28158,0.6,,,,,,,,
31112,28159,0.6,,,,,,,,
31113,28160,,,,,,,,,
31114,28161,0.6,,,,,,,,
31115,28162,0.6,,,,,,,,
31116,28163,0.6,,,,,,,,
31117,28164,0.6,,,,,,,,
31118,28165,0.6,,,,,,,,
31119,28166,4.557,,,,,,,,
31120,28167,0.6,,,,,,,,
31121,28168,0.6,,,,,,,,
31122,28169,0.6,,,,,,,,
31123,28170,3.738,,,,,,,,
31124,28171,1.234,,,,,,,,
31125,28172,7.291,,,,,,,,
31126,28173,0.6,,,,,,,,
31127,28174,0.6,,,,,,,,
31128,28175,0.6,,,,,,,,
31129,28176,0.6,,,,,,,,
31130,28177,0.6,,,,,,,,
31131,28178,4.07,,,,,,,,
31132,28179,11.788,,,,,,,3.0,7.7
31133,28179,1.211,,,,,,,3.0,7.7
31134,28180,1.028,,,,,,,,
31135,28181,0.6,,,,,,,,
31136,28181,0.6,,,,,,,,
31137,28181,0.6,,,,,,,,
31138,28182,0.6,,,,,,,,
31139,28182,0.6,,,,,,,,
31140,28182,0.6,,,,,,,,
31141,28183,0.84,,,,,,,,
31142,28184,0.6,,,,,,,,
31143,28184,0.6,,,,,,,,
31144,28185,0.6,,,,,,,,
31145,28186,0.6,,,,,,,,
31146,28187,2.478,,,,,,,,
31147,28187,0.6,,,,,,,,
31148,28187,0.6,,,,,,,,
31149,28188,0.6,,,,,,,,
31150,28189,0.6,,,,,,,,
31151,28190,0.6,,,,,,,,
31152,28191,0.84,,,,,,,,
31153,28192,5.468,,,,,,,3.0,5.5
31154,28193,0.6,,,,,,,,
31155,28194,1.31,,,,,,,,
31156,28195,1.135,,,,,,,,
31157,28196,0.6,,,,,,,,
31158,28197,0.694,,,,,,,,
31159,28198,,,,,,,,3.0,7.7
31160,28199,0.6,,,,,,,,
31161,28200,1.303,,,,,,,,
31162,28201,0.884,,,,,,,,
31163,28202,,,,,,,,3.0,7.8
31164,28203,2.344,,,,,,,,
31165,28204,3.01,,,,,,,,
31166,28205,16.296,,,,,,,,
31167,28206,1.306,,,,,,,,
31168,28207,3.489,,,,,,,,
31169,28208,0.6,,,,,,,,
31170,28209,0.6,,,,,,,,
31171,28210,10.804,,,,,,,,
31172,28211,0.6,,,,,,,,
31173,28212,0.6,,,,,,,,
31174,28213,0.6,,,,,,,,
31175,28214,0.685,,,,,,,,
31176,28215,0.6,,,,,,,,
31177,28216,0.925,,,,,,,,
31178,28217,0.6,,,,,,,,
31179,28218,1.246,,,,,,,,
31180,28219,0.883,,,,,,,,
31181,28220,0.6,,,,,,,,
31182,28221,2.806,,,,,,,,
31183,28222,0.649,,,,,,,,
31184,28223,,1.0,0.0,2011,"Technically superb, proudly sentimental, and unabashedly old-fashioned, War Horse is an emotional drama that tugs the heartstrings with Spielberg's customary flair.",Certified-Fresh,75.0,1.0,7.2
31185,28224,0.98,,,,,,,,
31186,28225,4.021,,,,,,,,
31187,28226,3.451,,,,,,,,
31188,28227,5.27,,,,,,,,
31189,28227,0.707,,,,,,,,
31190,28228,1.953,,,,,,,,
31191,28229,1.717,,,,,,,,
31192,28230,5.078,,,,,,,,
31193,28231,215.537,,,,,,,,
31194,28232,0.877,,,,,,,,
31195,28233,4.39,,,,,,,,
31196,28234,0.919,,,,,,,,
31197,28235,0.617,,,,,,,,
31198,28236,0.677,,,,,,,,
31199,28237,3.96,,,,,,,,
31200,28238,0.6,,,,,,,,
31201,28239,9.103,,,,,,,,
31202,28240,6.326,,,,,,,,
31203,28241,1.308,,,,,,,,
31204,28242,14.802,,,,,,,,
31205,28243,0.6,,,,,,,,
31206,28244,33.127,,,,,,,2.0,6.8
31207,28245,0.6,,,,,,,,
31208,28246,0.852,,,,,,,,
31209,28247,11.072,,,,,,,,
31210,28248,0.654,,,,,,,,
31211,28249,0.6,,,,,,,,
31212,28250,,,,,,,,1.0,8.1
31213,28250,,,,,,,,0.0,5.7
31214,28251,2.486,,,,,,,,
31215,28252,0.6,,,,,,,,
31216,28253,0.6,,,,,,,,
31217,28254,0.6,,,,,,,,
31218,28255,1.96,,,,,,,,
31219,28256,0.6,,,,,,,,
31220,28257,0.821,,,,,,,,
31221,28258,1.519,,,,,,,,
31222,28259,0.6,,,,,,,,
31223,28260,0.6,,,,,,,,
31224,28261,1.277,,,,,,,,
31225,28262,0.6,,,,,,,,
31226,28263,1.661,,,,,,,,
31227,28264,6.027,,,,,,,,
31228,28265,0.6,,,,,,,,
31229,28266,2.546,,,,,,,,
31230,28267,1.226,,,,,,,,
31231,28268,0.6,,,,,,,,
31232,28269,0.662,,,,,,,,
31233,28270,1.259,,,,,,,,
31234,28271,2.611,,,,,,,,
31235,28272,1.413,,,,,,,,
31236,28272,0.6,,,,,,,,
31237,28273,0.88,,,,,,,,
31238,28274,0.6,,,,,,,,
31239,28275,,1.0,0.0,1943,,Fresh,80.0,3.0,7.3
31240,28276,0.6,,,,,,,,
31241,28277,1.476,,,,,,,,
31242,28278,0.6,,,,,,,,
31243,28279,0.6,,,,,,,,
31244,28280,46.144,,,,,,,,
31245,28280,0.652,,,,,,,,
31246,28281,5.436,,,,,,,,
31247,28282,1.876,,,,,,,,
31248,28283,3.789,,,,,,,,
31249,28284,2.623,,,,,,,,
31250,28285,7.799,,,,,,,,
31251,28285,0.6,,,,,,,,
31252,28286,0.6,,,,,,,,
31253,28287,,,,,,,,3.0,7.6
31254,28288,1.946,,,,,,,3.0,7.7
31255,28289,0.6,,,,,,,,
31256,28290,0.6,,,,,,,,
31257,28291,0.6,,,,,,,,
31258,28292,0.6,,,,,,,,
31259,28293,0.6,,,,,,,,
31260,28294,0.669,,,,,,,,
31261,28295,0.6,,,,,,,,
31262,28296,0.932,,,,,,,,
31263,28297,0.6,,,,,,,,
31264,28298,0.6,,,,,,,,
31265,28299,0.6,,,,,,,,
31266,28300,,,,,,,,1.0,7.6
31267,28301,0.6,,,,,,,,
31268,28302,2.349,,,,,,,,
31269,28303,0.996,,,,,,,,
31270,28304,8.783,,,,,,,,
31271,28305,5.204,,,,,,,,
31272,28306,0.6,,,,,,,,
31273,28307,5.258,,,,,,,,
31274,28308,0.6,,,,,,,,
31275,28309,3.4,,,,,,,,
31276,28310,0.6,,,,,,,,
31277,28311,1.668,,,,,,,,
31278,28312,0.6,,,,,,,,
31279,28313,0.6,,,,,,,,
31280,28314,3.212,,,,,,,,
31281,28315,0.6,,,,,,,,
31282,28316,0.6,,,,,,,,
31283,28317,1.224,,,,,,,,
31284,28318,6.402,,,,,,,,
31285,28319,8.94,,,,,,,,
31286,28320,0.6,,,,,,,,
31287,28321,8.846,,,,,,,3.0,5.9
31288,28321,8.276,,,,,,,3.0,5.9
31289,28322,19.159,,,,,,,,
31290,28323,9.252,,,,,,,,
31291,28324,1.671,,,,,,,0.0,5.3
31292,28325,0.6,,,,,,,,
31293,28326,0.619,,,,,,,,
31294,28327,1.095,,,,,,,,
31295,28328,0.6,,,,,,,,
31296,28329,0.6,,,,,,,,
31297,28330,7.4,,,,,,,,
31298,28331,0.6,,,,,,,,
31299,28332,10.79,,,,,,,3.0,5.6
31300,28333,0.6,,,,,,,,
31301,28334,3.539,,,,,,,,
31302,28335,0.6,,,,,,,,
31303,28336,2.298,,,,,,,,
31304,28337,9.255,,,,,,,,
31305,28338,0.6,,,,,,,,
31306,28339,1.96,,,,,,,,
31307,28340,0.6,,,,,,,,
31308,28341,1.459,,,,,,,,
31309,28342,0.709,,,,,,,,
31310,28343,0.6,,,,,,,,
31311,28344,0.6,,,,,,,,
31312,28345,0.6,,,,,,,,
31313,28346,2.657,,,,,,,,
31314,28347,0.604,,,,,,,,
31315,28348,0.6,,,,,,,,
31316,28349,0.6,,,,,,,,
31317,28350,0.896,,,,,,,,
31318,28351,0.697,,,,,,,,
31319,28352,2.185,,,,,,,,
31320,28353,0.6,,,,,,,,
31321,28354,1.356,,,,,,,,
31322,28355,1.517,,,,,,,,
31323,28356,0.6,,,,,,,,
31324,28357,0.6,,,,,,,,
31325,28358,2.704,,,,,,,,
31326,28359,0.6,,,,,,,,
31327,28360,1.745,,,,,,,,
31328,28361,0.6,,,,,,,,
31329,28362,0.991,,,,,,,,
31330,28363,0.978,,,,,,,,
31331,28364,5.844,,,,,,,,
31332,28365,2.258,,,,,,,,
31333,28366,1.179,,,,,,,,
31334,28367,0.6,,,,,,,,
31335,28368,0.6,,,,,,,,
31336,28369,1.66,,,,,,,,
31337,28370,0.621,,,,,,,,
31338,28371,0.6,,,,,,,,
31339,28372,0.6,,,,,,,,
31340,28373,0.963,,,,,,,,
31341,28374,0.6,,,,,,,,
31342,28375,0.6,,,,,,,,
31343,28376,1.441,,,,,,,,
31344,28377,17.719,,,,,,,,
31345,28377,0.6,,,,,,,,
31346,28378,1.561,,,,,,,,
31347,28379,0.6,,,,,,,,
31348,28380,0.6,,,,,,,,
31349,28381,0.826,,,,,,,,
31350,28382,1.946,,,,,,,,
31351,28382,1.609,,,,,,,,
31352,28383,0.84,,,,,,,,
31353,28384,2.69,,,,,,,,
31354,28385,0.639,,,,,,,,
31355,28386,4.108,,,,,,,,
31356,28387,0.6,,,,,,,,
31357,28388,2.771,,,,,,,,
31358,28389,0.6,,,,,,,,
31359,28390,0.6,,,,,,,,
31360,28391,0.6,,,,,,,,
31361,28392,5.001,,,,,,,,
31362,28393,0.6,,,,,,,,
31363,28394,0.94,,,,,,,,
31364,28395,0.6,,,,,,,,
31365,28396,0.6,,,,,,,,
31366,28397,16.286,,,,,,,,
31367,28398,6.247,,,,,,,,
31368,28398,0.64,,,,,,,,
31369,28398,0.6,,,,,,,,
31370,28399,2.099,,,,,,,,
31371,28400,0.6,,,,,,,,
31372,28401,27.716,,,,,,,,
31373,28402,1.173,,,,,,,,
31374,28403,1.566,,,,,,,,
31375,28404,6.436,,,,,,,,
31376,28404,5.063,,,,,,,,
31377,28404,1.4,,,,,,,,
31378,28404,0.6,,,,,,,,
31379,28405,1.4,,,,,,,,
31380,28406,4.299,,,,,,,,
31381,28407,0.6,,,,,,,,
31382,28408,0.6,,,,,,,,
31383,28409,2.818,,,,,,,,
31384,28410,3.288,,,,,,,,
31385,28411,2.187,,,,,,,,
31386,28412,0.658,,,,,,,,
31387,28413,2.817,,,,,,,,
31388,28414,2.204,,,,,,,,
31389,28415,0.6,,,,,,,,
31390,28416,20.895,,,,,,,,
31391,28417,3.599,,,,,,,,
31392,28418,52.511,,,,,,,,
31393,28419,3.382,,,,,,,,
31394,28420,5.923,,,,,,,,
31395,28421,1.506,,,,,,,1.0,4.3
31396,28422,,0.0,1.0,1961,"Buoyed by Robert Wise's dazzling direction, Leonard Bernstein's score, and Stephen Sondheim's lyrics, West Side Story remains perhaps the most iconic of all the Shakespeare adaptations to visit the big screen.",Certified-Fresh,92.0,3.0,7.5
31397,28422,,0.0,1.0,1961,"Buoyed by Robert Wise's dazzling direction, Leonard Bernstein's score, and Stephen Sondheim's lyrics, West Side Story remains perhaps the most iconic of all the Shakespeare adaptations to visit the big screen.",Certified-Fresh,92.0,3.0,7.5
31398,28423,0.657,,,,,,,,
31399,28424,5.132,,,,,,,,
31400,28425,1.562,,,,,,,,
31401,28426,1.245,,,,,,,,
31402,28427,0.6,,,,,,,,
31403,28428,0.6,,,,,,,,
31404,28429,0.6,,,,,,,,
31405,28430,0.6,,,,,,,,
31406,28431,6.009,,,,,,,,
31407,28432,0.845,,,,,,,,
31408,28433,0.6,,,,,,,,
31409,28434,1.415,,,,,,,,
31410,28435,0.6,,,,,,,,
31411,28436,0.6,,,,,,,,
31412,28437,2.797,,,,,,,,
31413,28438,17.94,,,,,,,3.0,8.0
31414,28439,0.913,,,,,,,,
31415,28439,0.6,,,,,,,,
31416,28440,0.738,,,,,,,,
31417,28441,0.6,,,,,,,,
31418,28442,0.6,,,,,,,,
31419,28443,0.6,,,,,,,,
31420,28444,0.97,,,,,,,,
31421,28445,10.261,,,,,,,,
31422,28446,0.6,,,,,,,3.0,6.8
31423,28447,0.6,,,,,,,,
31424,28448,0.6,,,,,,,,
31425,28449,5.622,,,,,,,,
31426,28450,9.918,,,,,,,3.0,5.7
31427,28451,21.977,,,,,,,,
31428,28452,15.747,,,,,,,3.0,6.6
31429,28453,0.6,,,,,,,,
31430,28454,1.292,,,,,,,,
31431,28455,0.6,,,,,,,,
31432,28456,2.319,,,,,,,,
31433,28457,7.143,,,,,,,,
31434,28458,14.486,,,,,,,1.0,7.6
31435,28459,4.062,,,,,,,,
31436,28460,0.6,,,,,,,,
31437,28461,0.6,,,,,,,,
31438,28462,1.477,,,,,,,,
31439,28463,0.6,,,,,,,,
31440,28464,46.448,,,,,,,,
31441,28465,9.964,,,,,,,,
31442,28466,1.353,,,,,,,,
31443,28467,,,,,,,,,
31444,28468,0.6,,,,,,,,
31445,28469,0.6,,,,,,,,
31446,28470,0.6,,,,,,,,
31447,28471,2.744,,,,,,,,
31448,28472,2.521,,,,,,,,
31449,28473,5.107,,,,,,,,
31450,28474,3.413,,,,,,,,
31451,28475,0.6,,,,,,,,
31452,28476,0.986,,,,,,,,
31453,28477,0.6,,,,,,,,
31454,28478,2.201,,,,,,,,
31455,28479,0.6,,,,,,,,
31456,28480,3.401,,,,,,,,
31457,28481,1.729,,,,,,,,
31458,28482,,,,,,,,,
31459,28483,0.6,,,,,,,,
31460,28484,2.629,,,,,,,,
31461,28485,1.293,,,,,,,,
31462,28486,2.486,,,,,,,2.0,6.0
31463,28487,0.6,,,,,,,,
31464,28488,1.762,,,,,,,,
31465,28488,0.6,,,,,,,,
31466,28489,0.6,,,,,,,,
31467,28490,0.975,,,,,,,,
31468,28491,0.6,,,,,,,,
31469,28492,0.6,,,,,,,,
31470,28493,0.6,,,,,,,,
31471,28494,0.6,,,,,,,,
31472,28495,0.875,,,,,,,,
31473,28496,1.708,,,,,,,,
31474,28497,21.961,,,,,,,3.0,5.1
31475,28497,6.98,,,,,,,3.0,5.1
31476,28498,3.814,,,,,,,,
31477,28499,16.823,,,,,,,,
31478,28500,0.6,,,,,,,,
31479,28501,1.519,,,,,,,,
31480,28502,0.6,,,,,,,,
31481,28503,0.6,,,,,,,,
31482,28504,0.634,,,,,,,,
31483,28505,12.694,,,,,,,,
31484,28506,0.702,,,,,,,,
31485,28507,3.249,,,,,,,,
31486,28508,0.6,,,,,,,,
31487,28509,0.6,,,,,,,,
31488,28510,0.6,,,,,,,,
31489,28511,0.6,,,,,,,,
31490,28512,,,,,,,,3.0,7.6
31491,28513,0.741,,,,,,,,
31492,28514,1.359,,,,,,,,
31493,28515,1.4,,,,,,,,
31494,28516,0.6,,,,,,,,
31495,28517,0.6,,,,,,,,
31496,28518,0.6,,,,,,,,
31497,28519,0.754,,,,,,,,
31498,28520,0.6,,,,,,,,
31499,28521,0.6,,,,,,,,
31500,28522,3.246,,,,,,,,
31501,28523,0.6,,,,,,,,
31502,28524,0.712,,,,,,,,
31503,28525,4.045,,,,,,,,
31504,28526,0.6,,,,,,,,
31505,28527,1.986,,,,,,,,
31506,28528,0.937,,,,,,,3.0,6.4
31507,28529,0.6,,,,,,,,
31508,28530,1.531,,,,,,,,
31509,28531,0.6,,,,,,,,
31510,28532,4.938,,,,,,,,
31511,28533,0.6,,,,,,,,
31512,28534,0.6,,,,,,,,
31513,28535,8.163,,,,,,,3.0,4.8
31514,28536,3.292,,,,,,,,
31515,28537,0.6,,,,,,,,
31516,28538,,1.0,0.0,2014,"Intense, inspiring, and well-acted, Whiplash is a brilliant sophomore effort from director Damien Chazelle and a riveting vehicle for stars J.K. Simmons and Miles Teller.",Certified-Fresh,94.0,1.0,8.5
31517,28539,2.3,,,,,,,,
31518,28540,1.176,,,,,,,,
31519,28541,13.267,,,,,,,2.0,5.7
31520,28541,1.401,,,,,,,2.0,5.7
31521,28541,0.6,,,,,,,2.0,5.7
31522,28542,0.6,,,,,,,,
31523,28543,0.6,,,,,,,,
31524,28544,4.842,,,,,,,,
31525,28545,14.382,,,,,,,,
31526,28546,0.6,,,,,,,,
31527,28547,2.925,,,,,,,,
31528,28547,2.17,,,,,,,,
31529,28547,0.6,,,,,,,,
31530,28548,3.264,,,,,,,,
31531,28549,0.6,,,,,,,,
31532,28550,0.6,,,,,,,,
31533,28551,0.647,,,,,,,,
31534,28552,0.6,,,,,,,,
31535,28552,0.6,,,,,,,,
31536,28553,0.6,,,,,,,,
31537,28554,0.6,,,,,,,,
31538,28555,3.157,,,,,,,,
31539,28555,2.485,,,,,,,,
31540,28556,0.6,,,,,,,,
31541,28557,1.002,,,,,,,,
31542,28558,0.6,,,,,,,,
31543,28559,4.16,,,,,,,,
31544,28560,0.6,,,,,,,,
31545,28561,5.25,,,,,,,,
31546,28562,0.691,,,,,,,,
31547,28563,0.6,,,,,,,,
31548,28564,7.163,,,,,,,,
31549,28565,0.841,,,,,,,,
31550,28566,0.6,,,,,,,,
31551,28567,1.321,,,,,,,,
31552,28568,0.605,,,,,,,,
31553,28569,,,,,,,,,
31554,28570,0.626,,,,,,,,
31555,28571,1.87,,,,,,,,
31556,28572,1.4,,,,,,,,
31557,28572,0.6,,,,,,,,
31558,28573,0.6,,,,,,,,
31559,28574,13.653,,,,,,,1.0,5.5
31560,28574,13.653,,,,,,,3.0,5.7
31561,28574,0.6,,,,,,,1.0,5.5
31562,28574,0.6,,,,,,,3.0,5.7
31563,28575,9.465,,,,,,,1.0,5.7
31564,28576,0.712,,,,,,,,
31565,28577,0.6,,,,,,,,
31566,28578,7.771,,,,,,,,
31567,28579,2.271,,,,,,,,
31568,28580,1.308,,,,,,,,
31569,28581,1.529,,,,,,,,
31570,28582,0.6,,,,,,,,
31571,28583,1.201,,,,,,,,
31572,28584,0.6,,,,,,,,
31573,28585,0.6,,,,,,,,
31574,28586,0.6,,,,,,,0.0,6.2
31575,28587,5.554,,,,,,,,
31576,28588,6.255,,,,,,,,
31577,28589,0.6,,,,,,,,
31578,28590,2.101,,,,,,,,
31579,28590,0.652,,,,,,,,
31580,28591,7.05,,,,,,,,
31581,28592,0.935,,,,,,,,
31582,28593,0.6,,,,,,,,
31583,28594,0.6,,,,,,,,
31584,28595,,,,,,,,1.0,7.7
31585,28596,0.867,,,,,,,,
31586,28596,0.6,,,,,,,,
31587,28597,3.556,,,,,,,,
31588,28598,4.979,,,,,,,,
31589,28599,0.6,,,,,,,,
31590,28600,3.084,,,,,,,,
31591,28601,3.787,,,,,,,,
31592,28602,0.858,,,,,,,,
31593,28603,0.6,,,,,,,,
31594,28604,0.6,,,,,,,,
31595,28605,1.569,,,,,,,,
31596,28606,0.6,,,,,,,,
31597,28607,0.6,,,,,,,,
31598,28608,0.6,,,,,,,,
31599,28609,0.6,,,,,,,,
31600,28610,,1.0,0.0,1966,"Led by a volcanic performance from Elizabeth Taylor, Who's Afraid of Virginia Woolf? is a scathing adaptation of the Edward Albee play that serves as a brilliant calling card for debuting director Mike Nichols.",Certified-Fresh,95.0,,8.0
31601,28611,0.62,,,,,,,,
31602,28612,0.617,,,,,,,,
31603,28613,1.504,,,,,,,,
31604,28614,0.6,,,,,,,,
31605,28615,0.6,,,,,,,,
31606,28616,2.877,,,,,,,,
31607,28617,0.711,,,,,,,,
31608,28618,0.876,,,,,,,,
31609,28619,0.6,,,,,,,,
31610,28620,0.873,,,,,,,,
31611,28621,3.551,,,,,,,,
31612,28622,0.6,,,,,,,,
31613,28623,0.6,,,,,,,,
31614,28624,0.6,,,,,,,,
31615,28625,0.677,,,,,,,,
31616,28626,10.402,,,,,,,,
31617,28627,1.411,,,,,,,,
31618,28628,0.6,,,,,,,,
31619,28629,0.895,,,,,,,,
31620,28630,0.6,,,,,,,,
31621,28631,0.6,,,,,,,,
31622,28632,0.6,,,,,,,,
31623,28633,0.6,,,,,,,,
31624,28634,2.034,,,,,,,,
31625,28635,9.851,,,,,,,,
31626,28636,0.6,,,,,,,,
31627,28637,0.942,,,,,,,,
31628,28637,0.6,,,,,,,,
31629,28638,3.45,,,,,,,,
31630,28639,11.769,,,,,,,,
31631,28640,0.911,,,,,,,,
31632,28641,6.401,,,,,,,,
31633,28642,0.6,,,,,,,,
31634,28643,3.18,,,,,,,,
31635,28644,0.6,,,,,,,,
31636,28645,0.6,,,,,,,,
31637,28646,1.395,,,,,,,,
31638,28647,0.6,,,,,,,,
31639,28648,1.664,,,,,,,,
31640,28649,0.6,,,,,,,,
31641,28650,2.561,,,,,,,,
31642,28651,3.097,,,,,,,,
31643,28652,0.6,,,,,,,,
31644,28653,0.6,,,,,,,3.0,7.1
31645,28654,1.691,,,,,,,,
31646,28655,1.37,,,,,,,,
31647,28656,0.6,,,,,,,,
31648,28657,2.326,,,,,,,,
31649,28658,1.089,,,,,,,,
31650,28659,0.6,,,,,,,,
31651,28660,1.792,,,,,,,,
31652,28661,0.675,,,,,,,,
31653,28662,1.266,,,,,,,,
31654,28663,2.446,,,,,,,,
31655,28664,0.6,,,,,,,,
31656,28665,1.591,,,,,,,,
31657,28666,0.62,,,,,,,3.0,6.6
31658,28667,0.6,,,,,,,,
31659,28668,3.854,,,,,,,,
31660,28669,4.309,,,,,,,,
31661,28670,0.842,,,,,,,,
31662,28671,13.807,,,,,,,,
31663,28672,2.666,,,,,,,,
31664,28673,17.815,,,,,,,3.0,5.5
31665,28674,0.6,,,,,,,,
31666,28675,0.6,,,,,,,,
31667,28676,0.991,,,,,,,,
31668,28677,0.728,,,,,,,,
31669,28677,0.6,,,,,,,,
31670,28678,6.905,,,,,,,,
31671,28678,5.119,,,,,,,,
31672,28679,0.6,,,,,,,,
31673,28680,0.883,,,,,,,,
31674,28681,0.6,,,,,,,,
31675,28682,11.042,,,,,,,,
31676,28683,0.6,,,,,,,,
31677,28684,0.6,,,,,,,,
31678,28685,,,,,,,,,
31679,28686,52.535,,,,,,,,
31680,28687,22.504,,,,,,,,
31681,28688,12.219,,,,,,,,
31682,28689,,,,,,,,3.0,7.7
31683,28690,4.457,,,,,,,,
31684,28691,1.581,,,,,,,,
31685,28692,0.6,,,,,,,,
31686,28693,1.682,,,,,,,,
31687,28694,0.6,,,,,,,,
31688,28695,0.708,,,,,,,,
31689,28696,0.6,,,,,,,,
31690,28697,0.6,,,,,,,,
31691,28698,0.6,,,,,,,,
31692,28699,1.572,,,,,,,,
31693,28700,,0.0,1.0,1927/28,"Subsequent war epics may have borrowed heavily from the original Best Picture winner, but they've all lacked Clara Bow's luminous screen presence and William Wellman's deft direction.",Certified-Fresh,93.0,1.0,7.5
31694,28701,1.046,,,,,,,,
31695,28702,0.6,,,,,,,,
31696,28703,0.6,,,,,,,,
31697,28704,1.19,,,,,,,,
31698,28705,0.6,,,,,,,,
31699,28706,0.64,,,,,,,,
31700,28707,0.636,,,,,,,,
31701,28708,,1.0,0.0,2010,"Bleak, haunting, and yet still somehow hopeful, Winter's Bone is writer-director Debra Granik's best work yet -- and it boasts an incredible, starmaking performance from Jennifer Lawrence.",Certified-Fresh,94.0,,7.2
31702,28709,0.6,,,,,,,,
31703,28710,1.461,,,,,,,,
31704,28711,2.314,,,,,,,,
31705,28712,2.017,,,,,,,,
31706,28713,1.814,,,,,,,,
31707,28714,39.467,,,,,,,3.0,5.1
31708,28715,0.6,,,,,,,,
31709,28716,0.6,,,,,,,,
31710,28717,7.217,,,,,,,,
31711,28718,9.356,,,,,,,,
31712,28719,0.6,,,,,,,,
31713,28720,13.226,,,,,,,,
31714,28721,35.088,,,,,,,,
31715,28722,17.425,,,,,,,,
31716,28723,18.827,,,,,,,,
31717,28724,0.904,,,,,,,,
31718,28724,0.601,,,,,,,,
31719,28724,0.6,,,,,,,,
31720,28725,2.193,,,,,,,,
31721,28726,0.6,,,,,,,,
31722,28727,0.6,,,,,,,,
31723,28728,0.6,,,,,,,,
31724,28729,0.6,,,,,,,,
31725,28730,65.909,,,,,,,,
31726,28730,3.389,,,,,,,,
31727,28730,0.769,,,,,,,,
31728,28730,0.6,,,,,,,,
31729,28731,2.113,,,,,,,,
31730,28732,2.455,,,,,,,,
31731,28733,0.6,,,,,,,,
31732,28734,1.673,,,,,,,,
31733,28735,0.6,,,,,,,,
31734,28736,1.663,,,,,,,,
31735,28737,0.6,,,,,,,,
31736,28738,0.6,,,,,,,,
31737,28739,1.48,,,,,,,,
31738,28740,2.929,,,,,,,,
31739,28741,0.6,,,,,,,,
31740,28742,5.132,,,,,,,,
31741,28743,3.54,,,,,,,,
31742,28744,3.739,,,,,,,,
31743,28745,2.391,,,,,,,,
31744,28745,1.719,,,,,,,,
31745,28745,0.6,,,,,,,,
31746,28746,1.934,,,,,,,,
31747,28747,0.826,,,,,,,,
31748,28748,1.609,,,,,,,,
31749,28749,1.732,,,,,,,,
31750,28750,2.043,,,,,,,,
31751,28751,1.1,,,,,,,,
31752,28752,0.82,,,,,,,,
31753,28753,1.091,,,,,,,,
31754,28754,1.429,,,,,,,,
31755,28755,1.252,,,,,,,,
31756,28756,0.6,,,,,,,,
31757,28757,1.646,,,,,,,,
31758,28758,1.482,,,,,,,,
31759,28759,1.093,,,,,,,,
31760,28760,1.503,,,,,,,,
31761,28761,0.6,,,,,,,,
31762,28762,8.704,,,,,,,,
31763,28763,2.412,,,,,,,,
31764,28764,0.974,,,,,,,,
31765,28765,0.6,,,,,,,,
31766,28766,0.624,,,,,,,,
31767,28767,4.033,,,,,,,,
31768,28768,11.913,,,,,,,,
31769,28769,6.464,,,,,,,,
31770,28770,1.755,,,,,,,,
31771,28771,1.986,,,,,,,,
31772,28772,1.388,,,,,,,,
31773,28773,0.6,,,,,,,,
31774,28773,0.6,,,,,,,,
31775,28774,6.278,,,,,,,,
31776,28775,20.292,,,,,,,,
31777,28776,0.625,,,,,,,,
31778,28776,0.6,,,,,,,,
31779,28777,1.912,,,,,,,,
31780,28778,1.784,,,,,,,,
31781,28779,1.138,,,,,,,,
31782,28780,3.825,,,,,,,,
31783,28781,0.6,,,,,,,,
31784,28782,2.183,,,,,,,,
31785,28783,1.185,,,,,,,,
31786,28784,1.4,,,,,,,,
31787,28785,0.6,,,,,,,,
31788,28786,9.593,,,,,,,,
31789,28786,0.6,,,,,,,,
31790,28787,12.379,,,,,,,,
31791,28787,3.494,,,,,,,,
31792,28787,2.763,,,,,,,,
31793,28787,0.6,,,,,,,,
31794,28788,0.6,,,,,,,,
31795,28789,0.6,,,,,,,,
31796,28790,1.405,,,,,,,,
31797,28791,0.6,,,,,,,,
31798,28792,0.6,,,,,,,,
31799,28793,1.843,,,,,,,,
31800,28794,2.886,,,,,,,,
31801,28794,2.075,,,,,,,,
31802,28795,0.6,,,,,,,,
31803,28796,,,,,,,,,
31804,28797,2.825,,,,,,,,
31805,28798,7.555,,,,,,,,
31806,28799,0.84,,,,,,,,
31807,28800,0.6,,,,,,,,
31808,28801,,1.0,0.0,1985,"A wonderfully entertaining thriller within an unusual setting, with Harrison Ford delivering a surprisingly emotive and sympathetic performance.",Certified-Fresh,93.0,3.0,7.4
31809,28802,2.531,,,,,,,,
31810,28803,,1.0,0.0,1957,,Fresh,100.0,1.0,8.4
31811,28804,0.874,,,,,,,,
31812,28805,1.719,,,,,,,,
31813,28806,0.84,,,,,,,,
31814,28807,0.6,,,,,,,,
31815,28808,1.533,,,,,,,,
31816,28809,,,,,,,,,
31817,28810,1.09,,,,,,,,
31818,28811,0.6,,,,,,,,
31819,28812,0.855,,,,,,,,
31820,28813,0.716,,,,,,,,
31821,28814,0.6,,,,,,,,
31822,28815,16.018,,,,,,,,
31823,28815,3.107,,,,,,,,
31824,28815,1.037,,,,,,,,
31825,28815,0.87,,,,,,,,
31826,28816,25.809,,,,,,,3.0,6.2
31827,28817,36.644,,,,,,,,
31828,28818,0.692,,,,,,,,
31829,28819,4.715,,,,,,,,
31830,28820,1.778,,,,,,,,
31831,28821,0.6,,,,,,,,
31832,28822,1.372,,,,,,,,
31833,28823,6.096,,,,,,,,
31834,28824,1.647,,,,,,,,
31835,28825,0.6,,,,,,,,
31836,28826,0.6,,,,,,,,
31837,28827,4.6,,,,,,,,
31838,28828,0.894,,,,,,,,
31839,28829,1.274,,,,,,,,
31840,28830,6.573,,,,,,,,
31841,28831,0.6,,,,,,,,
31842,28832,7.283,,,,,,,,
31843,28833,2.129,,,,,,,,
31844,28834,0.638,,,,,,,,
31845,28835,1.511,,,,,,,,
31846,28836,0.6,,,,,,,,
31847,28837,0.6,,,,,,,,
31848,28838,0.6,,,,,,,,
31849,28839,0.97,,,,,,,,
31850,28840,1.336,,,,,,,,
31851,28841,10.533,,,,,,,,
31852,28841,0.6,,,,,,,,
31853,28841,0.6,,,,,,,,
31854,28842,9.91,,,,,,,,
31855,28843,5.238,,,,,,,,
31856,28844,0.6,,,,,,,,
31857,28845,1.176,,,,,,,,
31858,28846,0.6,,,,,,,,
31859,28847,0.6,,,,,,,,
31860,28848,3.184,,,,,,,,
31861,28849,0.679,,,,,,,,
31862,28850,0.623,,,,,,,,
31863,28851,0.987,,,,,,,,
31864,28852,3.533,,,,,,,,
31865,28853,10.953,,,,,,,,
31866,28854,0.743,,,,,,,,
31867,28855,0.6,,,,,,,,
31868,28856,0.6,,,,,,,,
31869,28857,0.6,,,,,,,,
31870,28858,2.128,,,,,,,,
31871,28859,1.421,,,,,,,,
31872,28860,2.34,,,,,,,,
31873,28861,0.6,,,,,,,,
31874,28862,3.131,,,,,,,,
31875,28863,0.943,,,,,,,,
31876,28864,2.157,,,,,,,,
31877,28865,,,,,,,,3.0,7.9
31878,28866,0.617,,,,,,,,
31879,28866,0.6,,,,,,,,
31880,28867,2.676,,,,,,,3.0,4.5
31881,28868,0.6,,,,,,,,
31882,28869,0.638,,,,,,,,
31883,28870,1.386,,,,,,,,
31884,28871,1.327,,,,,,,,
31885,28872,0.6,,,,,,,,
31886,28872,0.6,,,,,,,,
31887,28872,0.6,,,,,,,,
31888,28872,0.6,,,,,,,,
31889,28873,0.6,,,,,,,,
31890,28874,0.6,,,,,,,,
31891,28875,0.962,,,,,,,,
31892,28876,0.6,,,,,,,,
31893,28877,0.6,,,,,,,,
31894,28878,,1.0,0.0,1988,"A buoyant corporate Cinderella story, Working Girl has the right cast, right story, and right director to make it all come together.",Certified-Fresh,84.0,3.0,6.8
31895,28879,0.6,,,,,,,,
31896,28879,0.6,,,,,,,,
31897,28880,0.655,,,,,,,,
31898,28881,0.6,,,,,,,,
31899,28882,1.476,,,,,,,,
31900,28883,1.647,,,,,,,,
31901,28884,0.84,,,,,,,,
31902,28885,2.306,,,,,,,,
31903,28886,0.6,,,,,,,,
31904,28887,131.399,,,,,,,3.0,7.0
31905,28888,0.6,,,,,,,,
31906,28889,1.178,,,,,,,,
31907,28890,0.871,,,,,,,,
31908,28891,1.738,,,,,,,,
31909,28892,0.6,,,,,,,,
31910,28893,12.553,,,,,,,,
31911,28894,1.569,,,,,,,,
31912,28895,0.6,,,,,,,,
31913,28896,16.763,,,,,,,3.0,5.7
31914,28897,2.16,,,,,,,,
31915,28898,14.011,,,,,,,,
31916,28899,0.6,,,,,,,,
31917,28900,0.973,,,,,,,,
31918,28901,2.496,,,,,,,,
31919,28901,0.6,,,,,,,,
31920,28902,0.6,,,,,,,,
31921,28903,0.6,,,,,,,,
31922,28904,2.027,,,,,,,,
31923,28905,5.374,,,,,,,,
31924,28906,2.15,,,,,,,,
31925,28907,0.807,,,,,,,,
31926,28908,0.6,,,,,,,,
31927,28909,1.296,,,,,,,,
31928,28910,,,,,,,,3.0,7.7
31929,28911,5.265,,,,,,,,
31930,28912,7.177,,,,,,,0.0,5.3
31931,28913,4.174,,,,,,,,
31932,28914,0.637,,,,,,,,
31933,28915,5.72,,,,,,,,
31934,28916,1.4,,,,,,,,
31935,28917,3.008,,,,,,,,
31936,28917,0.6,,,,,,,,
31937,28918,0.6,,,,,,,,
31938,28919,0.6,,,,,,,,
31939,28919,0.6,,,,,,,,
31940,28920,0.684,,,,,,,,
31941,28921,1.807,,,,,,,,
31942,28922,1.05,,,,,,,,
31943,28923,0.6,,,,,,,,
31944,28924,0.6,,,,,,,,
31945,28925,0.6,,,,,,,,
31946,28926,1.267,,,,,,,,
31947,28927,0.6,,,,,,,,
31948,28928,119.017,,,,,,,3.0,6.1
31949,28928,90.04,,,,,,,3.0,6.1
31950,28929,123.581,,,,,,,,
31951,28930,138.012,,,,,,,,
31952,28931,125.455,,,,,,,,
31953,28932,112.707,,,,,,,,
31954,28933,60.624,,,,,,,,
31955,28934,0.6,,,,,,,,
31956,28935,,1.0,0.0,1939,"Sumptuous design and perfect casting makes Wuthering Heights an exemplar of old Hollywood studio filmmaking, even if to a fault.",Fresh,96.0,2.0,7.6
31957,28935,,1.0,0.0,1939,"Sumptuous design and perfect casting makes Wuthering Heights an exemplar of old Hollywood studio filmmaking, even if to a fault.",Fresh,96.0,2.0,7.6
31958,28936,1.445,,,,,,,,
31959,28937,12.521,,,,,,,,
31960,28938,12.431,,,,,,,3.0,6.2
31961,28939,7.694,,,,,,,,
31962,28940,543.67,,,,,,,3.0,6.5
31963,28941,3.727,,,,,,,,
31964,28942,2.188,,,,,,,,
31965,28943,0.6,,,,,,,,
31966,28944,2.401,,,,,,,,
31967,28945,0.6,,,,,,,,
31968,28946,3.507,,,,,,,,
31969,28947,6.845,,,,,,,,
31970,28948,,,,,,,,1.0,7.9
31971,28949,0.6,,,,,,,,
31972,28950,0.6,,,,,,,,
31973,28951,,,,,,,,,
31974,28952,8.098,,,,,,,1.0,6.6
31975,28953,2.604,,,,,,,,
31976,28954,0.6,,,,,,,,
31977,28955,14.715,,,,,,,,
31978,28956,3.221,,,,,,,,
31979,28957,0.629,,,,,,,,
31980,28958,0.6,,,,,,,,
31981,28959,0.6,,,,,,,,
31982,28960,1.327,,,,,,,,
31983,28961,1.189,,,,,,,,
31984,28962,0.6,,,,,,,,
31985,28963,6.817,,,,,,,,
31986,28964,7.479,,,,,,,,
31987,28965,4.962,,,,,,,,
31988,28966,2.569,,,,,,,,
31989,28967,0.6,,,,,,,,
31990,28968,0.6,,,,,,,,
31991,28969,0.6,,,,,,,,
31992,28970,,,,,,,,,
31993,28971,0.6,,,,,,,,
31994,28972,0.6,,,,,,,,
31995,28973,0.6,,,,,,,,
31996,28974,0.945,,,,,,,,
31997,28975,1.615,,,,,,,,
31998,28976,0.665,,,,,,,,
31999,28977,0.905,,,,,,,,
32000,28978,0.841,,,,,,,,
32001,28979,0.828,,,,,,,,
32002,28980,1.376,,,,,,,,
32003,28981,6.336,,,,,,,,
32004,28982,0.6,,,,,,,,
32005,28983,1.861,,,,,,,,
32006,28984,0.6,,,,,,,,
32007,28985,0.674,,,,,,,,
32008,28986,0.6,,,,,,,,
32009,28987,0.6,,,,,,,,
32010,28988,,1.0,0.0,1942,"James Cagney deploys his musical gifts to galvanizing effect in Yankee Doodle Dandy, a celebration of patriotic fervor as much as it is a biopic of George M. Cohan.",Fresh,90.0,,7.7
32011,28989,0.6,,,,,,,,
32012,28990,0.651,,,,,,,,
32013,28991,5.275,,,,,,,,
32014,28992,0.6,,,,,,,,
32015,28993,0.6,,,,,,,,
32016,28994,0.663,,,,,,,,
32017,28995,6.232,,,,,,,,
32018,28996,1.473,,,,,,,,
32019,28996,1.01,,,,,,,,
32020,28996,0.6,,,,,,,,
32021,28997,0.6,,,,,,,,
32022,28998,8.375,,,,,,,3.0,4.7
32023,28999,,,,,,,,,
32024,29000,0.608,,,,,,,,
32025,29001,0.6,,,,,,,,
32026,29002,7.527,,,,,,,,
32027,29003,0.87,,,,,,,,
32028,29004,,,,,,,,,
32029,29005,,,,,,,,0.0,8.0
32030,29006,0.6,,,,,,,,
32031,29007,0.6,,,,,,,,
32032,29008,0.6,,,,,,,,
32033,29009,1.978,,,,,,,,
32034,29010,14.067,,,,,,,2.0,4.2
32035,29011,0.6,,,,,,,,
32036,29012,0.6,,,,,,,,
32037,29013,2.562,,,,,,,,
32038,29014,3.975,,,,,,,,
32039,29015,1.224,,,,,,,,
32040,29016,4.914,,,,,,,,
32041,29017,1.796,,,,,,,,
32042,29018,7.43,,,,,,,,
32043,29019,0.926,,,,,,,,
32044,29020,1.4,,,,,,,,
32045,29021,0.6,,,,,,,,
32046,29022,1.888,,,,,,,,
32047,29022,0.6,,,,,,,,
32048,29023,5.916,,,,,,,,
32049,29024,0.6,,,,,,,,
32050,29025,0.6,,,,,,,,
32051,29026,0.6,,,,,,,,
32052,29027,1.73,,,,,,,,
32053,29028,0.6,,,,,,,,
32054,29028,0.6,,,,,,,,
32055,29029,0.6,,,,,,,,
32056,29030,7.127,,,,,,,,
32057,29031,6.941,,,,,,,,
32058,29032,0.6,,,,,,,,
32059,29033,0.6,,,,,,,,
32060,29034,0.6,,,,,,,,
32061,29035,0.789,,,,,,,,
32062,29036,10.367,,,,,,,,
32063,29037,1.727,,,,,,,,
32064,29038,0.6,,,,,,,,
32065,29039,6.769,,,,,,,,
32066,29040,28.349,,,,,,,,
32067,29041,0.989,,,,,,,,
32068,29042,0.6,,,,,,,,
32069,29043,1.516,,,,,,,,
32070,29044,29.005,,,,,,,,
32071,29045,2.204,,,,,,,,
32072,29046,2.332,,,,,,,,
32073,29047,2.239,,,,,,,,
32074,29048,0.6,,,,,,,,
32075,29049,0.6,,,,,,,,
32076,29050,0.788,,,,,,,,
32077,29051,0.6,,,,,,,,
32078,29052,2.656,,,,,,,,
32079,29053,0.963,,,,,,,,
32080,29054,26.774,,,,,,,,
32081,29055,1.369,,,,,,,,
32082,29056,4.898,,,,,,,,
32083,29057,0.605,,,,,,,,
32084,29058,3.734,,,,,,,,
32085,29059,1.12,,,,,,,,
32086,29060,0.84,,,,,,,,
32087,29061,,,,,,,,2.0,8.0
32088,29062,0.95,,,,,,,,
32089,29063,0.924,,,,,,,,
32090,29064,0.6,,,,,,,,
32091,29065,0.6,,,,,,,,
32092,29066,0.871,,,,,,,,
32093,29067,0.6,,,,,,,,
32094,29068,0.628,,,,,,,,
32095,29069,0.6,,,,,,,,
32096,29070,0.678,,,,,,,,
32097,29071,0.606,,,,,,,,
32098,29072,1.4,,,,,,,,
32099,29073,7.743,,,,,,,,
32100,29074,0.6,,,,,,,,
32101,29075,0.6,,,,,,,,
32102,29076,0.6,,,,,,,,
32103,29077,4.979,,,,,,,,
32104,29078,25.345,,,,,,,3.0,5.9
32105,29079,0.6,,,,,,,,
32106,29080,,,,,,,,,
32107,29081,19.404,1.0,0.0,1969,"Powerfully effective, this anti-fascist political thriller stands out as both high-conscience melodrama and high-tempo action movie.",Certified-Fresh,93.0,1.0,8.3
32108,29081,1.1,1.0,0.0,1969,"Powerfully effective, this anti-fascist political thriller stands out as both high-conscience melodrama and high-tempo action movie.",Certified-Fresh,93.0,1.0,8.3
32109,29081,0.6,1.0,0.0,1969,"Powerfully effective, this anti-fascist political thriller stands out as both high-conscience melodrama and high-tempo action movie.",Certified-Fresh,93.0,1.0,8.3
32110,29082,0.914,,,,,,,,
32111,29083,0.6,,,,,,,,
32112,29084,0.6,,,,,,,,
32113,29085,0.6,,,,,,,,
32114,29086,2.04,,,,,,,,
32115,29087,7.993,,,,,,,,
32116,29088,0.6,,,,,,,,
32117,29089,3.039,,,,,,,,
32118,29090,0.6,,,,,,,,
32119,29091,0.6,,,,,,,,
32120,29092,0.6,,,,,,,,
32121,29093,0.937,,,,,,,,
32122,29094,0.6,,,,,,,,
32123,29095,0.747,,,,,,,,
32124,29096,0.6,,,,,,,,
32125,29097,0.6,,,,,,,,
32126,29098,0.6,,,,,,,,
32127,29099,0.6,,,,,,,,
32128,29100,1.093,,,,,,,,
32129,29101,0.88,,,,,,,,
32130,29102,0.6,,,,,,,,
32131,29103,0.6,,,,,,,,
32132,29104,0.6,,,,,,,,
32133,29105,0.6,,,,,,,,
32134,29106,0.6,,,,,,,,
32135,29107,3.705,,,,,,,,
32136,29108,2.691,,,,,,,,
32137,29109,,,,,,,,,
32138,29110,0.6,,,,,,,,
32139,29111,0.6,,,,,,,,
32140,29112,0.6,,,,,,,,
32141,29113,,,,,,,,,
32142,29114,1.96,,,,,,,,
32143,29114,0.6,,,,,,,,
32144,29114,0.6,,,,,,,,
32145,29115,2.033,,,,,,,,
32146,29116,2.744,,,,,,,,
32147,29117,0.6,,,,,,,,
32148,29118,0.618,,,,,,,,
32149,29119,0.6,,,,,,,,
32150,29120,0.6,,,,,,,,
32151,29121,0.6,,,,,,,,
32152,29122,0.6,,,,,,,,
32153,29123,2.169,,,,,,,,
32154,29124,,,,,,,,,
32155,29125,2.507,,,,,,,,
32156,29126,0.6,,,,,,,,
32157,29127,0.687,,,,,,,,
32158,29128,1.414,,,,,,,,
32159,29129,,,,,,,,1.0,7.7
32160,29130,0.84,,,,,,,,
32161,29131,3.723,,,,,,,,
32162,29132,0.6,,,,,,,,
32163,29133,0.6,,,,,,,,
32164,29134,1.599,,,,,,,,
32165,29135,3.352,,,,,,,,
32166,29136,0.6,,,,,,,,
32167,29137,0.6,,,,,,,,
32168,29138,0.6,,,,,,,,
32169,29139,22.944,,,,,,,3.0,4.8
32170,29140,1.022,,,,,,,,
32171,29141,2.909,,,,,,,,
32172,29142,0.6,,,,,,,,
32173,29143,3.308,,,,,,,,
32174,29144,7.05,,,,,,,,
32175,29145,0.891,,,,,,,,
32176,29146,1.218,,,,,,,,
32177,29147,0.6,,,,,,,,
32178,29148,0.6,,,,,,,,
32179,29149,0.6,,,,,,,,
32180,29150,0.772,,,,,,,,
32181,29151,1.239,,,,,,,,
32182,29151,1.106,,,,,,,,
32183,29152,0.605,,,,,,,,
32184,29153,2.242,,,,,,,,
32185,29154,10.084,,,,,,,,
32186,29155,0.692,,,,,,,,
32187,29156,1.882,,,,,,,,
32188,29157,0.6,,,,,,,,
32189,29158,0.6,,,,,,,,
32190,29159,21.198,,,,,,,,
32191,29159,3.0,,,,,,,,
32192,29160,0.915,,,,,,,,
32193,29161,16.486,,,,,,,,
32194,29162,0.6,,,,,,,,
32195,29163,12.356,,,,,,,,
32196,29164,0.6,,,,,,,,
32197,29165,0.804,,,,,,,,
32198,29166,0.651,,,,,,,,
32199,29167,0.701,,,,,,,,
32200,29168,0.92,,,,,,,,
32201,29169,0.6,,,,,,,,
32202,29170,0.6,,,,,,,,
32203,29171,0.84,,,,,,,,
32204,29172,0.845,,,,,,,,
32205,29173,0.947,,,,,,,,
32206,29174,0.6,,,,,,,,
32207,29175,2.01,,,,,,,,
32208,29176,1.173,,,,,,,,
32209,29177,1.266,,,,,,,,
32210,29178,1.046,,,,,,,,
32211,29179,0.986,,,,,,,,
32212,29180,1.4,,,,,,,,
32213,29181,0.6,,,,,,,,
32214,29182,0.6,,,,,,,,
32215,29183,2.606,,,,,,,,
32216,29184,1.204,,,,,,,,
32217,29185,2.711,,,,,,,,
32218,29186,1.253,,,,,,,,
32219,29187,1.224,,,,,,,,
32220,29188,0.6,,,,,,,,
32221,29189,1.493,,,,,,,,
32222,29190,1.4,,,,,,,,
32223,29190,0.652,,,,,,,,
32224,29191,0.746,,,,,,,,
32225,29192,8.332,,,,,,,,
32226,29193,2.344,,,,,,,,
32227,29194,1.4,,,,,,,,
32228,29195,14.667,,,,,,,,
32229,29196,0.706,,,,,,,,
32230,29197,0.6,,,,,,,,
32231,29198,0.6,,,,,,,,
32232,29199,1.356,,,,,,,,
32233,29200,2.151,,,,,,,,
32234,29201,0.6,,,,,,,,
32235,29202,4.396,,,,,,,,
32236,29203,8.942,,,,,,,,
32237,29204,5.792,,,,,,,,
32238,29205,1.496,,,,,,,,
32239,29206,0.6,,,,,,,3.0,3.5
32240,29207,2.837,,,,,,,,
32241,29208,1.43,,,,,,,,
32242,29209,0.6,,,,,,,,
32243,29210,1.206,,,,,,,,
32244,29211,0.6,,,,,,,,
32245,29212,3.923,,,,,,,,
32246,29213,1.505,,,,,,,,
32247,29214,1.787,,,,,,,,
32248,29215,0.6,,,,,,,,
32249,29216,0.6,,,,,,,,
32250,29217,4.04,,,,,,,,
32251,29218,4.848,,,,,,,,
32252,29219,0.6,,,,,,,,
32253,29220,0.6,,,,,,,,
32254,29221,0.6,,,,,,,,
32255,29222,0.871,,,,,,,,
32256,29223,0.6,,,,,,,,
32257,29224,8.521,,,,,,,,
32258,29224,0.6,,,,,,,,
32259,29225,3.551,,,,,,,,
32260,29226,0.6,,,,,,,,
32261,29227,0.627,,,,,,,,
32262,29228,0.6,,,,,,,,
32263,29229,0.6,,,,,,,,
32264,29230,9.035,,,,,,,,
32265,29231,10.382,,,,,,,,
32266,29231,1.2,,,,,,,,
32267,29232,2.986,,,,,,,,
32268,29232,0.6,,,,,,,,
32269,29233,1.96,,,,,,,,
32270,29234,0.6,,,,,,,,
32271,29235,0.6,,,,,,,,
32272,29236,1.427,,,,,,,,
32273,29237,0.741,,,,,,,,
32274,29238,1.328,,,,,,,,
32275,29239,0.926,,,,,,,,
32276,29240,0.6,,,,,,,,
32277,29241,1.011,,,,,,,,
32278,29242,0.663,,,,,,,,
32279,29243,0.6,,,,,,,,
32280,29244,1.342,,,,,,,,
32281,29245,1.823,,,,,,,,
32282,29246,1.123,,,,,,,,
32283,29247,1.845,,,,,,,,
32284,29248,1.966,,,,,,,,
32285,29249,0.6,,,,,,,,
32286,29250,2.279,,,,,,,,
32287,29251,16.026,,,,,,,,
32288,29252,0.676,,,,,,,,
32289,29253,20.15,,,,,,,3.0,4.1
32290,29254,0.981,,,,,,,,
32291,29254,0.6,,,,,,,,
32292,29255,6.044,,,,,,,,
32293,29256,2.95,,,,,,,,
32294,29257,0.66,,,,,,,,
32295,29258,2.665,,,,,,,,
32296,29259,0.6,,,,,,,,
32297,29260,1.121,,,,,,,,
32298,29261,0.6,,,,,,,,
32299,29262,0.6,,,,,,,,
32300,29263,26.0,,,,,,,,
32301,29264,1.587,,,,,,,,
32302,29265,0.668,,,,,,,,
32303,29266,2.373,,,,,,,,
32304,29267,7.21,,,,,,,,
32305,29268,0.6,,,,,,,,
32306,29269,0.6,,,,,,,,
32307,29270,5.254,,,,,,,,
32308,29271,1.733,,,,,,,,
32309,29272,7.341,,,,,,,,
32310,29273,0.6,,,,,,,,
32311,29274,0.6,,,,,,,,
32312,29275,0.6,,,,,,,,
32313,29276,0.6,,,,,,,,
32314,29277,1.275,,,,,,,,
32315,29278,0.985,,,,,,,,
32316,29279,0.621,,,,,,,,
32317,29280,0.655,,,,,,,,
32318,29281,0.6,,,,,,,,
32319,29282,0.6,,,,,,,,
32320,29283,0.6,,,,,,,,
32321,29284,0.6,,,,,,,,
32322,29285,0.6,,,,,,,,
32323,29286,2.048,,,,,,,,
32324,29287,0.846,,,,,,,,
32325,29288,65.001,,,,,,,3.0,7.5
32326,29289,58.248,,,,,,,3.0,6.7
32327,29290,0.6,,,,,,,,
32328,29291,0.6,,,,,,,,
32329,29292,2.034,,,,,,,,
32330,29293,22.169,,,,,,,,
32331,29293,17.805,,,,,,,,
32332,29293,2.652,,,,,,,,
32333,29294,0.6,,,,,,,,
32334,29295,0.6,,,,,,,,
32335,29296,10.032,,,,,,,,
32336,29297,1.723,,,,,,,,
32337,29298,0.6,,,,,,,,
32338,29299,0.852,,,,,,,,
32339,29300,2.185,,,,,,,,
32340,29301,3.236,,,,,,,,
32341,29302,0.62,,,,,,,,
32342,29303,0.901,,,,,,,,
32343,29304,0.728,,,,,,,,
32344,29305,0.6,,,,,,,,
32345,29306,1.275,,,,,,,,
32346,29307,0.6,,,,,,,,
32347,29308,0.6,,,,,,,,
32348,29309,2.173,,,,,,,,
32349,29310,0.6,,,,,,,,
32350,29311,7.933,,,,,,,,
32351,29312,11.554,,,,,,,,
32352,29313,2.665,,,,,,,,
32353,29314,5.064,,,,,,,,
32354,29315,0.6,,,,,,,,
32355,29316,0.696,,,,,,,,
32356,29317,0.6,,,,,,,,
32357,29318,0.6,,,,,,,,
32358,29319,2.218,,,,,,,,
32359,29320,0.6,,,,,,,,
32360,29321,0.954,,,,,,,,
32361,29322,3.093,,,,,,,,
32362,29323,0.987,,,,,,,,
32363,29324,2.823,,,,,,,,
32364,29325,0.6,,,,,,,,
32365,29326,2.092,,,,,,,,
32366,29327,0.6,,,,,,,,
32367,29328,0.6,,,,,,,,
32368,29329,1.648,,,,,,,,
32369,29330,0.6,,,,,,,,
32370,29331,0.6,,,,,,,,
32371,29332,3.227,,,,,,,,
32372,29333,0.6,,,,,,,,
32373,29334,0.6,,,,,,,,
32374,29335,1.163,,,,,,,,
32375,29336,6.299,,,,,,,,
32376,29336,1.622,,,,,,,,
32377,29337,0.6,,,,,,,,
32378,29338,2.698,,,,,,,,
32379,29339,2.836,,,,,,,,
32380,29340,0.6,,,,,,,,
32381,29341,24.788,,,,,,,3.0,3.4
32382,29342,3.918,,,,,,,3.0,3.5
32383,29343,0.6,,,,,,,,
32384,29344,,,,,,,,3.0,8.0
32385,29345,3.265,,,,,,,,
32386,29346,,1.0,0.0,1964,,Fresh,80.0,,7.7
32387,29347,0.6,,,,,,,,
32388,29348,,,,,,,,0.0,7.7
32389,29349,1.501,,,,,,,,
32390,29350,0.6,,,,,,,,
32391,29351,,,,,,,,3.0,7.7
32392,29352,0.6,,,,,,,,
32393,29353,0.6,,,,,,,,
32394,29354,6.441,,,,,,,,
32395,29355,0.6,,,,,,,,
32396,29356,0.6,,,,,,,,
32397,29357,0.6,,,,,,,,
32398,29358,2.934,,,,,,,,
32399,29359,0.6,,,,,,,,
32400,29360,68.845,,,,,,,,
32401,29361,37.108,,,,,,,,
32402,29362,44.643,,,,,,,,
32403,29363,51.876,,,,,,,,
32404,29364,0.6,,,,,,,,
32405,29365,0.6,,,,,,,,
32406,29366,0.6,,,,,,,,
32407,29367,0.922,,,,,,,,
32408,29368,0.61,,,,,,,,
32409,29369,0.632,,,,,,,,
32410,29370,0.6,,,,,,,,
32411,29371,0.6,,,,,,,,
32412,29372,0.6,,,,,,,,
32413,29373,0.6,,,,,,,,
32414,29374,0.948,,,,,,,,
32415,29375,23.31,,,,,,,1.0,6.8
32416,29376,0.6,,,,,,,,
32417,29377,0.6,,,,,,,,
32418,29378,0.6,,,,,,,,
32419,29379,0.767,,,,,,,,
32420,29380,0.6,,,,,,,,
32421,29381,0.6,,,,,,,,
32422,29382,0.6,,,,,,,,
32423,29383,2.356,,,,,,,,
32424,29384,0.884,,,,,,,,
32425,29384,0.6,,,,,,,,
32426,29385,0.6,,,,,,,,
32427,29386,22.57,,,,,,,,
32428,29387,0.6,,,,,,,,
32429,29388,0.6,,,,,,,,
32430,29389,0.6,,,,,,,,
32431,29390,0.6,,,,,,,,
32432,29391,0.6,,,,,,,,
32433,29392,0.6,,,,,,,,
32434,29393,0.6,,,,,,,,
32435,29394,0.6,,,,,,,,
32436,29395,0.604,,,,,,,,
32437,29396,0.6,,,,,,,,
32438,29397,0.6,,,,,,,,
32439,29398,2.558,,,,,,,,
32440,29399,0.6,,,,,,,,
32441,29400,0.6,,,,,,,,
32442,29401,0.6,,,,,,,,
32443,29402,0.6,,,,,,,,
32444,29403,0.639,,,,,,,,
32445,29404,,,,,,,,,
32446,29405,0.695,,,,,,,,
32447,29406,0.6,,,,,,,,
32448,29407,0.878,,,,,,,,
32449,29408,5.753,,,,,,,,
32450,29409,0.861,,,,,,,,
32451,29410,4.404,,,,,,,,
32452,29411,0.6,,,,,,,,
32453,29412,,,,,,,,,
32454,29413,0.6,,,,,,,,
32455,29414,0.6,,,,,,,,
32456,29415,0.6,,,,,,,,
32457,29416,0.6,,,,,,,,
32458,29417,0.6,,,,,,,,
32459,29418,0.6,,,,,,,,
32460,29419,0.6,,,,,,,,
32461,29420,0.6,,,,,,,,
32462,29421,0.6,,,,,,,,
32463,29422,0.6,,,,,,,,
32464,29423,0.6,,,,,,,,
32465,29424,0.6,,,,,,,,
32466,29425,0.6,,,,,,,,
32467,29426,0.666,,,,,,,,
32468,29427,0.6,,,,,,,,
32469,29428,0.6,,,,,,,,
32470,29429,0.6,,,,,,,,
32471,29430,0.6,,,,,,,,
32472,29431,0.6,,,,,,,,
32473,29432,0.6,,,,,,,,
32474,29433,0.6,,,,,,,,
32475,29434,0.6,,,,,,,,
32476,29435,0.6,,,,,,,,
32477,29436,0.6,,,,,,,,
32478,29437,0.6,,,,,,,,
32479,29438,0.6,,,,,,,,
32480,29439,0.608,,,,,,,,
32481,29440,0.6,,,,,,,,
32482,29441,0.6,,,,,,,,
32483,29442,0.6,,,,,,,,
